{
    "Material": "ZrCrAgS4",
    "steinhart_vector": [
        [
            0.0255803527233027,
            2.6758851913495152e-05,
            0.0025497608083275267,
            5.8367286578937696e-05,
            0.019128948617149862,
            9.442424314891654e-05,
            0.010400641718461272,
            0.00011627068477230351,
            0.017326725996765647,
            0.00016328592566184448,
            0.012565637441419527
        ],
        "ZrCrAgS4"
    ],
    "steinhart_parameter_sum": 0.08801117429750202,
    "band_gap": 0.3765999999999994,
    "oxidation_state": 3.0,
    "possible_species": [
        "Cr3+",
        "Zr4+",
        "Ag+",
        "S2-"
    ],
    "density": 4.3501093025425615,
    "quadrupole moment": [
        [
            -19.883725853836804,
            -7.993605777301127e-15,
            -1.7694179454963432e-16
        ],
        [
            -7.993605777301127e-15,
            -27.73115248045086,
            -1.1963330756013968
        ],
        [
            -1.7694179454963432e-16,
            -1.1963330756013968,
            -24.022609058824514
        ]
    ],
    "quadrupole moment normalized": [
        [
            -0.035148381264852646,
            1.214306433183765e-17,
            -2.913793338554793e-19
        ],
        [
            1.214306433183765e-17,
            -0.049019291716714514,
            -0.002071078901489255
        ],
        [
            -2.913793338554793e-19,
            -0.002071078901489255,
            -0.04146954829640996
        ]
    ]
}