{
    "Material": "NaSrCrF6",
    "steinhart_vector": [
        [
            0.05699810308605607,
            0.0007900843884929511,
            0.0026063853710159702,
            0.0018380154715502987,
            0.04322463015909665,
            0.0029991086795643886,
            0.020747297647963545,
            0.0038807493351828795,
            0.04001873257900145,
            0.005196253987151424,
            0.024296938204346915
        ],
        "NaSrCrF6"
    ],
    "steinhart_parameter_sum": 0.20259629890942255,
    "band_gap": 2.0585,
    "oxidation_state": 3.0,
    "possible_species": [
        "F-",
        "Na+",
        "Sr2+",
        "Cr3+"
    ],
    "density": 3.514616422981948,
    "quadrupole moment": [
        [
            -7.079144180921761,
            0.2342112411422046,
            -0.049219425086280744
        ],
        [
            0.2342112411422046,
            -7.733743020453956,
            0.27304470064061237
        ],
        [
            -0.049219425086280744,
            0.27304470064061237,
            -7.991593880374952
        ]
    ],
    "quadrupole moment normalized": [
        [
            -0.05454680350689528,
            0.0018486593064115271,
            -0.0006037290566252521
        ],
        [
            0.0018486593064115271,
            -0.059430259543420565,
            0.0022882452802666345
        ],
        [
            -0.0006037290566252521,
            0.0022882452802666345,
            -0.06146736489592901
        ]
    ]
}