{
    "Material": "CrPdBr4N5Cl",
    "steinhart_vector": [
        [
            0.06714389398016404,
            0.020990762142728915,
            0.00965824752109304,
            0.0478679116818374,
            0.040113355749202766,
            0.021809322138272653,
            0.03801895034769349,
            0.04141188304249025,
            0.03104873856565542,
            0.03484886935488401,
            0.03894107781708632
        ],
        "CrPdBr4N5Cl"
    ],
    "steinhart_parameter_sum": 0.39185301234110836,
    "band_gap": 0.0,
    "oxidation_state": 6.0,
    "possible_species": [
        "Pd4+",
        "N-",
        "Cl-",
        "Br-",
        "Cr6+"
    ],
    "density": 2.96482929923399,
    "quadrupole moment": [
        [
            -5.025643431451463,
            1.1102230246251565e-15,
            -0.7559578574287683
        ],
        [
            1.1102230246251565e-15,
            -2.7822556889123944,
            -4.440892098500626e-16
        ],
        [
            -0.7559578574287683,
            -4.440892098500626e-16,
            -6.975388168669664
        ]
    ],
    "quadrupole moment normalized": [
        [
            -0.05473092002320903,
            -2.7755575615628914e-17,
            0.013317007543008713
        ],
        [
            -2.7755575615628914e-17,
            -0.05829679198652525,
            6.938893903907228e-18
        ],
        [
            0.013317007543008713,
            6.938893903907228e-18,
            -0.03814978517971255
        ]
    ]
}