{
    "Material": "Na2CrAgF6",
    "steinhart_vector": [
        [
            0.0577469372245896,
            2.8058191064169383e-18,
            4.217511230460459e-09,
            1.5290544010626715e-17,
            0.04410495183059033,
            2.176443110734842e-17,
            0.02041662545213249,
            3.757392112346107e-17,
            0.04146636231654283,
            3.435000804666292e-17,
            0.023758554891442882
        ],
        "Na2CrAgF6"
    ],
    "steinhart_parameter_sum": 0.18749343593280948,
    "band_gap": 2.3255,
    "oxidation_state": 3.0,
    "possible_species": [
        "Na+",
        "F-",
        "Cr3+",
        "Ag+"
    ],
    "density": 3.407658738463505,
    "quadrupole moment": [
        [
            -7.404351578933078,
            -2.644705798804381e-07,
            5.106477809446345e-07
        ],
        [
            -2.644705798804381e-07,
            -7.404352756041857,
            4.540252943102995e-07
        ],
        [
            5.106477809446345e-07,
            4.540252943102995e-07,
            -7.404352166028192
        ]
    ],
    "quadrupole moment normalized": [
        [
            -0.06002475245659143,
            -1.5289402226920101e-09,
            4.850027898163363e-09
        ],
        [
            -1.5289402226920101e-09,
            -0.06002476243394139,
            2.6760299730946952e-09
        ],
        [
            4.850027898163363e-09,
            2.6760299730946952e-09,
            -0.060024758085784634
        ]
    ]
}