{
    "Material": "BaLaTiCrO6",
    "steinhart_vector": [
        [
            0.06337830132544761,
            1.0112609351429175e-17,
            1.0124795372808168e-07,
            2.6125754293931078e-17,
            0.0484059772066659,
            3.842917474361054e-17,
            0.022407613324654924,
            5.413619828309806e-17,
            0.04551007779866064,
            6.709314787829622e-17,
            0.026075440940062224
        ],
        "BaLaTiCrO6"
    ],
    "steinhart_parameter_sum": 0.2057775118434452,
    "band_gap": 2.2522,
    "oxidation_state": 4.0,
    "possible_species": [
        "Cr3+",
        "Ti4+",
        "Ba2+",
        "La3+",
        "O2-"
    ],
    "density": 6.205987747693818,
    "quadrupole moment": [
        [
            -15.55961430246946,
            -3.0443187081844892e-05,
            -5.95671675411349e-11
        ],
        [
            -3.0443187081844892e-05,
            -15.559614306704384,
            -3.0443187074837934e-05
        ],
        [
            -5.95671675411349e-11,
            -3.0443187074837934e-05,
            -15.55961430246946
        ]
    ],
    "quadrupole moment normalized": [
        [
            -0.12853789053742118,
            -2.5149100552546454e-07,
            -4.920840522035279e-13
        ],
        [
            -2.5149100552546454e-07,
            -0.12853789049948416,
            -2.514910054675801e-07
        ],
        [
            -4.920840522035279e-13,
            -2.514910054675801e-07,
            -0.12853789053742118
        ]
    ]
}