{
    "Material": "Nb2CrO8",
    "steinhart_vector": [
        [
            0.06645312064217149,
            0.003982552407770768,
            0.0038384251125501275,
            0.01626313933811949,
            0.04476533652801763,
            0.019355034726172244,
            0.020991285614400054,
            0.027083026919622867,
            0.03136401276153108,
            0.027512695179130513,
            0.02291190374310105
        ],
        "Nb2CrO8"
    ],
    "steinhart_parameter_sum": 0.2845205329725873,
    "band_gap": 0.5337000000000001,
    "oxidation_state": 6.0,
    "possible_species": [
        "Cr6+",
        "O2-",
        "Nb5+"
    ],
    "density": 3.9860568835064503,
    "quadrupole moment": [
        [
            -13.299758425362093,
            0.7597310177355228,
            -1.1607562570319434
        ],
        [
            0.7597310177355228,
            -15.513824476646771,
            -0.3599902291748629
        ],
        [
            -1.1607562570319434,
            -0.3599902291748629,
            -15.317879041229483
        ]
    ],
    "quadrupole moment normalized": [
        [
            -0.14170916610713213,
            -0.0031889103282534137,
            -0.011240076223176056
        ],
        [
            -0.0031889103282534137,
            -0.13241580051647628,
            -0.0034859322023990304
        ],
        [
            -0.011240076223176056,
            -0.0034859322023990304,
            -0.15507585628104736
        ]
    ]
}