{
    "Material": "VCrN2",
    "steinhart_vector": [
        [
            0.06845964596268757,
            5.325566591606506e-18,
            0.0015622894961714187,
            2.117685912334964e-17,
            0.05222857129282272,
            2.1935029677099085e-17,
            0.024423390192982397,
            3.866627372431514e-17,
            0.048996122670288536,
            4.405687215688001e-17,
            0.02855258696134096
        ],
        "VCrN2"
    ],
    "steinhart_parameter_sum": 0.22422260657629378,
    "band_gap": 0.0,
    "oxidation_state": 3.0,
    "possible_species": [
        "N3-",
        "Cr3+",
        "V3+"
    ],
    "density": 6.103158352933647,
    "quadrupole moment": [
        [
            -26.723007562551665,
            -1.1050958232949881e-05,
            2.9620203192415318e-05
        ],
        [
            -1.1050958232949881e-05,
            -26.504443374590707,
            -0.5858090935204427
        ],
        [
            2.9620203192415318e-05,
            -0.5858090935204427,
            -25.152886230601535
        ]
    ],
    "quadrupole moment normalized": [
        [
            -0.20133453431262044,
            2.5307247564915203e-07,
            1.941100911950766e-09
        ],
        [
            2.5307247564915203e-07,
            -0.19968774252085497,
            -0.004413416384985127
        ],
        [
            1.941100911950766e-09,
            -0.004413416384985127,
            -0.18950483695904924
        ]
    ]
}