{
    "Material": "Li2Cr(CO3)2",
    "steinhart_vector": [
        [
            0.0564142388289332,
            0.0009564128766475452,
            0.014281564342697103,
            0.015250869739402644,
            0.03149181729877421,
            0.018485859533124628,
            0.024264900448375835,
            0.024251602909910637,
            0.024490040459491748,
            0.016584306361021206,
            0.024547741450288246
        ],
        "Li2Cr(CO3)2"
    ],
    "steinhart_parameter_sum": 0.251019354248667,
    "band_gap": 2.8669000000000002,
    "oxidation_state": 2.0,
    "possible_species": [
        "Cr2+",
        "O2-",
        "Li+",
        "C4+"
    ],
    "density": 2.3578171933484207,
    "quadrupole moment": [
        [
            -25.856055609673064,
            -2.555009366643453,
            -3.117040382937155
        ],
        [
            -2.555009366643453,
            -14.045170151770503,
            2.588833875378016
        ],
        [
            -3.117040382937155,
            2.588833875378016,
            -19.58184841943563
        ]
    ],
    "quadrupole moment normalized": [
        [
            -0.14908230961095154,
            -0.013642133169507267,
            -0.02006385156279969
        ],
        [
            -0.013642133169507267,
            -0.07421402559965198,
            0.000272397797732845
        ],
        [
            -0.02006385156279969,
            0.000272397797732845,
            -0.08321625468325121
        ]
    ]
}