{
    "Material": "La2NbCrO6",
    "steinhart_vector": [
        [
            0.05852223559854081,
            4.66866796402291e-18,
            0.001968485770427019,
            9.831027799576655e-18,
            0.04471515318942479,
            2.3669888780829753e-17,
            0.020772507712279554,
            2.729910073472973e-17,
            0.04204540718483726,
            3.442009365610553e-17,
            0.0241442867931575
        ],
        "La2NbCrO6"
    ],
    "steinhart_parameter_sum": 0.192168076248667,
    "band_gap": 0.0,
    "oxidation_state": 2.0,
    "possible_species": [
        "O2-",
        "La3+",
        "Nb4+",
        "Cr2+"
    ],
    "density": 6.403607424307154,
    "quadrupole moment": [
        [
            -18.953441817868107,
            0.8343170141692964,
            -1.0140149703487273
        ],
        [
            0.8343170141692964,
            -18.35767466978152,
            -1.4388358223700326
        ],
        [
            -1.0140149703487273,
            -1.4388358223700326,
            -17.79272761616258
        ]
    ],
    "quadrupole moment normalized": [
        [
            -0.10610284292293051,
            -0.005329977528716268,
            0.006478207442259491
        ],
        [
            -0.005329977528716268,
            -0.10990877385047065,
            0.0091913364061857
        ],
        [
            0.006478207442259491,
            0.0091913364061857,
            -0.11351816868835508
        ]
    ]
}