{
    "Material": "AlCrO3",
    "steinhart_vector": [
        [
            0.06508674246413762,
            0.0007692663060208622,
            0.007374166450025172,
            0.03187417711836348,
            0.03882320415659386,
            0.02121035342464681,
            0.03188239509870855,
            0.017407668316052286,
            0.037606303516783776,
            0.028920281021831286,
            0.027034246022862078
        ],
        "AlCrO3"
    ],
    "steinhart_parameter_sum": 0.3079888038960258,
    "band_gap": 1.1578,
    "oxidation_state": 3.0,
    "possible_species": [
        "Cr3+",
        "Al3+",
        "O2-"
    ],
    "density": 4.1278793339382505,
    "quadrupole moment": [
        [
            -10.195960914649929,
            4.159691950889055e-07,
            1.1847939373389083
        ],
        [
            4.159691950889055e-07,
            -10.141820822198532,
            1.1102230246251565e-16
        ],
        [
            1.1847939373389083,
            1.1102230246251565e-16,
            -16.737724091907065
        ]
    ],
    "quadrupole moment normalized": [
        [
            -0.10683046842354428,
            -4.759305796686597e-11,
            0.015140216383818699
        ],
        [
            -4.759305796686597e-11,
            -0.10619511976233281,
            1.0153542208402033e-09
        ],
        [
            0.015140216383818699,
            1.0153542208402033e-09,
            -0.12644930841887064
        ]
    ]
}