{
    "Material": "LaMgVCrO6",
    "steinhart_vector": [
        [
            0.06346324831462694,
            0.0011589796950830311,
            0.0016394869656170246,
            0.005869034517804253,
            0.04758777095442684,
            0.007753448607639533,
            0.02183440959198086,
            0.011690677052373269,
            0.0426776616740356,
            0.013372598144515961,
            0.02409561760678967
        ],
        "LaMgVCrO6"
    ],
    "steinhart_parameter_sum": 0.24114293312489296,
    "band_gap": 1.3730000000000002,
    "oxidation_state": 4.0,
    "possible_species": [
        "Cr3+",
        "La3+",
        "O2-",
        "Mg2+",
        "V4+"
    ],
    "density": 5.318491586400374,
    "quadrupole moment": [
        [
            -15.22653363419842,
            0.6671799140766693,
            0.06204475162724282
        ],
        [
            0.6671799140766693,
            -15.586300271265644,
            0.393760150021929
        ],
        [
            0.06204475162724282,
            0.393760150021929,
            -15.844109425597097
        ]
    ],
    "quadrupole moment normalized": [
        [
            -0.12900183678047739,
            -0.00031136979004353464,
            -0.005079593142614575
        ],
        [
            -0.00031136979004353464,
            -0.12620776890381455,
            -0.005908491035366618
        ],
        [
            -0.005079593142614575,
            -0.005908491035366618,
            -0.13172855026229696
        ]
    ]
}