{
    "Material": "Cs2KCrCl6",
    "steinhart_vector": [
        [
            0.024934327946845768,
            1.6736641113713285e-18,
            4.367890587854787e-18,
            7.594115054772624e-18,
            0.01904390753654559,
            1.0886283427094096e-17,
            0.008815616187771942,
            1.3025372684122425e-17,
            0.01790460111749743,
            1.881041812534414e-17,
            0.01025861504831522
        ],
        "Cs2KCrCl6"
    ],
    "steinhart_parameter_sum": 0.08095706783697601,
    "band_gap": 1.5534999999999999,
    "oxidation_state": 3.0,
    "possible_species": [
        "K+",
        "Cs+",
        "Cl-",
        "Cr3+"
    ],
    "density": 3.1146681864326755,
    "quadrupole moment": [
        [
            -11.131067554630791,
            -8.881784197001252e-16,
            -1.3322676295501878e-15
        ],
        [
            -8.881784197001252e-16,
            -11.131067554630793,
            -8.881784197001252e-16
        ],
        [
            -1.3322676295501878e-15,
            -8.881784197001252e-16,
            -11.131067554630793
        ]
    ],
    "quadrupole moment normalized": [
        [
            -0.02113850414546903,
            -2.168404344971009e-18,
            -2.6020852139652106e-18
        ],
        [
            -2.168404344971009e-18,
            -0.02113850414546903,
            -1.734723475976807e-18
        ],
        [
            -2.6020852139652106e-18,
            -1.734723475976807e-18,
            -0.021138504145469035
        ]
    ]
}