{
    "Material": "K4CrO4",
    "steinhart_vector": [
        [
            0.06978789819258274,
            0.0023032543956906923,
            0.0037092987008939806,
            0.05168489518451217,
            0.035501205070259445,
            0.008375078338052053,
            0.043248937706626016,
            0.04190355423897554,
            0.018772420376486652,
            0.03607831227914825,
            0.04341033279606037
        ],
        "K4CrO4"
    ],
    "steinhart_parameter_sum": 0.3547751872792879,
    "band_gap": 0.0,
    "oxidation_state": 4.0,
    "possible_species": [
        "K+",
        "Cr4+",
        "O2-"
    ],
    "density": 2.7393918337557124,
    "quadrupole moment": [
        [
            -9.074042233369674,
            -0.4584866476329357,
            -0.03266975877019673
        ],
        [
            -0.4584866476329357,
            -7.9217007372242065,
            0.048227873353951844
        ],
        [
            -0.03266975877019673,
            0.048227873353951844,
            -8.670511681115475
        ]
    ],
    "quadrupole moment normalized": [
        [
            -0.10999510192109405,
            -0.006828921512565339,
            -0.0007540585462322315
        ],
        [
            -0.006828921512565339,
            -0.09641320827430695,
            0.000573196110184724
        ],
        [
            -0.0007540585462322315,
            0.000573196110184724,
            -0.10529717963607703
        ]
    ]
}