{
    "Material": "KCr(SO4)2",
    "steinhart_vector": [
        [
            0.06214756522488081,
            2.0253757875665725e-05,
            0.0032010224396588588,
            6.840930348956375e-05,
            0.047196100513072825,
            9.54775491210612e-05,
            0.022962078801371875,
            0.00013589611533762204,
            0.04387719609144799,
            0.00016908698909840844,
            0.027278342287258308
        ],
        "KCr(SO4)2"
    ],
    "steinhart_parameter_sum": 0.20715142907261302,
    "band_gap": 3.1538999999999997,
    "oxidation_state": 3.0,
    "possible_species": [
        "K+",
        "Cr3+",
        "O2-",
        "S6+"
    ],
    "density": 2.7994578600522044,
    "quadrupole moment": [
        [
            -15.351549783603339,
            -0.001006783264586808,
            0.0006954762407311854
        ],
        [
            -0.001006783264586808,
            -17.84894971086284,
            -0.004719446277929751
        ],
        [
            0.0006954762407311854,
            -0.004719446277929751,
            -15.345483147819653
        ]
    ],
    "quadrupole moment normalized": [
        [
            -0.1172493220144129,
            2.0845478888625174e-05,
            -2.8493865561723952e-05
        ],
        [
            2.0845478888625174e-05,
            -0.136326102146578,
            6.845436282505897e-06
        ],
        [
            -2.8493865561723952e-05,
            6.845436282505897e-06,
            -0.11720735722480691
        ]
    ]
}