{
    "Material": "VCrSe2",
    "steinhart_vector": [
        [
            0.011245941161085047,
            8.084247958005188e-19,
            0.0008823770804917628,
            2.364412382365204e-18,
            0.008476008755961556,
            3.2719215923270283e-18,
            0.004376319304302586,
            4.693105185011026e-18,
            0.007763649237646817,
            5.626324430243797e-18,
            0.005297588420447271
        ],
        "VCrSe2"
    ],
    "steinhart_parameter_sum": 0.038041883959935054,
    "band_gap": 0.0,
    "oxidation_state": 2.0,
    "possible_species": [
        "Cr2+",
        "V2+",
        "Se2-"
    ],
    "density": 5.984249232759086,
    "quadrupole moment": [
        [
            -29.462539640591682,
            -0.07622412390266788,
            0.0448578971957599
        ],
        [
            -0.07622412390266788,
            -29.55003168289194,
            -0.02597598409601698
        ],
        [
            0.0448578971957599,
            -0.02597598409601698,
            -23.06685183103528
        ]
    ],
    "quadrupole moment normalized": [
        [
            -0.018558195363342765,
            1.5139226171095895e-05,
            -5.038953340846358e-05
        ],
        [
            1.5139226171095895e-05,
            -0.018540818163727494,
            2.917920366867898e-05
        ],
        [
            -5.038953340846358e-05,
            2.917920366867898e-05,
            -0.014501332096115793
        ]
    ]
}