{
    "Material": "Mg6NbCrO8",
    "steinhart_vector": [
        [
            0.057243628709147766,
            2.7468592949969402e-18,
            0.0009676267733279755,
            5.180917948500771e-18,
            0.043725004957497024,
            8.215944475174669e-18,
            0.02025890896247251,
            1.2086759444589154e-17,
            0.04111046765762675,
            1.4586063930683223e-17,
            0.023567988253844915
        ],
        "Mg6NbCrO8"
    ],
    "steinhart_parameter_sum": 0.186873625313917,
    "band_gap": 0.0,
    "oxidation_state": 2.0,
    "possible_species": [
        "Nb2+",
        "Mg2+",
        "O2-",
        "Cr2+"
    ],
    "density": 4.190411726923277,
    "quadrupole moment": [
        [
            -20.431404275444073,
            0.0,
            -1.2510626924004065e-15
        ],
        [
            0.0,
            -18.44446595595633,
            -1.1293978097472123e-15
        ],
        [
            -1.2510626924004065e-15,
            -1.1293978097472123e-15,
            -18.44446595595633
        ]
    ],
    "quadrupole moment normalized": [
        [
            -0.09788852361967813,
            0.0,
            -5.9939433562049455e-18
        ],
        [
            0.0,
            -0.10843360847507401,
            -6.639643576949835e-18
        ],
        [
            -5.9939433562049455e-18,
            -6.639643576949835e-18,
            -0.10843360847507401
        ]
    ]
}