{
    "Material": "Mg14CrCuO16",
    "steinhart_vector": [
        [
            0.05970616930068834,
            4.2670229815411656e-18,
            0.00042616085507819404,
            1.3102311782113822e-17,
            0.04560216975220698,
            1.3410361195970436e-17,
            0.02111308227167242,
            2.2116158714161215e-17,
            0.04287425464728724,
            2.405019991149122e-17,
            0.024567703381595876
        ],
        "Mg14CrCuO16"
    ],
    "steinhart_parameter_sum": 0.1942895402085291,
    "band_gap": 0.0,
    "oxidation_state": 2.0,
    "possible_species": [
        "Cr2+",
        "Mg2+",
        "O2-",
        "Cu2+"
    ],
    "density": 3.8040450513587056,
    "quadrupole moment": [
        [
            -17.284783762820958,
            -3.692599377902833e-15,
            -1.0583877554546415e-15
        ],
        [
            -3.692599377902833e-15,
            -17.284783762820958,
            -1.0583877554546413e-15
        ],
        [
            -1.0583877554546415e-15,
            -1.0583877554546413e-15,
            -18.04389523329721
        ]
    ],
    "quadrupole moment normalized": [
        [
            -0.11570870815878756,
            -2.471919288247708e-17,
            -7.08511495400672e-18
        ],
        [
            -2.471919288247708e-17,
            -0.11570870815878756,
            -7.085114954006719e-18
        ],
        [
            -7.08511495400672e-18,
            -7.085114954006719e-18,
            -0.11084081203870606
        ]
    ]
}