{
    "Material": "PrEuZrCrO6",
    "steinhart_vector": [
        [
            0.06337958360318516,
            3.5468249581815724e-18,
            9.250802358224973e-18,
            1.1662727867578139e-17,
            0.04840695656272967,
            1.3106572032860538e-17,
            0.02240806667729597,
            1.5219683436160754e-17,
            0.045510998564998954,
            2.4662172020053968e-17,
            0.026075968499878404
        ],
        "PrEuZrCrO6"
    ],
    "steinhart_parameter_sum": 0.2057815739080882,
    "band_gap": 0.021899999999999586,
    "oxidation_state": 3.0,
    "possible_species": [
        "Cr3+",
        "Eu2+",
        "Pr3+",
        "O2-",
        "Zr4+"
    ],
    "density": 6.690043228512752,
    "quadrupole moment": [
        [
            -15.558984714853736,
            0.0,
            -2.710411619027449e-16
        ],
        [
            0.0,
            -15.558984714853736,
            -5.056735352988668e-16
        ],
        [
            -2.710411619027449e-16,
            -5.056735352988668e-16,
            -15.558984714853736
        ]
    ],
    "quadrupole moment normalized": [
        [
            -0.1285430917668204,
            -3.469446951953614e-18,
            -2.4387193382094675e-18
        ],
        [
            -3.469446951953614e-18,
            -0.12854309176682038,
            -7.08257496198468e-19
        ],
        [
            -2.4387193382094675e-18,
            -7.08257496198468e-19,
            -0.1285430917668204
        ]
    ]
}