{
    "Material": "Mg14CrSnO16",
    "steinhart_vector": [
        [
            0.05767917270856083,
            6.319009157375837e-18,
            0.0025167550859961987,
            7.06459218292783e-18,
            0.044083140230726126,
            1.091003372588269e-17,
            0.020528106821758436,
            1.1521273181258587e-17,
            0.041454724090792934,
            1.5612293790701047e-17,
            0.02384128381732255
        ],
        "Mg14CrSnO16"
    ],
    "steinhart_parameter_sum": 0.19010318275515709,
    "band_gap": 0.0,
    "oxidation_state": 2.0,
    "possible_species": [
        "O2-",
        "Mg2+",
        "Cr2+",
        "Sn2+"
    ],
    "density": 3.8438536739136553,
    "quadrupole moment": [
        [
            -21.823146090519973,
            -2.5969846472415425e-15,
            -1.3362823003540184e-15
        ],
        [
            -2.5969846472415425e-15,
            -16.149170262378604,
            -9.888514835353792e-16
        ],
        [
            -1.3362823003540184e-15,
            -9.888514835353792e-16,
            -19.02839118392554
        ]
    ],
    "quadrupole moment normalized": [
        [
            -0.09164581457248296,
            -1.9915854790669318e-17,
            -5.611687673572157e-18
        ],
        [
            -1.9915854790669318e-17,
            -0.12384537208448634,
            -7.58334192562396e-18
        ],
        [
            -5.611687673572157e-18,
            -7.58334192562396e-18,
            -0.10510610070332818
        ]
    ]
}