{
    "Material": "Mg14CrCoO16",
    "steinhart_vector": [
        [
            0.05948765679778601,
            8.284214698054564e-18,
            0.0005098773772768021,
            1.1952352464779113e-17,
            0.04543564042846534,
            1.464542176037218e-17,
            0.021037469952058713,
            2.0495130348254713e-17,
            0.04271779534334616,
            2.52888321035739e-17,
            0.02447914276096748
        ],
        "Mg14CrCoO16"
    ],
    "steinhart_parameter_sum": 0.19366758265990056,
    "band_gap": 0.0,
    "oxidation_state": 2.0,
    "possible_species": [
        "Mg2+",
        "Co2+",
        "Cr2+",
        "O2-"
    ],
    "density": 3.7646968542440127,
    "quadrupole moment": [
        [
            -17.362538181106963,
            -3.700895511424554e-15,
            -1.0631488404283175e-15
        ],
        [
            -3.700895511424554e-15,
            -17.362538181106963,
            -1.0631488404283173e-15
        ],
        [
            -1.0631488404283175e-15,
            -1.0631488404283173e-15,
            -18.282896301112128
        ]
    ],
    "quadrupole moment normalized": [
        [
            -0.11519053142681057,
            -2.455332948842581e-17,
            -7.053385780196309e-18
        ],
        [
            -2.455332948842581e-17,
            -0.11519053142681057,
            -7.053385780196306e-18
        ],
        [
            -7.053385780196309e-18,
            -7.053385780196306e-18,
            -0.10939185821878465
        ]
    ]
}