{
    "Material": "CrTeN",
    "steinhart_vector": [
        [
            0.07319460510187951,
            0.03808330146505085,
            0.006875074079472093,
            0.03135072595242925,
            0.03709233574104545,
            0.04504815399271721,
            0.0443407480468445,
            0.02150129173027187,
            0.02421662654818387,
            0.045388805305855456,
            0.04343680993884605
        ],
        "CrTeN"
    ],
    "steinhart_parameter_sum": 0.41052847790259617,
    "band_gap": 0.0,
    "oxidation_state": 5.0,
    "possible_species": [
        "Cr5+",
        "N3-",
        "Te2-"
    ],
    "density": 6.052795172479249,
    "quadrupole moment": [
        [
            -16.66843338015,
            -2.2205637328909232e-15,
            -1.7763568394002505e-15
        ],
        [
            -2.2205637328909232e-15,
            -16.66843338015,
            -1.7763568394002505e-15
        ],
        [
            -1.7763568394002505e-15,
            -1.7763568394002505e-15,
            -12.374796308704104
        ]
    ],
    "quadrupole moment normalized": [
        [
            -0.16409871935277004,
            -2.186118254175894e-17,
            0.0
        ],
        [
            -2.186118254175894e-17,
            -0.16409871935277004,
            0.0
        ],
        [
            0.0,
            0.0,
            -0.12182837944014721
        ]
    ]
}