{
    "Material": "Mg14MnCrO16",
    "steinhart_vector": [
        [
            0.05731076929472767,
            4.2876433341431284e-18,
            0.0007708439153343897,
            6.177983783770882e-18,
            0.04377465109491978,
            9.06198658368256e-18,
            0.02027524253722429,
            1.2612960092529477e-17,
            0.04115665980370415,
            1.4456086328286005e-17,
            0.023589569327398086
        ],
        "Mg14MnCrO16"
    ],
    "steinhart_parameter_sum": 0.18687773597330842,
    "band_gap": 0.0,
    "oxidation_state": 2.0,
    "possible_species": [
        "Mg2+",
        "O2-",
        "Cr2+",
        "Mn2+"
    ],
    "density": 3.7005403964772263,
    "quadrupole moment": [
        [
            -19.551026095630164,
            -3.144044788880184e-15,
            -1.1971550764029927e-15
        ],
        [
            -3.144044788880184e-15,
            -19.551026095630164,
            -1.1971550764029925e-15
        ],
        [
            -1.1971550764029927e-15,
            -1.1971550764029925e-15,
            -18.044747863921003
        ]
    ],
    "quadrupole moment normalized": [
        [
            -0.10229642118103555,
            -1.645051918820841e-17,
            -6.263849238179235e-18
        ],
        [
            -1.645051918820841e-17,
            -0.10229642118103555,
            -6.263849238179234e-18
        ],
        [
            -6.263849238179235e-18,
            -6.263849238179234e-18,
            -0.1108355747102921
        ]
    ]
}