{
    "Material": "SrLiTi4CrO11",
    "steinhart_vector": [
        [
            0.063424117347947,
            0.0010848499183121506,
            0.004496121069244662,
            0.006211292383427405,
            0.04695299899485022,
            0.008369692247423946,
            0.02344864753171826,
            0.01208830124870944,
            0.04098463872040461,
            0.01412809487118429,
            0.027027557603758096
        ],
        "SrLiTi4CrO11"
    ],
    "steinhart_parameter_sum": 0.24821631193698007,
    "band_gap": 1.8287000000000004,
    "oxidation_state": 4.0,
    "possible_species": [
        "Sr2+",
        "Li+",
        "Cr3+",
        "Ti4+",
        "O2-"
    ],
    "density": 4.178664714038567,
    "quadrupole moment": [
        [
            -17.04055440565849,
            0.3605408298266948,
            0.23989509028812275
        ],
        [
            0.3605408298266948,
            -15.564615223630366,
            -1.1499459953113003
        ],
        [
            0.23989509028812275,
            -1.1499459953113003,
            -14.030891747837735
        ]
    ],
    "quadrupole moment normalized": [
        [
            -0.14483952328860622,
            0.003117473278098121,
            0.0014716668275536564
        ],
        [
            0.003117473278098121,
            -0.12538370886936337,
            -0.005189032537112774
        ],
        [
            0.0014716668275536564,
            -0.005189032537112774,
            -0.11601685529416468
        ]
    ]
}