{
    "Material": "RbCrO3",
    "steinhart_vector": [
        [
            0.06334036833690995,
            2.6802299718352053e-18,
            3.3995974510496586e-18,
            6.564881199235542e-18,
            0.04837700540837899,
            9.017291389652412e-18,
            0.022394201986941347,
            1.2971363481841778e-17,
            0.04548283924577162,
            1.5463710754230392e-17,
            0.0260598343445247
        ],
        "RbCrO3"
    ],
    "steinhart_parameter_sum": 0.20565424932252666,
    "band_gap": 0.0,
    "oxidation_state": 5.0,
    "possible_species": [
        "O2-",
        "Rb+",
        "Cr5+"
    ],
    "density": 5.008711280005005,
    "quadrupole moment": [
        [
            -15.578256424900001,
            -2.5051746999352278e-15,
            -9.53893093352524e-16
        ],
        [
            -2.5051746999352278e-15,
            -15.578256424900001,
            -9.538930933525238e-16
        ],
        [
            -9.53893093352524e-16,
            -9.538930933525238e-16,
            -15.578256424900001
        ]
    ],
    "quadrupole moment normalized": [
        [
            -0.12838407235377358,
            -2.0645733460982742e-17,
            -7.86125716347755e-18
        ],
        [
            -2.0645733460982742e-17,
            -0.12838407235377358,
            -7.86125716347755e-18
        ],
        [
            -7.86125716347755e-18,
            -7.86125716347755e-18,
            -0.12838407235377358
        ]
    ]
}