{
    "Material": "Rb2CrBrCl3",
    "steinhart_vector": [
        [
            0.021134163108119025,
            0.0020052945341125917,
            0.0019323640879825323,
            0.0024425451768989364,
            0.016182323754272674,
            0.001892945648031185,
            0.007677127504624399,
            0.0026106713603723233,
            0.015209850148790872,
            0.0018993624274705934,
            0.008842348921889391
        ],
        "Rb2CrBrCl3"
    ],
    "steinhart_parameter_sum": 0.08182899667256452,
    "band_gap": 0.3415999999999999,
    "oxidation_state": 2.0,
    "possible_species": [
        "Rb+",
        "Cr2+",
        "Cl-",
        "Br-"
    ],
    "density": 3.128096477448428,
    "quadrupole moment": [
        [
            -12.9980834461991,
            -0.05473363018284294,
            0.3934412762723709
        ],
        [
            -0.05473363018284294,
            -13.099383982006811,
            0.9001455452046017
        ],
        [
            0.3934412762723709,
            0.9001455452046017,
            -13.137691030834663
        ]
    ],
    "quadrupole moment normalized": [
        [
            -0.014532657140001693,
            -0.001525985420379394,
            -0.000539690363247131
        ],
        [
            -0.001525985420379394,
            -0.017356937937800018,
            -0.0012347455784747024
        ],
        [
            -0.000539690363247131,
            -0.0012347455784747024,
            -0.018007739191936913
        ]
    ]
}