{
    "Material": "CrN2",
    "steinhart_vector": [
        [
            0.07377163597089305,
            0.004825166269553579,
            0.00112781278922982,
            0.02028730484122923,
            0.048068691470376027,
            0.024290197330496043,
            0.02178508746450483,
            0.031882465993698476,
            0.03224957232239794,
            0.03202238058267844,
            0.02697566525738801
        ],
        "CrN2"
    ],
    "steinhart_parameter_sum": 0.3172859802924454,
    "band_gap": 0.0,
    "oxidation_state": 6.0,
    "possible_species": [
        "Cr6+",
        "N3-"
    ],
    "density": 4.2252842440456195,
    "quadrupole moment": [
        [
            -24.947740089265693,
            -1.7860841186668326,
            2.4292180476375096
        ],
        [
            -1.7860841186668326,
            -21.43799244567306,
            1.0187802207107155
        ],
        [
            2.4292180476375096,
            1.0187802207107155,
            -23.7115679340822
        ]
    ],
    "quadrupole moment normalized": [
        [
            -0.22536413697554836,
            0.0019770100418094842,
            -0.014462608821766391
        ],
        [
            0.0019770100418094842,
            -0.22924906393004096,
            -0.00606541673845268
        ],
        [
            -0.014462608821766391,
            -0.00606541673845268,
            -0.23962201813212453
        ]
    ]
}