{
    "Material": "CrN",
    "steinhart_vector": [
        [
            0.0688663461768304,
            0.0029627884155086,
            0.00046303922099532924,
            0.004931593045492824,
            0.05176290434511756,
            0.00894651491608848,
            0.02361691950865089,
            0.01113068458196113,
            0.04670709812394006,
            0.014595908692192789,
            0.026298636795818075
        ],
        "CrN"
    ],
    "steinhart_parameter_sum": 0.26028243382259614,
    "band_gap": 0.0,
    "oxidation_state": 3.0,
    "possible_species": [
        "N3-",
        "Cr3+"
    ],
    "density": 6.165733313919825,
    "quadrupole moment": [
        [
            -25.790655529022924,
            0.006394516831616863,
            -0.0021729832805906808
        ],
        [
            0.006394516831616863,
            -25.87501923310036,
            0.006588263919892735
        ],
        [
            -0.0021729832805906808,
            0.006588263919892735,
            -25.799800649953614
        ]
    ],
    "quadrupole moment normalized": [
        [
            -0.19743079076990322,
            1.3370690691266526e-05,
            1.578779961034594e-05
        ],
        [
            1.3370690691266526e-05,
            -0.20265401214528656,
            1.4152071704494443e-05
        ],
        [
            1.578779961034594e-05,
            1.4152071704494443e-05,
            -0.19750076841746778
        ]
    ]
}