{
    "Material": "LaCrSe3",
    "steinhart_vector": [
        [
            0.011469217403607292,
            9.641548861425174e-06,
            0.0012644817900654905,
            0.00010103303156675357,
            0.008539177761559174,
            0.0001932634701440361,
            0.004756608833476898,
            0.0001523821103475407,
            0.007702463885688809,
            0.00033829587385912185,
            0.005693991837749242
        ],
        "LaCrSe3"
    ],
    "steinhart_parameter_sum": 0.040220557546925786,
    "band_gap": 0.0,
    "oxidation_state": 3.0,
    "possible_species": [
        "Cr3+",
        "La3+",
        "Se2-"
    ],
    "density": 6.2352073015490275,
    "quadrupole moment": [
        [
            -31.981099111789977,
            -4.440892098500626e-15,
            -2.6645352591003757e-15
        ],
        [
            -4.440892098500626e-15,
            -22.80053571775303,
            1.6807531830802036
        ],
        [
            -2.6645352591003757e-15,
            1.6807531830802036,
            -24.18633065980969
        ]
    ],
    "quadrupole moment normalized": [
        [
            -0.020895091504859818,
            5.204170427930421e-18,
            2.6020852139652106e-18
        ],
        [
            5.204170427930421e-18,
            -0.015377716538559537,
            0.001989850762145047
        ],
        [
            2.6020852139652106e-18,
            0.001989850762145047,
            -0.01740896552083277
        ]
    ]
}