{
    "Material": "Mg14CrCdO16",
    "steinhart_vector": [
        [
            0.05793417568292769,
            2.6871047284767766e-18,
            0.0021006260697757862,
            6.2309223298120684e-18,
            0.04426872874261566,
            8.427168826694062e-18,
            0.020576859336568717,
            1.1623499294968972e-17,
            0.041626493784087386,
            1.3823792828578155e-17,
            0.02391236143110026
        ],
        "Mg14CrCdO16"
    ],
    "steinhart_parameter_sum": 0.19041924504707552,
    "band_gap": 0.6962000000000002,
    "oxidation_state": 2.0,
    "possible_species": [
        "Cr2+",
        "Mg2+",
        "O2-",
        "Cd2+"
    ],
    "density": 3.922100589024653,
    "quadrupole moment": [
        [
            -21.21925303574675,
            -2.653191256675973e-15,
            -1.2993045155262509e-15
        ],
        [
            -2.653191256675973e-15,
            -16.498687194098537,
            -1.0102532231193099e-15
        ],
        [
            -1.2993045155262509e-15,
            -1.0102532231193099e-15,
            -18.590327015995022
        ]
    ],
    "quadrupole moment normalized": [
        [
            -0.09425402471193144,
            -1.9493946769920583e-17,
            -5.771394483511119e-18
        ],
        [
            -1.9493946769920583e-17,
            -0.12122176609999524,
            -7.422692392067414e-18
        ],
        [
            -5.771394483511119e-18,
            -7.422692392067414e-18,
            -0.10758283048378924
        ]
    ]
}