{
    "Material": "Eu2CrSnO6",
    "steinhart_vector": [
        [
            0.0634730999225784,
            2.6462953150075573e-18,
            1.3979729709144957e-17,
            1.0481151481017118e-17,
            0.04847838083145187,
            1.594870444209496e-17,
            0.02244112968909326,
            1.3165526971248091e-17,
            0.04557814985940247,
            1.6916793036921194e-17,
            0.02611444348598734
        ],
        "Eu2CrSnO6"
    ],
    "steinhart_parameter_sum": 0.20608520378851342,
    "band_gap": 0.0,
    "oxidation_state": 4.0,
    "possible_species": [
        "O2-",
        "Sn4+",
        "Eu2+",
        "Cr4+"
    ],
    "density": 7.400512798999349,
    "quadrupole moment": [
        [
            -15.513171697055428,
            -8.881784197001252e-16,
            -1.3322676295501878e-15
        ],
        [
            -8.881784197001252e-16,
            -15.513171697055435,
            -4.440892098500626e-16
        ],
        [
            -1.3322676295501878e-15,
            -4.440892098500626e-16,
            -15.513171697055434
        ]
    ],
    "quadrupole moment normalized": [
        [
            -0.12892270124101193,
            -2.42861286636753e-17,
            -1.734723475976807e-17
        ],
        [
            -2.42861286636753e-17,
            -0.128922701241012,
            3.469446951953614e-18
        ],
        [
            -1.734723475976807e-17,
            3.469446951953614e-18,
            -0.12892270124101196
        ]
    ]
}