{
    "Material": "CrNiSb",
    "steinhart_vector": [
        [
            0.009576543544923159,
            7.265273543732939e-19,
            9.526663134027208e-19,
            0.004166439987987856,
            0.00019865504406903968,
            1.4900521473293588e-18,
            0.0049229541183904366,
            0.003420731151852043,
            0.004052023672654528,
            0.0028951608565950778,
            0.0019940514180939494
        ],
        "CrNiSb"
    ],
    "steinhart_parameter_sum": 0.031226559794566087,
    "band_gap": 0.0,
    "oxidation_state": 2.0,
    "possible_species": [
        "Ni+",
        "Cr2+",
        "Sb3-"
    ],
    "density": 7.509964466257091,
    "quadrupole moment": [
        [
            -43.54215247436167,
            0.0,
            -6.217248937900877e-15
        ],
        [
            0.0,
            -43.542152474361664,
            -1.7763568394002505e-15
        ],
        [
            -6.217248937900877e-15,
            -1.7763568394002505e-15,
            -43.54215247436167
        ]
    ],
    "quadrupole moment normalized": [
        [
            -0.006218686060978871,
            3.469446951953614e-18,
            -1.734723475976807e-18
        ],
        [
            3.469446951953614e-18,
            -0.0062186860609788714,
            -8.673617379884035e-19
        ],
        [
            -1.734723475976807e-18,
            -8.673617379884035e-19,
            -0.006218686060978877
        ]
    ]
}