{
    "Material": "Cr(PbN)3",
    "steinhart_vector": [
        [
            0.08257609041112982,
            1.3329604075749626e-05,
            0.041288117130024435,
            0.06528207320182418,
            0.030966115563736293,
            0.043180192066752554,
            0.061174632923332466,
            0.03547623319787759,
            0.04402498227056412,
            0.059082449625323136,
            0.03764700258552668
        ],
        "Cr(PbN)3"
    ],
    "steinhart_parameter_sum": 0.5007112185801671,
    "band_gap": 0.0,
    "oxidation_state": 3.0,
    "possible_species": [
        "N3-",
        "Pb2+",
        "Cr3+"
    ],
    "density": 7.795895345945496,
    "quadrupole moment": [
        [
            -13.469496149149194,
            0.004121422738378122,
            -1.4462235244670123e-15
        ],
        [
            0.004121422738378122,
            -13.466827850958637,
            -1.7921266792396895e-15
        ],
        [
            -1.4462235244670123e-15,
            -1.7921266792396895e-15,
            -5.9164567891575885e-31
        ]
    ],
    "quadrupole moment normalized": [
        [
            -0.2148722437172048,
            -0.0003181397376798775,
            -2.3142703190157105e-17
        ],
        [
            -0.0003181397376798775,
            -0.21471300642256502,
            -2.867790152431035e-17
        ],
        [
            -2.3142703190157105e-17,
            -2.867790152431035e-17,
            -9.467610026556938e-33
        ]
    ]
}