{
    "Material": "CaLaCrWO6",
    "steinhart_vector": [
        [
            0.06159865186727472,
            0.0002561936451882385,
            0.00046906488149965354,
            0.0008888446580098058,
            0.047023574943889104,
            0.0012781723714704691,
            0.021768696537899934,
            0.001837136507553213,
            0.044153816454273145,
            0.002249310823707596,
            0.02529685417381413
        ],
        "CaLaCrWO6"
    ],
    "steinhart_parameter_sum": 0.20682031686458002,
    "band_gap": 2.1252000000000004,
    "oxidation_state": 3.0,
    "possible_species": [
        "O2-",
        "La3+",
        "W4+",
        "Cr3+",
        "Ca2+"
    ],
    "density": 6.756756460611869,
    "quadrupole moment": [
        [
            -16.630891628750117,
            0.2643228723370137,
            0.01248666493948214
        ],
        [
            0.2643228723370137,
            -16.33928884926345,
            -0.20924704279727246
        ],
        [
            0.01248666493948214,
            -0.20924704279727246,
            -16.45635479283862
        ]
    ],
    "quadrupole moment normalized": [
        [
            -0.12094118285068856,
            -0.002618732572433169,
            6.039422654677967e-06
        ],
        [
            -0.002618732572433169,
            -0.12211829228829371,
            -0.00025192154696517324
        ],
        [
            6.039422654677967e-06,
            -0.00025192154696517324,
            -0.12123068825494218
        ]
    ]
}