{
    "Material": "Sr2CrN2",
    "steinhart_vector": [
        [
            0.08282491210637756,
            0.04281640339474472,
            0.05319910280704507,
            0.07042746850579053,
            0.05131726366831498,
            0.05360560724523631,
            0.06759292066691865,
            0.05405972478816553,
            0.05363474427114381,
            0.06608948380255018,
            0.05566459609214996
        ],
        "Sr2CrN2"
    ],
    "steinhart_parameter_sum": 0.6512322273484372,
    "band_gap": 0.0,
    "oxidation_state": 2.0,
    "possible_species": [
        "N3-",
        "Sr2+",
        "Cr2+"
    ],
    "density": 4.471778090609464,
    "quadrupole moment": [
        [
            -10.206198225903512,
            -4.701805392595655,
            -2.1082443373345088
        ],
        [
            -4.701805392595655,
            -2.166034154983752,
            -0.9712288919717842
        ],
        [
            -2.1082443373345088,
            -0.9712288919717842,
            -5.478401417646234
        ]
    ],
    "quadrupole moment normalized": [
        [
            -0.16378456075800707,
            -0.07545249601770654,
            -0.035534769658516124
        ],
        [
            -0.07545249601770654,
            -0.03475955931959661,
            -0.016370206408592956
        ],
        [
            -0.035534769658516124,
            -0.016370206408592956,
            -0.08957897422212721
        ]
    ]
}