{
    "Material": "Ca2CrIrO6",
    "steinhart_vector": [
        [
            0.062006661026644684,
            5.827860897192048e-18,
            0.0009536784238723616,
            1.442960590546185e-17,
            0.0473349366618191,
            2.079531628620457e-17,
            0.02201167811316919,
            3.1669198900848307e-17,
            0.04445964470228195,
            3.907769712592875e-17,
            0.025668093901700068
        ],
        "Ca2CrIrO6"
    ],
    "steinhart_parameter_sum": 0.20243469282948745,
    "band_gap": 0.0,
    "oxidation_state": 3.0,
    "possible_species": [
        "Cr3+",
        "Ca2+",
        "O2-",
        "Ir5+"
    ],
    "density": 6.041164190835227,
    "quadrupole moment": [
        [
            -16.271010420597754,
            -0.33894287367808307,
            0.21322153843108005
        ],
        [
            -0.33894287367808307,
            -16.15973617865836,
            -0.17207122057274327
        ],
        [
            0.21322153843108005,
            -0.17207122057274327,
            -16.33749566856399
        ]
    ],
    "quadrupole moment normalized": [
        [
            -0.12199708009137641,
            -0.002548069169410652,
            0.0019715106510542063
        ],
        [
            -0.002548069169410652,
            -0.12312864544922812,
            0.00021723081527993786
        ],
        [
            0.0019715106510542063,
            0.00021723081527993786,
            -0.12398112831508731
        ]
    ]
}