{
    "Material": "RbUCrO6",
    "steinhart_vector": [
        [
            0.068869137963565,
            0.0019974040667599734,
            0.003528765777237147,
            0.03688559978350128,
            0.03605453909574216,
            0.03018433948569175,
            0.02552311759451434,
            0.033811937744615356,
            0.02780187549343054,
            0.03241605955240524,
            0.03674005193655587
        ],
        "RbUCrO6"
    ],
    "steinhart_parameter_sum": 0.3338128284940186,
    "band_gap": 1.3042,
    "oxidation_state": 5.0,
    "possible_species": [
        "Rb+",
        "O2-",
        "Cr5+",
        "U6+"
    ],
    "density": 5.028631479083616,
    "quadrupole moment": [
        [
            -13.138727911895675,
            -0.6728709289940238,
            0.021446991149172145
        ],
        [
            -0.6728709289940238,
            -8.414287919023444,
            0.9777530750929712
        ],
        [
            0.021446991149172145,
            0.9777530750929712,
            -11.74817505610494
        ]
    ],
    "quadrupole moment normalized": [
        [
            -0.13246417549343265,
            -0.0014726552677605774,
            0.001711823082367614
        ],
        [
            -0.0014726552677605774,
            -0.12619056440710444,
            0.00143038537292313
        ],
        [
            0.001711823082367614,
            0.00143038537292313,
            -0.12230372197962279
        ]
    ]
}