{
    "Material": "TiCrAgS4",
    "steinhart_vector": [
        [
            0.025348309881278452,
            0.002829731135257079,
            0.0013157683472430311,
            0.004039898612386162,
            0.017527056690209,
            0.007649010679460067,
            0.008281764619626486,
            0.00813612633193848,
            0.01310719211991884,
            0.01050899369445454,
            0.009623511822658064
        ],
        "TiCrAgS4"
    ],
    "steinhart_parameter_sum": 0.10836736393443021,
    "band_gap": 0.0,
    "oxidation_state": 4.0,
    "possible_species": [
        "Cr3+",
        "Ag+",
        "Ti4+",
        "S2-"
    ],
    "density": 4.417141541202778,
    "quadrupole moment": [
        [
            -24.247589483551998,
            -4.1591746362650284e-15,
            4.975457836646765e-16
        ],
        [
            -4.1591746362650284e-15,
            -25.20062717376125,
            3.0122502149026675
        ],
        [
            4.975457836646765e-16,
            3.0122502149026675,
            -23.609629109196426
        ]
    ],
    "quadrupole moment normalized": [
        [
            -0.0429713152495822,
            2.532656939283586e-18,
            7.09237899017157e-18
        ],
        [
            2.532656939283586e-18,
            -0.042079635791008166,
            0.0023825904641794297
        ],
        [
            7.09237899017157e-18,
            0.0023825904641794297,
            -0.038375948186681386
        ]
    ]
}