{
    "Material": "Cs2CrH4F10",
    "steinhart_vector": [
        [
            0.05970575608013416,
            5.7064338126516374e-18,
            0.0007171338796370258,
            2.0366433541929533e-17,
            0.04560170150414615,
            2.444007151409779e-17,
            0.021124161269324912,
            4.399909889661513e-17,
            0.042871539568200306,
            4.379770650307066e-17,
            0.02458187200579618
        ],
        "Cs2CrH4F10"
    ],
    "steinhart_parameter_sum": 0.19460216430723892,
    "band_gap": 1.9123,
    "oxidation_state": 4.0,
    "possible_species": [
        "H+",
        "F-",
        "Cs+",
        "Cr4+"
    ],
    "density": 3.1842776404558593,
    "quadrupole moment": [
        [
            -6.938724012591583,
            0.0403086133508439,
            0.08742753886217636
        ],
        [
            0.0403086133508439,
            -6.793821899340961,
            -0.22350866529728752
        ],
        [
            0.08742753886217636,
            -0.22350866529728752,
            -7.06311815996635
        ]
    ],
    "quadrupole moment normalized": [
        [
            -0.0641525036540031,
            -0.00012786102870856325,
            -0.0010966449135070572
        ],
        [
            -0.00012786102870856325,
            -0.06470718836151754,
            0.0022561316656504096
        ],
        [
            -0.0010966449135070572,
            0.0022561316656504096,
            -0.06368817678542375
        ]
    ]
}