{
    "Material": "ZrCrP",
    "steinhart_vector": [
        [
            0.027256347196545766,
            0.0006343375019502688,
            0.004361190653148619,
            0.019591044631546827,
            0.013293242462571872,
            0.008326132465652981,
            0.016248366391344474,
            0.014051993045142026,
            0.011554389067716697,
            0.015291374762290949,
            0.012911118854327714
        ],
        "ZrCrP"
    ],
    "steinhart_parameter_sum": 0.1435195370322382,
    "band_gap": 0.0,
    "oxidation_state": 2.0,
    "possible_species": [
        "Zr+",
        "Cr2+",
        "P3-"
    ],
    "density": 6.453723269074661,
    "quadrupole moment": [
        [
            -20.0945309559135,
            -4.307536618501029e-15,
            1.81442419719624e-15
        ],
        [
            -4.307536618501029e-15,
            -21.43736393402105,
            3.863183800206895
        ],
        [
            1.81442419719624e-15,
            3.863183800206895,
            -30.32423759318081
        ]
    ],
    "quadrupole moment normalized": [
        [
            -0.03916891928655738,
            -4.737115129413596e-18,
            -4.9226181834401626e-18
        ],
        [
            -4.737115129413596e-18,
            -0.040541377798076234,
            0.009231220844414299
        ],
        [
            -4.9226181834401626e-18,
            0.009231220844414299,
            -0.05405326244754023
        ]
    ]
}