{
    "Material": "CrFeN2",
    "steinhart_vector": [
        [
            0.07110783944199049,
            4.730376762800063e-06,
            0.004495925554734739,
            0.027744203861822976,
            0.029598052293979635,
            0.04366380527041984,
            0.015321432976082768,
            0.008144615393017118,
            0.040546254821200285,
            0.028797347513833334,
            0.027562117197143465
        ],
        "CrFeN2"
    ],
    "steinhart_parameter_sum": 0.29698632470098746,
    "band_gap": 0.0,
    "oxidation_state": 3.0,
    "possible_species": [
        "Cr3+",
        "N3-",
        "Fe3+"
    ],
    "density": 6.839357878522299,
    "quadrupole moment": [
        [
            -22.688176587871084,
            -5.033528027865563e-06,
            -1.7764110495088747e-15
        ],
        [
            -5.033528027865563e-06,
            -22.683483524954777,
            -1.7763568394002505e-15
        ],
        [
            -1.7764110495088747e-15,
            -1.7763568394002505e-15,
            -27.27931722011541
        ]
    ],
    "quadrupole moment normalized": [
        [
            -0.1989794672173048,
            -1.063219314384989e-05,
            1.3878211324288084e-17
        ],
        [
            -1.063219314384989e-05,
            -0.19889742556369444,
            2.0816681711721685e-17
        ],
        [
            1.3878211324288084e-17,
            2.0816681711721685e-17,
            -0.23922003687899313
        ]
    ]
}