{
    "Material": "NbCr(SnO3)2",
    "steinhart_vector": [
        [
            0.06241084290046428,
            4.915275392599764e-18,
            7.436749025426964e-18,
            1.2779070184692202e-17,
            0.04766706862956246,
            1.1676466869113918e-17,
            0.022065565117243287,
            2.109186182760163e-17,
            0.04481537460812002,
            2.994943372891375e-17,
            0.025677403999883323
        ],
        "NbCr(SnO3)2"
    ],
    "steinhart_parameter_sum": 0.20263625525527343,
    "band_gap": 1.8758,
    "oxidation_state": 3.0,
    "possible_species": [
        "Cr3+",
        "Sn2+",
        "Nb5+",
        "O2-"
    ],
    "density": 6.155300714161402,
    "quadrupole moment": [
        [
            -16.045746298247312,
            0.0,
            -1.3322676295501878e-15
        ],
        [
            0.0,
            -16.04574629824731,
            -4.440892098500626e-16
        ],
        [
            -1.3322676295501878e-15,
            -4.440892098500626e-16,
            -16.04574629824731
        ]
    ],
    "quadrupole moment normalized": [
        [
            -0.12464362596948586,
            2.6020852139652106e-17,
            -1.0408340855860843e-17
        ],
        [
            2.6020852139652106e-17,
            -0.12464362596948587,
            0.0
        ],
        [
            -1.0408340855860843e-17,
            0.0,
            -0.12464362596948586
        ]
    ]
}