{
    "Material": "CaNdCrO4",
    "steinhart_vector": [
        [
            0.06322084223463714,
            0.0019475652841715848,
            0.0010202277144965076,
            0.004122568398882786,
            0.04776987367445398,
            0.006701921178881224,
            0.021840921965532452,
            0.00885055992174748,
            0.04366332168486812,
            0.011238288378676313,
            0.024536533539679797
        ],
        "CaNdCrO4"
    ],
    "steinhart_parameter_sum": 0.2349126239760274,
    "band_gap": 2.1822000000000004,
    "oxidation_state": 3.0,
    "possible_species": [
        "O2-",
        "Ca2+",
        "Nd3+",
        "Cr3+"
    ],
    "density": 5.515098082190865,
    "quadrupole moment": [
        [
            -15.158122563927737,
            -0.1748578815277423,
            0.5205729565158013
        ],
        [
            -0.1748578815277423,
            -15.190974144388788,
            0.5717663217461504
        ],
        [
            0.5205729565158013,
            0.5717663217461504,
            -16.70113781094067
        ]
    ],
    "quadrupole moment normalized": [
        [
            -0.1314479772202173,
            0.0011413356710530918,
            -0.0033978936353147686
        ],
        [
            0.0011413356710530918,
            -0.13123354776297427,
            -0.003732043935881269
        ],
        [
            -0.0033978936353147686,
            -0.003732043935881269,
            -0.1213763789525613
        ]
    ]
}