{
    "Material": "CrNiP",
    "steinhart_vector": [
        [
            0.019303076499199864,
            0.0013353139256725949,
            0.0018445250732072812,
            0.00399016120214469,
            0.007826334884252729,
            0.0019428582619100748,
            0.002635700490128923,
            0.0102491555243489,
            0.0064224011094919705,
            0.006558347340558479,
            0.004140674341539019
        ],
        "CrNiP"
    ],
    "steinhart_parameter_sum": 0.06624854865245453,
    "band_gap": 0.0,
    "oxidation_state": 2.0,
    "possible_species": [
        "P3-",
        "Cr2+",
        "Ni+"
    ],
    "density": 6.559261251984459,
    "quadrupole moment": [
        [
            -21.937491646286645,
            -11.362026382089264,
            -2.1094237467877974e-15
        ],
        [
            -11.362026382089264,
            -8.82201527953346,
            -3.1086244689504383e-15
        ],
        [
            -2.1094237467877974e-15,
            -3.1086244689504383e-15,
            -18.43174563291605
        ]
    ],
    "quadrupole moment normalized": [
        [
            -0.04772404461892104,
            -0.010942448787826865,
            1.6805133673525319e-18
        ],
        [
            -0.010942448787826865,
            -0.03508932804491717,
            2.6020852139652106e-18
        ],
        [
            1.6805133673525319e-18,
            2.6020852139652106e-18,
            -0.048757294662112684
        ]
    ]
}