{
    "Material": "RbLiCrO4",
    "steinhart_vector": [
        [
            0.07597289469996886,
            0.0009612679473841859,
            0.0009746683182497651,
            0.05659385780148849,
            0.038692122837720756,
            0.002601426694775279,
            0.04768365393750256,
            0.04643111671757314,
            0.016593975010904434,
            0.03931394069063412,
            0.04921929996874523
        ],
        "RbLiCrO4"
    ],
    "steinhart_parameter_sum": 0.3750382246249468,
    "band_gap": 2.7696,
    "oxidation_state": 6.0,
    "possible_species": [
        "Li+",
        "O2-",
        "Rb+",
        "Cr6+"
    ],
    "density": 3.0616509672784566,
    "quadrupole moment": [
        [
            -7.3059501631404355,
            6.605018341154789e-07,
            -1.11154214001985e-05
        ],
        [
            6.605018341154789e-07,
            -7.305917479385585,
            6.661338147750939e-16
        ],
        [
            -1.11154214001985e-05,
            6.661338147750939e-16,
            -7.0448641800086484
        ]
    ],
    "quadrupole moment normalized": [
        [
            -0.12474546317549765,
            5.313397036244005e-08,
            -1.5335816127420854e-08
        ],
        [
            5.313397036244005e-08,
            -0.12474438739584749,
            1.0249293302955209e-08
        ],
        [
            -1.5335816127420854e-08,
            1.0249293302955209e-08,
            -0.11991058801229595
        ]
    ]
}