{
    "Material": "Dy3BeCrS7",
    "steinhart_vector": [
        [
            0.025775804597042033,
            0.00013280487795182028,
            0.0019718374118147097,
            0.0008162912498386865,
            0.019409917781509856,
            0.0007832759990446083,
            0.009956591830230609,
            0.0016511283086604008,
            0.017730745151028602,
            0.001342106298203429,
            0.011973634086589555
        ],
        "Dy3BeCrS7"
    ],
    "steinhart_parameter_sum": 0.09154413759191432,
    "band_gap": 0.0,
    "oxidation_state": 3.0,
    "possible_species": [
        "Dy3+",
        "S2-",
        "Cr3+",
        "Be2+"
    ],
    "density": 5.364026455030904,
    "quadrupole moment": [
        [
            -21.706182377329963,
            -1.3901997468757088e-06,
            -8.648914135367392e-05
        ],
        [
            -1.3901997468757088e-06,
            -21.70618398259412,
            4.993453273227644e-05
        ],
        [
            -8.648914135367392e-05,
            4.993453273227644e-05,
            -27.181360722457043
        ]
    ],
    "quadrupole moment normalized": [
        [
            -0.03929066828827115,
            -8.950205619001617e-08,
            3.338319415867319e-08
        ],
        [
            -8.950205619001617e-08,
            -0.03929088863940782,
            -2.044668286505652e-08
        ],
        [
            3.338319415867319e-08,
            -2.044668286505652e-08,
            -0.049006133826553916
        ]
    ]
}