{
    "Material": "Mg6TiCrO8",
    "steinhart_vector": [
        [
            0.05905061651319311,
            2.8203264179382587e-18,
            0.00028106133746440715,
            5.794894323949992e-18,
            0.045101018236375454,
            8.322100863324398e-18,
            0.020879201011162144,
            1.1936722236331527e-17,
            0.04240294692536645,
            1.4166998493974952e-17,
            0.024296272151947226
        ],
        "Mg6TiCrO8"
    ],
    "steinhart_parameter_sum": 0.1920111161755088,
    "band_gap": 0.0,
    "oxidation_state": 2.0,
    "possible_species": [
        "Mg2+",
        "Cr2+",
        "O2-",
        "Ti2+"
    ],
    "density": 3.8529425334715843,
    "quadrupole moment": [
        [
            -17.587408919627997,
            -2.910009313988973e-15,
            -1.0769182019359016e-15
        ],
        [
            -2.910009313988973e-15,
            -18.095692605126366,
            -1.1080416013611216e-15
        ],
        [
            -1.0769182019359016e-15,
            -1.1080416013611216e-15,
            -18.095692605126366
        ]
    ],
    "quadrupole moment normalized": [
        [
            -0.11371771755235355,
            -1.777354075103009e-17,
            -6.963201940341627e-18
        ],
        [
            -1.777354075103009e-17,
            -0.11052353969769667,
            -6.767614956060982e-18
        ],
        [
            -6.963201940341627e-18,
            -6.767614956060982e-18,
            -0.11052353969769667
        ]
    ]
}