{
    "Material": "KMg30CrO32",
    "steinhart_vector": [
        [
            0.060682044398100245,
            5.7484191992063175e-18,
            0.00034051139785381206,
            1.2490878974753212e-17,
            0.04634719815910434,
            1.3607586204384282e-17,
            0.021456706843133826,
            2.1404433848894478e-17,
            0.04357462013879242,
            2.5027834453830308e-17,
            0.02496806140672809
        ],
        "KMg30CrO32"
    ],
    "steinhart_parameter_sum": 0.1973691423437128,
    "band_gap": 3.5878,
    "oxidation_state": 3.0,
    "possible_species": [
        "K+",
        "Mg2+",
        "O2-",
        "Cr3+"
    ],
    "density": 3.4980166505060626,
    "quadrupole moment": [
        [
            -16.784145318589026,
            -3.6387300077613814e-15,
            -1.0277324920417041e-15
        ],
        [
            -3.6387300077613814e-15,
            -16.784145318589026,
            -1.027732492041704e-15
        ],
        [
            -1.0277324920417041e-15,
            -1.027732492041704e-15,
            -17.36051992112185
        ]
    ],
    "quadrupole moment normalized": [
        [
            -0.11916007410785047,
            -2.5833387947558354e-17,
            -7.296450167117024e-18
        ],
        [
            -2.5833387947558354e-17,
            -0.11916007410785047,
            -7.296450167117022e-18
        ],
        [
            -7.296450167117024e-18,
            -7.296450167117022e-18,
            -0.11520392298658522
        ]
    ]
}