{
    "Material": "CrFe3As4",
    "steinhart_vector": [
        [
            0.01216625459573678,
            0.001280614390730204,
            0.00034776409064024534,
            0.002583406104598223,
            0.00819445493420889,
            0.003816791345196695,
            0.0034070995472493034,
            0.005087241103515513,
            0.005696609268708635,
            0.005308137952129176,
            0.0030076895212501017
        ],
        "CrFe3As4"
    ],
    "steinhart_parameter_sum": 0.05089606285396377,
    "band_gap": 0.0,
    "oxidation_state": 3.0,
    "possible_species": [
        "Cr3+",
        "Fe3+",
        "As3-"
    ],
    "density": 7.678622673141639,
    "quadrupole moment": [
        [
            -35.79627530938801,
            -7.105427357601002e-15,
            -3.1086244689504383e-15
        ],
        [
            -7.105427357601002e-15,
            -36.29789702499475,
            -0.2265372332683242
        ],
        [
            -3.1086244689504383e-15,
            -0.2265372332683242,
            -39.711004969646524
        ]
    ],
    "quadrupole moment normalized": [
        [
            -0.028317459304277707,
            8.673617379884035e-19,
            3.903127820947816e-18
        ],
        [
            8.673617379884035e-19,
            -0.028761309513363097,
            -0.00021876315881381916
        ],
        [
            3.903127820947816e-18,
            -0.00021876315881381916,
            -0.030879410060108886
        ]
    ]
}