{
    "Material": "CaCrBiO5",
    "steinhart_vector": [
        [
            0.07224113062357539,
            0.002267705670648641,
            0.0053802524485571475,
            0.05332266794734443,
            0.03656188478116782,
            0.011159609925771063,
            0.0445858473124735,
            0.042651859160686756,
            0.021114083999180987,
            0.037829965859780885,
            0.04368578765669662
        ],
        "CaCrBiO5"
    ],
    "steinhart_parameter_sum": 0.3708007953858833,
    "band_gap": 0.9017,
    "oxidation_state": 5.0,
    "possible_species": [
        "Ca2+",
        "Bi3+",
        "Cr5+",
        "O2-"
    ],
    "density": 4.697243939498841,
    "quadrupole moment": [
        [
            -7.016882581491604,
            0.041304528581873945,
            -0.6043297156103775
        ],
        [
            0.041304528581873945,
            -8.158858237737812,
            0.09138086286572045
        ],
        [
            -0.6043297156103775,
            0.09138086286572045,
            -8.782179731379212
        ]
    ],
    "quadrupole moment normalized": [
        [
            -0.1003185739833711,
            0.003476030039617611,
            -0.008694566839041198
        ],
        [
            0.003476030039617611,
            -0.11312170740517129,
            0.003203571639306577
        ],
        [
            -0.008694566839041198,
            0.003203571639306577,
            -0.12058960582006825
        ]
    ]
}