{
    "Material": "CaMg14CrO16",
    "steinhart_vector": [
        [
            0.057764484550994664,
            3.876570752039617e-18,
            0.002010432332907793,
            5.36727901555979e-18,
            0.04413743584808018,
            9.002611286586466e-18,
            0.020509231283127448,
            1.1373346995677546e-17,
            0.04150255531905358,
            1.4644580630115055e-17,
            0.023836310562793197
        ],
        "CaMg14CrO16"
    ],
    "steinhart_parameter_sum": 0.1897604498969569,
    "band_gap": 1.0648,
    "oxidation_state": 2.0,
    "possible_species": [
        "Cr2+",
        "Ca2+",
        "Mg2+",
        "O2-"
    ],
    "density": 3.540982790344621,
    "quadrupole moment": [
        [
            -18.745713255424,
            -2.678386014088515e-15,
            -1.1478438867994558e-15
        ],
        [
            -2.678386014088515e-15,
            -16.655359058757668,
            -1.0198466079978726e-15
        ],
        [
            -1.1478438867994558e-15,
            -1.0198466079978726e-15,
            -21.202133701727956
        ]
    ],
    "quadrupole moment normalized": [
        [
            -0.10669105905699841,
            -1.931057317952036e-17,
            -6.5329431985897185e-18
        ],
        [
            -1.931057317952036e-17,
            -0.12008147005082827,
            -7.352869396732782e-18
        ],
        [
            -6.5329431985897185e-18,
            -7.352869396732782e-18,
            -0.09433012866233373
        ]
    ]
}