{
    "Material": "ErCrO3",
    "steinhart_vector": [
        [
            0.06286804627563637,
            7.100755455475342e-18,
            0.0017046622277349834,
            1.65170971483412e-17,
            0.047941294716425546,
            1.9069523947968777e-17,
            0.022508808402377824,
            3.5357513470420664e-17,
            0.04493490175519083,
            4.191180470864085e-17,
            0.026359523319845923
        ],
        "ErCrO3"
    ],
    "steinhart_parameter_sum": 0.20631723669721164,
    "band_gap": 0.25710000000000033,
    "oxidation_state": 3.0,
    "possible_species": [
        "O2-",
        "Cr3+",
        "Er3+"
    ],
    "density": 8.25931696741174,
    "quadrupole moment": [
        [
            -15.65995167542657,
            -0.22687733190753523,
            0.07210383761243266
        ],
        [
            -0.22687733190753523,
            -16.16108790209726,
            -0.6442359094846144
        ],
        [
            0.07210383761243266,
            -0.6442359094846144,
            -15.620119792599672
        ]
    ],
    "quadrupole moment normalized": [
        [
            -0.12524987804654195,
            -0.000657237868339506,
            -2.90136330187837e-05
        ],
        [
            -0.000657237868339506,
            -0.12785989897842587,
            -0.005823978394933012
        ],
        [
            -2.90136330187837e-05,
            -0.005823978394933012,
            -0.12632383582907605
        ]
    ]
}