{
    "Material": "Ba2LaCrO6",
    "steinhart_vector": [
        [
            0.0654085507128568,
            2.8988712756997573e-18,
            8.578038819050171e-18,
            1.3979192987139533e-17,
            0.04995660578983734,
            1.3630726906841961e-17,
            0.023125414878322613,
            1.2447129634420506e-17,
            0.04696793964865818,
            2.783780034419565e-17,
            0.026910737039386887
        ],
        "Ba2LaCrO6"
    ],
    "steinhart_parameter_sum": 0.21236924806906188,
    "band_gap": 0.0,
    "oxidation_state": 5.0,
    "possible_species": [
        "La3+",
        "Cr5+",
        "O2-",
        "Ba2+"
    ],
    "density": 6.003169244897541,
    "quadrupole moment": [
        [
            -14.60867961427522,
            -6.661338147750939e-16,
            -2.220446049250313e-15
        ],
        [
            -6.661338147750939e-16,
            -14.608679614275216,
            -1.3322676295501878e-15
        ],
        [
            -2.220446049250313e-15,
            -1.3322676295501878e-15,
            -14.60867961427522
        ]
    ],
    "quadrupole moment normalized": [
        [
            -0.13690491220340356,
            -1.3877787807814457e-17,
            -1.734723475976807e-17
        ],
        [
            -1.3877787807814457e-17,
            -0.13690491220340353,
            -1.0408340855860843e-17
        ],
        [
            -1.734723475976807e-17,
            -1.0408340855860843e-17,
            -0.13690491220340356
        ]
    ]
}