{
    "Material": "Mg6CrCuO8",
    "steinhart_vector": [
        [
            0.05900085515347615,
            5.07463169316042e-18,
            0.000354907327613752,
            1.0497015681172222e-17,
            0.04506322979801667,
            1.6446622201169205e-17,
            0.02086259398816405,
            2.270881412484497e-17,
            0.042367483612014374,
            2.8232196561923864e-17,
            0.024276603752328485
        ],
        "Mg6CrCuO8"
    ],
    "steinhart_parameter_sum": 0.19192567363161356,
    "band_gap": 0.0,
    "oxidation_state": 2.0,
    "possible_species": [
        "Mg2+",
        "Cu2+",
        "Cr2+",
        "O2-"
    ],
    "density": 4.143994598061937,
    "quadrupole moment": [
        [
            -17.529766509052102,
            -2.922289023631406e-15,
            -1.859337750157554e-15
        ],
        [
            -2.922289023631406e-15,
            -18.172053134249577,
            -1.893094179195032e-15
        ],
        [
            -1.859337750157554e-15,
            -1.893094179195032e-15,
            -18.172053134249577
        ]
    ],
    "quadrupole moment normalized": [
        [
            -0.11409165084812914,
            -1.7698854805192543e-17,
            -1.210141123614958e-17
        ],
        [
            -1.7698854805192543e-17,
            -0.1100591102846008,
            -1.1465532238317762e-17
        ],
        [
            -1.210141123614958e-17,
            -1.1465532238317762e-17,
            -0.1100591102846008
        ]
    ]
}