{
    "Material": "SmCrTeO6",
    "steinhart_vector": [
        [
            0.0593231691711849,
            3.788918280086474e-18,
            0.007898189199093318,
            1.325744149918506e-17,
            0.043590833015242865,
            1.4153730738654222e-17,
            0.02642913030923573,
            2.1785099808382044e-17,
            0.03799902465521498,
            2.7347044053015062e-17,
            0.032811968001420846
        ],
        "SmCrTeO6"
    ],
    "steinhart_parameter_sum": 0.2080523143513927,
    "band_gap": 1.3412000000000002,
    "oxidation_state": 3.0,
    "possible_species": [
        "O2-",
        "Sm3+",
        "Cr3+",
        "Te6+"
    ],
    "density": 6.302725188661529,
    "quadrupole moment": [
        [
            -20.123998084945164,
            -1.9663645867140644e-07,
            -3.4374215594823454e-05
        ],
        [
            -1.9663645867140644e-07,
            -20.123998312001387,
            1.9845962848652476e-05
        ],
        [
            -3.4374215594823454e-05,
            1.9845962848652476e-05,
            -13.030576595763367
        ]
    ],
    "quadrupole moment normalized": [
        [
            -0.12760928861660492,
            -2.67755527551955e-07,
            1.1149851767734698e-07
        ],
        [
            -2.67755527551955e-07,
            -0.12760888831112766,
            -6.305856571284241e-08
        ],
        [
            1.1149851767734698e-07,
            -6.305856571284241e-08,
            -0.08262870952180665
        ]
    ]
}