{
    "Material": "Ca7CrN6",
    "steinhart_vector": [
        [
            0.07778987969734895,
            4.8470418418832055e-05,
            0.0005687069395166979,
            0.057977629206395785,
            0.03960631897322204,
            0.001039579432799973,
            0.048887888343618194,
            0.047591920454042085,
            0.016608118267246834,
            0.04029130818670834,
            0.05054924467570561
        ],
        "Ca7CrN6"
    ],
    "steinhart_parameter_sum": 0.3809590645950233,
    "band_gap": 0.0,
    "oxidation_state": 4.0,
    "possible_species": [
        "Ca2+",
        "Cr4+",
        "N3-"
    ],
    "density": 3.0898801204152178,
    "quadrupole moment": [
        [
            -13.467994764978117,
            -1.7763568394002505e-15,
            -0.003927023865915924
        ],
        [
            -1.7763568394002505e-15,
            -13.630176750823635,
            0.0
        ],
        [
            -0.003927023865915924,
            0.0,
            -13.37415071348951
        ]
    ],
    "quadrupole moment normalized": [
        [
            -0.16733164633776074,
            0.0,
            0.001774094887749704
        ],
        [
            0.0,
            -0.1711629823074049,
            3.469446951953614e-18
        ],
        [
            0.001774094887749704,
            3.469446951953614e-18,
            -0.16981913776054303
        ]
    ]
}