{
    "Material": "HfCrCuS4",
    "steinhart_vector": [
        [
            0.027791933401966302,
            0.005965314719782836,
            0.006143037497964008,
            0.01616041008130092,
            0.017874372651333025,
            0.010597124760210512,
            0.009406693273464118,
            0.018224595544046564,
            0.013499376745291784,
            0.011367873637189382,
            0.014365888425980172
        ],
        "HfCrCuS4"
    ],
    "steinhart_parameter_sum": 0.15139662073852964,
    "band_gap": 0.28710000000000013,
    "oxidation_state": 3.0,
    "possible_species": [
        "Cu+",
        "Hf4+",
        "Cr3+",
        "S2-"
    ],
    "density": 4.634093834214005,
    "quadrupole moment": [
        [
            -18.13342797703531,
            -1.5543122344752192e-15,
            -0.8416723143476919
        ],
        [
            -1.5543122344752192e-15,
            -10.380152998265896,
            8.881784197001252e-16
        ],
        [
            -0.8416723143476919,
            8.881784197001252e-16,
            -11.999379968082703
        ]
    ],
    "quadrupole moment normalized": [
        [
            -0.04767966010011412,
            -1.734723475976807e-18,
            -0.0035952350606559998
        ],
        [
            -1.734723475976807e-18,
            -0.023293350643253784,
            -1.734723475976807e-18
        ],
        [
            -0.0035952350606559998,
            -1.734723475976807e-18,
            -0.027937248079803825
        ]
    ]
}