{
    "Material": "CrInNiS4",
    "steinhart_vector": [
        [
            0.025715636195313345,
            2.5792896211010115e-18,
            0.00151288297129258,
            6.182897029546217e-18,
            0.019495328440991676,
            6.819492804544462e-18,
            0.009620538474674709,
            1.0530979502801212e-17,
            0.018063218297369194,
            1.2000338684653291e-17,
            0.011485924799932953
        ],
        "CrInNiS4"
    ],
    "steinhart_parameter_sum": 0.08589352917957449,
    "band_gap": 0.0,
    "oxidation_state": 3.0,
    "possible_species": [
        "Cr3+",
        "In3+",
        "Ni2+",
        "S2-"
    ],
    "density": 4.440511254843354,
    "quadrupole moment": [
        [
            -22.20489276343939,
            0.10238621062490072,
            0.06142971351002169
        ],
        [
            0.10238621062490072,
            -26.40755370295216,
            -0.1746689550938747
        ],
        [
            0.06142971351002169,
            -0.1746689550938747,
            -22.273773467228608
        ]
    ],
    "quadrupole moment normalized": [
        [
            -0.0395947823457901,
            -0.00011138627042258601,
            0.0004549875518961039
        ],
        [
            -0.00011138627042258601,
            -0.04727108864279077,
            0.00019018144179586485
        ],
        [
            0.0004549875518961039,
            0.00019018144179586485,
            -0.04010404105179905
        ]
    ]
}