{
    "Material": "CrSiOs2",
    "steinhart_vector": [
        [
            0.00595414460602579,
            7.104221775162138e-19,
            0.005954144606025789,
            1.3067088836747672e-18,
            0.005954144606025791,
            1.4800197339694139e-18,
            0.00595414460602579,
            2.4763682525022875e-18,
            0.00595414460602579,
            2.8647518639866075e-18,
            0.00595414460602579
        ],
        "CrSiOs2"
    ],
    "steinhart_parameter_sum": 0.03572486763615475,
    "band_gap": 0.0,
    "oxidation_state": 3.0,
    "possible_species": [
        "Cr3+",
        "Os0.5+",
        "Si4-"
    ],
    "density": 1.1710015858021028,
    "quadrupole moment": [
        [
            0.3722168615247511,
            -1.1420685963032176,
            -0.6122638108616594
        ],
        [
            -1.1420685963032176,
            3.504195573835574,
            1.8786018133988711
        ],
        [
            -0.6122638108616594,
            1.8786018133988711,
            1.0071198079400132
        ]
    ],
    "quadrupole moment normalized": [
        [
            0.00020535927936726224,
            -0.0006301014493649256,
            -0.0003377978484535775
        ],
        [
            -0.0006301014493649256,
            0.0019333328287627059,
            0.0010364611453583241
        ],
        [
            -0.0003377978484535775,
            0.0010364611453583241,
            0.00055564757906945
        ]
    ]
}