{
    "Material": "BaLaCrMoO6",
    "steinhart_vector": [
        [
            0.06263505836566641,
            4.2670229815411656e-18,
            8.651200389662307e-18,
            1.6787371888692566e-17,
            0.04783831601977388,
            1.4928501434593096e-17,
            0.022144837255188947,
            3.852866766189789e-17,
            0.04497637708139206,
            3.250285427186702e-17,
            0.02576965193013799
        ],
        "BaLaCrMoO6"
    ],
    "steinhart_parameter_sum": 0.20336424065215938,
    "band_gap": 0.0,
    "oxidation_state": 3.0,
    "possible_species": [
        "Cr3+",
        "La3+",
        "Ba2+",
        "O2-",
        "Mo4+"
    ],
    "density": 6.507941798561474,
    "quadrupole moment": [
        [
            -15.931073615194407,
            0.0,
            -1.3322676295501878e-15
        ],
        [
            0.0,
            -15.931073615194403,
            -1.3322676295501878e-15
        ],
        [
            -1.3322676295501878e-15,
            -1.3322676295501878e-15,
            -15.93107361519441
        ]
    ],
    "quadrupole moment normalized": [
        [
            -0.12554081716705406,
            -1.734723475976807e-17,
            -6.938893903907228e-18
        ],
        [
            -1.734723475976807e-17,
            -0.12554081716705404,
            -1.734723475976807e-17
        ],
        [
            -6.938893903907228e-18,
            -1.734723475976807e-17,
            -0.1255408171670541
        ]
    ]
}