{
    "Material": "CaNdZrCrO6",
    "steinhart_vector": [
        [
            0.06387505773773938,
            4.265322761052712e-18,
            6.162962906633109e-18,
            1.6126197921771395e-17,
            0.0487853811838109,
            1.9988803549315997e-17,
            0.022583243237518886,
            2.941353643596441e-17,
            0.045866783840709684,
            3.915553411909783e-17,
            0.026279819127961283
        ],
        "CaNdZrCrO6"
    ],
    "steinhart_parameter_sum": 0.20739028512774024,
    "band_gap": 2.4074000000000004,
    "oxidation_state": 3.0,
    "possible_species": [
        "O2-",
        "Nd3+",
        "Zr4+",
        "Cr3+",
        "Ca2+"
    ],
    "density": 5.428715331261087,
    "quadrupole moment": [
        [
            -15.318541092706706,
            -1.7763568394002505e-15,
            -1.4191663158968767e-15
        ],
        [
            -1.7763568394002505e-15,
            -15.318541092706708,
            -1.0035021256022115e-15
        ],
        [
            -1.4191663158968767e-15,
            -1.0035021256022115e-15,
            -15.318541092706706
        ]
    ],
    "quadrupole moment normalized": [
        [
            -0.13056073603198526,
            6.938893903907228e-18,
            -8.626182627518159e-18
        ],
        [
            6.938893903907228e-18,
            -0.13056073603198529,
            -1.5491795602272307e-17
        ],
        [
            -8.626182627518159e-18,
            -1.5491795602272307e-17,
            -0.1305607360319853
        ]
    ]
}