{
    "Material": "CrCoN2",
    "steinhart_vector": [
        [
            0.07118471542358248,
            9.725523562103248e-07,
            0.004104778420139061,
            0.028021973492851005,
            0.029503133415452278,
            0.04348230061987372,
            0.01586028525966509,
            0.008995294594359257,
            0.04058151515243091,
            0.028416085783165165,
            0.027230652355118484
        ],
        "CrCoN2"
    ],
    "steinhart_parameter_sum": 0.29738170706899364,
    "band_gap": 0.0,
    "oxidation_state": 3.0,
    "possible_species": [
        "Co3+",
        "Cr3+",
        "N3-"
    ],
    "density": 7.105303685040908,
    "quadrupole moment": [
        [
            -22.772802626426003,
            4.690594543887983e-06,
            -1.7763568394002505e-15
        ],
        [
            4.690594543887983e-06,
            -22.769770027444004,
            -3.552713678800501e-15
        ],
        [
            -1.7763568394002505e-15,
            -3.552713678800501e-15,
            -26.951570482636264
        ]
    ],
    "quadrupole moment normalized": [
        [
            -0.2005454008104979,
            1.1509966561573659e-05,
            1.3877787807814457e-17
        ],
        [
            1.1509966561573659e-05,
            -0.20056016422383244,
            1.3877787807814457e-17
        ],
        [
            1.3877787807814457e-17,
            1.3877787807814457e-17,
            -0.23736966353179093
        ]
    ]
}