{
    "Material": "Ca4CrN4",
    "steinhart_vector": [
        [
            0.07683582640374903,
            0.0048901486256974465,
            0.006817830076907198,
            0.05611126631051088,
            0.03920450743835245,
            0.015798198153784693,
            0.04600543713016039,
            0.04472511412480257,
            0.02722407991957487,
            0.038836070207561635,
            0.04401627752135132
        ],
        "Ca4CrN4"
    ],
    "steinhart_parameter_sum": 0.40046475591245245,
    "band_gap": 0.0,
    "oxidation_state": 4.0,
    "possible_species": [
        "Cr4+",
        "N3-",
        "Ca2+"
    ],
    "density": 3.228335720318378,
    "quadrupole moment": [
        [
            -14.591293742883355,
            0.4120098934116738,
            -1.7127157998559812
        ],
        [
            0.4120098934116738,
            -13.993571165397796,
            0.06363844205481828
        ],
        [
            -1.7127157998559812,
            0.06363844205481828,
            -12.911993026280916
        ]
    ],
    "quadrupole moment normalized": [
        [
            -0.170086280758726,
            0.009919193632761773,
            -0.02293378783233996
        ],
        [
            0.009919193632761773,
            -0.1691122070186441,
            0.0035147280661017386
        ],
        [
            -0.02293378783233996,
            0.0035147280661017386,
            -0.1567756665316952
        ]
    ]
}