{
    "Material": "CaNdCrO4",
    "steinhart_vector": [
        [
            0.06233578216065405,
            0.00030364332363853826,
            0.002268097608699668,
            0.001092633177557966,
            0.04747487696306119,
            0.0011824087797788908,
            0.0224578630458023,
            0.002161876784611413,
            0.044371600882486185,
            0.0020283261194863227,
            0.026324294744318227
        ],
        "CaNdCrO4"
    ],
    "steinhart_parameter_sum": 0.21200140359009476,
    "band_gap": 2.7047000000000003,
    "oxidation_state": 3.0,
    "possible_species": [
        "O2-",
        "Nd3+",
        "Cr3+",
        "Ca2+"
    ],
    "density": 5.454504510243481,
    "quadrupole moment": [
        [
            -16.658124270629628,
            0.8689090914240687,
            0.01855022560632036
        ],
        [
            0.8689090914240687,
            -15.148189884088533,
            -0.008456497994611123
        ],
        [
            0.01855022560632036,
            -0.008456497994611123,
            -16.518338551199797
        ]
    ],
    "quadrupole moment normalized": [
        [
            -0.11883843494577545,
            -0.0007702957912553259,
            0.003615663492141206
        ],
        [
            -0.0007702957912553259,
            -0.1201770054757696,
            -0.0016482738118317828
        ],
        [
            0.003615663492141206,
            -0.0016482738118317828,
            -0.13419403460119372
        ]
    ]
}