{
    "Material": "CrCoAs",
    "steinhart_vector": [
        [
            0.012535656692072367,
            0.0013156189041503739,
            0.001932893658055509,
            0.0010183104296364394,
            0.004493382457232977,
            0.0014902986580481552,
            0.0010705776277525072,
            0.006510615853665518,
            0.004103602860543755,
            0.00437535724554439,
            0.001943025213432974
        ],
        "CrCoAs"
    ],
    "steinhart_parameter_sum": 0.04078933960013496,
    "band_gap": 0.0,
    "oxidation_state": 2.0,
    "possible_species": [
        "Cr2+",
        "As3-",
        "Co+"
    ],
    "density": 7.941599517250176,
    "quadrupole moment": [
        [
            -1.3697089016318356,
            5.458761300758397e-06,
            4.440892098500626e-16
        ],
        [
            5.458761300758397e-06,
            -30.1314033908604,
            -4.440892098500626e-15
        ],
        [
            4.440892098500626e-16,
            -4.440892098500626e-15,
            -19.947018694104003
        ]
    ],
    "quadrupole moment normalized": [
        [
            -0.0042135024425017905,
            4.155223300855715e-09,
            -1.0842021724855044e-18
        ],
        [
            4.155223300855715e-09,
            -0.021275674765804976,
            3.469446951953614e-18
        ],
        [
            -1.0842021724855044e-18,
            3.469446951953614e-18,
            -0.01534049352053007
        ]
    ]
}