{
    "Material": "K2TlCrF6",
    "steinhart_vector": [
        [
            0.057397266465318446,
            2.7116457805071986e-18,
            5.175164881723218e-09,
            6.156293993126414e-18,
            0.04383788637681126,
            6.794456022965274e-18,
            0.02029299816960181,
            1.4656100227633367e-17,
            0.041215274118755134,
            1.6359094401493945e-17,
            0.023614691470675367
        ],
        "K2TlCrF6"
    ],
    "steinhart_parameter_sum": 0.18635812177632693,
    "band_gap": 4.0416,
    "oxidation_state": 3.0,
    "possible_species": [
        "F-",
        "Cr3+",
        "K+",
        "Tl+"
    ],
    "density": 3.949975779354647,
    "quadrupole moment": [
        [
            -7.494843196622136,
            -1.3206044213731616e-07,
            -7.79774515846654e-07
        ],
        [
            -1.3206044213731616e-07,
            -7.494842866333357,
            -7.16296780778336e-07
        ],
        [
            -7.79774515846654e-07,
            -7.16296780778336e-07,
            -7.494843848626019
        ]
    ],
    "quadrupole moment normalized": [
        [
            -0.05930003144440719,
            -2.083553233590829e-09,
            -7.39984897489554e-09
        ],
        [
            -2.083553233590829e-09,
            -0.05930002809667058,
            -3.9276734867949026e-09
        ],
        [
            -7.39984897489554e-09,
            -3.9276734867949026e-09,
            -0.059300035134223814
        ]
    ]
}