{
    "Material": "CrMoAs2",
    "steinhart_vector": [
        [
            0.01193267821813598,
            0.0016487065768742662,
            0.000669708975988287,
            0.00297146450498016,
            0.007357106973550077,
            0.004923108560764413,
            0.0030832648010397047,
            0.005144387837298865,
            0.004590142329826092,
            0.006149561681116404,
            0.003048072887797881
        ],
        "CrMoAs2"
    ],
    "steinhart_parameter_sum": 0.05151820334737213,
    "band_gap": 0.0,
    "oxidation_state": 3.0,
    "possible_species": [
        "As3-",
        "Cr3+",
        "Mo3+"
    ],
    "density": 7.725809177620798,
    "quadrupole moment": [
        [
            -34.811152964787,
            -5.9277464935866555e-15,
            -4.3935450905515225e-15
        ],
        [
            -5.9277464935866555e-15,
            -41.075875167938904,
            0.7963230683988938
        ],
        [
            -4.3935450905515225e-15,
            0.7963230683988938,
            -40.398475230586946
        ]
    ],
    "quadrupole moment normalized": [
        [
            -0.025138772711875063,
            -1.2421577293896319e-18,
            -5.1412222927000605e-18
        ],
        [
            -1.2421577293896319e-18,
            -0.030790128830591703,
            3.995033799823137e-05
        ],
        [
            -5.1412222927000605e-18,
            3.995033799823137e-05,
            -0.028699949587888705
        ]
    ]
}