{
    "Material": "LaVZnCrO6",
    "steinhart_vector": [
        [
            0.06337017260884864,
            0.0009142604821382664,
            0.0023814541755577275,
            0.0060450861602510215,
            0.04745991461739777,
            0.007585033220463495,
            0.022135074611779024,
            0.011557663302885102,
            0.042482765554538296,
            0.013099342730071736,
            0.024791369266807254
        ],
        "LaVZnCrO6"
    ],
    "steinhart_parameter_sum": 0.24182213673073835,
    "band_gap": 1.3988000000000005,
    "oxidation_state": 4.0,
    "possible_species": [
        "Zn2+",
        "V4+",
        "Cr3+",
        "La3+",
        "O2-"
    ],
    "density": 5.905599841431266,
    "quadrupole moment": [
        [
            -14.877552701545849,
            0.3217303584179949,
            -0.8722209238349246
        ],
        [
            0.3217303584179949,
            -15.681842613006276,
            0.15735665473216542
        ],
        [
            -0.8722209238349246,
            0.15735665473216542,
            -16.34042853184104
        ]
    ],
    "quadrupole moment normalized": [
        [
            -0.12959431573474017,
            0.007411741501639219,
            0.0002128036531439427
        ],
        [
            0.007411741501639219,
            -0.12381452856261424,
            -0.005299617252824906
        ],
        [
            0.0002128036531439427,
            -0.005299617252824906,
            -0.13269388236086768
        ]
    ]
}