{
    "Material": "Mg6AlCrO8",
    "steinhart_vector": [
        [
            0.05656785892665877,
            5.040202186487252e-18,
            0.001925659824172166,
            8.187609841225825e-18,
            0.04322229312289428,
            1.5722302195643874e-17,
            0.020080711590526937,
            2.042307298884447e-17,
            0.04064180441590084,
            2.7074528121659467e-17,
            0.023339538498245344
        ],
        "Mg6AlCrO8"
    ],
    "steinhart_parameter_sum": 0.1857778663783984,
    "band_gap": 0.0,
    "oxidation_state": 2.0,
    "possible_species": [
        "Cr2+",
        "O2-",
        "Al2+",
        "Mg2+"
    ],
    "density": 3.6425050911938444,
    "quadrupole moment": [
        [
            -22.489833136876726,
            -2.9375393355935943e-15,
            -2.1060241051936045e-15
        ],
        [
            -2.9375393355935943e-15,
            -18.266886149413285,
            -1.898027419677817e-15
        ],
        [
            -2.1060241051936045e-15,
            -1.898027419677817e-15,
            -18.266886149413285
        ]
    ],
    "quadrupole moment normalized": [
        [
            -0.08892907243142623,
            -1.7606970739545424e-17,
            -8.32761937597466e-18
        ],
        [
            -1.7606970739545424e-17,
            -0.10948773554732195,
            -1.1376362806855583e-17
        ],
        [
            -8.32761937597466e-18,
            -1.1376362806855583e-17,
            -0.10948773554732195
        ]
    ]
}