{
    "Material": "Mg6CrCoO8",
    "steinhart_vector": [
        [
            0.058818847850967824,
            5.910844404354141e-18,
            0.0004341170573449083,
            8.992524949048122e-18,
            0.04492451105809288,
            1.6651352263800174e-17,
            0.02079956750106732,
            2.1243109779256062e-17,
            0.04223715016302459,
            2.857953229568163e-17,
            0.02420280061080807
        ],
        "Mg6CrCoO8"
    ],
    "steinhart_parameter_sum": 0.19141699424130568,
    "band_gap": 0.0,
    "oxidation_state": 2.0,
    "possible_species": [
        "Mg2+",
        "Co2+",
        "O2-",
        "Cr2+"
    ],
    "density": 4.082506763122541,
    "quadrupole moment": [
        [
            -17.54362448539228,
            -2.9484965370640975e-15,
            -1.860072545117802e-15
        ],
        [
            -2.9484965370640975e-15,
            -18.335022752505758,
            -1.9015640040365154e-15
        ],
        [
            -1.860072545117802e-15,
            -1.9015640040365154e-15,
            -18.335022752505758
        ]
    ],
    "quadrupole moment normalized": [
        [
            -0.11400152811440434,
            -1.7541539723007567e-17,
            -1.2087075434363249e-17
        ],
        [
            -1.7541539723007567e-17,
            -0.10908085727500227,
            -1.1313006508008906e-17
        ],
        [
            -1.2087075434363249e-17,
            -1.1313006508008906e-17,
            -0.10908085727500227
        ]
    ]
}