{
    "Material": "Mg30ZnCrO32",
    "steinhart_vector": [
        [
            0.05843817017804327,
            4.776907873911223e-18,
            0.0014983769623906796,
            4.519135500326892e-18,
            0.044643368118822836,
            9.406624322686684e-18,
            0.02070849966924181,
            1.1032114861757504e-17,
            0.04197567196327391,
            1.4972170052669593e-17,
            0.024081701228989047
        ],
        "Mg30ZnCrO32"
    ],
    "steinhart_parameter_sum": 0.19134578812076158,
    "band_gap": 1.6493000000000002,
    "oxidation_state": 2.0,
    "possible_species": [
        "O2-",
        "Cr2+",
        "Zn2+",
        "Mg2+"
    ],
    "density": 3.627175832778488,
    "quadrupole moment": [
        [
            -19.277390553260016,
            -3.1000408375359863e-15,
            -1.1803997318481653e-15
        ],
        [
            -3.1000408375359863e-15,
            -19.277390553260016,
            -1.180399731848165e-15
        ],
        [
            -1.1803997318481653e-15,
            -1.180399731848165e-15,
            -16.559581814641245
        ]
    ],
    "quadrupole moment normalized": [
        [
            -0.10374848164612083,
            -1.6684028320468774e-17,
            -6.352762298215991e-18
        ],
        [
            -1.6684028320468774e-17,
            -0.10374848164612083,
            -6.35276229821599e-18
        ],
        [
            -6.352762298215991e-18,
            -6.35276229821599e-18,
            -0.12077599678463433
        ]
    ]
}