{
    "Material": "TiCrCuS4",
    "steinhart_vector": [
        [
            0.0257422937706088,
            2.497869882197002e-18,
            0.0005091112228418646,
            3.506255216020232e-18,
            0.019645075425934033,
            8.025182978218732e-18,
            0.00916183580479779,
            8.836934975060826e-18,
            0.018440278623629718,
            1.4167271083198088e-17,
            0.010697461179186699
        ],
        "TiCrCuS4"
    ],
    "steinhart_parameter_sum": 0.08419605602699895,
    "band_gap": 0.10300000000000065,
    "oxidation_state": 4.0,
    "possible_species": [
        "Cu+",
        "Cr3+",
        "Ti4+",
        "S2-"
    ],
    "density": 3.9189656317623083,
    "quadrupole moment": [
        [
            -23.579973857768366,
            -0.7386462637297402,
            -0.22735843299155878
        ],
        [
            -0.7386462637297402,
            -23.446220379281822,
            -0.3075158983588761
        ],
        [
            -0.22735843299155878,
            -0.3075158983588761,
            -23.715545309966767
        ]
    ],
    "quadrupole moment normalized": [
        [
            -0.0419673171455866,
            -0.000968844160090827,
            0.00019129186715825808
        ],
        [
            -0.000968844160090827,
            -0.042603736680266784,
            -0.0010791820664469876
        ],
        [
            0.00019129186715825808,
            -0.0010791820664469876,
            -0.042663590972670244
        ]
    ]
}