{
    "Material": "Mn2CrSe3",
    "steinhart_vector": [
        [
            0.010900566846144398,
            6.636800425547119e-05,
            2.4739515878883443e-05,
            0.000188146931873329,
            0.008319858753176231,
            0.0002770689438713926,
            0.0038487166355645444,
            0.00039087363582950165,
            0.007808496652464247,
            0.0004828028908788115,
            0.00446871689821387
        ],
        "Mn2CrSe3"
    ],
    "steinhart_parameter_sum": 0.03677635570815069,
    "band_gap": 0.0,
    "oxidation_state": 2.0,
    "possible_species": [
        "Mn2+",
        "Cr2+",
        "Se2-"
    ],
    "density": 5.690257085198115,
    "quadrupole moment": [
        [
            -29.281761596294643,
            -0.015048162702765211,
            -0.09610191810590418
        ],
        [
            -0.015048162702765211,
            -28.974577759740733,
            0.03311622932594016
        ],
        [
            -0.09610191810590418,
            0.03311622932594016,
            -29.113941041848435
        ]
    ],
    "quadrupole moment normalized": [
        [
            -0.016072141199431962,
            -7.282453002528449e-06,
            7.875634557276976e-05
        ],
        [
            -7.282453002528449e-06,
            -0.01619914834235845,
            1.6026368537082076e-05
        ],
        [
            7.875634557276976e-05,
            1.6026368537082076e-05,
            -0.016209671582206795
        ]
    ]
}