{
    "Material": "LaZnCrSbO6",
    "steinhart_vector": [
        [
            0.057315676691873735,
            0.006814719916412645,
            0.01575641525065686,
            0.037527608348465226,
            0.026540420105301204,
            0.028405487585541234,
            0.030773704017353243,
            0.022993253896214677,
            0.03103258221341729,
            0.03256886324930482,
            0.024806282914965855
        ],
        "LaZnCrSbO6"
    ],
    "steinhart_parameter_sum": 0.3145350141895068,
    "band_gap": 0.0,
    "oxidation_state": 2.0,
    "possible_species": [
        "Zn2+",
        "Sb5+",
        "Cr2+",
        "La3+",
        "O2-"
    ],
    "density": 6.2850511907099404,
    "quadrupole moment": [
        [
            -17.193864745831927,
            -5.016536832161798,
            -3.6060425014644446
        ],
        [
            -5.016536832161798,
            -11.481989119625167,
            -1.7924686589178012
        ],
        [
            -3.6060425014644446,
            -1.7924686589178012,
            -10.156260232500001
        ]
    ],
    "quadrupole moment normalized": [
        [
            -0.07022945771430283,
            -0.024108381003945467,
            -0.016694085874481217
        ],
        [
            -0.024108381003945467,
            -0.07634973198768917,
            -0.013671159914051793
        ],
        [
            -0.016694085874481217,
            -0.013671159914051793,
            -0.06493708962813924
        ]
    ]
}