{
    "Material": "BaCrInWO6",
    "steinhart_vector": [
        [
            0.060273853938199215,
            9.633750365359565e-18,
            1.343197610542914e-17,
            2.5387759876786885e-17,
            0.04603491634975168,
            3.44093275100931e-17,
            0.02131002542397408,
            5.260708420642345e-17,
            0.04328086623703354,
            7.527635905917363e-17,
            0.024798192529932754
        ],
        "BaCrInWO6"
    ],
    "steinhart_parameter_sum": 0.1956978544788915,
    "band_gap": 0.18240000000000034,
    "oxidation_state": 3.0,
    "possible_species": [
        "In+",
        "W6+",
        "Cr3+",
        "O2-",
        "Ba2+"
    ],
    "density": 7.317498095336429,
    "quadrupole moment": [
        [
            -17.20370926855377,
            -8.881784197001252e-16,
            -1.3677582205961874e-15
        ],
        [
            -8.881784197001252e-16,
            -17.203709268553766,
            -1.1510988864306573e-15
        ],
        [
            -1.3677582205961874e-15,
            -1.1510988864306573e-15,
            -17.203709268553773
        ]
    ],
    "quadrupole moment normalized": [
        [
            -0.11625399899402798,
            -1.734723475976807e-17,
            -1.1775036189305918e-17
        ],
        [
            -1.734723475976807e-17,
            -0.11625399899402798,
            -3.840583500961388e-18
        ],
        [
            -1.1775036189305918e-17,
            -3.840583500961388e-18,
            -0.116253998994028
        ]
    ]
}