{
    "Material": "YCr(BO3)2",
    "steinhart_vector": [
        [
            0.06143195535079698,
            8.472950496374336e-06,
            0.0016363627483594904,
            2.2235952082098317e-05,
            0.04684808396665978,
            3.5100176391759705e-05,
            0.021986926505853616,
            4.5616480022045006e-05,
            0.04391356750399831,
            6.181570525560109e-05,
            0.025745291267767725
        ],
        "YCr(BO3)2"
    ],
    "steinhart_parameter_sum": 0.20173542860768376,
    "band_gap": 3.2276000000000002,
    "oxidation_state": 3.0,
    "possible_species": [
        "B3+",
        "O2-",
        "Y3+",
        "Cr3+"
    ],
    "density": 4.0598183707222555,
    "quadrupole moment": [
        [
            -16.138033593230844,
            0.009695761075978915,
            -0.15011724959867667
        ],
        [
            0.009695761075978915,
            -16.124953992468438,
            0.08510847556562195
        ],
        [
            -0.15011724959867667,
            0.08510847556562195,
            -17.420561525294193
        ]
    ],
    "quadrupole moment normalized": [
        [
            -0.11767432716494827,
            8.745333826720367e-05,
            -0.00108753297353463
        ],
        [
            8.745333826720367e-05,
            -0.11758886389451842,
            0.0006398142539637934
        ],
        [
            -0.00108753297353463,
            0.0006398142539637934,
            -0.12702978710771506
        ]
    ]
}