{
    "Material": "ErCrO4",
    "steinhart_vector": [
        [
            0.0720846972673104,
            2.3399105723571197e-13,
            0.008326525680315425,
            0.05255787071294742,
            0.03651036491738116,
            0.016062292458810447,
            0.042715452604377716,
            0.041926480003442006,
            0.027010969868244493,
            0.03504375535009195,
            0.04110553789216127
        ],
        "ErCrO4"
    ],
    "steinhart_parameter_sum": 0.37334394675531635,
    "band_gap": 0.6012000000000004,
    "oxidation_state": 5.0,
    "possible_species": [
        "Cr5+",
        "Er3+",
        "O2-"
    ],
    "density": 6.625063459983809,
    "quadrupole moment": [
        [
            -8.61432314874769,
            0.3910965270095539,
            0.8101685375864499
        ],
        [
            0.3910965270095539,
            -8.482238833576062,
            0.9584467263945042
        ],
        [
            0.8101685375864499,
            0.9584467263945042,
            -6.959462396366656
        ]
    ],
    "quadrupole moment normalized": [
        [
            -0.1190867480505635,
            0.005406624847427786,
            0.011199990394023944
        ],
        [
            0.005406624847427786,
            -0.1172607785237491,
            0.013249828437896728
        ],
        [
            0.011199990394023944,
            0.013249828437896728,
            -0.09620950255335381
        ]
    ]
}