{
    "Material": "CrF5",
    "steinhart_vector": [
        [
            0.06081235982712692,
            3.1342906135114435e-08,
            0.0023536025480751224,
            6.965171652167566e-08,
            0.046374360640395955,
            1.0869927572236977e-07,
            0.02185956909880818,
            1.4790162457044983e-07,
            0.0434509977282476,
            1.8716152285558812e-07,
            0.025602122236376177
        ],
        "CrF5"
    ],
    "steinhart_parameter_sum": 0.20045355683607574,
    "band_gap": 0.7746999999999997,
    "oxidation_state": 5.0,
    "possible_species": [
        "F-",
        "Cr5+"
    ],
    "density": 2.652964590189428,
    "quadrupole moment": [
        [
            -6.657898949854548,
            0.1562730216938518,
            -0.22617436768479726
        ],
        [
            0.1562730216938518,
            -6.154610199859284,
            0.2863079606372242
        ],
        [
            -0.22617436768479726,
            0.2863079606372242,
            -7.300426968307647
        ]
    ],
    "quadrupole moment normalized": [
        [
            -0.07298576899378316,
            0.0010976393874703853,
            0.000725026694987984
        ],
        [
            0.0010976393874703853,
            -0.06711658214435763,
            -0.000977726442677903
        ],
        [
            0.000725026694987984,
            -0.000977726442677903,
            -0.059862711928976665
        ]
    ]
}