{
    "Material": "ZnCrBiO5",
    "steinhart_vector": [
        [
            0.05822462428013766,
            0.0040239289154118535,
            0.00406638557187162,
            0.00914079028524513,
            0.041233887275123476,
            0.014003546663702274,
            0.020741141478194745,
            0.01608653971116917,
            0.03312026947245067,
            0.01958781027779105,
            0.02511868115844239
        ],
        "ZnCrBiO5"
    ],
    "steinhart_parameter_sum": 0.24534760508954004,
    "band_gap": 0.7892000000000001,
    "oxidation_state": 2.0,
    "possible_species": [
        "O2-",
        "Cr5+",
        "Bi3+",
        "Zn2+"
    ],
    "density": 5.754918469291877,
    "quadrupole moment": [
        [
            -18.7201222197901,
            0.9167818371747989,
            1.7920584221754372
        ],
        [
            0.9167818371747989,
            -18.625021716821344,
            -0.43513797053414827
        ],
        [
            1.7920584221754372,
            -0.43513797053414827,
            -18.270915811863443
        ]
    ],
    "quadrupole moment normalized": [
        [
            -0.11048837349838549,
            0.009953453038225325,
            0.004551774949983085
        ],
        [
            0.009953453038225325,
            -0.11193268982131016,
            0.009864461701168097
        ],
        [
            0.004551774949983085,
            0.009864461701168097,
            -0.10362486331077543
        ]
    ]
}