{
    "Material": "PrCrB4",
    "steinhart_vector": [
        [
            0.07956911466383232,
            0.0012168117170701616,
            0.02873911322555703,
            0.0014390266407641953,
            0.0243060611144441,
            0.006119619826018958,
            0.02561809798309802,
            0.027798361040487368,
            0.011417349720383677,
            0.04225509250161803,
            0.02296769025014393
        ],
        "PrCrB4"
    ],
    "steinhart_parameter_sum": 0.27144633868341783,
    "band_gap": 0.3370999999999995,
    "oxidation_state": 3.0,
    "possible_species": [
        "B2-",
        "Cr3+",
        "Pr4+",
        "B-"
    ],
    "density": 6.1906469400024955,
    "quadrupole moment": [
        [
            -63.75149205768,
            -3.436888998900406e-15,
            -3.1802860336809443e-15
        ],
        [
            -3.436888998900406e-15,
            -16.424754299430102,
            8.332246589295398
        ],
        [
            -3.1802860336809443e-15,
            8.332246589295398,
            -12.65908418513648
        ]
    ],
    "quadrupole moment normalized": [
        [
            -0.4308990450248268,
            3.961897593351631e-17,
            -1.2050844461489816e-17
        ],
        [
            3.961897593351631e-17,
            -0.1432910141468005,
            0.012345261001640675
        ],
        [
            -1.2050844461489816e-17,
            0.012345261001640675,
            -0.13754693440079932
        ]
    ]
}