{
    "Material": "RbUCrNO9",
    "steinhart_vector": [
        [
            0.0749611243577298,
            0.0018641260053963462,
            0.0005295098828390063,
            0.055831518006769686,
            0.0382257102858182,
            0.002661684690093337,
            0.04701719373816237,
            0.04585003659002523,
            0.016465957178439905,
            0.03873688854266607,
            0.04857635432882361
        ],
        "RbUCrNO9"
    ],
    "steinhart_parameter_sum": 0.37072010360676355,
    "band_gap": 2.1079,
    "oxidation_state": 6.0,
    "possible_species": [
        "N5+",
        "O2-",
        "Cr6+",
        "Rb+",
        "U6+"
    ],
    "density": 3.753460203364379,
    "quadrupole moment": [
        [
            -7.294853180109043,
            -0.41124424754371813,
            0.010138302287880041
        ],
        [
            -0.41124424754371813,
            -7.289708507641518,
            0.05887518277618184
        ],
        [
            0.010138302287880041,
            0.05887518277618184,
            -7.69168305579719
        ]
    ],
    "quadrupole moment normalized": [
        [
            -0.12111659941491958,
            0.0025046551634468547,
            0.0015120092545941686
        ],
        [
            0.0025046551634468547,
            -0.12013528381770815,
            0.0007174715952968087
        ],
        [
            0.0015120092545941686,
            0.0007174715952968087,
            -0.11854721300365312
        ]
    ]
}