{
    "Material": "LuCrO4",
    "steinhart_vector": [
        [
            0.07371191771443014,
            3.7644505719645646e-07,
            0.009187961570134089,
            0.053739387313851306,
            0.03665311742281985,
            0.017722426731634103,
            0.04462785515013318,
            0.040940827750210906,
            0.027219521594577523,
            0.03970207034392351,
            0.03964362535801129
        ],
        "LuCrO4"
    ],
    "steinhart_parameter_sum": 0.38314908739478304,
    "band_gap": 0.2849999999999999,
    "oxidation_state": 5.0,
    "possible_species": [
        "Cr5+",
        "O2-",
        "Lu3+"
    ],
    "density": 6.4938063812400575,
    "quadrupole moment": [
        [
            -7.385812912917073,
            -0.6821527479069975,
            0.6578967976573538
        ],
        [
            -0.6821527479069975,
            -8.308067137475184,
            1.2388483369317416
        ],
        [
            0.6578967976573538,
            1.2388483369317416,
            -7.311774437099027
        ]
    ],
    "quadrupole moment normalized": [
        [
            -0.11164420095626608,
            -0.010314195885125383,
            0.009947290080736408
        ],
        [
            -0.010314195885125383,
            -0.1255764271606149,
            0.018723807455225977
        ],
        [
            0.009947290080736408,
            0.018723807455225977,
            -0.11051996797893868
        ]
    ]
}