{
    "Material": "LiTiV2CrO10",
    "steinhart_vector": [
        [
            0.06795933440495067,
            4.348306913549635e-18,
            0.0006782374275313116,
            0.05064627842516831,
            0.03459968101532531,
            0.0013373010741804903,
            0.0427007849104127,
            0.04156631029883688,
            0.014574157151740008,
            0.035195914029537013,
            0.044133488871240106
        ],
        "LiTiV2CrO10"
    ],
    "steinhart_parameter_sum": 0.3333914876089228,
    "band_gap": 1.0597,
    "oxidation_state": 4.0,
    "possible_species": [
        "Cr5+",
        "V5+",
        "Li+",
        "Ti4+",
        "O2-"
    ],
    "density": 2.6928788965710897,
    "quadrupole moment": [
        [
            -9.111781971839555,
            -2.6810312520524353e-15,
            -8.881784197001252e-16
        ],
        [
            -2.6810312520524353e-15,
            -9.111781971839555,
            0.0
        ],
        [
            -8.881784197001252e-16,
            0.0,
            -8.84166963832536
        ]
    ],
    "quadrupole moment normalized": [
        [
            -0.09951069220069259,
            -2.927981338095663e-17,
            6.245004513516506e-17
        ],
        [
            -2.927981338095663e-17,
            -0.09951069220069254,
            0.0
        ],
        [
            6.245004513516506e-17,
            0.0,
            -0.09656076809550511
        ]
    ]
}