{
    "Material": "Li2CrNiO4",
    "steinhart_vector": [
        [
            0.06276019212217386,
            3.969442972511336e-18,
            0.0030852878437304695,
            1.2029395828873073e-17,
            0.047692298063600244,
            1.9221796506348527e-17,
            0.02308210739410745,
            2.871977257845845e-17,
            0.04439960854479768,
            4.1153415950148746e-17,
            0.027348134983707494
        ],
        "Li2CrNiO4"
    ],
    "steinhart_parameter_sum": 0.2083676289521173,
    "band_gap": 0.0,
    "oxidation_state": 3.0,
    "possible_species": [
        "Ni3+",
        "Li+",
        "O2-",
        "Cr3+"
    ],
    "density": 4.346877866370996,
    "quadrupole moment": [
        [
            -17.27985078125,
            2.220446049250313e-15,
            0.0
        ],
        [
            2.220446049250313e-15,
            -14.461504884512527,
            0.012839553043150431
        ],
        [
            0.0,
            0.012839553043150431,
            -15.87572013156761
        ]
    ],
    "quadrupole moment normalized": [
        [
            -0.1334062433050252,
            3.469446951953614e-18,
            1.0408340855860843e-17
        ],
        [
            3.469446951953614e-18,
            -0.11470042869158459,
            -0.004684010590378474
        ],
        [
            1.0408340855860843e-17,
            -0.004684010590378474,
            -0.13006021200911902
        ]
    ]
}