{
    "Material": "TaZn2CrO6",
    "steinhart_vector": [
        [
            0.05979138146607254,
            0.007976916394557906,
            0.014609621554402975,
            0.039168052074107215,
            0.029850239653007742,
            0.0280393652561276,
            0.02958621028868506,
            0.02804379246468264,
            0.03330896198893348,
            0.029785686236079866,
            0.02752794298713712
        ],
        "TaZn2CrO6"
    ],
    "steinhart_parameter_sum": 0.3276881703637941,
    "band_gap": 2.4657,
    "oxidation_state": 2.0,
    "possible_species": [
        "Zn2+",
        "Cr3+",
        "O2-",
        "Ta5+"
    ],
    "density": 7.140220451336453,
    "quadrupole moment": [
        [
            -8.15932007158137,
            1.7763568394002505e-15,
            1.3322676295501878e-15
        ],
        [
            1.7763568394002505e-15,
            -11.98497566913353,
            -4.866005444479891
        ],
        [
            1.3322676295501878e-15,
            -4.866005444479891,
            -15.176583319675627
        ]
    ],
    "quadrupole moment normalized": [
        [
            -0.05919962388105007,
            -1.0408340855860843e-17,
            -1.734723475976807e-17
        ],
        [
            -1.0408340855860843e-17,
            -0.08882618881303826,
            -0.026950947306120597
        ],
        [
            -1.734723475976807e-17,
            -0.026950947306120597,
            -0.08148393195815176
        ]
    ]
}