{
    "Material": "Li2CrO3",
    "steinhart_vector": [
        [
            0.06374177406256787,
            0.0022910363394509645,
            0.0036473221217498456,
            0.007794462157989927,
            0.046921485063022635,
            0.010167699139261981,
            0.022395181912969138,
            0.015343701287904648,
            0.040160570682371034,
            0.016933059172304418,
            0.0245289080897416
        ],
        "Li2CrO3"
    ],
    "steinhart_parameter_sum": 0.25392520002933405,
    "band_gap": 1.0792000000000002,
    "oxidation_state": 4.0,
    "possible_species": [
        "O2-",
        "Li+",
        "Cr4+"
    ],
    "density": 3.5682203616578567,
    "quadrupole moment": [
        [
            -16.93854999526152,
            0.4583653683132489,
            -0.5368637992654692
        ],
        [
            0.4583653683132489,
            -13.896838471472474,
            -0.09871992017316078
        ],
        [
            -0.5368637992654692,
            -0.09871992017316078,
            -15.638621576627727
        ]
    ],
    "quadrupole moment normalized": [
        [
            -0.13880523213278573,
            -0.003069542549059487,
            0.0009149633596043892
        ],
        [
            -0.003069542549059487,
            -0.12024944646255244,
            -0.01029893201601375
        ],
        [
            0.0009149633596043892,
            -0.01029893201601375,
            -0.1319630251382936
        ]
    ]
}