{
    "Material": "Na3CrO4",
    "steinhart_vector": [
        [
            0.07317859488363956,
            0.0014058947724847047,
            0.002908059011744466,
            0.05436999564031432,
            0.03724289876309875,
            0.006250798138928066,
            0.04564339701973543,
            0.044393845945077386,
            0.017856834733555784,
            0.037735796574503155,
            0.04657978149840881
        ],
        "Na3CrO4"
    ],
    "steinhart_parameter_sum": 0.36756589698149045,
    "band_gap": 1.0337999999999998,
    "oxidation_state": 5.0,
    "possible_species": [
        "Cr5+",
        "O2-",
        "Na+"
    ],
    "density": 2.617047087769102,
    "quadrupole moment": [
        [
            -7.459176264838018,
            0.0,
            -0.3903892304273829
        ],
        [
            0.0,
            -8.230606474113067,
            -1.7763568394002505e-15
        ],
        [
            -0.3903892304273829,
            -1.7763568394002505e-15,
            -7.652793395395108
        ]
    ],
    "quadrupole moment normalized": [
        [
            -0.11074163528156285,
            -5.551115123125783e-17,
            -0.005859145142234743
        ],
        [
            -5.551115123125783e-17,
            -0.12007703741577846,
            5.551115123125783e-17
        ],
        [
            -0.005859145142234743,
            5.551115123125783e-17,
            -0.11190998125846063
        ]
    ]
}