{
    "Material": "Li2CrCo3O8",
    "steinhart_vector": [
        [
            0.062391186626935415,
            0.0003193971812605348,
            0.009804558888370061,
            0.0013185503728964975,
            0.045092639756337836,
            0.0018868283422075205,
            0.029543796032523103,
            0.0026818690056034044,
            0.03806496733648174,
            0.0033385609831268776,
            0.03658058029422025
        ],
        "Li2CrCo3O8"
    ],
    "steinhart_parameter_sum": 0.23102293481996325,
    "band_gap": 0.0,
    "oxidation_state": 3.0,
    "possible_species": [
        "Cr3+",
        "Li+",
        "Co3+",
        "O2-",
        "Co4+"
    ],
    "density": 4.441006789749814,
    "quadrupole moment": [
        [
            -13.365550084819121,
            0.07169473854244846,
            -0.12022761751007051
        ],
        [
            0.07169473854244846,
            -21.09781315336101,
            0.06593910499909403
        ],
        [
            -0.12022761751007051,
            0.06593910499909403,
            -13.706247510679372
        ]
    ],
    "quadrupole moment normalized": [
        [
            -0.10326878102394588,
            -0.000266564050287979,
            -0.0007705359193581606
        ],
        [
            -0.000266564050287979,
            -0.16364112922840915,
            0.0008248217807012404
        ],
        [
            -0.0007705359193581606,
            0.0008248217807012404,
            -0.10679071272463303
        ]
    ]
}