{
    "Material": "MgCrMoS4",
    "steinhart_vector": [
        [
            0.02557443349110251,
            8.708342440522561e-07,
            0.0023806917149080957,
            7.587932458677911e-06,
            0.019171027838420274,
            6.69035981728448e-06,
            0.010286865501957797,
            1.5081001446727307e-05,
            0.017379311890571708,
            1.1697348183854983e-05,
            0.012554419792950343
        ],
        "MgCrMoS4"
    ],
    "steinhart_parameter_sum": 0.08738867770606132,
    "band_gap": 0.0,
    "oxidation_state": 3.0,
    "possible_species": [
        "Mg2+",
        "Mo3+",
        "Cr3+",
        "S2-"
    ],
    "density": 3.5790310193231076,
    "quadrupole moment": [
        [
            -22.73695837803445,
            -1.1651510851528784,
            2.6315020230797073
        ],
        [
            -1.1651510851528784,
            -23.201373055864085,
            2.0013572842333867
        ],
        [
            2.6315020230797073,
            2.0013572842333867,
            -25.731338711194184
        ]
    ],
    "quadrupole moment normalized": [
        [
            -0.039735527987134894,
            -0.0018555433174980897,
            0.004823553643984806
        ],
        [
            -0.0018555433174980897,
            -0.04061894719774393,
            0.003186996829583026
        ],
        [
            0.004823553643984806,
            0.003186996829583026,
            -0.04522403716291338
        ]
    ]
}