{
    "Material": "RbCrSe2",
    "steinhart_vector": [
        [
            0.011344647741311487,
            1.2743263411689713e-05,
            0.0011946111916251172,
            3.173425172816431e-05,
            0.008458781628577421,
            5.8628767206331026e-05,
            0.004703545495660811,
            5.85901936231436e-05,
            0.007586012034010021,
            0.00010492686275065245,
            0.005784323801000943
        ],
        "RbCrSe2"
    ],
    "steinhart_parameter_sum": 0.03933854523090578,
    "band_gap": 1.0185,
    "oxidation_state": 3.0,
    "possible_species": [
        "Cr3+",
        "Se2-",
        "Rb+"
    ],
    "density": 4.922139902206229,
    "quadrupole moment": [
        [
            -29.24272552086692,
            0.28531891639686346,
            -1.9272896944931128
        ],
        [
            0.28531891639686346,
            -29.546332663148814,
            -1.1577224647964661
        ],
        [
            -1.9272896944931128,
            -1.1577224647964661,
            -21.868177505103347
        ]
    ],
    "quadrupole moment normalized": [
        [
            -0.019034998922251044,
            0.00018966747775392857,
            -0.001257039435881295
        ],
        [
            0.00018966747775392857,
            -0.01923682106392987,
            -0.0007551005373012448
        ],
        [
            -0.001257039435881295,
            -0.0007551005373012448,
            -0.014238279909882814
        ]
    ]
}