{
    "Material": "HoCrO4",
    "steinhart_vector": [
        [
            0.07365270338408361,
            4.219703050172701e-06,
            0.009022027382071736,
            0.053729877243143515,
            0.036678882885876,
            0.01741327016709135,
            0.04459490457327881,
            0.04110763260186267,
            0.02699090147337634,
            0.03946964442646558,
            0.03992997363675848
        ],
        "HoCrO4"
    ],
    "steinhart_parameter_sum": 0.3825940374770582,
    "band_gap": 0.29679999999999995,
    "oxidation_state": 5.0,
    "possible_species": [
        "O2-",
        "Ho3+",
        "Cr5+"
    ],
    "density": 6.001059832937755,
    "quadrupole moment": [
        [
            -7.447831176984404,
            -0.635941963092794,
            0.6521373712656513
        ],
        [
            -0.635941963092794,
            -8.314486520283895,
            1.23201832553681
        ],
        [
            0.6521373712656513,
            1.23201832553681,
            -7.280343441256157
        ]
    ],
    "quadrupole moment normalized": [
        [
            -0.1122237185594265,
            -0.009589992603853452,
            0.009805678812677632
        ],
        [
            -0.009589992603853452,
            -0.12527737816081666,
            0.018567004857912028
        ],
        [
            0.009805678812677632,
            0.018567004857912028,
            -0.10968103022395567
        ]
    ]
}