{
    "Material": "U8CrSe17",
    "steinhart_vector": [
        [
            0.011639518898104577,
            2.0511456154243866e-18,
            0.0011027368882292404,
            3.648175209983521e-18,
            0.008727802614916992,
            5.269572115599801e-18,
            0.00466451456998206,
            5.887275303747285e-18,
            0.007945317920507124,
            8.713273035934271e-18,
            0.005613015248350179
        ],
        "U8CrSe17"
    ],
    "steinhart_parameter_sum": 0.0396929061400902,
    "band_gap": 0.0,
    "oxidation_state": 2.0,
    "possible_species": [
        "Cr2+",
        "Se2-",
        "U4+"
    ],
    "density": 8.231689195313525,
    "quadrupole moment": [
        [
            -27.25507000275003,
            -3.3131289929536862,
            -2.2660212390985865
        ],
        [
            -3.3131289929536862,
            -24.274785263400503,
            -1.4654855550058452
        ],
        [
            -2.2660212390985865,
            -1.4654855550058452,
            -25.20628944822156
        ]
    ],
    "quadrupole moment normalized": [
        [
            -0.018669299697687457,
            -0.002390144948254822,
            -0.0006942702400306064
        ],
        [
            -0.002390144948254822,
            -0.016519273988073693,
            -0.0004489997668512738
        ],
        [
            -0.0006942702400306064,
            -0.0004489997668512738,
            -0.020114627388322745
        ]
    ]
}