{
    "Material": "MgCrAsO5",
    "steinhart_vector": [
        [
            0.06179134412149116,
            0.0012215147578273605,
            0.00636597677301565,
            0.005391561909153525,
            0.04540022784538865,
            0.0074455343367973055,
            0.02463391760427594,
            0.01060698487396986,
            0.039229473470733,
            0.012368530616923648,
            0.02896242929714039
        ],
        "MgCrAsO5"
    ],
    "steinhart_parameter_sum": 0.2434174956067165,
    "band_gap": 1.6090000000000004,
    "oxidation_state": 3.0,
    "possible_species": [
        "As5+",
        "O2-",
        "Cr3+",
        "Mg2+"
    ],
    "density": 3.8691315791216474,
    "quadrupole moment": [
        [
            -18.338053455159983,
            -1.2062244568314024,
            0.027364926565731473
        ],
        [
            -1.2062244568314024,
            -13.624410326448366,
            -1.0857260870263516
        ],
        [
            0.027364926565731473,
            -1.0857260870263516,
            -17.260884865456653
        ]
    ],
    "quadrupole moment normalized": [
        [
            -0.14467066305116794,
            0.0001553013840090208,
            -0.00759132136508205
        ],
        [
            0.0001553013840090208,
            -0.10074884965871406,
            -0.00018673887333963898
        ],
        [
            -0.00759132136508205,
            -0.00018673887333963898,
            -0.12141923401146004
        ]
    ]
}