{
    "Material": "SmCrO3",
    "steinhart_vector": [
        [
            0.06276556596864784,
            3.846242538382476e-18,
            0.000946325327628688,
            9.101321508772564e-18,
            0.04791548479677862,
            1.8559903589292568e-17,
            0.022276822484923235,
            2.112951745079841e-17,
            0.0450071314139222,
            2.8478121446850115e-17,
            0.02597451379850121
        ],
        "SmCrO3"
    ],
    "steinhart_parameter_sum": 0.20488584379040187,
    "band_gap": 2.4802000000000004,
    "oxidation_state": 3.0,
    "possible_species": [
        "Cr3+",
        "O2-",
        "Sm3+"
    ],
    "density": 7.31736891568508,
    "quadrupole moment": [
        [
            -15.846598348746095,
            0.14597857735250352,
            0.1881632239616734
        ],
        [
            0.14597857735250352,
            -15.994641832707671,
            0.33864232433680774
        ],
        [
            0.1881632239616734,
            0.33864232433680774,
            -15.755432928064371
        ]
    ],
    "quadrupole moment normalized": [
        [
            -0.12528447728969697,
            0.00033929217815666796,
            0.0006580341528390626
        ],
        [
            0.00033929217815666796,
            -0.12555499937686648,
            0.00317036685198422
        ],
        [
            0.0006580341528390626,
            0.00317036685198422,
            -0.12735938014401604
        ]
    ]
}