{
    "Material": "V4CrFe3O16",
    "steinhart_vector": [
        [
            0.07125522986510553,
            0.004007923586420239,
            0.007121360057788484,
            0.05192206505501467,
            0.03660008391957019,
            0.014861519374449704,
            0.0419977982058477,
            0.042327287745369785,
            0.025814229123427755,
            0.03383215461861745,
            0.042205028128012065
        ],
        "V4CrFe3O16"
    ],
    "steinhart_parameter_sum": 0.3719446796796235,
    "band_gap": 2.0427999999999997,
    "oxidation_state": 5.0,
    "possible_species": [
        "V5+",
        "Cr3+",
        "Fe3+",
        "O2-"
    ],
    "density": 3.726732350524399,
    "quadrupole moment": [
        [
            -7.494806350922034,
            -0.8692634400258705,
            -0.650117046056744
        ],
        [
            -0.8692634400258705,
            -7.40234906709123,
            -0.6164616160982238
        ],
        [
            -0.650117046056744,
            -0.6164616160982238,
            -9.799327743148195
        ]
    ],
    "quadrupole moment normalized": [
        [
            -0.10608114044611858,
            -0.01680456503946637,
            -0.003040755847268501
        ],
        [
            -0.01680456503946637,
            -0.10429376004109324,
            -0.002883341200076146
        ],
        [
            -0.003040755847268501,
            -0.002883341200076146,
            -0.1149115801525665
        ]
    ]
}