{
    "Material": "NaMg30CrO32",
    "steinhart_vector": [
        [
            0.06074725428337855,
            3.550377727737671e-18,
            0.00018608090819739368,
            1.1952352464779111e-17,
            0.04639663731646595,
            1.3434711264568025e-17,
            0.021478103052004566,
            2.1457517714948094e-17,
            0.043620993227033944,
            2.4752045067810243e-17,
            0.02499353689479025
        ],
        "NaMg30CrO32"
    ],
    "steinhart_parameter_sum": 0.1974226056818707,
    "band_gap": 3.6705,
    "oxidation_state": 3.0,
    "possible_species": [
        "Na+",
        "Cr3+",
        "Mg2+",
        "O2-"
    ],
    "density": 3.516663599262366,
    "quadrupole moment": [
        [
            -16.833333104648517,
            -3.6440579565670815e-15,
            -1.0307443752794495e-15
        ],
        [
            -3.6440579565670815e-15,
            -16.833333104648517,
            -1.0307443752794493e-15
        ],
        [
            -1.0307443752794495e-15,
            -1.0307443752794493e-15,
            -17.146062384742486
        ]
    ],
    "quadrupole moment normalized": [
        [
            -0.11881188280220635,
            -2.57202411529856e-17,
            -7.275129598719626e-18
        ],
        [
            -2.57202411529856e-17,
            -0.11881188280220635,
            -7.275129598719625e-18
        ],
        [
            -7.275129598719626e-18,
            -7.275129598719625e-18,
            -0.1166448572926989
        ]
    ]
}