{
    "Material": "CrN4Cl(O2F)2",
    "steinhart_vector": [
        [
            0.06834184550814866,
            0.007517529224547941,
            0.002919012632227187,
            0.007662168716058225,
            0.04915119489803569,
            0.018460252158826827,
            0.021166885095578153,
            0.019072068515999258,
            0.0396977339631241,
            0.027582319299953414,
            0.01986453727419901
        ],
        "CrN4Cl(O2F)2"
    ],
    "steinhart_parameter_sum": 0.28143554728669845,
    "band_gap": 0.0,
    "oxidation_state": 3.0,
    "possible_species": [
        "O2-",
        "F-",
        "Cr3+",
        "N2+",
        "Cl-"
    ],
    "density": 1.671156735404153,
    "quadrupole moment": [
        [
            13.51140948672693,
            0.7427861634444907,
            2.3366998565156747
        ],
        [
            0.7427861634444907,
            3.7556590282930644,
            -1.8813586928347152
        ],
        [
            2.3366998565156747,
            -1.8813586928347152,
            8.515756613705912
        ]
    ],
    "quadrupole moment normalized": [
        [
            0.14081088981320863,
            0.00631020002619336,
            0.03695671614055323
        ],
        [
            0.00631020002619336,
            0.014606201105095515,
            -0.015982611561084024
        ],
        [
            0.03695671614055323,
            -0.015982611561084024,
            0.061799846942844676
        ]
    ]
}