{
    "Material": "Sr2MnCrO6",
    "steinhart_vector": [
        [
            0.06485060166398326,
            3.893780108566135e-05,
            0.0002128465527731718,
            0.0014909573589504174,
            0.04949624033248912,
            0.0015137698288029253,
            0.02289606589682266,
            0.0026071503618933013,
            0.04645129574520592,
            0.0028004158195273116,
            0.02658118751284867
        ],
        "Sr2MnCrO6"
    ],
    "steinhart_parameter_sum": 0.21893946887438243,
    "band_gap": 0.0,
    "oxidation_state": 4.0,
    "possible_species": [
        "Mn4+",
        "Cr4+",
        "O2-",
        "Sr2+"
    ],
    "density": 5.414197036562274,
    "quadrupole moment": [
        [
            -14.958802554105077,
            0.008231372794099023,
            0.014836150750465293
        ],
        [
            0.008231372794099023,
            -14.775159053912775,
            -0.14038575997314018
        ],
        [
            0.014836150750465293,
            -0.14038575997314018,
            -14.881944169727383
        ]
    ],
    "quadrupole moment normalized": [
        [
            -0.13346371368949247,
            -0.00010970563371139747,
            -0.0001345818474288163
        ],
        [
            -0.00010970563371139747,
            -0.13553449819808935,
            0.0009853851043950708
        ],
        [
            -0.0001345818474288163,
            0.0009853851043950708,
            -0.13483643172498927
        ]
    ]
}