{
    "Material": "La7SmCrFe7O24",
    "steinhart_vector": [
        [
            0.06357995663515066,
            0.00014863353081589142,
            0.0002865239023880005,
            0.00015519626128716413,
            0.048556564723077664,
            0.00036722522271637827,
            0.02248561677094384,
            0.0004225450477565426,
            0.04564452678358704,
            0.0005972387864928702,
            0.026168659815038412
        ],
        "La7SmCrFe7O24"
    ],
    "steinhart_parameter_sum": 0.20841268747925445,
    "band_gap": 0.8649000000000004,
    "oxidation_state": 4.0,
    "possible_species": [
        "O2-",
        "La3+",
        "Sm2+",
        "Cr4+",
        "Fe3+"
    ],
    "density": 6.60193274140618,
    "quadrupole moment": [
        [
            -15.461097328528366,
            -0.06955408143671278,
            -0.06956435147923527
        ],
        [
            -0.06955408143671278,
            -15.461087100799658,
            -0.06955923704781464
        ],
        [
            -0.06956435147923527,
            -0.06955923704781464,
            -15.461107794525528
        ]
    ],
    "quadrupole moment normalized": [
        [
            -0.12935722382398773,
            -0.0005832315587260416,
            -0.000583317666620451
        ],
        [
            -0.0005832315587260416,
            -0.12935713806145546,
            -0.0005832747805999684
        ],
        [
            -0.000583317666620451,
            -0.0005832747805999684,
            -0.12935730764031098
        ]
    ]
}