{
    "Material": "SrCr(PO4)2",
    "steinhart_vector": [
        [
            0.06228141542830896,
            0.002805316290163966,
            0.005742991160541621,
            0.010761522994529307,
            0.044165391643779195,
            0.013674810001892263,
            0.022171046345068203,
            0.019152106967957445,
            0.03527431364188898,
            0.021297584153723174,
            0.02348276118419438
        ],
        "SrCr(PO4)2"
    ],
    "steinhart_parameter_sum": 0.2608092598120475,
    "band_gap": 0.11929999999999996,
    "oxidation_state": 4.0,
    "possible_species": [
        "O2-",
        "Cr4+",
        "P5+",
        "Sr2+"
    ],
    "density": 3.356193033339789,
    "quadrupole moment": [
        [
            -19.3808921138248,
            1.5255702619901577,
            -0.8319158423397772
        ],
        [
            1.5255702619901577,
            -15.431944181236656,
            0.3307804735128623
        ],
        [
            -0.8319158423397772,
            0.3307804735128623,
            -14.892834205618025
        ]
    ],
    "quadrupole moment normalized": [
        [
            -0.12829304500956085,
            -0.017906280891891755,
            -0.015880347802546928
        ],
        [
            -0.017906280891891755,
            -0.12085030508931584,
            0.0046340090407601675
        ],
        [
            -0.015880347802546928,
            0.0046340090407601675,
            -0.1261497123144481
        ]
    ]
}