{
    "Material": "SrEuCrSnO6",
    "steinhart_vector": [
        [
            0.06357694383224893,
            1.6736641113713285e-18,
            3.2084625561972034e-18,
            1.3063600484714453e-17,
            0.04855769292753942,
            1.6255885943318607e-17,
            0.022477844055449732,
            2.006502816912506e-17,
            0.04565271708997294,
            3.0873859340771965e-17,
            0.026157167504725402
        ],
        "SrEuCrSnO6"
    ],
    "steinhart_parameter_sum": 0.20642236540993647,
    "band_gap": 0.0,
    "oxidation_state": 4.0,
    "possible_species": [
        "Sr2+",
        "Cr4+",
        "Eu2+",
        "Sn4+",
        "O2-"
    ],
    "density": 6.540056081388972,
    "quadrupole moment": [
        [
            -15.46253595788141,
            -4.440892098500626e-16,
            -1.7763568394002505e-15
        ],
        [
            -4.440892098500626e-16,
            -15.462535957881405,
            -8.881784197001252e-16
        ],
        [
            -1.7763568394002505e-15,
            -8.881784197001252e-16,
            -15.462535957881407
        ]
    ],
    "quadrupole moment normalized": [
        [
            -0.12934488918556603,
            3.469446951953614e-18,
            -1.3877787807814457e-17
        ],
        [
            3.469446951953614e-18,
            -0.12934488918556597,
            -6.938893903907228e-18
        ],
        [
            -1.3877787807814457e-17,
            -6.938893903907228e-18,
            -0.129344889185566
        ]
    ]
}