{
    "Material": "Mg30CrCO32",
    "steinhart_vector": [
        [
            0.061317016312840075,
            1.193130841950001e-18,
            0.001455826805029892,
            8.440884135226482e-18,
            0.046841072241672416,
            7.18598702443146e-18,
            0.021721569094199887,
            1.2411925092597379e-17,
            0.044041586621353136,
            1.380464461720148e-17,
            0.0252622479847855
        ],
        "Mg30CrCO32"
    ],
    "steinhart_parameter_sum": 0.20063931905988092,
    "band_gap": 1.1748000000000003,
    "oxidation_state": 2.0,
    "possible_species": [
        "O2-",
        "Mg2+",
        "Cr2+",
        "C2+"
    ],
    "density": 3.4972271411434237,
    "quadrupole moment": [
        [
            -17.441720886130692,
            -2.804842640632482e-15,
            -1.0679973827410746e-15
        ],
        [
            -2.804842640632482e-15,
            -17.441720886130692,
            -1.0679973827410744e-15
        ],
        [
            -1.0679973827410746e-15,
            -1.0679973827410744e-15,
            -15.150332360238702
        ]
    ],
    "quadrupole moment normalized": [
        [
            -0.11466758429727882,
            -1.8439953949215907e-17,
            -7.021364503781092e-18
        ],
        [
            -1.8439953949215907e-17,
            -0.11466758429727882,
            -7.02136450378109e-18
        ],
        [
            -7.021364503781092e-18,
            -7.02136450378109e-18,
            -0.13201030528207428
        ]
    ]
}