{
    "Material": "RbMg30CrO32",
    "steinhart_vector": [
        [
            0.060695570232882246,
            5.423291561014397e-18,
            0.0004129203624029713,
            1.1543603477446238e-17,
            0.046357773743454324,
            1.415974117367219e-17,
            0.02146260051949248,
            2.0596818712826884e-17,
            0.04358463564479367,
            2.5379236674038277e-17,
            0.024974533201351266
        ],
        "RbMg30CrO32"
    ],
    "steinhart_parameter_sum": 0.197488033704377,
    "band_gap": 3.3449,
    "oxidation_state": 3.0,
    "possible_species": [
        "Cr3+",
        "Rb+",
        "Mg2+",
        "O2-"
    ],
    "density": 3.5751801485416546,
    "quadrupole moment": [
        [
            -16.736972561173207,
            -3.633612985069589e-15,
            -1.0248439937228923e-15
        ],
        [
            -3.633612985069589e-15,
            -16.736972561173207,
            -1.0248439937228922e-15
        ],
        [
            -1.0248439937228923e-15,
            -1.0248439937228922e-15,
            -17.436745360811685
        ]
    ],
    "quadrupole moment normalized": [
        [
            -0.11949592393069004,
            -2.5942681047629515e-17,
            -7.317015037643759e-18
        ],
        [
            -2.5942681047629515e-17,
            -0.11949592393069004,
            -7.317015037643758e-18
        ],
        [
            -7.317015037643759e-18,
            -7.317015037643758e-18,
            -0.11470030436384716
        ]
    ]
}