{
    "Material": "MgCrO4",
    "steinhart_vector": [
        [
            0.07583605820134441,
            0.0012827486404252209,
            0.0007434454304738166,
            0.05651429975509382,
            0.03863796615578704,
            0.0016174092701363558,
            0.04763809442481156,
            0.046407344868834556,
            0.016308790673920055,
            0.03925180864219846,
            0.04926262151657066
        ],
        "MgCrO4"
    ],
    "steinhart_parameter_sum": 0.373500587579596,
    "band_gap": 2.3991,
    "oxidation_state": 6.0,
    "possible_species": [
        "Mg2+",
        "Cr6+",
        "O2-"
    ],
    "density": 3.218590985678326,
    "quadrupole moment": [
        [
            -7.304016051505163,
            -0.2432302820703341,
            -3.215382956596299e-15
        ],
        [
            -0.2432302820703341,
            -7.512994181316236,
            -6.764387892586244e-16
        ],
        [
            -3.215382956596299e-15,
            -6.764387892586244e-16,
            -6.9453732748562835
        ]
    ],
    "quadrupole moment normalized": [
        [
            -0.12061566320664875,
            0.000664502718943129,
            -2.2381048564237785e-17
        ],
        [
            0.000664502718943129,
            -0.12004473552385224,
            -2.787464746048868e-17
        ],
        [
            -2.2381048564237785e-17,
            -2.787464746048868e-17,
            -0.1275652829072194
        ]
    ]
}