{
    "Material": "HfCrAgS4",
    "steinhart_vector": [
        [
            0.025448577730326993,
            0.0005149775303551835,
            0.002302022980519223,
            0.001251160198778155,
            0.018967879957456454,
            0.002352510262901529,
            0.010033418445854925,
            0.0023460716268559386,
            0.016924330172839785,
            0.004172053362957848,
            0.011964592017019826
        ],
        "HfCrAgS4"
    ],
    "steinhart_parameter_sum": 0.09627759428586588,
    "band_gap": 0.9685999999999995,
    "oxidation_state": 3.0,
    "possible_species": [
        "Cr3+",
        "Hf4+",
        "Ag+",
        "S2-"
    ],
    "density": 5.753583806774864,
    "quadrupole moment": [
        [
            -24.05606188548556,
            -4.440892098500626e-15,
            -3.2975349110468395
        ],
        [
            -4.440892098500626e-15,
            -26.075897712199996,
            -1.7763568394002505e-15
        ],
        [
            -3.2975349110468395,
            -1.7763568394002505e-15,
            -22.328462456623832
        ]
    ],
    "quadrupole moment normalized": [
        [
            -0.04167624005187349,
            1.734723475976807e-18,
            -0.004431216904832657
        ],
        [
            1.734723475976807e-18,
            -0.04621078511983531,
            -6.071532165918825e-18
        ],
        [
            -0.004431216904832657,
            -6.071532165918825e-18,
            -0.03650518962146163
        ]
    ]
}