{
    "Material": "Mg14ZnCrO16",
    "steinhart_vector": [
        [
            0.05871619611880897,
            2.7368685872407446e-18,
            0.0010166920299664074,
            7.525452219295185e-18,
            0.04485003727242603,
            8.556811263546903e-18,
            0.020781083120981137,
            1.3213215767203383e-17,
            0.042168295481294756,
            1.4192437941264796e-17,
            0.024175098997405334
        ],
        "Mg14ZnCrO16"
    ],
    "steinhart_parameter_sum": 0.19170740302088266,
    "band_gap": 1.0130999999999997,
    "oxidation_state": 2.0,
    "possible_species": [
        "Mg2+",
        "O2-",
        "Zn2+",
        "Cr2+"
    ],
    "density": 3.7799552168567616,
    "quadrupole moment": [
        [
            -19.2096689312038,
            -2.7412794176084186e-15,
            -1.1762529784639549e-15
        ],
        [
            -2.7412794176084186e-15,
            -17.046457359204776,
            -1.0437944720875984e-15
        ],
        [
            -1.1762529784639549e-15,
            -1.0437944720875984e-15,
            -18.22712109837703
        ]
    ],
    "quadrupole moment normalized": [
        [
            -0.10411423576130666,
            -1.886752907997367e-17,
            -6.375158278537856e-18
        ],
        [
            -1.886752907997367e-17,
            -0.11732643081525888,
            -7.184171897664508e-18
        ],
        [
            -6.375158278537856e-18,
            -7.184171897664508e-18,
            -0.10972659857831761
        ]
    ]
}