{
    "Material": "ZnCrN2",
    "steinhart_vector": [
        [
            0.0694013740993504,
            0.0010016796374067705,
            0.0017183886564522432,
            0.05166121272509962,
            0.03532421124432746,
            0.0038364092160828546,
            0.04350255579213252,
            0.04229007885259322,
            0.015660071238934193,
            0.035962567293525524,
            0.04469723351886448
        ],
        "ZnCrN2"
    ],
    "steinhart_parameter_sum": 0.3450557822747693,
    "band_gap": 0.0,
    "oxidation_state": 2.0,
    "possible_species": [
        "Cr4+",
        "N3-",
        "Zn2+"
    ],
    "density": 5.221558876888057,
    "quadrupole moment": [
        [
            -16.632103495989586,
            0.593744048032484,
            0.1381039237183338
        ],
        [
            0.593744048032484,
            -17.111715602366814,
            -0.2077071082338634
        ],
        [
            0.1381039237183338,
            -0.2077071082338634,
            -17.101554616466444
        ]
    ],
    "quadrupole moment normalized": [
        [
            -0.13179559239458055,
            0.0049197399502066705,
            0.0006695945180898296
        ],
        [
            0.0049197399502066705,
            -0.13673712468876179,
            -0.0016034963474423451
        ],
        [
            0.0006695945180898296,
            -0.0016034963474423451,
            -0.13605829342269224
        ]
    ]
}