{
    "Material": "Mg6CrCoO8",
    "steinhart_vector": [
        [
            0.059355469679717214,
            2.894663661081513e-18,
            0.000866598587666052,
            6.0698573610872756e-18,
            0.04533693989807458,
            9.399713005191202e-18,
            0.021000978348296184,
            1.3140414870597413e-17,
            0.04262566890167437,
            1.501809779590912e-17,
            0.024433116218122674
        ],
        "Mg6CrCoO8"
    ],
    "steinhart_parameter_sum": 0.19361877163355112,
    "band_gap": 0.0,
    "oxidation_state": 2.0,
    "possible_species": [
        "O2-",
        "Mg2+",
        "Cr2+",
        "Co2+"
    ],
    "density": 4.075054619838519,
    "quadrupole moment": [
        [
            -16.747836875212858,
            0.0,
            -1.0255092410935718e-15
        ],
        [
            0.0,
            -18.26978932142911,
            -1.1187019506792326e-15
        ],
        [
            -1.0255092410935718e-15,
            -1.1187019506792326e-15,
            -18.26978932142911
        ]
    ],
    "quadrupole moment normalized": [
        [
            -0.11941840698007043,
            0.0,
            -7.31226849337096e-18
        ],
        [
            0.0,
            -0.1094703373319225,
            -6.703124910755994e-18
        ],
        [
            -7.31226849337096e-18,
            -6.703124910755994e-18,
            -0.1094703373319225
        ]
    ]
}