{
    "Material": "NaLi2CrF6",
    "steinhart_vector": [
        [
            0.058154988897552856,
            1.0737579087545159e-19,
            4.645211241866534e-09,
            6.5720524835066356e-18,
            0.0444166064437248,
            9.445107062727546e-18,
            0.020560893504646294,
            1.8313954218536057e-17,
            0.04175937211633779,
            1.665089896493386e-17,
            0.023926437701105602
        ],
        "NaLi2CrF6"
    ],
    "steinhart_parameter_sum": 0.18881830330857863,
    "band_gap": 4.2989999999999995,
    "oxidation_state": 3.0,
    "possible_species": [
        "Li+",
        "Cr3+",
        "F-",
        "Na+"
    ],
    "density": 2.5050205176772433,
    "quadrupole moment": [
        [
            -7.300810395753423,
            5.558290974150282e-07,
            1.546136781765612e-08
        ],
        [
            5.558290974150282e-07,
            -7.300809684764081,
            7.354023335871624e-08
        ],
        [
            1.546136781765612e-08,
            7.354023335871624e-08,
            -7.300808718998477
        ]
    ],
    "quadrupole moment normalized": [
        [
            -0.06087605555186695,
            5.045926804864154e-09,
            6.211018588047554e-10
        ],
        [
            5.045926804864154e-09,
            -0.06087604991427121,
            -8.285128254572479e-11
        ],
        [
            6.211018588047554e-10,
            -8.285128254572479e-11,
            -0.06087604215228468
        ]
    ]
}