{
    "Material": "CrCuB",
    "steinhart_vector": [
        [
            0.044545165936815644,
            3.8238738382894144e-18,
            5.4353836419370456e-18,
            0.027126440803281,
            0.012305284769518627,
            9.13432830177505e-18,
            0.02575691718924565,
            0.022271354288596605,
            0.013596385979888707,
            0.01884952377061133,
            0.020308031781157854
        ],
        "CrCuB"
    ],
    "steinhart_parameter_sum": 0.18475910451911545,
    "band_gap": 0.0,
    "oxidation_state": 2.0,
    "possible_species": [
        "B3-",
        "Cr2+",
        "Cu+"
    ],
    "density": 6.415258164244951,
    "quadrupole moment": [
        [
            -6.442591214268289,
            -4.440892098500626e-16,
            -8.881784197001252e-16
        ],
        [
            -4.440892098500626e-16,
            -6.442591214268289,
            0.0
        ],
        [
            -8.881784197001252e-16,
            0.0,
            -6.442591214268284
        ]
    ],
    "quadrupole moment normalized": [
        [
            -0.1548602287874011,
            1.9081958235744878e-17,
            2.2551405187698492e-17
        ],
        [
            1.9081958235744878e-17,
            -0.15486022878740122,
            1.474514954580286e-17
        ],
        [
            2.2551405187698492e-17,
            1.474514954580286e-17,
            -0.15486022878740113
        ]
    ]
}