{
    "Material": "Zn2CrN3",
    "steinhart_vector": [
        [
            0.07050195540038982,
            0.0010247989045246253,
            0.0014003715823166511,
            0.05250118708025273,
            0.0359016622516953,
            0.0031846266847219543,
            0.044217061864211704,
            0.04304125670860723,
            0.015655801767006126,
            0.03647811458748543,
            0.045562641654413705
        ],
        "Zn2CrN3"
    ],
    "steinhart_parameter_sum": 0.34946947848562526,
    "band_gap": 0.0,
    "oxidation_state": 2.0,
    "possible_species": [
        "Zn2+",
        "N3-",
        "Cr5+"
    ],
    "density": 5.488164780836998,
    "quadrupole moment": [
        [
            -16.34708272396051,
            -0.12190082475309601,
            -0.28703393044975456
        ],
        [
            -0.12190082475309601,
            -16.751508930146354,
            0.4014950866564615
        ],
        [
            -0.28703393044975456,
            0.4014950866564615,
            -16.185320317988193
        ]
    ],
    "quadrupole moment normalized": [
        [
            -0.14252989705485114,
            -0.0038511838219627875,
            -0.0007850506107180263
        ],
        [
            -0.0038511838219627875,
            -0.13979654360466645,
            0.0008412961281991484
        ],
        [
            -0.0007850506107180263,
            0.0008412961281991484,
            -0.13523675375545843
        ]
    ]
}