{
    "Material": "CrN2",
    "steinhart_vector": [
        [
            0.08269938246042598,
            0.001697794290235138,
            0.0022709942109224533,
            0.061515840052257686,
            0.042121237120496334,
            0.005430468115544202,
            0.05172520479103164,
            0.05035603131543876,
            0.01921429229242882,
            0.04271149750499918,
            0.053080083558026014
        ],
        "CrN2"
    ],
    "steinhart_parameter_sum": 0.41282282571180623,
    "band_gap": 0.0,
    "oxidation_state": 6.0,
    "possible_species": [
        "N3-",
        "Cr6+"
    ],
    "density": 1.9579898975201122,
    "quadrupole moment": [
        [
            -11.483680160629273,
            -0.24055474743906946,
            0.014828088211490575
        ],
        [
            -0.24055474743906946,
            -12.164961125527302,
            0.3509382506455254
        ],
        [
            0.014828088211490575,
            0.3509382506455254,
            -12.15985768609227
        ]
    ],
    "quadrupole moment normalized": [
        [
            -0.18412643482414898,
            -0.0036013837982343607,
            0.0012636974352389849
        ],
        [
            -0.0036013837982343607,
            -0.19621444758838114,
            0.005109354176986599
        ],
        [
            0.0012636974352389849,
            0.005109354176986599,
            -0.19415331217879583
        ]
    ]
}