{
    "Material": "HfCrCuS4",
    "steinhart_vector": [
        [
            0.02558799594089661,
            6.175044377931032e-05,
            0.0014296613011024048,
            0.00044584293174597736,
            0.019400563687474837,
            0.0006544366333049815,
            0.009502010971933445,
            0.0008765808337195136,
            0.017981192427925275,
            0.0011800005223780274,
            0.011265117018564197
        ],
        "HfCrCuS4"
    ],
    "steinhart_parameter_sum": 0.08838515271282457,
    "band_gap": 0.2854000000000001,
    "oxidation_state": 3.0,
    "possible_species": [
        "Cu+",
        "Hf4+",
        "S2-",
        "Cr3+"
    ],
    "density": 5.350595091167148,
    "quadrupole moment": [
        [
            -25.370356263348754,
            -0.4989653938644656,
            -1.40796068545966
        ],
        [
            -0.4989653938644656,
            -22.338847843451862,
            0.9090333331492411
        ],
        [
            -1.40796068545966,
            0.9090333331492411,
            -23.884092327907354
        ]
    ],
    "quadrupole moment normalized": [
        [
            -0.044472959213271386,
            -0.0009661746456516036,
            -0.002355276154540957
        ],
        [
            -0.0009661746456516036,
            -0.039233818322381285,
            0.0017562923690193069
        ],
        [
            -0.002355276154540957,
            0.0017562923690193069,
            -0.04200471475387801
        ]
    ]
}