{
    "Material": "CrPb6(Cl3O4)2",
    "steinhart_vector": [
        [
            0.06737140722159884,
            1.1945942468742264e-17,
            0.0003030133485128975,
            1.694683495021573e-17,
            0.051453531729655326,
            3.4145827817620635e-17,
            0.023827819649851784,
            5.191436901704449e-17,
            0.04837118137002211,
            5.816748651010392e-17,
            0.027733244456196758
        ],
        "CrPb6(Cl3O4)2"
    ],
    "steinhart_parameter_sum": 0.2190601977758379,
    "band_gap": 0.0,
    "oxidation_state": 6.0,
    "possible_species": [
        "Pb2.66666667+",
        "Cr6+",
        "O2-",
        "Cl-"
    ],
    "density": 5.929235848846027,
    "quadrupole moment": [
        [
            -13.751564480673109,
            -0.07223500762446361,
            -0.031429340053637234
        ],
        [
            -0.07223500762446361,
            -13.827415162899221,
            -0.051999072759160825
        ],
        [
            -0.031429340053637234,
            -0.051999072759160825,
            -13.730529495871538
        ]
    ],
    "quadrupole moment normalized": [
        [
            -0.1450522762628148,
            -0.0007619394761878796,
            -0.00033151749016292493
        ],
        [
            -0.0007619394761878796,
            -0.14585234459949986,
            -0.0005484962104539311
        ],
        [
            -0.00033151749016292493,
            -0.0005484962104539311,
            -0.1448304041954617
        ]
    ]
}