{
    "Material": "La2CrMoO6",
    "steinhart_vector": [
        [
            0.06252487741248061,
            1.1783450029282274e-06,
            0.0004571803825163807,
            2.314459652817713e-06,
            0.0477550755798256,
            3.9043007053933125e-06,
            0.02211001848821223,
            5.139103080794037e-06,
            0.04489838624475705,
            6.669616607798669e-06,
            0.025727694891718625
        ],
        "La2CrMoO6"
    ],
    "steinhart_parameter_sum": 0.20349243882456022,
    "band_gap": 0.0,
    "oxidation_state": 3.0,
    "possible_species": [
        "O2-",
        "Cr3+",
        "La3+",
        "Mo3+"
    ],
    "density": 6.678297568604316,
    "quadrupole moment": [
        [
            -16.108442664219247,
            0.16117221751450073,
            -0.20147962936407193
        ],
        [
            0.16117221751450073,
            -15.997786809571819,
            -0.28248797060711994
        ],
        [
            -0.20147962936407193,
            -0.28248797060711994,
            -15.870821328832548
        ]
    ],
    "quadrupole moment normalized": [
        [
            -0.12418740050514146,
            -0.001279211361089553,
            0.0015989257057350235
        ],
        [
            -0.001279211361089553,
            -0.12507258477332842,
            0.0022418176526879732
        ],
        [
            0.0015989257057350235,
            0.0022418176526879732,
            -0.12607873371529527
        ]
    ]
}