{
    "Material": "CrSO4",
    "steinhart_vector": [
        [
            0.05639729240366339,
            4.770676724139938e-18,
            0.0092457401319181,
            1.3844359656803362e-17,
            0.04103893226669745,
            1.6645398803906554e-17,
            0.02587833496764797,
            2.8367750403082473e-17,
            0.03635523319432966,
            2.955773220050597e-17,
            0.029718956219657845
        ],
        "CrSO4"
    ],
    "steinhart_parameter_sum": 0.1986344891839145,
    "band_gap": 2.4446000000000003,
    "oxidation_state": 2.0,
    "possible_species": [
        "S6+",
        "Cr2+",
        "O2-"
    ],
    "density": 3.2078096811972117,
    "quadrupole moment": [
        [
            -17.17083249455707,
            -0.41631192723451305,
            3.7013678014612825
        ],
        [
            -0.41631192723451305,
            -16.250975184763647,
            -1.993971093413693
        ],
        [
            3.7013678014612825,
            -1.993971093413693,
            -26.56854430934824
        ]
    ],
    "quadrupole moment normalized": [
        [
            -0.09724909410622026,
            -0.025331357641601354,
            -0.0041392827484000375
        ],
        [
            -0.025331357641601354,
            -0.08667991484446474,
            0.003849467395225091
        ],
        [
            -0.0041392827484000375,
            0.003849467395225091,
            -0.12311431607877041
        ]
    ]
}