{
    "Material": "Mg30VCrO32",
    "steinhart_vector": [
        [
            0.05741958751795029,
            5.702902253220497e-18,
            2.4425566327964932e-05,
            7.709928400115699e-18,
            0.04385493719655208,
            1.018850477258568e-17,
            0.02030090271080816,
            1.2428215847897299e-17,
            0.04123130570880696,
            1.593321037418756e-17,
            0.023623885407768202
        ],
        "Mg30VCrO32"
    ],
    "steinhart_parameter_sum": 0.18645504410821367,
    "band_gap": 1.7304999999999993,
    "oxidation_state": 2.0,
    "possible_species": [
        "O2-",
        "V2+",
        "Cr2+",
        "Mg2+"
    ],
    "density": 3.5781219889788596,
    "quadrupole moment": [
        [
            -18.97271338483818,
            -3.0510450119981364e-15,
            -1.1617436358941115e-15
        ],
        [
            -3.0510450119981364e-15,
            -18.97271338483818,
            -1.1617436358941113e-15
        ],
        [
            -1.1617436358941115e-15,
            -1.1617436358941113e-15,
            -18.924360880500927
        ]
    ],
    "quadrupole moment normalized": [
        [
            -0.10541454769449457,
            -1.6951952175293477e-17,
            -6.45477942088144e-18
        ],
        [
            -1.6951952175293477e-17,
            -0.10541454769449457,
            -6.4547794208814394e-18
        ],
        [
            -6.45477942088144e-18,
            -6.4547794208814394e-18,
            -0.10568388611003172
        ]
    ]
}