{
    "Material": "DyCrO4",
    "steinhart_vector": [
        [
            0.07361613686001083,
            1.1641871583108122e-07,
            0.008326306663129508,
            0.053887928548193506,
            0.036737141636701186,
            0.01612574873430071,
            0.0449029059362421,
            0.04154018574745119,
            0.02564218672206911,
            0.03955875092913358,
            0.04086195404324154
        ],
        "DyCrO4"
    ],
    "steinhart_parameter_sum": 0.3811993622391891,
    "band_gap": 0.2979999999999998,
    "oxidation_state": 5.0,
    "possible_species": [
        "O2-",
        "Dy3+",
        "Cr5+"
    ],
    "density": 5.865965620758981,
    "quadrupole moment": [
        [
            -7.228890201706072,
            -0.7769836824812038,
            0.5457666753236288
        ],
        [
            -0.7769836824812038,
            -8.291192284427726,
            1.034217935713313
        ],
        [
            0.5457666753236288,
            1.034217935713313,
            -7.545475561052683
        ]
    ],
    "quadrupole moment normalized": [
        [
            -0.10870101649118907,
            -0.011683477346762703,
            0.008207561748717077
        ],
        [
            -0.011683477346762703,
            -0.12467478643504044,
            0.015551192360291306
        ],
        [
            0.008207561748717077,
            0.015551192360291306,
            -0.1134616758717157
        ]
    ]
}