{
    "Material": "CrO3",
    "steinhart_vector": [
        [
            0.0671053025782217,
            5.49869268519902e-09,
            0.010223527426369982,
            0.029979327805569167,
            0.04340456293161792,
            0.019829461461606492,
            0.03080992225834294,
            0.01629156501855769,
            0.04319351941168567,
            0.02713239800910864,
            0.024615013851261733
        ],
        "CrO3"
    ],
    "steinhart_parameter_sum": 0.3125846062510347,
    "band_gap": 0.0,
    "oxidation_state": 4.0,
    "possible_species": [
        "O-",
        "O2-",
        "Cr4+"
    ],
    "density": 3.0699036510894966,
    "quadrupole moment": [
        [
            -5.867459280901883,
            1.473628973069907e-06,
            0.0
        ],
        [
            1.473628973069907e-06,
            -5.867457579300729,
            0.0
        ],
        [
            0.0,
            0.0,
            -5.870523420774756
        ]
    ],
    "quadrupole moment normalized": [
        [
            -0.04793387176927383,
            2.609024107869118e-15,
            0.0
        ],
        [
            2.609024107869118e-15,
            -0.047933871769270796,
            0.0
        ],
        [
            0.0,
            0.0,
            -0.08517128101909745
        ]
    ]
}