{
    "Material": "CsMnCrF6",
    "steinhart_vector": [
        [
            0.05220103615774825,
            8.400945711997028e-18,
            0.0024547036004647143,
            1.5700367271811053e-17,
            0.039686805944655734,
            3.054632193238504e-17,
            0.019135932721157874,
            3.3831049296360184e-17,
            0.036976263383256144,
            5.439666900516796e-17,
            0.022652013540391494
        ],
        "CsMnCrF6"
    ],
    "steinhart_parameter_sum": 0.17310675534767433,
    "band_gap": 1.5957999999999999,
    "oxidation_state": 2.0,
    "possible_species": [
        "Mn2+",
        "Cs+",
        "F-",
        "Cr3+"
    ],
    "density": 3.775565104075753,
    "quadrupole moment": [
        [
            -8.300271682591955,
            0.25488490130289687,
            0.2834129819364108
        ],
        [
            0.25488490130289687,
            -9.46228872104723,
            0.041923701764473874
        ],
        [
            0.2834129819364108,
            0.041923701764473874,
            -9.431524595867305
        ]
    ],
    "quadrupole moment normalized": [
        [
            -0.045281437968360115,
            0.002008743866175281,
            -0.0006666118569857605
        ],
        [
            0.002008743866175281,
            -0.04984811111867271,
            0.0010340049590556828
        ],
        [
            -0.0006666118569857605,
            0.0010340049590556828,
            -0.05203665420618856
        ]
    ]
}