{
    "Material": "SrSmZrCrO6",
    "steinhart_vector": [
        [
            0.06356502805868261,
            2.0498115368341958e-18,
            3.579841948528264e-18,
            1.1495159738809236e-17,
            0.048548592105150806,
            1.6619203362007985e-17,
            0.02247363119330381,
            1.9511633752355924e-17,
            0.04564416072650622,
            2.997102961114199e-17,
            0.026152265053202322
        ],
        "SrSmZrCrO6"
    ],
    "steinhart_parameter_sum": 0.20638367713684583,
    "band_gap": 2.4086999999999996,
    "oxidation_state": 4.0,
    "possible_species": [
        "Zr4+",
        "Cr4+",
        "Sr2+",
        "Sm2+",
        "O2-"
    ],
    "density": 6.050170905972822,
    "quadrupole moment": [
        [
            -15.46833365363493,
            -8.881784197001252e-16,
            -1.7763568394002505e-15
        ],
        [
            -8.881784197001252e-16,
            -15.468333653634932,
            -8.881784197001252e-16
        ],
        [
            -1.7763568394002505e-15,
            -8.881784197001252e-16,
            -15.46833365363493
        ]
    ],
    "quadrupole moment normalized": [
        [
            -0.12929640934723544,
            2.7755575615628914e-17,
            -1.3877787807814457e-17
        ],
        [
            2.7755575615628914e-17,
            -0.12929640934723546,
            -6.938893903907228e-18
        ],
        [
            -1.3877787807814457e-17,
            -6.938893903907228e-18,
            -0.12929640934723546
        ]
    ]
}