{
    "Material": "SrMg6CrO8",
    "steinhart_vector": [
        [
            0.05761547932013357,
            2.8760970099414755e-18,
            0.0024229063065134516,
            5.24312031116436e-18,
            0.04403233336223118,
            9.191771983504506e-18,
            0.020495843426411295,
            1.1403498463469382e-17,
            0.041406317229115766,
            1.465752357420787e-17,
            0.023807113686487982
        ],
        "SrMg6CrO8"
    ],
    "steinhart_parameter_sum": 0.1897799933308933,
    "band_gap": 0.0,
    "oxidation_state": 2.0,
    "possible_species": [
        "Cr2+",
        "Mg2+",
        "Sr2+",
        "O2-"
    ],
    "density": 3.837057263665865,
    "quadrupole moment": [
        [
            -16.01983695672496,
            0.0,
            -9.80932102595785e-16
        ],
        [
            0.0,
            -20.5172304110655,
            -1.2563180275140049e-15
        ],
        [
            -9.80932102595785e-16,
            -1.2563180275140049e-15,
            -20.5172304110655
        ]
    ],
    "quadrupole moment normalized": [
        [
            -0.12484521567870395,
            0.0,
            -7.644564688489289e-18
        ],
        [
            0.0,
            -0.09747904370764124,
            -5.9688699430253884e-18
        ],
        [
            -7.644564688489289e-18,
            -5.9688699430253884e-18,
            -0.09747904370764124
        ]
    ]
}