{
    "Material": "K2CrO4",
    "steinhart_vector": [
        [
            0.07584256127153749,
            0.0005206571402301854,
            0.0008201637738484076,
            0.056514640333898955,
            0.03861679373996343,
            0.0018575022579428357,
            0.04764021807788006,
            0.046377985572292495,
            0.016345901739138375,
            0.03927106772395859,
            0.04922090696584353
        ],
        "K2CrO4"
    ],
    "steinhart_parameter_sum": 0.37302839859653436,
    "band_gap": 3.0699,
    "oxidation_state": 6.0,
    "possible_species": [
        "K+",
        "O2-",
        "Cr6+"
    ],
    "density": 2.7882888808361224,
    "quadrupole moment": [
        [
            -7.230037773203814,
            -3.5328562161364576e-05,
            -0.0001106771729120394
        ],
        [
            -3.5328562161364576e-05,
            -7.3324053758077765,
            -0.06546459333571505
        ],
        [
            -0.0001106771729120394,
            -0.06546459333571505,
            -7.169141707720309
        ]
    ],
    "quadrupole moment normalized": [
        [
            -0.12259894405759882,
            1.9550820884203714e-06,
            -5.404799105266004e-06
        ],
        [
            1.9550820884203714e-06,
            -0.12520180805724337,
            -0.0006252558081748824
        ],
        [
            -5.404799105266004e-06,
            -0.0006252558081748824,
            -0.12033535045753714
        ]
    ]
}