{
    "Material": "LaZnCrFeO6",
    "steinhart_vector": [
        [
            0.05526994492125341,
            0.007992358977832292,
            0.004114578644572382,
            0.025457205578837624,
            0.015454148785849081,
            0.02898705405654427,
            0.027792679346095722,
            0.011983662146210184,
            0.021928009606162643,
            0.02384209507658393,
            0.02282379626987098
        ],
        "LaZnCrFeO6"
    ],
    "steinhart_parameter_sum": 0.24564553340981254,
    "band_gap": 0.7851000000000008,
    "oxidation_state": 2.0,
    "possible_species": [
        "Fe3+",
        "O2-",
        "Cr4+",
        "Zn2+",
        "La3+"
    ],
    "density": 5.990890637503014,
    "quadrupole moment": [
        [
            -25.14919539193693,
            -0.5965640776764309,
            -0.2582998671825716
        ],
        [
            -0.5965640776764309,
            -19.0982775646172,
            -0.969943744784229
        ],
        [
            -0.2582998671825716,
            -0.969943744784229,
            -17.86331492137959
        ]
    ],
    "quadrupole moment normalized": [
        [
            -0.1051341218009123,
            0.0027378721395780615,
            -0.00037165209436742196
        ],
        [
            0.0027378721395780615,
            -0.09681067036329848,
            -0.009863806610555078
        ],
        [
            -0.00037165209436742196,
            -0.009863806610555078,
            -0.09245582702679428
        ]
    ]
}