{
    "Material": "CrH4C4NO10",
    "steinhart_vector": [
        [
            0.06233342391861261,
            1.553219810285254e-17,
            0.00525275246772489,
            2.317559721013961e-17,
            0.04689984940465024,
            3.943922291242971e-17,
            0.02448856030331978,
            5.077233588966338e-17,
            0.042893515286871485,
            6.278883176972877e-17,
            0.029519178596001214
        ],
        "CrH4C4NO10"
    ],
    "steinhart_parameter_sum": 0.2113872799771804,
    "band_gap": 0.0,
    "oxidation_state": 3.0,
    "possible_species": [
        "N+",
        "H+",
        "O2-",
        "C3+",
        "Cr3+"
    ],
    "density": 1.739889072546875,
    "quadrupole moment": [
        [
            -15.294798521938553,
            -1.7522656599662887,
            -0.7073816686140957
        ],
        [
            -1.7522656599662887,
            -15.58503128862137,
            -0.7683861567334576
        ],
        [
            -0.7073816686140957,
            -0.7683861567334576,
            -17.396473948360875
        ]
    ],
    "quadrupole moment normalized": [
        [
            -0.11685871360568224,
            -0.008275719202754373,
            -0.007866792499278373
        ],
        [
            -0.008275719202754373,
            -0.11822944461718407,
            -0.008545223494670082
        ],
        [
            -0.007866792499278373,
            -0.008545223494670082,
            -0.13796506526521446
        ]
    ]
}