{
    "Material": "KCrP2O7",
    "steinhart_vector": [
        [
            0.06205579441261332,
            0.002444306247600461,
            0.0012670962895701028,
            0.00408433743371679,
            0.04671257617353986,
            0.00767871922829522,
            0.021461619847228053,
            0.00911271263592025,
            0.042338231533968304,
            0.012793121072498873,
            0.02392904862367964
        ],
        "KCrP2O7"
    ],
    "steinhart_parameter_sum": 0.23387756349863087,
    "band_gap": 2.5944,
    "oxidation_state": 3.0,
    "possible_species": [
        "Cr3+",
        "O2-",
        "K+",
        "P5+"
    ],
    "density": 2.935058305937169,
    "quadrupole moment": [
        [
            -16.65611115667334,
            0.07882131579141571,
            0.4511676898229853
        ],
        [
            0.07882131579141571,
            -15.939617772507518,
            -0.2953999214044041
        ],
        [
            0.4511676898229853,
            -0.2953999214044041,
            -16.11172017892674
        ]
    ],
    "quadrupole moment normalized": [
        [
            -0.12397045404616956,
            -0.00022470283569863206,
            0.0028306839471348294
        ],
        [
            -0.00022470283569863206,
            -0.1191524404567508,
            0.00047407746644996876
        ],
        [
            0.0028306839471348294,
            0.00047407746644996876,
            -0.12661128599306434
        ]
    ]
}