{
    "Material": "Li2Mn2CrO6",
    "steinhart_vector": [
        [
            0.06396848373000723,
            0.00034452435534251146,
            0.004361982794787904,
            0.0051053006975978225,
            0.04770614894047813,
            0.007592769160067972,
            0.023643170664154653,
            0.009651834463839258,
            0.042413206657627385,
            0.013532673997214174,
            0.02714006999356574
        ],
        "Li2Mn2CrO6"
    ],
    "steinhart_parameter_sum": 0.2454601654546828,
    "band_gap": 1.2466,
    "oxidation_state": 4.0,
    "possible_species": [
        "O2-",
        "Mn4+",
        "Cr3+",
        "Mn3+",
        "Li+"
    ],
    "density": 3.8298767858477403,
    "quadrupole moment": [
        [
            -16.14425786072039,
            -0.3692241950757529,
            0.2477916107650835
        ],
        [
            -0.3692241950757529,
            -16.547253586397414,
            0.4172672939602524
        ],
        [
            0.2477916107650835,
            0.4172672939602524,
            -13.172709253187577
        ]
    ],
    "quadrupole moment normalized": [
        [
            -0.1413530699262977,
            0.0031121868199587496,
            -0.002183098723153965
        ],
        [
            0.0031121868199587496,
            -0.13798928244503128,
            -0.0036591998696215745
        ],
        [
            -0.002183098723153965,
            -0.0036591998696215745,
            -0.11360679320805937
        ]
    ]
}