{
    "Material": "MgCrO3",
    "steinhart_vector": [
        [
            0.0643298745514571,
            3.450346956494754e-18,
            0.0025249602667136253,
            9.626479224988902e-18,
            0.04897495295442892,
            1.333726544653342e-17,
            0.023335116629857836,
            2.1993216805125876e-17,
            0.045753888579856614,
            2.8364520409046134e-17,
            0.027494768738354214
        ],
        "MgCrO3"
    ],
    "steinhart_parameter_sum": 0.2124135617206684,
    "band_gap": 0.22929999999999984,
    "oxidation_state": 4.0,
    "possible_species": [
        "Mg2+",
        "O2-",
        "Cr4+"
    ],
    "density": 4.264870753147212,
    "quadrupole moment": [
        [
            -15.059237036420146,
            -0.5268528633106748,
            -0.18815333463266892
        ],
        [
            -0.5268528633106748,
            -14.883073133335358,
            0.8739445607424292
        ],
        [
            -0.18815333463266892,
            0.8739445607424292,
            -15.375401082058296
        ]
    ],
    "quadrupole moment normalized": [
        [
            -0.1348636026175143,
            -0.0030478295078332595,
            -0.004534351663005604
        ],
        [
            -0.0030478295078332595,
            -0.13259700684710404,
            0.007079974634151038
        ],
        [
            -0.004534351663005604,
            0.007079974634151038,
            -0.12984727250374112
        ]
    ]
}