{
    "Material": "LaCrO3",
    "steinhart_vector": [
        [
            0.06365938055348522,
            2.8994555933048343e-18,
            3.416719440498068e-18,
            6.263702335886008e-18,
            0.04862065501339097,
            8.900467927404285e-18,
            0.02250698983775221,
            1.2421154220823068e-17,
            0.045711912453662566,
            1.557611280953588e-17,
            0.026191084063086675
        ],
        "LaCrO3"
    ],
    "steinhart_parameter_sum": 0.20669002192137767,
    "band_gap": 1.9038999999999993,
    "oxidation_state": 3.0,
    "possible_species": [
        "La3+",
        "O2-",
        "Cr3+"
    ],
    "density": 6.549860163598633,
    "quadrupole moment": [
        [
            -15.422514976800999,
            -2.4801295649170832e-15,
            -9.443566800570731e-16
        ],
        [
            -2.4801295649170832e-15,
            -15.422514976800999,
            -9.44356680057073e-16
        ],
        [
            -9.443566800570731e-16,
            -9.44356680057073e-16,
            -15.422514976800999
        ]
    ],
    "quadrupole moment normalized": [
        [
            -0.12968053543851044,
            -2.0854220626086237e-17,
            -7.940642631824337e-18
        ],
        [
            -2.0854220626086237e-17,
            -0.12968053543851044,
            -7.940642631824336e-18
        ],
        [
            -7.940642631824337e-18,
            -7.940642631824336e-18,
            -0.12968053543851044
        ]
    ]
}