{
    "Material": "TiCrAgS4",
    "steinhart_vector": [
        [
            0.024953054932114548,
            0.0017279853243072035,
            0.0016097078171206727,
            0.004913340991985868,
            0.017167375675580424,
            0.007159466525240459,
            0.00822014921045743,
            0.008370089393171286,
            0.012948910440038566,
            0.010180986130764662,
            0.00936600353305358
        ],
        "TiCrAgS4"
    ],
    "steinhart_parameter_sum": 0.10661706997383472,
    "band_gap": 0.4511000000000003,
    "oxidation_state": 4.0,
    "possible_species": [
        "Ag+",
        "Cr3+",
        "Ti4+",
        "S2-"
    ],
    "density": 4.268630060092177,
    "quadrupole moment": [
        [
            -28.478163546106632,
            -3.552713678800501e-15,
            0.018171621891506895
        ],
        [
            -3.552713678800501e-15,
            -25.712979010959025,
            -8.881784197001252e-16
        ],
        [
            0.018171621891506895,
            -8.881784197001252e-16,
            -21.889550621832733
        ]
    ],
    "quadrupole moment normalized": [
        [
            -0.04150568379836629,
            -2.6020852139652106e-18,
            0.004840160385885479
        ],
        [
            -2.6020852139652106e-18,
            -0.040192533561719285,
            8.673617379884035e-19
        ],
        [
            0.004840160385885479,
            8.673617379884035e-19,
            -0.038250041428955384
        ]
    ]
}