{
    "Material": "CrS2",
    "steinhart_vector": [
        [
            0.026545594981998023,
            3.3078691437594465e-18,
            0.0008177152128130386,
            1.0430021420043626e-17,
            0.020233311544411124,
            1.3849192858563243e-17,
            0.009539425257819582,
            2.2268546146655745e-17,
            0.018946755598724673,
            2.4357653881957407e-17,
            0.011192138342743862
        ],
        "CrS2"
    ],
    "steinhart_parameter_sum": 0.08727494093851038,
    "band_gap": 0.0,
    "oxidation_state": 4.0,
    "possible_species": [
        "Cr4+",
        "S2-"
    ],
    "density": 3.531709213099511,
    "quadrupole moment": [
        [
            -21.945864045460162,
            -0.32198708691263445,
            -0.7887040667011296
        ],
        [
            -0.32198708691263445,
            -21.71818479284974,
            -0.5576979939137754
        ],
        [
            -0.7887040667011296,
            -0.5576979939137754,
            -22.856581055901838
        ]
    ],
    "quadrupole moment normalized": [
        [
            -0.04463571417589084,
            -0.0006548898484920974,
            -0.001604145966534268
        ],
        [
            -0.0006548898484920974,
            -0.04417263712309186,
            -0.001134302490949429
        ],
        [
            -0.001604145966534268,
            -0.001134302490949429,
            -0.04648802238708684
        ]
    ]
}