{
    "Material": "CrCuAsPb2O9",
    "steinhart_vector": [
        [
            0.07469507633862102,
            0.0015569255001542182,
            0.0011544601808812064,
            0.05562275898501149,
            0.038062272058373564,
            0.0032201478675134543,
            0.04684042423592601,
            0.045626962519015074,
            0.016559933166909516,
            0.038633931068426906,
            0.048300427405176434
        ],
        "CrCuAsPb2O9"
    ],
    "steinhart_parameter_sum": 0.37027331932600893,
    "band_gap": 0.6524000000000001,
    "oxidation_state": 6.0,
    "possible_species": [
        "O-",
        "O2-",
        "As5+",
        "Cr6+",
        "Pb2+",
        "Cu2+"
    ],
    "density": 6.078065344332684,
    "quadrupole moment": [
        [
            -3.908016458094402,
            0.04150314587349174,
            0.01084235926882915
        ],
        [
            0.04150314587349174,
            -3.51311450646845,
            0.012988908242150238
        ],
        [
            0.01084235926882915,
            0.012988908242150238,
            -3.789239485200987
        ]
    ],
    "quadrupole moment normalized": [
        [
            -0.058576927053756875,
            0.0013270150834460946,
            0.000680519360702684
        ],
        [
            0.0013270150834460946,
            -0.05955955392584881,
            0.0003468456396797234
        ],
        [
            0.000680519360702684,
            0.0003468456396797234,
            -0.060447231222605056
        ]
    ]
}