{
    "Material": "LiMnCrO4",
    "steinhart_vector": [
        [
            0.06401135955127969,
            9.559684595723535e-18,
            0.0060365601458507515,
            1.741147427768437e-17,
            0.0479630127512966,
            3.2849070830625643e-17,
            0.025814406096006732,
            3.470238671901228e-17,
            0.04344627017325573,
            5.2084332061757645e-17,
            0.03151537737281951
        ],
        "LiMnCrO4"
    ],
    "steinhart_parameter_sum": 0.21878698609050917,
    "band_gap": 1.3136,
    "oxidation_state": 4.0,
    "possible_species": [
        "Mn4+",
        "Li+",
        "Cr3+",
        "O2-"
    ],
    "density": 4.0281047494611615,
    "quadrupole moment": [
        [
            -14.524079881575819,
            0.8423267358343787,
            1.6189422195911918
        ],
        [
            0.8423267358343787,
            -14.906061190922795,
            -1.4365959256127612
        ],
        [
            1.6189422195911918,
            -1.4365959256127612,
            -16.336172331193826
        ]
    ],
    "quadrupole moment normalized": [
        [
            -0.12386955654861943,
            0.00543903536361817,
            0.016010494904614325
        ],
        [
            0.00543903536361817,
            -0.12771384655076817,
            -0.009276142068049012
        ],
        [
            0.016010494904614325,
            -0.009276142068049012,
            -0.14179004865850128
        ]
    ]
}