{
    "Material": "BaMg6CrO8",
    "steinhart_vector": [
        [
            0.05424158078366757,
            5.330358433844676e-18,
            0.0011553597041250865,
            8.839856367946432e-18,
            0.041434403862820254,
            1.491632153179382e-17,
            0.01920772331066512,
            2.0438487826211466e-17,
            0.03895756914028608,
            2.70090662126063e-17,
            0.022341193598680593
        ],
        "BaMg6CrO8"
    ],
    "steinhart_parameter_sum": 0.17733783040024478,
    "band_gap": 0.0,
    "oxidation_state": 2.0,
    "possible_species": [
        "Mg2+",
        "Ba2+",
        "Cr2+",
        "O2-"
    ],
    "density": 3.96308699109498,
    "quadrupole moment": [
        [
            -19.54247069431119,
            -3.566445266852621e-15,
            -1.963179253288491e-15
        ],
        [
            -3.566445266852621e-15,
            -22.177694391468005,
            -2.0913581755266365e-15
        ],
        [
            -1.963179253288491e-15,
            -2.0913581755266365e-15,
            -22.177694391468005
        ]
    ],
    "quadrupole moment normalized": [
        [
            -0.10234120502389697,
            -1.4502162589951628e-17,
            -1.0280897108774707e-17
        ],
        [
            -1.4502162589951628e-17,
            -0.09018069979219398,
            -8.504046473725177e-18
        ],
        [
            -1.0280897108774707e-17,
            -8.504046473725177e-18,
            -0.09018069979219398
        ]
    ]
}