{
    "Material": "Nb2CrB2",
    "steinhart_vector": [
        [
            0.08288906214013347,
            2.546026681338039e-18,
            0.04144453107006673,
            9.476720620279594e-18,
            0.06872797958581899,
            8.073103507575862e-18,
            0.048598020422383204,
            1.7693294479385418e-17,
            0.0661410439380412,
            2.093455735338345e-17,
            0.05089099004199913
        ],
        "Nb2CrB2"
    ],
    "steinhart_parameter_sum": 0.3586916271984428,
    "band_gap": 0.0,
    "oxidation_state": 2.0,
    "possible_species": [
        "B3-",
        "Nb2+",
        "Cr2+"
    ],
    "density": 7.463630287250681,
    "quadrupole moment": [
        [
            -9.033480840758666e-31,
            -5.617407877797835e-15,
            -7.888609052210118e-31
        ],
        [
            -5.617407877797835e-15,
            -34.931464207207014,
            -3.552713678800501e-15
        ],
        [
            -7.888609052210118e-31,
            -3.552713678800501e-15,
            -34.931464207207014
        ]
    ],
    "quadrupole moment normalized": [
        [
            -5.3303293488224485e-33,
            -3.314628613616181e-17,
            -7.703719777548943e-34
        ],
        [
            -3.314628613616181e-17,
            -0.20611789867412728,
            3.469446951953614e-18
        ],
        [
            -7.703719777548943e-34,
            3.469446951953614e-18,
            -0.20611789867412733
        ]
    ]
}