{
    "Material": "TiZnCr(PO4)3",
    "steinhart_vector": [
        [
            0.0634870424082088,
            0.004136944423132395,
            0.0025390010406663326,
            0.01195261738987179,
            0.04464507135829713,
            0.015415988540800991,
            0.019986911610754905,
            0.02360208347945432,
            0.03372495510526858,
            0.02312744177418874,
            0.019991457107040138
        ],
        "TiZnCr(PO4)3"
    ],
    "steinhart_parameter_sum": 0.2626095142376841,
    "band_gap": 2.3403,
    "oxidation_state": 4.0,
    "possible_species": [
        "Cr3+",
        "Ti4+",
        "O2-",
        "Zn2+",
        "P5+"
    ],
    "density": 3.3609960503942786,
    "quadrupole moment": [
        [
            -15.283778933822571,
            -0.4651720478382857,
            -1.1277176131893683
        ],
        [
            -0.4651720478382857,
            -14.95764663230481,
            -0.7996788773743575
        ],
        [
            -1.1277176131893683,
            -0.7996788773743575,
            -16.566443596902378
        ]
    ],
    "quadrupole moment normalized": [
        [
            -0.12787071716751694,
            -0.00200545485127044,
            -0.004861840048019902
        ],
        [
            -0.00200545485127044,
            -0.12646469987800454,
            -0.0034475758350143407
        ],
        [
            -0.004861840048019902,
            -0.0034475758350143407,
            -0.1334005805955752
        ]
    ]
}