{
    "Material": "Cr(GeO3)2",
    "steinhart_vector": [
        [
            0.06325022642035756,
            0.0028715113657654403,
            0.0051838803651661925,
            0.012246258279238186,
            0.04391029471812565,
            0.01590963153872606,
            0.021364242171758387,
            0.022521376253560384,
            0.032906305484182156,
            0.02430255158159693,
            0.02135746960460742
        ],
        "Cr(GeO3)2"
    ],
    "steinhart_parameter_sum": 0.26582374778308443,
    "band_gap": 0.6698,
    "oxidation_state": 4.0,
    "possible_species": [
        "Ge4+",
        "O2-",
        "Cr4+"
    ],
    "density": 4.267138789447389,
    "quadrupole moment": [
        [
            -14.49244208538909,
            -0.2479280358011704,
            -0.5776126668528518
        ],
        [
            -0.2479280358011704,
            -14.456937756358583,
            -0.5377331713849892
        ],
        [
            -0.5776126668528518,
            -0.5377331713849892,
            -18.253573721593515
        ]
    ],
    "quadrupole moment normalized": [
        [
            -0.12243031503097207,
            -0.007214691438967118,
            -0.0097210346528522
        ],
        [
            -0.007214691438967118,
            -0.12139714111873225,
            -0.00904987562253939
        ],
        [
            -0.0097210346528522,
            -0.00904987562253939,
            -0.14116927901356138
        ]
    ]
}