{
    "Material": "NaMg6CrO8",
    "steinhart_vector": [
        [
            0.05931964332932287,
            4.674910414114703e-18,
            0.0007093259783908779,
            1.0083060849022808e-17,
            0.04530843952817976,
            1.6389361765942165e-17,
            0.020983154219883803,
            2.2554132544448343e-17,
            0.042598536550447666,
            2.9150014441992725e-17,
            0.024414167688882195
        ],
        "NaMg6CrO8"
    ],
    "steinhart_parameter_sum": 0.19333326729510728,
    "band_gap": 1.2305000000000001,
    "oxidation_state": 3.0,
    "possible_species": [
        "Na+",
        "Cr3+",
        "Mg2+",
        "O2-"
    ],
    "density": 3.6834089875716716,
    "quadrupole moment": [
        [
            -16.94161546798719,
            -2.925843148559341e-15,
            -1.827879790493803e-15
        ],
        [
            -2.925843148559341e-15,
            -18.19415421546157,
            -1.894245031941466e-15
        ],
        [
            -1.827879790493803e-15,
            -1.894245031941466e-15,
            -18.19415421546157
        ]
    ],
    "quadrupole moment normalized": [
        [
            -0.11805249645638528,
            -1.7677355381653722e-17,
            -1.273702457110515e-17
        ],
        [
            -1.7677355381653722e-17,
            -0.10992541759926276,
            -1.1444647204020193e-17
        ],
        [
            -1.273702457110515e-17,
            -1.1444647204020193e-17,
            -0.10992541759926276
        ]
    ]
}