{
    "Material": "RbCrCoF6",
    "steinhart_vector": [
        [
            0.05689993263616001,
            3.200267236155874e-18,
            0.003828407443663975,
            1.4650110339765227e-17,
            0.04303989295352888,
            2.211172249934691e-17,
            0.021624129202935737,
            3.064002069940266e-17,
            0.03970272346702607,
            3.5745304542320593e-17,
            0.025966534252772726
        ],
        "RbCrCoF6"
    ],
    "steinhart_parameter_sum": 0.19106161995608753,
    "band_gap": 2.1763,
    "oxidation_state": 3.0,
    "possible_species": [
        "Co2+",
        "F-",
        "Rb+",
        "Cr3+"
    ],
    "density": 3.603732141365901,
    "quadrupole moment": [
        [
            -7.989619429310499,
            -0.331055878049479,
            0.5358747503840635
        ],
        [
            -0.331055878049479,
            -7.857813739471925,
            -0.3813058770483799
        ],
        [
            0.5358747503840635,
            -0.3813058770483799,
            -7.0358778166276945
        ]
    ],
    "quadrupole moment normalized": [
        [
            -0.05889991617394211,
            -0.0018560195517319852,
            0.004991203053486652
        ],
        [
            -0.0018560195517319852,
            -0.061195968601828826,
            -0.0028080384222866637
        ],
        [
            0.004991203053486652,
            -0.0028080384222866637,
            -0.05474478427764892
        ]
    ]
}