{
    "Material": "TiCrCuS4",
    "steinhart_vector": [
        [
            0.025615733665287414,
            0.00032889642847270005,
            0.0013536965515308186,
            0.0008781944832613851,
            0.019394892407246976,
            0.001317025422449209,
            0.009431949132771608,
            0.0018224952524171164,
            0.017896355003894943,
            0.002274617866761555,
            0.011113845205245738
        ],
        "TiCrCuS4"
    ],
    "steinhart_parameter_sum": 0.09142770141933945,
    "band_gap": 0.0,
    "oxidation_state": 4.0,
    "possible_species": [
        "Ti4+",
        "Cu+",
        "S2-",
        "Cr3+"
    ],
    "density": 4.312796850339103,
    "quadrupole moment": [
        [
            -22.949743403528004,
            -4.440892098500626e-15,
            0.0
        ],
        [
            -4.440892098500626e-15,
            -22.183202172603977,
            0.09728698976850403
        ],
        [
            0.0,
            0.09728698976850403,
            -26.326428287575915
        ]
    ],
    "quadrupole moment normalized": [
        [
            -0.040224499245642434,
            -2.6020852139652106e-18,
            1.0408340855860843e-17
        ],
        [
            -2.6020852139652106e-18,
            -0.03942071342929237,
            0.0005933066560238707
        ],
        [
            1.0408340855860843e-17,
            0.0005933066560238707,
            -0.04635130398632927
        ]
    ]
}