{
    "Material": "Sr2CrSbO6",
    "steinhart_vector": [
        [
            0.06212783931520358,
            5.423291561014397e-18,
            7.686793263128234e-18,
            9.485323524517467e-18,
            0.047450921070995626,
            1.356615022880642e-17,
            0.021965508240124314,
            1.9090876078660402e-17,
            0.0446121581300294,
            2.4691922225744426e-17,
            0.025560969145706717
        ],
        "Sr2CrSbO6"
    ],
    "steinhart_parameter_sum": 0.2017173959020597,
    "band_gap": 1.3499999999999996,
    "oxidation_state": 3.0,
    "possible_species": [
        "Sb5+",
        "Cr3+",
        "O2-",
        "Sr2+"
    ],
    "density": 5.777652261184487,
    "quadrupole moment": [
        [
            -16.192261816214213,
            -8.881784197001252e-16,
            -1.7763568394002505e-15
        ],
        [
            -8.881784197001252e-16,
            -16.192261816214216,
            -1.3322676295501878e-15
        ],
        [
            -1.7763568394002505e-15,
            -1.3322676295501878e-15,
            -16.192261816214216
        ]
    ],
    "quadrupole moment normalized": [
        [
            -0.12351578937522416,
            -6.938893903907228e-18,
            -1.3877787807814457e-17
        ],
        [
            -6.938893903907228e-18,
            -0.12351578937522417,
            -1.0408340855860843e-17
        ],
        [
            -1.3877787807814457e-17,
            -1.0408340855860843e-17,
            -0.12351578937522417
        ]
    ]
}