{
    "Material": "Li2MnCrO4",
    "steinhart_vector": [
        [
            0.060702450705037575,
            7.551439630085414e-08,
            0.005692678454568897,
            2.0225257970650972e-07,
            0.04565402082527844,
            2.998341333271583e-07,
            0.02411310172212677,
            4.2110890883398726e-07,
            0.04160926019233385,
            5.221383744505611e-07,
            0.02929014988101792
        ],
        "Li2MnCrO4"
    ],
    "steinhart_parameter_sum": 0.20706318262875606,
    "band_gap": 0.9299000000000004,
    "oxidation_state": 3.0,
    "possible_species": [
        "O2-",
        "Cr3+",
        "Li+",
        "Mn3+"
    ],
    "density": 4.083583142359932,
    "quadrupole moment": [
        [
            -17.136189267130447,
            0.00018777099171218934,
            8.495036348887576e-05
        ],
        [
            0.00018777099171218934,
            -19.913233752940222,
            2.0219841262822054
        ],
        [
            8.495036348887576e-05,
            2.0219841262822054,
            -14.2941064805887
        ]
    ],
    "quadrupole moment normalized": [
        [
            -0.13812323328711348,
            1.070459071475944e-06,
            -9.419369939702975e-07
        ],
        [
            1.070459071475944e-06,
            -0.10150062479076294,
            0.013932807735613912
        ],
        [
            -9.419369939702975e-07,
            0.013932807735613912,
            -0.11512033281293191
        ]
    ]
}