{
    "Material": "CrFeAs",
    "steinhart_vector": [
        [
            0.011755284010469647,
            0.0005129506298822067,
            0.0017070688066441765,
            0.005085414947515378,
            0.0077678024976947264,
            0.0039019345122318122,
            0.002997034311794163,
            0.006605655070717699,
            0.005219916580794947,
            0.005431455785200369,
            0.004186678742767746
        ],
        "CrFeAs"
    ],
    "steinhart_parameter_sum": 0.05517119589571286,
    "band_gap": 0.0,
    "oxidation_state": 2.0,
    "possible_species": [
        "Fe+",
        "As3-",
        "Cr2+"
    ],
    "density": 7.746980610385992,
    "quadrupole moment": [
        [
            -40.714484911203,
            -4.440892098500626e-15,
            1.7763568394002505e-15
        ],
        [
            -4.440892098500626e-15,
            -25.851204005330068,
            6.342492938198005
        ],
        [
            1.7763568394002505e-15,
            6.342492938198005,
            -33.17488540904506
        ]
    ],
    "quadrupole moment normalized": [
        [
            -0.02712553072932055,
            4.336808689942018e-19,
            -2.6020852139652106e-18
        ],
        [
            4.336808689942018e-19,
            -0.018697791584085112,
            0.0033741667375125446
        ],
        [
            -2.6020852139652106e-18,
            0.0033741667375125446,
            -0.022593944473705066
        ]
    ]
}