{
    "Material": "SmMgCrS4",
    "steinhart_vector": [
        [
            0.025072685268022667,
            5.6069362254382515e-06,
            0.0020939480295124875,
            1.5042549468601135e-05,
            0.018869362172356834,
            2.2544969258646586e-05,
            0.009837536037489025,
            3.1200798269712e-05,
            0.017260669908277196,
            3.937036810214852e-05,
            0.011866474397959835
        ],
        "SmMgCrS4"
    ],
    "steinhart_parameter_sum": 0.0851144414349426,
    "band_gap": 0.7901000000000002,
    "oxidation_state": 3.0,
    "possible_species": [
        "Mg2+",
        "S2-",
        "Sm3+",
        "Cr3+"
    ],
    "density": 3.733928159836519,
    "quadrupole moment": [
        [
            -22.491071213359557,
            -0.7989666472655932,
            0.9865061716688348
        ],
        [
            -0.7989666472655932,
            -28.517731551169664,
            1.3562698514550346
        ],
        [
            0.9865061716688348,
            1.3562698514550346,
            -23.585706415573956
        ]
    ],
    "quadrupole moment normalized": [
        [
            -0.03589408309917284,
            -0.00033475429200653314,
            0.0026440412987104225
        ],
        [
            -0.00033475429200653314,
            -0.04599360902460283,
            0.0005678241070077911
        ],
        [
            0.0026440412987104225,
            0.0005678241070077911,
            -0.038826763757470906
        ]
    ]
}