{
    "Material": "CrAg3F6",
    "steinhart_vector": [
        [
            0.05737484366320413,
            5.292590630015115e-18,
            7.192618982758027e-18,
            1.592613488957281e-17,
            0.043820760678815046,
            1.3426661330042843e-17,
            0.02028507051188482,
            2.2217408437021844e-17,
            0.04119917296982519,
            3.0333258773473897e-17,
            0.023605466161061548
        ],
        "CrAg3F6"
    ],
    "steinhart_parameter_sum": 0.18628531398479087,
    "band_gap": 0.2042,
    "oxidation_state": 3.0,
    "possible_species": [
        "Ag+",
        "F-",
        "Cr3+"
    ],
    "density": 5.150902650005597,
    "quadrupole moment": [
        [
            -7.500702604439493,
            -5.551115123125783e-16,
            -1.3322676295501878e-15
        ],
        [
            -5.551115123125783e-16,
            -7.500702604439493,
            -8.881784197001252e-16
        ],
        [
            -1.3322676295501878e-15,
            -8.881784197001252e-16,
            -7.500702604439494
        ]
    ],
    "quadrupole moment normalized": [
        [
            -0.05925370833678807,
            -1.3877787807814457e-17,
            -8.673617379884035e-18
        ],
        [
            -1.3877787807814457e-17,
            -0.05925370833678807,
            -8.673617379884035e-18
        ],
        [
            -8.673617379884035e-18,
            -8.673617379884035e-18,
            -0.059253708336788086
        ]
    ]
}