{
    "Material": "CrCuO3",
    "steinhart_vector": [
        [
            0.06758990877254831,
            2.366918485158447e-18,
            6.275385381983964e-18,
            4.960858520142331e-18,
            0.05162264552756041,
            8.245701171485801e-18,
            0.023896641416424516,
            1.2660793248544199e-17,
            0.04853430815221176,
            1.61712613982953e-17,
            0.027808203081568547
        ],
        "CrCuO3"
    ],
    "steinhart_parameter_sum": 0.2194517069503136,
    "band_gap": 0.0,
    "oxidation_state": 5.0,
    "possible_species": [
        "Cu+",
        "O2-",
        "Cr5+"
    ],
    "density": 5.3666026694627424,
    "quadrupole moment": [
        [
            -13.680951295729002,
            -2.463880433012378e-15,
            -8.212934776707929e-16
        ],
        [
            -2.463880433012378e-15,
            -13.680951295729,
            -8.212934776707926e-16
        ],
        [
            -8.212934776707929e-16,
            -8.212934776707926e-16,
            -13.680951295729002
        ]
    ],
    "quadrupole moment normalized": [
        [
            -0.14618866457220495,
            -2.6327949159508543e-17,
            -8.775983053169511e-18
        ],
        [
            -2.6327949159508543e-17,
            -0.14618866457220497,
            -8.775983053169514e-18
        ],
        [
            -8.775983053169511e-18,
            -8.775983053169514e-18,
            -0.14618866457220495
        ]
    ]
}