{
    "Material": "Sr2DyCrO6",
    "steinhart_vector": [
        [
            0.06610425145637128,
            4.396320144368446e-18,
            1.1144034688281672e-17,
            1.2122901427822337e-17,
            0.050487956009536025,
            1.8149914598206205e-17,
            0.02337138223503042,
            1.472215850590195e-17,
            0.04746750171170344,
            2.5489729553080146e-17,
            0.02719696597372015
        ],
        "Sr2DyCrO6"
    ],
    "steinhart_parameter_sum": 0.21462805738636137,
    "band_gap": 0.0,
    "oxidation_state": 5.0,
    "possible_species": [
        "Sr2+",
        "O2-",
        "Dy3+",
        "Cr5+"
    ],
    "density": 5.898429722595051,
    "quadrupole moment": [
        [
            -14.302805531535167,
            -8.881784197001252e-16,
            -6.856543139830903e-16
        ],
        [
            -8.881784197001252e-16,
            -14.302805531535169,
            -4.848308149672534e-16
        ],
        [
            -6.856543139830903e-16,
            -4.848308149672534e-16,
            -14.30280553153517
        ]
    ],
    "quadrupole moment normalized": [
        [
            -0.13983270593942926,
            -6.938893903907228e-18,
            -3.2339160946813146e-18
        ],
        [
            -6.938893903907228e-18,
            -0.13983270593942929,
            -1.8617781274845328e-17
        ],
        [
            -3.2339160946813146e-18,
            -1.8617781274845328e-17,
            -0.13983270593942929
        ]
    ]
}