{
    "Material": "Ca8Mn7CrO22",
    "steinhart_vector": [
        [
            0.06531581421113843,
            0.008378517403827867,
            0.012906930009684566,
            0.019343595075933556,
            0.04933575871790591,
            0.0107817220117193,
            0.023719892647677262,
            0.024945501950963827,
            0.043438825043555174,
            0.01768230723539606,
            0.023505482964067393
        ],
        "Ca8Mn7CrO22"
    ],
    "steinhart_parameter_sum": 0.2993543472718693,
    "band_gap": 0.0,
    "oxidation_state": 4.0,
    "possible_species": [
        "Mn4+",
        "Cr3+",
        "Ca2+",
        "Mn3+",
        "O2-"
    ],
    "density": 4.077849057977735,
    "quadrupole moment": [
        [
            -14.39882900580059,
            -2.315508305304886e-15,
            9.7720977425408e-17
        ],
        [
            -2.315508305304886e-15,
            -14.39882900580059,
            1.1102230246251565e-16
        ],
        [
            9.7720977425408e-17,
            1.1102230246251565e-16,
            -7.839572140064428
        ]
    ],
    "quadrupole moment normalized": [
        [
            -0.1369419985624732,
            -2.2021952958029853e-17,
            -8.053349857931475e-19
        ],
        [
            -2.2021952958029853e-17,
            -0.1369419985624732,
            -8.673617379884035e-19
        ],
        [
            -8.053349857931475e-19,
            -8.673617379884035e-19,
            -0.0674441922943997
        ]
    ]
}