{
    "Material": "LaCrReO6",
    "steinhart_vector": [
        [
            0.08683742682613434,
            0.0021457013245019863,
            0.08677923677377035,
            0.004628922523117193,
            0.0866436118111727,
            0.0071842499475665645,
            0.08643091654647064,
            0.009746890600920337,
            0.08614172458268367,
            0.012302840292675928,
            0.0857768193938648
        ],
        "LaCrReO6"
    ],
    "steinhart_parameter_sum": 0.5546183406228785,
    "band_gap": 0.0,
    "oxidation_state": 3.0,
    "possible_species": [
        "O2-",
        "La3+",
        "Cr3+",
        "Re6+"
    ],
    "density": 6.735637717859524,
    "quadrupole moment": [
        [
            -1.8345183836955918,
            2.392517595084893,
            2.4721945935291023
        ],
        [
            2.392517595084893,
            -3.1263386375828457,
            -3.224280337358805
        ],
        [
            2.4721945935291023,
            -3.224280337358805,
            -3.3315288606375115
        ]
    ],
    "quadrupole moment normalized": [
        [
            -0.05329917449286778,
            0.0696683633380922,
            0.07182916918026977
        ],
        [
            0.0696683633380922,
            -0.09124260205144072,
            -0.09389296617652845
        ],
        [
            0.07182916918026977,
            -0.09389296617652845,
            -0.09680137989945127
        ]
    ]
}