{
    "Material": "LiCr(SiO3)2",
    "steinhart_vector": [
        [
            0.06152599358576701,
            0.001377429276112611,
            0.004569745349151803,
            0.005645587905901534,
            0.04565186658404995,
            0.00738800581397403,
            0.022979680301642384,
            0.011173749981101277,
            0.04008733129825802,
            0.012654436064419494,
            0.026421971040973612
        ],
        "LiCr(SiO3)2"
    ],
    "steinhart_parameter_sum": 0.23947579720135173,
    "band_gap": 2.8254999999999995,
    "oxidation_state": 3.0,
    "possible_species": [
        "O2-",
        "Cr3+",
        "Si4+",
        "Li+"
    ],
    "density": 3.288025686975101,
    "quadrupole moment": [
        [
            -15.466748952725542,
            0.8661837576908122,
            -0.5435031097849845
        ],
        [
            0.8661837576908122,
            -15.510266176355927,
            -0.5452136165203179
        ],
        [
            -0.5435031097849845,
            -0.5452136165203179,
            -18.676080574323596
        ]
    ],
    "quadrupole moment normalized": [
        [
            -0.11359962532420324,
            0.0046119104241048575,
            -0.005092940317798749
        ],
        [
            0.0046119104241048575,
            -0.11388960211149377,
            -0.0050531131367753425
        ],
        [
            -0.005092940317798749,
            -0.0050531131367753425,
            -0.13621139824259298
        ]
    ]
}