{
    "Material": "CrCo(PO4)2",
    "steinhart_vector": [
        [
            0.06121592267987744,
            0.003969339266029089,
            0.0012565781023067674,
            0.013646131489750942,
            0.04166980035356827,
            0.018538488904210598,
            0.01655516636088291,
            0.023142686164186736,
            0.03298376109321279,
            0.024774805782834097,
            0.014865213324298555
        ],
        "CrCo(PO4)2"
    ],
    "steinhart_parameter_sum": 0.25261789352115815,
    "band_gap": 0.0,
    "oxidation_state": 3.0,
    "possible_species": [
        "P5+",
        "O2-",
        "Cr3+",
        "Co3+"
    ],
    "density": 3.6225990717811727,
    "quadrupole moment": [
        [
            -17.245219604912702,
            -6.217248937900877e-15,
            4.440892098500626e-16
        ],
        [
            -6.217248937900877e-15,
            -16.595701419271716,
            0.9708368905842875
        ],
        [
            4.440892098500626e-16,
            0.9708368905842875,
            -16.310532122646624
        ]
    ],
    "quadrupole moment normalized": [
        [
            -0.11772534695482119,
            -1.734723475976807e-17,
            -2.0816681711721685e-17
        ],
        [
            -1.734723475976807e-17,
            -0.11630197345046615,
            -0.005797784124353236
        ],
        [
            -2.0816681711721685e-17,
            -0.005797784124353236,
            -0.12600314706128007
        ]
    ]
}