{
    "Material": "NaCr(SO4)2",
    "steinhart_vector": [
        [
            0.062143724088909294,
            4.879527460767612e-18,
            0.002811643399677951,
            1.0937855494721359e-17,
            0.04726017905394116,
            2.6405143255817346e-17,
            0.022721189311614064,
            2.3186729322135825e-17,
            0.04406730085590911,
            3.729753706609469e-17,
            0.026843402107759522
        ],
        "NaCr(SO4)2"
    ],
    "steinhart_parameter_sum": 0.2058474388178112,
    "band_gap": 2.7232,
    "oxidation_state": 3.0,
    "possible_species": [
        "O2-",
        "S6+",
        "Na+",
        "Cr3+"
    ],
    "density": 2.8241452828778515,
    "quadrupole moment": [
        [
            -15.573205119633144,
            -0.2790674069154222,
            -0.008529632476853122
        ],
        [
            -0.2790674069154222,
            -15.316507052071636,
            -0.005465557066339333
        ],
        [
            -0.008529632476853122,
            -0.005465557066339333,
            -17.673072200989523
        ]
    ],
    "quadrupole moment normalized": [
        [
            -0.12220024974786964,
            -0.006032987769648253,
            0.0011490822191944344
        ],
        [
            -0.006032987769648253,
            -0.1166508510588272,
            0.0007363007093174195
        ],
        [
            0.0011490822191944344,
            0.0007363007093174195,
            -0.13191355971589677
        ]
    ]
}