{
    "Material": "Li3Mn3CrO8",
    "steinhart_vector": [
        [
            0.0638174719094231,
            7.938885945022673e-18,
            0.0033877321792229135,
            1.4433403685980938e-17,
            0.04844872729571436,
            2.1552533496254863e-17,
            0.023628089257748005,
            3.2394156916032056e-17,
            0.04502643544437352,
            4.067815429877587e-17,
            0.02805643711593306
        ],
        "Li3Mn3CrO8"
    ],
    "steinhart_parameter_sum": 0.2123648932024151,
    "band_gap": 0.23760000000000003,
    "oxidation_state": 3.0,
    "possible_species": [
        "O2-",
        "Li+",
        "Mn3+",
        "Mn4+",
        "Cr3+"
    ],
    "density": 4.040893934967265,
    "quadrupole moment": [
        [
            -15.779957068499813,
            0.6676443127000886,
            -0.35350197850004283
        ],
        [
            0.6676443127000886,
            -16.241650838702245,
            -0.2518085378005761
        ],
        [
            -0.35350197850004283,
            -0.2518085378005761,
            -14.017681358244479
        ]
    ],
    "quadrupole moment normalized": [
        [
            -0.13479643496313812,
            0.004469487212487265,
            -0.0028997260856281973
        ],
        [
            0.004469487212487265,
            -0.1378872040489399,
            -0.0020655493605508564
        ],
        [
            -0.0028997260856281973,
            -0.0020655493605508564,
            -0.11829461797225811
        ]
    ]
}