{
    "Material": "TiCrCuS4",
    "steinhart_vector": [
        [
            0.025413630281265233,
            0.002402951609068745,
            0.00032194779665839133,
            0.0034541493385313233,
            0.01816351912650187,
            0.006569113434176136,
            0.008119972819877292,
            0.007418182826714413,
            0.014499439831013565,
            0.009580630844382392,
            0.008927466774787117
        ],
        "TiCrCuS4"
    ],
    "steinhart_parameter_sum": 0.10487100468297647,
    "band_gap": 0.2021000000000006,
    "oxidation_state": 4.0,
    "possible_species": [
        "S2-",
        "Cr3+",
        "Cu+",
        "Ti4+"
    ],
    "density": 4.104719953837946,
    "quadrupole moment": [
        [
            -23.97998082470932,
            -4.440892098500626e-15,
            1.4620773209926243
        ],
        [
            -4.440892098500626e-15,
            -23.581841263362,
            2.220446049250313e-16
        ],
        [
            1.4620773209926243,
            2.220446049250313e-16,
            -25.06095714962209
        ]
    ],
    "quadrupole moment normalized": [
        [
            -0.04120778782139903,
            -1.734723475976807e-18,
            0.0003633009375246486
        ],
        [
            -1.734723475976807e-18,
            -0.041895875983301106,
            2.6020852139652106e-18
        ],
        [
            0.0003633009375246486,
            2.6020852139652106e-18,
            -0.04092495051010839
        ]
    ]
}