{
    "Material": "Mg30CrNiO32",
    "steinhart_vector": [
        [
            0.05757779049319425,
            2.7139708641123214e-18,
            0.0006309711813073451,
            4.6069518393271695e-18,
            0.0439776499388282,
            7.716972607363726e-18,
            0.02036537757598559,
            9.165371254971688e-18,
            0.041347235110131705,
            1.2870324185017525e-17,
            0.023695943362855645
        ],
        "Mg30CrNiO32"
    ],
    "steinhart_parameter_sum": 0.18759496766230277,
    "band_gap": 1.6373999999999995,
    "oxidation_state": 2.0,
    "possible_species": [
        "O2-",
        "Cr2+",
        "Ni2+",
        "Mg2+"
    ],
    "density": 3.644520278869491,
    "quadrupole moment": [
        [
            -19.272633959398465,
            -3.0992759189035785e-15,
            0.0
        ],
        [
            -3.0992759189035785e-15,
            -19.272633959398465,
            0.0
        ],
        [
            0.0,
            0.0,
            -18.05255317002401
        ]
    ],
    "quadrupole moment normalized": [
        [
            -0.10377408735170227,
            -1.6688146031979415e-17,
            0.0
        ],
        [
            -1.6688146031979415e-17,
            -0.10377408735170227,
            0.0
        ],
        [
            0.0,
            0.0,
            -0.11078765320137485
        ]
    ]
}