{
    "Material": "CrN2",
    "steinhart_vector": [
        [
            0.06923863076124104,
            3.857605170340889e-18,
            0.0025040488339284467,
            1.938451628018093e-17,
            0.052733682429469485,
            1.9688414866425404e-17,
            0.02503144726043808,
            4.2668133584782773e-17,
            0.04930564685237786,
            4.103875734336268e-17,
            0.029452042443293358
        ],
        "CrN2"
    ],
    "steinhart_parameter_sum": 0.22826549858074838,
    "band_gap": 0.0,
    "oxidation_state": 6.0,
    "possible_species": [
        "Cr6+",
        "N3-"
    ],
    "density": 4.92994029469809,
    "quadrupole moment": [
        [
            -25.542195736647447,
            -0.9237459601256008,
            -0.9237459601255975
        ],
        [
            -0.9237459601256008,
            -25.542195736647454,
            0.9237459601255922
        ],
        [
            -0.9237459601255975,
            0.9237459601255922,
            -25.54219573664746
        ]
    ],
    "quadrupole moment normalized": [
        [
            -0.20134749556704204,
            -0.007281830330060503,
            -0.0072818303300605375
        ],
        [
            -0.007281830330060503,
            -0.2013474955670419,
            0.00728183033006048
        ],
        [
            -0.0072818303300605375,
            0.00728183033006048,
            -0.20134749556704196
        ]
    ]
}