{
    "Material": "ZrCrAgS4",
    "steinhart_vector": [
        [
            0.02549778122506492,
            0.00018596621727983106,
            0.002409867570348606,
            0.0006295962989150091,
            0.019079128895538557,
            0.0009247993991597126,
            0.010235473057169675,
            0.0013050633760976348,
            0.017253767997979272,
            0.0016187059744003421,
            0.012354662908179517
        ],
        "ZrCrAgS4"
    ],
    "steinhart_parameter_sum": 0.09149481292013308,
    "band_gap": 0.46819999999999995,
    "oxidation_state": 3.0,
    "possible_species": [
        "Zr4+",
        "S2-",
        "Ag+",
        "Cr3+"
    ],
    "density": 4.32354781656251,
    "quadrupole moment": [
        [
            -22.86299935615261,
            -0.1516347293380953,
            1.7671041954112627
        ],
        [
            -0.1516347293380953,
            -25.21806489477886,
            3.316250500456663
        ],
        [
            1.7671041954112627,
            3.316250500456663,
            -24.02177005416506
        ]
    ],
    "quadrupole moment normalized": [
        [
            -0.03962917577922325,
            6.14883970431094e-05,
            0.0030281702758822586
        ],
        [
            6.14883970431094e-05,
            -0.04373738660638297,
            0.005741653229840301
        ],
        [
            0.0030281702758822586,
            0.005741653229840301,
            -0.04146122481366288
        ]
    ]
}