{
    "Material": "NaCrO2",
    "steinhart_vector": [
        [
            0.0728026172538275,
            0.0,
            0.07280261725382751,
            0.0,
            0.0728026172538275,
            0.0,
            0.07280261725382749,
            0.0,
            0.0728026172538275,
            0.0,
            0.07280261725382751
        ],
        "NaCrO2"
    ],
    "steinhart_parameter_sum": 0.43681570352296506,
    "band_gap": 0.7054,
    "oxidation_state": 3.0,
    "possible_species": [
        "Na+",
        "O2-",
        "Cr3+"
    ],
    "density": 1.371122000137483,
    "quadrupole moment": [
        [
            0.0,
            0.0,
            0.0
        ],
        [
            0.0,
            0.0,
            0.0
        ],
        [
            0.0,
            0.0,
            -11.791960951882759
        ]
    ],
    "quadrupole moment normalized": [
        [
            0.0,
            0.0,
            0.0
        ],
        [
            0.0,
            0.0,
            0.0
        ],
        [
            0.0,
            0.0,
            -0.16960707452823362
        ]
    ]
}