{
    "Material": "Mg30NbCrO32",
    "steinhart_vector": [
        [
            0.05782626003436646,
            1.911089101092385e-18,
            0.001839417752999231,
            5.289528560368159e-18,
            0.044181492859270664,
            6.102408317687766e-18,
            0.020516945902267315,
            1.0146207850320113e-17,
            0.04154305122462627,
            1.188970456781145e-17,
            0.02385018811717644
        ],
        "Mg30NbCrO32"
    ],
    "steinhart_parameter_sum": 0.18975735589070641,
    "band_gap": 0.345600000000001,
    "oxidation_state": 2.0,
    "possible_species": [
        "Cr2+",
        "O2-",
        "Mg2+",
        "Nb2+"
    ],
    "density": 3.6608635935167833,
    "quadrupole moment": [
        [
            -19.939215644771643,
            -3.206470429514402e-15,
            0.0
        ],
        [
            -3.206470429514402e-15,
            -19.939215644771643,
            0.0
        ],
        [
            0.0,
            0.0,
            -16.521817568287464
        ]
    ],
    "quadrupole moment normalized": [
        [
            -0.10030484827643808,
            -1.613024983857186e-17,
            0.0
        ],
        [
            -1.613024983857186e-17,
            -0.10030484827643808,
            0.0
        ],
        [
            0.0,
            0.0,
            -0.12105205687774133
        ]
    ]
}