{
    "Material": "LaMgCrNiO6",
    "steinhart_vector": [
        [
            0.06558459067501426,
            0.0011996833113791234,
            0.0019107591048132216,
            0.008573142928015776,
            0.04838385861363745,
            0.010673628196508796,
            0.022040479349568404,
            0.01621725091766483,
            0.04181100010369004,
            0.017499123997776058,
            0.02390657640750074
        ],
        "LaMgCrNiO6"
    ],
    "steinhart_parameter_sum": 0.2578000936055687,
    "band_gap": 0.0,
    "oxidation_state": 5.0,
    "possible_species": [
        "La3+",
        "Ni2+",
        "Cr5+",
        "O2-",
        "Mg2+"
    ],
    "density": 5.541839868484752,
    "quadrupole moment": [
        [
            -13.964245728669566,
            -0.9204830592991171,
            0.3290302770045115
        ],
        [
            -0.9204830592991171,
            -15.156180010604196,
            0.22005547521971103
        ],
        [
            0.3290302770045115,
            0.22005547521971103,
            -14.668363721079116
        ]
    ],
    "quadrupole moment normalized": [
        [
            -0.1400470073639007,
            0.0032280261285631724,
            0.005363038355315181
        ],
        [
            0.0032280261285631724,
            -0.14258139819256574,
            0.0008770378952159333
        ],
        [
            0.005363038355315181,
            0.0008770378952159333,
            -0.13090751181011934
        ]
    ]
}