{
    "Material": "LaMnCrO6",
    "steinhart_vector": [
        [
            0.06437521090974564,
            0.0029221478598022046,
            0.0008754569955567738,
            0.00992870795262764,
            0.046832585146041994,
            0.012835739973628461,
            0.02079951287725342,
            0.01904033523911148,
            0.03878358542391707,
            0.020697528855007176,
            0.021428223774794926
        ],
        "LaMnCrO6"
    ],
    "steinhart_parameter_sum": 0.2585190350074868,
    "band_gap": 0.3578000000000001,
    "oxidation_state": 4.0,
    "possible_species": [
        "Mn4+",
        "La3+",
        "O2-",
        "Cr5+"
    ],
    "density": 5.111148697322554,
    "quadrupole moment": [
        [
            -15.159981193136666,
            -0.6306790068439572,
            0.18558236637110706
        ],
        [
            -0.6306790068439572,
            -16.04987408500844,
            0.28699160508252264
        ],
        [
            0.18558236637110706,
            0.28699160508252264,
            -14.528121759325861
        ]
    ],
    "quadrupole moment normalized": [
        [
            -0.13211921658751577,
            0.0012188108519010366,
            0.0022944771687114025
        ],
        [
            0.0012188108519010366,
            -0.13360366292887685,
            0.0007816968352034702
        ],
        [
            0.0022944771687114025,
            0.0007816968352034702,
            -0.1335211194965599
        ]
    ]
}