{
    "Material": "U2CrN3",
    "steinhart_vector": [
        [
            0.07199167436090624,
            8.244078514697737e-18,
            0.03612327194323813,
            1.6079083739643257e-17,
            0.05972441022482142,
            2.7084749457330173e-17,
            0.04230401371099839,
            3.143216642992039e-17,
            0.05748424415966386,
            4.010290341852777e-17,
            0.044286656016484134
        ],
        "U2CrN3"
    ],
    "steinhart_parameter_sum": 0.3119142704161123,
    "band_gap": 0.0,
    "oxidation_state": 3.0,
    "possible_species": [
        "Cr3+",
        "N3-",
        "U3+"
    ],
    "density": 12.196770712372187,
    "quadrupole moment": [
        [
            -21.715070607658564,
            -1.877815884033486,
            0.7720153592557883
        ],
        [
            -1.877815884033486,
            -1.788695359783145,
            6.321732551129595
        ],
        [
            0.7720153592557883,
            6.321732551129595,
            -24.0847667208764
        ]
    ],
    "quadrupole moment normalized": [
        [
            -0.23483389720928027,
            -0.014173720290265451,
            -0.015241668409179437
        ],
        [
            -0.014173720290265451,
            -0.013501040186967515,
            0.04771632282559779
        ],
        [
            -0.015241668409179437,
            0.04771632282559779,
            -0.18804969543094646
        ]
    ]
}