{
    "Material": "CrAsO6",
    "steinhart_vector": [
        [
            0.06720076291323111,
            0.003988438953909142,
            0.003171816463412082,
            0.015154365710627999,
            0.046158935120413296,
            0.01824343997094301,
            0.02208378113476693,
            0.02493758526206665,
            0.034275147745560154,
            0.0249663185090029,
            0.02729362341858785
        ],
        "CrAsO6"
    ],
    "steinhart_parameter_sum": 0.28747421520252114,
    "band_gap": 0.19510000000000005,
    "oxidation_state": 6.0,
    "possible_species": [
        "O2-",
        "O-",
        "As5+",
        "Cr6+"
    ],
    "density": 3.2359336726051113,
    "quadrupole moment": [
        [
            -13.815073448356559,
            0.6391788973255657,
            0.3301342315689384
        ],
        [
            0.6391788973255657,
            -14.251232669302741,
            0.8553992996012798
        ],
        [
            0.3301342315689384,
            0.8553992996012798,
            -14.71052851508699
        ]
    ],
    "quadrupole moment normalized": [
        [
            -0.13863041057001338,
            -0.0077390885066718025,
            -0.0006850795806033726
        ],
        [
            -0.0077390885066718025,
            -0.13488593706287913,
            0.00010404869613148474
        ],
        [
            -0.0006850795806033726,
            0.00010404869613148474,
            -0.16456034595301236
        ]
    ]
}