{
    "Material": "NdCrO3",
    "steinhart_vector": [
        [
            0.06282507647877411,
            1.266144628837933e-07,
            0.0008272147069190708,
            2.023590101603393e-07,
            0.04796600899789474,
            3.3588964916272315e-07,
            0.022278249992916686,
            4.3299909400134156e-07,
            0.045064097117095636,
            5.614105490679702e-07,
            0.025964704120191095
        ],
        "NdCrO3"
    ],
    "steinhart_parameter_sum": 0.2049270106865566,
    "band_gap": 2.2364,
    "oxidation_state": 3.0,
    "possible_species": [
        "O2-",
        "Nd3+",
        "Cr3+"
    ],
    "density": 7.009167420076486,
    "quadrupole moment": [
        [
            -15.916195240190447,
            -0.155993623316677,
            0.22806763052744972
        ],
        [
            -0.155993623316677,
            -15.773309090011631,
            -0.23526423069638347
        ],
        [
            0.22806763052744972,
            -0.23526423069638347,
            -15.81596912409597
        ]
    ],
    "quadrupole moment normalized": [
        [
            -0.12661727734611236,
            -0.000415125897412702,
            0.0013597318095613644
        ],
        [
            -0.000415125897412702,
            -0.12480035936590572,
            -0.0022053817335431943
        ],
        [
            0.0013597318095613644,
            -0.0022053817335431943,
            -0.12749587578157262
        ]
    ]
}