{
    "Material": "CrN3O8",
    "steinhart_vector": [
        [
            0.06310643075375906,
            0.0003727544777756313,
            0.011106224486205112,
            0.024933515244171253,
            0.030611168039250052,
            0.007059403369455371,
            0.009996887174247822,
            0.015967841989867608,
            0.0349715516334947,
            0.015099068792535248,
            0.024805009008079713
        ],
        "CrN3O8"
    ],
    "steinhart_parameter_sum": 0.23802985496884155,
    "band_gap": 0.0,
    "oxidation_state": 3.0,
    "possible_species": [
        "N2+",
        "O-",
        "O2-",
        "Cr3+"
    ],
    "density": 1.801062347299126,
    "quadrupole moment": [
        [
            -6.934616464185228,
            -0.8451797967687351,
            0.14003175341745872
        ],
        [
            -0.8451797967687351,
            -12.15704774650361,
            -0.2040739545608204
        ],
        [
            0.14003175341745872,
            -0.2040739545608204,
            -12.29803701301954
        ]
    ],
    "quadrupole moment normalized": [
        [
            -0.05650718801852512,
            -0.007660928933528877,
            0.001659234445200605
        ],
        [
            -0.007660928933528877,
            -0.09872169974141151,
            -0.0018033757098647114
        ],
        [
            0.001659234445200605,
            -0.0018033757098647114,
            -0.0996508630797498
        ]
    ]
}