{
    "Material": "CrCoP",
    "steinhart_vector": [
        [
            0.02702918478701372,
            0.0008905141203201376,
            0.0037955989278468786,
            0.012137151846185848,
            0.017275753416086986,
            0.009757369998864751,
            0.006923367738612165,
            0.015240240968838964,
            0.011332602445422162,
            0.012801669341569281,
            0.010677662246565458
        ],
        "CrCoP"
    ],
    "steinhart_parameter_sum": 0.12786111583732634,
    "band_gap": 0.0,
    "oxidation_state": 2.0,
    "possible_species": [
        "Cr2+",
        "Co+",
        "P3-"
    ],
    "density": 6.984927941819182,
    "quadrupole moment": [
        [
            -37.265624049072,
            -6.217248937900877e-15,
            -2.6645352591003757e-15
        ],
        [
            -6.217248937900877e-15,
            -30.59187638854501,
            -5.249219535306915
        ],
        [
            -2.6645352591003757e-15,
            -5.249219535306915,
            -23.53984837398299
        ]
    ],
    "quadrupole moment normalized": [
        [
            -0.06522163057527273,
            1.214306433183765e-17,
            1.214306433183765e-17
        ],
        [
            1.214306433183765e-17,
            -0.05608598369591872,
            -0.00604186850514505
        ],
        [
            1.214306433183765e-17,
            -0.00604186850514505,
            -0.043159026883651544
        ]
    ]
}