{
    "Material": "CrN2",
    "steinhart_vector": [
        [
            0.08266483847215003,
            0.0018935520906163752,
            0.0023173572004924425,
            0.06147495645593815,
            0.042108619664309524,
            0.0057139047986577785,
            0.05167784180506118,
            0.050302167811141725,
            0.019362673167706894,
            0.04270289549464992,
            0.052975050679766766
        ],
        "CrN2"
    ],
    "steinhart_parameter_sum": 0.41319385764049077,
    "band_gap": 0.0,
    "oxidation_state": 6.0,
    "possible_species": [
        "Cr6+",
        "N3-"
    ],
    "density": 1.5771214578624078,
    "quadrupole moment": [
        [
            -12.373500803466431,
            -0.21048191443759223,
            0.207210736607764
        ],
        [
            -0.21048191443759223,
            -11.356802876462538,
            0.07725375345227059
        ],
        [
            0.207210736607764,
            0.07725375345227059,
            -12.107829112201333
        ]
    ],
    "quadrupole moment normalized": [
        [
            -0.19754879878871637,
            -0.003367621742316508,
            0.0030009154036095415
        ],
        [
            -0.003367621742316508,
            -0.18264330514874072,
            0.001740039103902016
        ],
        [
            0.0030009154036095415,
            0.001740039103902016,
            -0.1938206561452005
        ]
    ]
}