{
    "Material": "YCrGeO5",
    "steinhart_vector": [
        [
            0.06257880381974316,
            0.0001628468622413304,
            0.0029367042144696895,
            0.0045096705704431184,
            0.04707443048900484,
            0.0059607889859548515,
            0.022482873998157796,
            0.008884055421790927,
            0.04265731744251764,
            0.010487638475402083,
            0.025837896117121173
        ],
        "YCrGeO5"
    ],
    "steinhart_parameter_sum": 0.23357302639684663,
    "band_gap": 2.863,
    "oxidation_state": 3.0,
    "possible_species": [
        "Ge4+",
        "Y3+",
        "O2-",
        "Cr3+"
    ],
    "density": 5.314018196058346,
    "quadrupole moment": [
        [
            -16.86970857855394,
            -2.508952247348706e-15,
            -1.341158087364569e-16
        ],
        [
            -2.508952247348706e-15,
            -14.4901460583781,
            0.4225329386813015
        ],
        [
            -1.341158087364569e-16,
            0.4225329386813015,
            -16.53249641951825
        ]
    ],
    "quadrupole moment normalized": [
        [
            -0.13603898671750395,
            1.4878133718521785e-18,
            1.2219297297090537e-17
        ],
        [
            1.4878133718521785e-18,
            -0.11519340796791876,
            -0.0003502539034407094
        ],
        [
            1.2219297297090537e-17,
            -0.0003502539034407094,
            -0.12474801647270592
        ]
    ]
}