{
    "Material": "YMg30CrO32",
    "steinhart_vector": [
        [
            0.054781366374966216,
            3.865842373886966e-18,
            0.00026648984786581696,
            1.1716371035329079e-17,
            0.04184031329307601,
            1.249239691721029e-17,
            0.01936974193097764,
            2.0601849951429998e-17,
            0.039337311106351115,
            2.2704601702204818e-17,
            0.022539752556344998
        ],
        "YMg30CrO32"
    ],
    "steinhart_parameter_sum": 0.17813497510958187,
    "band_gap": 0.39509999999999934,
    "oxidation_state": 2.0,
    "possible_species": [
        "Cr2+",
        "Y2+",
        "Mg2+",
        "O2-"
    ],
    "density": 3.5987623772956248,
    "quadrupole moment": [
        [
            -21.030517124955136,
            -4.0731011252432836e-15,
            -1.2877477740744954e-15
        ],
        [
            -4.0731011252432836e-15,
            -21.030517124955136,
            -1.287747774074495e-15
        ],
        [
            -1.2877477740744954e-15,
            -1.287747774074495e-15,
            -20.4269935768174
        ]
    ],
    "quadrupole moment normalized": [
        [
            -0.0950998964084801,
            -1.841854352750378e-17,
            -5.823189186794502e-18
        ],
        [
            -1.841854352750378e-17,
            -0.0950998964084801,
            -5.823189186794501e-18
        ],
        [
            -5.823189186794502e-18,
            -5.823189186794501e-18,
            -0.09790966019932569
        ]
    ]
}