{
    "Material": "TiCrN2",
    "steinhart_vector": [
        [
            0.06757639143876848,
            2.898871275699757e-18,
            0.0007120453153773859,
            1.2821567066551244e-17,
            0.05160004237197346,
            1.2331823930050463e-17,
            0.02393822275245103,
            2.0500917653503108e-17,
            0.04849032649357313,
            2.4498785464358862e-17,
            0.02788471705119321
        ],
        "TiCrN2"
    ],
    "steinhart_parameter_sum": 0.22020174542333673,
    "band_gap": 0.0,
    "oxidation_state": 3.0,
    "possible_species": [
        "N3-",
        "Cr3+",
        "Ti3+"
    ],
    "density": 5.748705744615164,
    "quadrupole moment": [
        [
            -27.09675913329611,
            1.1265640350366368e-05,
            -3.0659181610825925e-05
        ],
        [
            1.1265640350366368e-05,
            -26.995939331821496,
            -0.27439356623741684
        ],
        [
            -3.0659181610825925e-05,
            -0.27439356623741684,
            -26.34996308813672
        ]
    ],
    "quadrupole moment normalized": [
        [
            -0.19381671836725217,
            -2.402734920539662e-07,
            -1.8220469195917577e-09
        ],
        [
            -2.402734920539662e-07,
            -0.19309567497671246,
            -0.001962810732569799
        ],
        [
            -1.8220469195917577e-09,
            -0.001962810732569799,
            -0.1884752603217458
        ]
    ]
}