{
    "Material": "Mn2CrGa3Se8",
    "steinhart_vector": [
        [
            0.011872390542247912,
            0.0006970759632439308,
            0.0006304243636067206,
            0.008749203043971929,
            0.006076689689901409,
            0.0017594188091100936,
            0.0072572921056534455,
            0.007089345188252911,
            0.003566973369127332,
            0.006051220086656451,
            0.0072076917904752074
        ],
        "Mn2CrGa3Se8"
    ],
    "steinhart_parameter_sum": 0.060957724952247334,
    "band_gap": 0.0,
    "oxidation_state": 2.0,
    "possible_species": [
        "Mn2+",
        "Se2-",
        "Cr3+",
        "Ga3+"
    ],
    "density": 4.762742960007848,
    "quadrupole moment": [
        [
            -15.256980644273995,
            -0.010582303640399533,
            -0.2481276259895029
        ],
        [
            -0.010582303640399533,
            -15.244849305876478,
            -0.14377410452327088
        ],
        [
            -0.2481276259895029,
            -0.14377410452327088,
            -18.609391882240395
        ]
    ],
    "quadrupole moment normalized": [
        [
            -0.01217896843680946,
            -5.722264221793567e-06,
            -0.00013416344793769916
        ],
        [
            -5.722264221793567e-06,
            -0.012172408549091867,
            -7.773914536954356e-05
        ],
        [
            -0.00013416344793769916,
            -7.773914536954356e-05,
            -0.013991639154154027
        ]
    ]
}