{
    "Material": "Tl2V9CrS16",
    "steinhart_vector": [
        [
            0.025988206196376963,
            0.001449104842766853,
            0.001610969673159913,
            0.0033640865798634655,
            0.018850945435953458,
            0.005385846735582023,
            0.009043273522580907,
            0.006569128119961204,
            0.015587152159171443,
            0.008711929408530382,
            0.009775608182650022
        ],
        "Tl2V9CrS16"
    ],
    "steinhart_parameter_sum": 0.10633625085659662,
    "band_gap": 0.0,
    "oxidation_state": 3.0,
    "possible_species": [
        "S2-",
        "Tl+",
        "V3+",
        "Cr3+"
    ],
    "density": 5.051087669494731,
    "quadrupole moment": [
        [
            -21.258238428577997,
            -4.218476752363859e-15,
            4.445069794792611e-16
        ],
        [
            -4.218476752363859e-15,
            -23.537209842328615,
            1.293556497377617
        ],
        [
            4.445069794792611e-16,
            1.293556497377617,
            -24.953762187835956
        ]
    ],
    "quadrupole moment normalized": [
        [
            -0.03921584752910336,
            -2.802083457013465e-18,
            -3.1579928464950265e-18
        ],
        [
            -2.802083457013465e-18,
            -0.04223461124266574,
            0.0013912541216141716
        ],
        [
            -3.1579928464950265e-18,
            0.0013912541216141716,
            -0.048439484608024636
        ]
    ]
}