{
    "Material": "MnCrB2",
    "steinhart_vector": [
        [
            0.09121337006538591,
            0.021018921868511124,
            0.010605217280759326,
            0.03828264900611286,
            0.03570930869637934,
            0.02433362708962841,
            0.020230912223643437,
            0.047058456349337856,
            0.038234849092633985,
            0.0342952739084665,
            0.04163536373346327
        ],
        "MnCrB2"
    ],
    "steinhart_parameter_sum": 0.40261794931432193,
    "band_gap": 0.0,
    "oxidation_state": 3.0,
    "possible_species": [
        "B3-",
        "Cr3+",
        "Mn3+"
    ],
    "density": 6.332485375287371,
    "quadrupole moment": [
        [
            -36.090868617110715,
            -1.3659088897927285,
            -2.558011740533176e-15
        ],
        [
            -1.3659088897927285,
            -39.13271219152804,
            -5.665356723811188e-15
        ],
        [
            -2.558011740533176e-15,
            -5.665356723811188e-15,
            -25.77559578126977
        ]
    ],
    "quadrupole moment normalized": [
        [
            -0.3018700971533893,
            -0.01728095966075127,
            7.168809084971382e-18
        ],
        [
            -0.01728095966075127,
            -0.3403543448924883,
            -3.633323853200281e-18
        ],
        [
            7.168809084971382e-18,
            -3.633323853200281e-18,
            -0.2314665892064848
        ]
    ]
}