{
    "Material": "Mn3CrTe4",
    "steinhart_vector": [
        [
            0.0067028167320967325,
            5.439424624943271e-19,
            0.0005348889518711808,
            1.3515435408180493e-18,
            0.005049544930220169,
            3.501903604582786e-18,
            0.002616081420386665,
            2.9897115085899466e-18,
            0.004620967261626227,
            5.241805937662321e-18,
            0.0031696746136848264
        ],
        "Mn3CrTe4"
    ],
    "steinhart_parameter_sum": 0.022693973909885812,
    "band_gap": 0.0,
    "oxidation_state": 2.0,
    "possible_species": [
        "Mn2+",
        "Cr2+",
        "Te2-"
    ],
    "density": 6.503355600272738,
    "quadrupole moment": [
        [
            -35.553481577616786,
            -7.390457820139856e-06,
            -3.148182178136635e-16
        ],
        [
            -7.390457820139856e-06,
            -35.553490111378316,
            -8.881784197001252e-16
        ],
        [
            -3.148182178136635e-16,
            -8.881784197001252e-16,
            -27.670946428380027
        ]
    ],
    "quadrupole moment normalized": [
        [
            -0.010090706730936063,
            -5.875904835344333e-10,
            1.8838612190434494e-09
        ],
        [
            -5.875904835344333e-10,
            -0.010090707409426787,
            -1.0876480419433343e-09
        ],
        [
            1.8838612190434494e-09,
            -1.0876480419433343e-09,
            -0.007853503197540638
        ]
    ]
}