{
    "Material": "MgCr(SiO3)2",
    "steinhart_vector": [
        [
            0.05549660183840659,
            0.005841069056362848,
            0.009612081299792618,
            0.010199773973761693,
            0.035582255412006984,
            0.01831309986662225,
            0.023652381934197376,
            0.014778100859093757,
            0.02672381103956589,
            0.022821755573356778,
            0.025549719003506076
        ],
        "MgCr(SiO3)2"
    ],
    "steinhart_parameter_sum": 0.24857064985667288,
    "band_gap": 2.3232,
    "oxidation_state": 2.0,
    "possible_species": [
        "Mg2+",
        "Si4+",
        "Cr2+",
        "O2-"
    ],
    "density": 3.371205449911839,
    "quadrupole moment": [
        [
            -20.342991179026725,
            -6.491712279255792,
            0.11947429463353298
        ],
        [
            -6.491712279255792,
            -24.734111920297977,
            -0.1110965810976614
        ],
        [
            0.11947429463353298,
            -0.1110965810976614,
            -17.582164972960253
        ]
    ],
    "quadrupole moment normalized": [
        [
            -0.11124675977212184,
            -0.013422394614166208,
            -0.025071856063624248
        ],
        [
            -0.013422394614166208,
            -0.10165576018297136,
            -0.01040956640548498
        ],
        [
            -0.025071856063624248,
            -0.01040956640548498,
            -0.0853050999159917
        ]
    ]
}