{
    "Material": "ZnCrF5",
    "steinhart_vector": [
        [
            0.05516900221069593,
            0.014993643039269167,
            0.015661327694423886,
            0.024891520897520246,
            0.04056449428598708,
            0.017618314220130184,
            0.02323914884345743,
            0.02890522492756955,
            0.033108467307976515,
            0.024369284358570838,
            0.023462857503054657
        ],
        "ZnCrF5"
    ],
    "steinhart_parameter_sum": 0.3019832852886555,
    "band_gap": 3.2379,
    "oxidation_state": 2.0,
    "possible_species": [
        "Cr3+",
        "Zn2+",
        "F-"
    ],
    "density": 3.9166827775516357,
    "quadrupole moment": [
        [
            -5.096339566597419,
            1.9150438013465796,
            -0.15774064864376225
        ],
        [
            1.9150438013465796,
            -5.9303045589675465,
            0.19571832044723458
        ],
        [
            -0.15774064864376225,
            0.19571832044723458,
            -5.268937147007051
        ]
    ],
    "quadrupole moment normalized": [
        [
            -0.03449204010231273,
            0.01817637288293608,
            -0.0009024509595758068
        ],
        [
            0.01817637288293608,
            -0.044615244742365154,
            0.0010554160367822031
        ],
        [
            -0.0009024509595758068,
            0.0010554160367822031,
            -0.030621497505043515
        ]
    ]
}