{
    "Material": "ZrCrCuS4",
    "steinhart_vector": [
        [
            0.025550062964919747,
            0.00028732253159157047,
            0.001458598840569769,
            0.00047218373158625695,
            0.019357762514856942,
            0.0008890230981351829,
            0.009501489309455954,
            0.0010891470353714989,
            0.017909664422492012,
            0.0015023829593012923,
            0.011264375084064514
        ],
        "ZrCrCuS4"
    ],
    "steinhart_parameter_sum": 0.08928201249234474,
    "band_gap": 0.18849999999999945,
    "oxidation_state": 3.0,
    "possible_species": [
        "Zr4+",
        "Cr3+",
        "S2-",
        "Cu+"
    ],
    "density": 4.1901855164656725,
    "quadrupole moment": [
        [
            -25.114184796673808,
            -0.25114774438341847,
            -1.603081678963422
        ],
        [
            -0.25114774438341847,
            -22.40560542923043,
            1.0412579831565068
        ],
        [
            -1.603081678963422,
            1.0412579831565068,
            -24.28619579882197
        ]
    ],
    "quadrupole moment normalized": [
        [
            -0.043746535791875374,
            -0.0005521415369490329,
            -0.0026463971585197438
        ],
        [
            -0.0005521415369490329,
            -0.039124198610770204,
            0.0020094462507568933
        ],
        [
            -0.0026463971585197438,
            0.0020094462507568933,
            -0.04246828264206695
        ]
    ]
}