{
    "Material": "Cr(CuO3)2",
    "steinhart_vector": [
        [
            0.07455542723562265,
            0.0022509606830299228,
            0.0022508100875987596,
            0.055502371266510475,
            0.03801569886521415,
            0.004306094771191065,
            0.04670795885049034,
            0.045513175815525365,
            0.01696289380008564,
            0.038524719222899385,
            0.048089674876586
        ],
        "Cr(CuO3)2"
    ],
    "steinhart_parameter_sum": 0.3726797854747537,
    "band_gap": 0.0,
    "oxidation_state": 6.0,
    "possible_species": [
        "Cr6+",
        "O-",
        "Cu2+",
        "O2-"
    ],
    "density": 4.269496932069125,
    "quadrupole moment": [
        [
            -3.6127308962521165,
            0.19674165765250506,
            0.11356950919604966
        ],
        [
            0.19674165765250506,
            -4.070767121794136,
            0.06320292857358933
        ],
        [
            0.11356950919604966,
            0.06320292857358933,
            -3.6148682018829503
        ]
    ],
    "quadrupole moment normalized": [
        [
            -0.05965312644476346,
            -0.0009154655453134444,
            0.0001853443597381627
        ],
        [
            -0.0009154655453134444,
            -0.056183122215491585,
            -0.00378404731897093
        ],
        [
            0.0001853443597381627,
            -0.00378404731897093,
            -0.062313863903994876
        ]
    ]
}