{
    "Material": "CrAu4",
    "steinhart_vector": [
        [
            0.004385792913992269,
            1.8583778422792394e-19,
            5.612154914704437e-06,
            5.627458780030268e-19,
            0.0008395443641327157,
            7.938797844325811e-19,
            0.0025183230686000235,
            9.393202664816688e-19,
            0.0017720954470822983,
            1.352324089536115e-18,
            0.00012237371074199824
        ],
        "CrAu4"
    ],
    "steinhart_parameter_sum": 0.009643741659464014,
    "band_gap": 0.0,
    "oxidation_state": 2.0,
    "possible_species": [
        "Au0.5-",
        "Cr2+"
    ],
    "density": 16.26337825928696,
    "quadrupole moment": [
        [
            -16.660573267160135,
            0.01637434595440429,
            -0.0032943437484780347
        ],
        [
            0.01637434595440429,
            -16.637711134535053,
            -0.030668756051915325
        ],
        [
            -0.0032943437484780347,
            -0.030668756051915325,
            -16.683121884516456
        ]
    ],
    "quadrupole moment normalized": [
        [
            -0.0030342422395864535,
            -5.429881778431446e-06,
            3.6046227427107393e-06
        ],
        [
            -5.429881778431446e-06,
            -0.0030468253012822504,
            5.92348761875152e-06
        ],
        [
            3.6046227427107393e-06,
            5.92348761875152e-06,
            -0.003036460925730974
        ]
    ]
}