{
    "Material": "Cs2NaCrCl6",
    "steinhart_vector": [
        [
            0.024665407473570652,
            1.5932807659539227e-18,
            2.6848814613961976e-18,
            6.830283506289318e-18,
            0.01883851613242783,
            3.810169217155062e-18,
            0.008720538442645575,
            9.796962454990059e-18,
            0.017711497304289232,
            1.1197165339361573e-17,
            0.010147974343668148
        ],
        "Cs2NaCrCl6"
    ],
    "steinhart_parameter_sum": 0.08008393369660147,
    "band_gap": 1.3532,
    "oxidation_state": 3.0,
    "possible_species": [
        "Cr3+",
        "Cl-",
        "Cs+",
        "Na+"
    ],
    "density": 3.202787155781387,
    "quadrupole moment": [
        [
            -11.375108925771967,
            -4.440892098500626e-16,
            -8.881784197001252e-16
        ],
        [
            -4.440892098500626e-16,
            -11.375108925771967,
            -4.440892098500626e-16
        ],
        [
            -8.881784197001252e-16,
            -4.440892098500626e-16,
            -11.375108925771967
        ]
    ],
    "quadrupole moment normalized": [
        [
            -0.020684999078467343,
            -8.673617379884035e-19,
            -2.168404344971009e-18
        ],
        [
            -8.673617379884035e-19,
            -0.020684999078467346,
            -8.673617379884035e-19
        ],
        [
            -2.168404344971009e-18,
            -8.673617379884035e-19,
            -0.020684999078467346
        ]
    ]
}