{
    "Material": "EuCrTeO6",
    "steinhart_vector": [
        [
            0.0637444386469723,
            9.243107794532471e-05,
            0.0031585235379804778,
            0.00950601164568454,
            0.04642634473593822,
            0.010711614988281826,
            0.02163037806369715,
            0.018927077643860098,
            0.038628328469247304,
            0.01748933813367183,
            0.02272220513964139
        ],
        "EuCrTeO6"
    ],
    "steinhart_parameter_sum": 0.25303669208292046,
    "band_gap": 0.0,
    "oxidation_state": 3.0,
    "possible_species": [
        "O2-",
        "Eu3+",
        "Te6+",
        "Cr3+"
    ],
    "density": 6.131010442178001,
    "quadrupole moment": [
        [
            -16.117491208224266,
            0.04765617047364512,
            -0.053008495303483505
        ],
        [
            0.04765617047364512,
            -16.167764276504318,
            0.018834415575677443
        ],
        [
            -0.053008495303483505,
            0.018834415575677443,
            -13.859202427423622
        ]
    ],
    "quadrupole moment normalized": [
        [
            -0.13617562792338403,
            0.000354898152001043,
            -0.00011457014607178274
        ],
        [
            0.000354898152001043,
            -0.1367509371089771,
            0.00022513261415533364
        ],
        [
            -0.00011457014607178274,
            0.00022513261415533364,
            -0.11715622975700163
        ]
    ]
}