{
    "Material": "Ca2CrO5",
    "steinhart_vector": [
        [
            0.06607116934011495,
            0.0036964591259141173,
            0.002521354982206705,
            0.018627607284644628,
            0.04314859421439999,
            0.019336832816842304,
            0.02515070302358879,
            0.022505450685057354,
            0.03397242454676716,
            0.019206734544967696,
            0.03465362319238922
        ],
        "Ca2CrO5"
    ],
    "steinhart_parameter_sum": 0.2888909537568929,
    "band_gap": 0.0,
    "oxidation_state": 6.0,
    "possible_species": [
        "O2-",
        "Ca2+",
        "Cr6+"
    ],
    "density": 3.124340956879346,
    "quadrupole moment": [
        [
            -16.68655612574245,
            0.9859971067336502,
            -0.7116208832561601
        ],
        [
            0.9859971067336502,
            -14.00483919384434,
            -2.9076435182481806
        ],
        [
            -0.7116208832561601,
            -2.9076435182481806,
            -14.829438578537493
        ]
    ],
    "quadrupole moment normalized": [
        [
            -0.13718796821191298,
            -0.0009883903225305479,
            0.006297478221706107
        ],
        [
            -0.0009883903225305479,
            -0.13539575724108177,
            0.0029143398480610434
        ],
        [
            0.006297478221706107,
            0.0029143398480610434,
            -0.15362306958771635
        ]
    ]
}