{
    "Material": "Ba2CrSnO6",
    "steinhart_vector": [
        [
            0.06229933832350635,
            2.439763730383806e-18,
            1.2646274026249757e-17,
            2.497611754827773e-17,
            0.04758190560218851,
            2.3420763549300185e-17,
            0.022026142295993145,
            3.99674375832109e-17,
            0.0447353064796562,
            5.62097933993419e-17,
            0.02563152818828835
        ],
        "Ba2CrSnO6"
    ],
    "steinhart_parameter_sum": 0.2022742208896327,
    "band_gap": 0.0,
    "oxidation_state": 4.0,
    "possible_species": [
        "Sn4+",
        "O2-",
        "Ba2+",
        "Cr4+"
    ],
    "density": 6.522015353672154,
    "quadrupole moment": [
        [
            -16.103235682585453,
            -1.3322676295501878e-15,
            -1.3322676295501878e-15
        ],
        [
            -1.3322676295501878e-15,
            -16.103235682585453,
            0.0
        ],
        [
            -1.3322676295501878e-15,
            0.0,
            -16.10323568258546
        ]
    ],
    "quadrupole moment normalized": [
        [
            -0.12419864177749461,
            -2.6020852139652106e-17,
            -6.938893903907228e-18
        ],
        [
            -2.6020852139652106e-17,
            -0.1241986417774946,
            -3.469446951953614e-18
        ],
        [
            -6.938893903907228e-18,
            -3.469446951953614e-18,
            -0.12419864177749465
        ]
    ]
}