{
    "Material": "LiCr(MoO4)2",
    "steinhart_vector": [
        [
            0.062343603366116364,
            0.0026795946171849446,
            0.002362646889014865,
            0.009427374966300589,
            0.04505777495487526,
            0.012651367496617485,
            0.02132246855394493,
            0.01673880194953446,
            0.037822814389048436,
            0.01788459253113847,
            0.02545233840219223
        ],
        "LiCr(MoO4)2"
    ],
    "steinhart_parameter_sum": 0.25374337811596803,
    "band_gap": 2.76,
    "oxidation_state": 3.0,
    "possible_species": [
        "O2-",
        "Li+",
        "Cr3+",
        "Mo6+"
    ],
    "density": 3.7634112000640867,
    "quadrupole moment": [
        [
            -16.665231377623112,
            -0.6884204017828104,
            -0.6168456928404158
        ],
        [
            -0.6884204017828104,
            -15.622193112295395,
            0.27199839865930486
        ],
        [
            -0.6168456928404158,
            0.27199839865930486,
            -15.956103753257942
        ]
    ],
    "quadrupole moment normalized": [
        [
            -0.1284671922489077,
            -0.004925118856435492,
            -0.004706597036594578
        ],
        [
            -0.004925118856435492,
            -0.12201044579145022,
            0.0024506612046859104
        ],
        [
            -0.004706597036594578,
            0.0024506612046859104,
            -0.1226541033661254
        ]
    ]
}