{
    "Material": "SrCaCrBiO6",
    "steinhart_vector": [
        [
            0.062779512168814,
            4.2670229815411656e-18,
            9.167035874849153e-19,
            1.9835924970263268e-17,
            0.04794864443433191,
            2.2472987271687245e-17,
            0.02219590938707588,
            2.7519270078206845e-17,
            0.04508010507160607,
            4.1132974242471383e-17,
            0.02582908388923933
        ],
        "SrCaCrBiO6"
    ],
    "steinhart_parameter_sum": 0.20383325495106733,
    "band_gap": 0.2793000000000001,
    "oxidation_state": 3.0,
    "possible_species": [
        "O2-",
        "Cr3+",
        "Ca2+",
        "Sr2+",
        "Bi5+"
    ],
    "density": 5.950927480533423,
    "quadrupole moment": [
        [
            -15.857844102059754,
            -2.220446049250313e-15,
            0.0
        ],
        [
            -2.220446049250313e-15,
            -15.857844102059751,
            0.0
        ],
        [
            0.0,
            0.0,
            -15.857844102059758
        ]
    ],
    "quadrupole moment normalized": [
        [
            -0.1261205487409365,
            6.938893903907228e-18,
            0.0
        ],
        [
            6.938893903907228e-18,
            -0.1261205487409365,
            0.0
        ],
        [
            0.0,
            0.0,
            -0.1261205487409366
        ]
    ]
}