{
    "Material": "CaCrF5",
    "steinhart_vector": [
        [
            0.05805977751033204,
            0.0012948970171897947,
            0.002656178076884233,
            0.00440644406426985,
            0.04361041474846337,
            0.006011732190372336,
            0.020738049332053952,
            0.008923989693276952,
            0.03942709706338057,
            0.010017803278993776,
            0.023715399268102892
        ],
        "CaCrF5"
    ],
    "steinhart_parameter_sum": 0.21886178224331976,
    "band_gap": 3.1383,
    "oxidation_state": 3.0,
    "possible_species": [
        "Cr3+",
        "F-",
        "Ca2+"
    ],
    "density": 3.2003795095373446,
    "quadrupole moment": [
        [
            -7.539798159174936,
            -0.0336483743618233,
            0.5679719861750991
        ],
        [
            -0.0336483743618233,
            -7.187102074056268,
            0.036844042547127365
        ],
        [
            0.5679719861750991,
            0.036844042547127365,
            -7.272003433410611
        ]
    ],
    "quadrupole moment normalized": [
        [
            -0.06423368183171597,
            4.858427820864878e-05,
            0.00320161747431955
        ],
        [
            4.858427820864878e-05,
            -0.06140470279971678,
            0.00037092301737880586
        ],
        [
            0.00320161747431955,
            0.00037092301737880586,
            -0.05646111936926481
        ]
    ]
}