{
    "Material": "Sr4CrN4",
    "steinhart_vector": [
        [
            0.08239860259747311,
            0.0023811943735173664,
            0.04130810658627264,
            0.06483957752725136,
            0.03154184530409428,
            0.04335881967016021,
            0.06022334731398481,
            0.03663419272855658,
            0.04438550756206785,
            0.05747720863810423,
            0.039478196742893365
        ],
        "Sr4CrN4"
    ],
    "steinhart_parameter_sum": 0.5040265990443757,
    "band_gap": 0.984,
    "oxidation_state": 4.0,
    "possible_species": [
        "N3-",
        "Cr4+",
        "Sr2+"
    ],
    "density": 4.188342009547234,
    "quadrupole moment": [
        [
            -12.770205980871067,
            0.0,
            0.1897078906613241
        ],
        [
            0.0,
            0.0,
            0.0
        ],
        [
            0.1897078906613241,
            0.0,
            -14.2924794874949
        ]
    ],
    "quadrupole moment normalized": [
        [
            -0.20607437302103232,
            0.0,
            -0.0026636648259332346
        ],
        [
            0.0,
            0.0,
            0.0
        ],
        [
            -0.0026636648259332346,
            0.0,
            -0.2217199793668423
        ]
    ]
}