{
    "Material": "NaMg6CrO8",
    "steinhart_vector": [
        [
            0.06012919402689838,
            2.901737416863531e-18,
            0.0018040062726364429,
            5.324373853892567e-18,
            0.04593919170438725,
            9.404436717900189e-18,
            0.021325750411024143,
            1.3096338924920064e-17,
            0.04319524112067497,
            1.5510659443011193e-17,
            0.02479325787547275
        ],
        "NaMg6CrO8"
    ],
    "steinhart_parameter_sum": 0.197186641411094,
    "band_gap": 0.6704999999999997,
    "oxidation_state": 3.0,
    "possible_species": [
        "Cr3+",
        "Mg2+",
        "O2-",
        "Na+"
    ],
    "density": 3.6543095941554693,
    "quadrupole moment": [
        [
            -15.384874791124625,
            0.0,
            -9.42051883411679e-16
        ],
        [
            0.0,
            -18.372477590896352,
            -1.1249897937048847e-15
        ],
        [
            -9.42051883411679e-16,
            -1.1249897937048847e-15,
            -18.372477590896352
        ]
    ],
    "quadrupole moment normalized": [
        [
            -0.12999780805195627,
            0.0,
            -7.960069976350014e-18
        ],
        [
            0.0,
            -0.10885848085023705,
            -6.665659506664313e-18
        ],
        [
            -7.960069976350014e-18,
            -6.665659506664313e-18,
            -0.10885848085023705
        ]
    ]
}