{
    "Material": "KCrF3",
    "steinhart_vector": [
        [
            0.05349644646477037,
            5.455477550176659e-18,
            0.0021699908192216693,
            5.072808075120028e-18,
            0.040882396419985326,
            9.97549553637189e-18,
            0.01902295587065421,
            1.4762660884387693e-17,
            0.03844339293647544,
            2.7470657269198754e-17,
            0.02209948076112596
        ],
        "KCrF3"
    ],
    "steinhart_parameter_sum": 0.17611466327223302,
    "band_gap": 0.15739999999999998,
    "oxidation_state": 2.0,
    "possible_species": [
        "K+",
        "Cr2+",
        "F-"
    ],
    "density": 3.4057175476510455,
    "quadrupole moment": [
        [
            -8.175982731085668,
            -0.5943197746114508,
            -0.5255048150677242
        ],
        [
            -0.5943197746114508,
            -8.75750372404875,
            -0.8730124181344552
        ],
        [
            -0.5255048150677242,
            -0.8730124181344552,
            -9.21929750098575
        ]
    ],
    "quadrupole moment normalized": [
        [
            -0.05493398432992545,
            0.003364464686844408,
            0.002647008902025158
        ],
        [
            0.003364464686844408,
            -0.05129337942718237,
            0.004766282884131244
        ],
        [
            0.002647008902025158,
            0.004766282884131244,
            -0.048821579072939034
        ]
    ]
}