{
    "Material": "Nd4CrS7",
    "steinhart_vector": [
        [
            0.026589885292183042,
            0.0023135858908757824,
            0.002274271214063723,
            0.019295449422740567,
            0.013663715976391827,
            0.0060424646616374115,
            0.01567837089094077,
            0.015299311464751015,
            0.010153032459021325,
            0.013394769442605115,
            0.014610785693520806
        ],
        "Nd4CrS7"
    ],
    "steinhart_parameter_sum": 0.13931564240873137,
    "band_gap": 0.0,
    "oxidation_state": 2.0,
    "possible_species": [
        "Nd3+",
        "Cr2+",
        "S2-"
    ],
    "density": 4.829503375483158,
    "quadrupole moment": [
        [
            -17.83619741081394,
            -0.007151459822380538,
            0.011449268261980318
        ],
        [
            -0.007151459822380538,
            -13.21917587882762,
            -0.007868269065223784
        ],
        [
            0.011449268261980318,
            -0.007868269065223784,
            -13.166033647376144
        ]
    ],
    "quadrupole moment normalized": [
        [
            -0.03493550975687602,
            0.00018348787978059847,
            -0.0001473765004414589
        ],
        [
            0.00018348787978059847,
            -0.02793602011142785,
            -0.00029257680338151264
        ],
        [
            -0.0001473765004414589,
            -0.00029257680338151264,
            -0.0276420084049688
        ]
    ]
}