{
    "Material": "Na3CrO6",
    "steinhart_vector": [
        [
            0.06315508511026167,
            7.768395622586252e-18,
            0.05016245058239387,
            1.5242562134071495e-17,
            0.0345600575815691,
            1.764335992337143e-17,
            0.04077561784360265,
            2.3844020328360862e-17,
            0.0507254658135746,
            2.9721976910181465e-17,
            0.04762640397165172
        ],
        "Na3CrO6"
    ],
    "steinhart_parameter_sum": 0.28700508090305377,
    "band_gap": 0.0815999999999999,
    "oxidation_state": 3.0,
    "possible_species": [
        "Na+",
        "O-",
        "Cr3+"
    ],
    "density": 0.19088683327919875,
    "quadrupole moment": [
        [
            -2.2515861341239747,
            5.73261728531449e-07,
            -1.3786982739684464e-16
        ],
        [
            5.73261728531449e-07,
            -13.418210778110861,
            -1.4093485909635062e-15
        ],
        [
            -1.3786982739684464e-16,
            -1.4093485909635062e-15,
            -1.5646954029843649e-31
        ]
    ],
    "quadrupole moment normalized": [
        [
            -0.018339683034076515,
            1.985601714299401e-09,
            -1.1229814977001695e-18
        ],
        [
            1.985601714299401e-09,
            -0.10929438977502415,
            -1.1479466151028433e-17
        ],
        [
            -1.1229814977001695e-18,
            -1.1479466151028433e-17,
            -1.2744801576970088e-33
        ]
    ]
}