{
    "Material": "CaCrN2",
    "steinhart_vector": [
        [
            0.07411448504419263,
            0.004078690213225573,
            0.00248348764840807,
            0.04021202702926288,
            0.036575649409766986,
            0.03468556906409014,
            0.029573712615517448,
            0.032120579399789,
            0.030921054064307816,
            0.03686707628349664,
            0.040158102232505224
        ],
        "CaCrN2"
    ],
    "steinhart_parameter_sum": 0.3617904330045625,
    "band_gap": 0.0,
    "oxidation_state": 4.0,
    "possible_species": [
        "Cr4+",
        "N3-",
        "Ca2+"
    ],
    "density": 3.9790729091791426,
    "quadrupole moment": [
        [
            -20.4547146264,
            -4.9197446116977514e-15,
            8.664277848438053e-16
        ],
        [
            -4.9197446116977514e-15,
            -20.454714626399998,
            0.0
        ],
        [
            8.664277848438053e-16,
            0.0,
            -15.09064303729295
        ]
    ],
    "quadrupole moment normalized": [
        [
            -0.19454403145910543,
            -4.6791508363240435e-17,
            -2.253208926586118e-17
        ],
        [
            -4.6791508363240435e-17,
            -0.19454403145910545,
            0.0
        ],
        [
            -2.253208926586118e-17,
            0.0,
            -0.18867961822720258
        ]
    ]
}