{
    "Material": "Mg14CrBO16",
    "steinhart_vector": [
        [
            0.058876284071137944,
            3.550377727737671e-18,
            5.632514407198176e-05,
            7.267854916542669e-18,
            0.04496751943049802,
            8.017626991672275e-18,
            0.020815976537500933,
            1.1726812211414555e-17,
            0.042277330954183776,
            1.447138433187525e-17,
            0.024223251233648078
        ],
        "Mg14CrBO16"
    ],
    "steinhart_parameter_sum": 0.19121668737104075,
    "band_gap": 0.0,
    "oxidation_state": 2.0,
    "possible_species": [
        "B2+",
        "Cr2+",
        "O2-",
        "Mg2+"
    ],
    "density": 3.538384560136301,
    "quadrupole moment": [
        [
            -17.99569723730536,
            -2.8939288324034027e-15,
            -1.101918651004544e-15
        ],
        [
            -2.8939288324034027e-15,
            -17.99569723730536,
            -1.1019186510045438e-15
        ],
        [
            -1.101918651004544e-15,
            -1.1019186510045438e-15,
            -18.099339660097694
        ]
    ],
    "quadrupole moment normalized": [
        [
            -0.1111376777252047,
            -1.7872301678236433e-17,
            -6.8052200645421026e-18
        ],
        [
            -1.7872301678236433e-17,
            -0.1111376777252047,
            -6.805220064542101e-18
        ],
        [
            -6.8052200645421026e-18,
            -6.805220064542101e-18,
            -0.11050126897221865
        ]
    ]
}