{
    "Material": "CaCrO2",
    "steinhart_vector": [
        [
            0.05954904032604208,
            4.001575214888103e-06,
            0.030594311358045648,
            6.33649469003323e-06,
            0.04813415547860121,
            1.1541061519626668e-05,
            0.03773014254712265,
            1.5042148440463395e-05,
            0.044331268401050374,
            1.9291132039684486e-05,
            0.04141483730252933
        ],
        "CaCrO2"
    ],
    "steinhart_parameter_sum": 0.261809967825296,
    "band_gap": 0.7450000000000001,
    "oxidation_state": 2.0,
    "possible_species": [
        "O2-",
        "Ca2+",
        "Cr2+"
    ],
    "density": 3.926659801212481,
    "quadrupole moment": [
        [
            -13.76701272634034,
            4.435055833274896,
            -7.936197525085938
        ],
        [
            4.435055833274896,
            -11.647610857988942,
            -4.775247641172917
        ],
        [
            -7.936197525085938,
            -4.775247641172917,
            -9.835486700827735
        ]
    ],
    "quadrupole moment normalized": [
        [
            -0.08863193910606823,
            0.028546435941845128,
            -0.05109779892362427
        ],
        [
            0.028546435941845128,
            -0.07498870647261924,
            -0.03074925172950167
        ],
        [
            -0.05109779892362427,
            -0.03074925172950167,
            -0.06332899962074914
        ]
    ]
}