{
    "Material": "Mg6VCrO8",
    "steinhart_vector": [
        [
            0.05743529184600058,
            2.812365825594081e-18,
            6.741415292065429e-05,
            5.970305483426136e-18,
            0.043866950324615024,
            7.507412105005883e-18,
            0.020306540085990032,
            1.1322950411770102e-17,
            0.041242605703945605,
            1.3752196057139736e-17,
            0.02363041596112526
        ],
        "Mg6VCrO8"
    ],
    "steinhart_parameter_sum": 0.1865492180745972,
    "band_gap": 0.0,
    "oxidation_state": 2.0,
    "possible_species": [
        "Mg2+",
        "O2-",
        "Cr2+",
        "V2+"
    ],
    "density": 3.8904863166714367,
    "quadrupole moment": [
        [
            -18.85757074394572,
            -3.0539478663525192e-15,
            -1.154693182563395e-15
        ],
        [
            -3.0539478663525192e-15,
            -18.990764584819516,
            -1.1628489531080068e-15
        ],
        [
            -1.154693182563395e-15,
            -1.1628489531080068e-15,
            -18.990764584819516
        ]
    ],
    "quadrupole moment normalized": [
        [
            -0.10605819949752045,
            -1.693583891785071e-17,
            -6.494191726898495e-18
        ],
        [
            -1.693583891785071e-17,
            -0.10531434851226172,
            -6.448643990491507e-18
        ],
        [
            -6.494191726898495e-18,
            -6.448643990491507e-18,
            -0.10531434851226172
        ]
    ]
}