{
    "Material": "CrCu3HgSe4",
    "steinhart_vector": [
        [
            0.012339398867624172,
            2.2300534107350874e-18,
            2.9447329972155855e-18,
            0.009197244889830524,
            0.006282914371237793,
            7.903794893584433e-18,
            0.007755797880055694,
            0.007551123308282484,
            0.0026253499931736092,
            0.006390948500476532,
            0.008022505431707556
        ],
        "CrCu3HgSe4"
    ],
    "steinhart_parameter_sum": 0.06016528324238837,
    "band_gap": 0.0,
    "oxidation_state": 3.0,
    "possible_species": [
        "Cr3+",
        "Cu+",
        "Hg2+",
        "Se2-"
    ],
    "density": 6.180090550000619,
    "quadrupole moment": [
        [
            -15.150357899780388,
            -2.6645352591003757e-15,
            -8.881784197001252e-16
        ],
        [
            -2.6645352591003757e-15,
            -15.150357899780388,
            -1.3322676295501878e-15
        ],
        [
            -8.881784197001252e-16,
            -1.3322676295501878e-15,
            -15.150357899780387
        ]
    ],
    "quadrupole moment normalized": [
        [
            -0.013804975973565439,
            0.0,
            0.0
        ],
        [
            0.0,
            -0.01380497597356544,
            -4.336808689942018e-19
        ],
        [
            0.0,
            -4.336808689942018e-19,
            -0.013804975973565439
        ]
    ]
}