{
    "Material": "HfCrCuSe4",
    "steinhart_vector": [
        [
            0.01138045473711698,
            2.1741534567748173e-18,
            0.0006156899954028757,
            3.2848703839017562e-18,
            0.008637838544618933,
            5.775728889916033e-18,
            0.004219586436987958,
            8.330456802656553e-18,
            0.008025595338892385,
            1.2731056398338197e-17,
            0.005009348056559796
        ],
        "HfCrCuSe4"
    ],
    "steinhart_parameter_sum": 0.03788851310957896,
    "band_gap": 0.07929999999999993,
    "oxidation_state": 3.0,
    "possible_species": [
        "Se2-",
        "Cr3+",
        "Hf4+",
        "Cu+"
    ],
    "density": 6.568191078800321,
    "quadrupole moment": [
        [
            -28.539233918798462,
            -0.6811656250281182,
            -1.38465504799803
        ],
        [
            -0.6811656250281182,
            -25.04544779064507,
            0.9160036635608675
        ],
        [
            -1.38465504799803,
            0.9160036635608675,
            -26.565575072754932
        ]
    ],
    "quadrupole moment normalized": [
        [
            -0.018795139997738682,
            -0.0004751095580388274,
            -0.0008779390771268937
        ],
        [
            -0.0004751095580388274,
            -0.01651420184591967,
            0.0006480856908182685
        ],
        [
            -0.0008779390771268937,
            0.0006480856908182685,
            -0.017532706108989247
        ]
    ]
}