{
    "Material": "Zn2CrSbO6",
    "steinhart_vector": [
        [
            0.06012744442233348,
            0.010208736472538792,
            0.01671834231695531,
            0.03613290434973701,
            0.03239826324685356,
            0.03165242115814855,
            0.021808606375394734,
            0.03109004226014831,
            0.036799126369375317,
            0.02258855384729964,
            0.030284066635406653
        ],
        "Zn2CrSbO6"
    ],
    "steinhart_parameter_sum": 0.3298085074541914,
    "band_gap": 1.8596999999999997,
    "oxidation_state": 2.0,
    "possible_species": [
        "Zn2+",
        "Sb5+",
        "Cr3+",
        "O2-"
    ],
    "density": 6.1960576999972945,
    "quadrupole moment": [
        [
            -12.01405010522719,
            4.126793110356186,
            0.004037130889507022
        ],
        [
            4.126793110356186,
            -14.629150859595955,
            0.003216067169952072
        ],
        [
            0.004037130889507022,
            0.003216067169952072,
            -7.944666797565766
        ]
    ],
    "quadrupole moment normalized": [
        [
            -0.07713040984511535,
            0.030164799371047456,
            3.222920826470468e-05
        ],
        [
            0.030164799371047456,
            -0.09970523095844461,
            1.158272694573004e-05
        ],
        [
            3.222920826470468e-05,
            1.158272694573004e-05,
            -0.054571979752414346
        ]
    ]
}