{
    "Material": "Na2MgCrF7",
    "steinhart_vector": [
        [
            0.057051199594518265,
            6.7207565695976225e-18,
            0.004501183120984692,
            9.032144333504904e-18,
            0.04299619789149154,
            2.169605487891503e-17,
            0.022214164769692568,
            2.550785385838887e-17,
            0.03937762421962459,
            3.5861963395953984e-17,
            0.026890972367089844
        ],
        "Na2MgCrF7"
    ],
    "steinhart_parameter_sum": 0.19303134196340158,
    "band_gap": 4.2549,
    "oxidation_state": 3.0,
    "possible_species": [
        "Cr3+",
        "F-",
        "Na+",
        "Mg2+"
    ],
    "density": 2.9820926281296054,
    "quadrupole moment": [
        [
            -6.56676376858632,
            0.5392630401804258,
            0.04127584475958157
        ],
        [
            0.5392630401804258,
            -7.9904301851788535,
            0.04477389545147237
        ],
        [
            0.04127584475958157,
            0.04477389545147237,
            -8.205216156286266
        ]
    ],
    "quadrupole moment normalized": [
        [
            -0.05065022715628404,
            0.003650918316326808,
            0.002048811889667476
        ],
        [
            0.003650918316326808,
            -0.06279187216695883,
            -0.0005147244368036317
        ],
        [
            0.002048811889667476,
            -0.0005147244368036317,
            -0.06233014947927547
        ]
    ]
}