{
    "Material": "RbCrP2O7",
    "steinhart_vector": [
        [
            0.06198332601616238,
            0.002006711729101919,
            0.0007263359001092614,
            0.003997047318175728,
            0.04677888885968387,
            0.006926484654108317,
            0.021426261541047154,
            0.008615376233924148,
            0.04266483793294358,
            0.011692969616763693,
            0.023992675193671768
        ],
        "RbCrP2O7"
    ],
    "steinhart_parameter_sum": 0.2308109149956918,
    "band_gap": 2.9787,
    "oxidation_state": 3.0,
    "possible_species": [
        "O2-",
        "Cr3+",
        "P5+",
        "Rb+"
    ],
    "density": 3.359431546970129,
    "quadrupole moment": [
        [
            -16.61349273934747,
            -0.07345840838267836,
            -0.2501633567538917
        ],
        [
            -0.07345840838267836,
            -16.15275900806058,
            -0.08309317961785845
        ],
        [
            -0.2501633567538917,
            -0.08309317961785845,
            -16.053662576894713
        ]
    ],
    "quadrupole moment normalized": [
        [
            -0.1238161740373794,
            0.00020843187066900415,
            -0.001256316895209983
        ],
        [
            0.00020843187066900415,
            -0.1204029382320844,
            0.0013610996248468472
        ],
        [
            -0.001256316895209983,
            0.0013610996248468472,
            -0.12464776531673004
        ]
    ]
}