{
    "Material": "SrCeCrSnO6",
    "steinhart_vector": [
        [
            0.06315508700751571,
            2.0498115368341958e-18,
            7.447335150395013e-18,
            8.319926034590506e-18,
            0.04823549445557715,
            1.1828174094782878e-17,
            0.022328695144720394,
            1.1441766601068068e-17,
            0.04534979422027924,
            2.2253942441535586e-17,
            0.0259836049054178
        ],
        "SrCeCrSnO6"
    ],
    "steinhart_parameter_sum": 0.20505267573351033,
    "band_gap": 0.12769999999999992,
    "oxidation_state": 3.0,
    "possible_species": [
        "O2-",
        "Sn4+",
        "Ce3+",
        "Sr2+",
        "Cr3+"
    ],
    "density": 6.3488418803041995,
    "quadrupole moment": [
        [
            -15.669795970756102,
            0.0,
            -1.7763568394002505e-15
        ],
        [
            0.0,
            -15.669795970756102,
            -8.881784197001252e-16
        ],
        [
            -1.7763568394002505e-15,
            -8.881784197001252e-16,
            -15.669795970756104
        ]
    ],
    "quadrupole moment normalized": [
        [
            -0.1276340804776602,
            3.469446951953614e-18,
            -1.3877787807814457e-17
        ],
        [
            3.469446951953614e-18,
            -0.12763408047766017,
            -3.469446951953614e-18
        ],
        [
            -1.3877787807814457e-17,
            -3.469446951953614e-18,
            -0.12763408047766017
        ]
    ]
}