{
    "Material": "ZnCr(GeO3)2",
    "steinhart_vector": [
        [
            0.06138390114359087,
            0.02132591160723033,
            0.016450978310148617,
            0.021288181664811636,
            0.047788034915589174,
            0.021555273520904483,
            0.026811173184842656,
            0.021730141811143716,
            0.04472508108997457,
            0.021911990324276945,
            0.02966453065757689
        ],
        "ZnCr(GeO3)2"
    ],
    "steinhart_parameter_sum": 0.3346351982300899,
    "band_gap": 0.0,
    "oxidation_state": 2.0,
    "possible_species": [
        "Cr2+",
        "Zn2+",
        "Ge4+",
        "O2-"
    ],
    "density": 4.836148730804471,
    "quadrupole moment": [
        [
            -13.310783858108092,
            3.764824333220927,
            0.006330485397024077
        ],
        [
            3.764824333220927,
            -10.474074682203394,
            -0.0032837770448232995
        ],
        [
            0.006330485397024077,
            -0.0032837770448232995,
            -9.432176482230515
        ]
    ],
    "quadrupole moment normalized": [
        [
            -0.1023286506502517,
            0.03399455514573796,
            4.899097032432832e-05
        ],
        [
            0.03399455514573796,
            -0.07585723813838365,
            -3.3007787777830644e-05
        ],
        [
            4.899097032432832e-05,
            -3.3007787777830644e-05,
            -0.06306865484262603
        ]
    ]
}