{
    "Material": "HfCrCuS4",
    "steinhart_vector": [
        [
            0.026219293208017816,
            0.0035830263328487954,
            0.004791767820280689,
            0.011819982970619638,
            0.014136659462152054,
            0.013199669030171427,
            0.00992422226492929,
            0.009145846404144651,
            0.012722357685058064,
            0.014533259311801874,
            0.009038127822001923
        ],
        "HfCrCuS4"
    ],
    "steinhart_parameter_sum": 0.12911421231202622,
    "band_gap": 0.0,
    "oxidation_state": 3.0,
    "possible_species": [
        "Cr3+",
        "Hf4+",
        "S2-",
        "Cu+"
    ],
    "density": 5.138000185483606,
    "quadrupole moment": [
        [
            -14.842199208669726,
            -3.9968028886505635e-15,
            -8.881784197001252e-16
        ],
        [
            -3.9968028886505635e-15,
            -17.685212795602883,
            1.5011238410198509
        ],
        [
            -8.881784197001252e-16,
            1.5011238410198509,
            -24.470452467244115
        ]
    ],
    "quadrupole moment normalized": [
        [
            -0.02534021351419598,
            -7.806255641895632e-18,
            -1.734723475976807e-18
        ],
        [
            -7.806255641895632e-18,
            -0.03863663330669368,
            0.006576328500903095
        ],
        [
            -1.734723475976807e-18,
            0.006576328500903095,
            -0.04613083549884016
        ]
    ]
}