{
    "Material": "TiCrCuS4",
    "steinhart_vector": [
        [
            0.025540815816906676,
            0.000553324289639202,
            0.0013612216218044989,
            0.0014400358788594575,
            0.019244646706171466,
            0.002194783290200567,
            0.00932238528898512,
            0.0029616698213639336,
            0.017534653250314815,
            0.0037844187492019066,
            0.010823488463080674
        ],
        "TiCrCuS4"
    ],
    "steinhart_parameter_sum": 0.09476144317652829,
    "band_gap": 0.0,
    "oxidation_state": 4.0,
    "possible_species": [
        "S2-",
        "Cr3+",
        "Cu+",
        "Ti4+"
    ],
    "density": 3.9063773723013226,
    "quadrupole moment": [
        [
            -23.398619339892207,
            -0.2608485883753824,
            -0.9019738924899454
        ],
        [
            -0.2608485883753824,
            -26.14071256351543,
            0.4461732842305306
        ],
        [
            -0.9019738924899454,
            0.4461732842305306,
            -22.38302212736661
        ]
    ],
    "quadrupole moment normalized": [
        [
            -0.0404628844451892,
            -0.0006223309614818585,
            -0.0011860374244941144
        ],
        [
            -0.0006223309614818585,
            -0.045695121625825494,
            0.0010644808028919504
        ],
        [
            -0.0011860374244941144,
            0.0010644808028919504,
            -0.03912741236388989
        ]
    ]
}