{
    "Material": "Dy3Mg2CrS8",
    "steinhart_vector": [
        [
            0.024947513611459617,
            1.1800842318755556e-05,
            0.00034960560720335347,
            4.396960429754608e-05,
            0.019045849890817142,
            5.8397665176077146e-05,
            0.008850399703697057,
            8.707512568735446e-05,
            0.017891316381890055,
            0.00010337167301385956,
            0.010317174902015204
        ],
        "Dy3Mg2CrS8"
    ],
    "steinhart_parameter_sum": 0.08170647500757602,
    "band_gap": 1.0737999999999999,
    "oxidation_state": 3.0,
    "possible_species": [
        "Dy3+",
        "S2-",
        "Cr3+",
        "Mg2+"
    ],
    "density": 4.280882964555933,
    "quadrupole moment": [
        [
            -25.45479244474997,
            0.006652234379337152,
            0.0018494737256649074
        ],
        [
            0.006652234379337152,
            -24.40205094359724,
            -0.027450439687753736
        ],
        [
            0.0018494737256649074,
            -0.027450439687753736,
            -25.45922529509987
        ]
    ],
    "quadrupole moment normalized": [
        [
            -0.040399004440251136,
            -7.012664580975138e-06,
            -4.121465383233498e-05
        ],
        [
            -7.012664580975138e-06,
            -0.038716444369900634,
            1.7605618235458018e-05
        ],
        [
            -4.121465383233498e-05,
            1.7605618235458018e-05,
            -0.040381293216217376
        ]
    ]
}