{
    "Material": "Li2V4CrCuO12",
    "steinhart_vector": [
        [
            0.0649327721423186,
            0.00138109530595371,
            0.00604909605117576,
            0.03211004001495976,
            0.0390920951265338,
            0.0219854422592794,
            0.028966569787446803,
            0.021382094899475325,
            0.03824972786799276,
            0.027355314362157327,
            0.02463489072923665
        ],
        "Li2V4CrCuO12"
    ],
    "steinhart_parameter_sum": 0.30613913854652985,
    "band_gap": 0.6480000000000001,
    "oxidation_state": 5.0,
    "possible_species": [
        "V5+",
        "V4+",
        "Li+",
        "O2-",
        "Cu+",
        "Cr3+"
    ],
    "density": 3.5930769901132265,
    "quadrupole moment": [
        [
            -12.90698403373849,
            0.627044730706221,
            -3.169407258034828
        ],
        [
            0.627044730706221,
            -9.678456002799864,
            0.03695384235032079
        ],
        [
            -3.169407258034828,
            0.03695384235032079,
            -15.10271683013194
        ]
    ],
    "quadrupole moment normalized": [
        [
            -0.10844570996565082,
            0.01341450050952295,
            -0.00955108641836739
        ],
        [
            0.01341450050952295,
            -0.12090321493515746,
            0.00028083751379425295
        ],
        [
            -0.00955108641836739,
            0.00028083751379425295,
            -0.10982658421176256
        ]
    ]
}