{
    "Material": "LaCrNiO6",
    "steinhart_vector": [
        [
            0.0672958770634875,
            0.004805122343679842,
            0.0018129902514233752,
            0.016950555013324816,
            0.04512510469882068,
            0.019536327510865474,
            0.02089749231149688,
            0.028575643254609623,
            0.03155533060958034,
            0.025263448509154608,
            0.025828035040600533
        ],
        "LaCrNiO6"
    ],
    "steinhart_parameter_sum": 0.28764592660704363,
    "band_gap": 0.0,
    "oxidation_state": 6.0,
    "possible_species": [
        "O2-",
        "Ni3+",
        "Cr6+",
        "La3+"
    ],
    "density": 5.098157280300577,
    "quadrupole moment": [
        [
            -14.335441278433652,
            -1.5335106733485282,
            -0.2914102156363522
        ],
        [
            -1.5335106733485282,
            -16.561164602228693,
            0.8353753242474377
        ],
        [
            -0.2914102156363522,
            0.8353753242474377,
            -12.078362818486768
        ]
    ],
    "quadrupole moment normalized": [
        [
            -0.14473160610157842,
            0.0053612146458489884,
            0.0009667761700315183
        ],
        [
            0.0053612146458489884,
            -0.1489841235554072,
            -0.004163257720093735
        ],
        [
            0.0009667761700315183,
            -0.004163257720093735,
            -0.1458380268715542
        ]
    ]
}