{
    "Material": "Mg14CrFeO16",
    "steinhart_vector": [
        [
            0.057727308901430505,
            2.4603670021454212e-18,
            0.0015970926968480925,
            8.108554424642648e-18,
            0.04410201136420335,
            7.628206671026474e-18,
            0.020464289410389545,
            1.320614580176153e-17,
            0.041467167778140857,
            1.3933222477633468e-17,
            0.023795045958180508
        ],
        "Mg14CrFeO16"
    ],
    "steinhart_parameter_sum": 0.18915291610919288,
    "band_gap": 1.2486999999999995,
    "oxidation_state": 2.0,
    "possible_species": [
        "Fe2+",
        "Cr2+",
        "O2-",
        "Mg2+"
    ],
    "density": 3.720825386678651,
    "quadrupole moment": [
        [
            -20.96622983194048,
            -2.806068768475726e-15,
            -1.2838113126936831e-15
        ],
        [
            -2.806068768475726e-15,
            -17.44934547772195,
            -1.0684642543254263e-15
        ],
        [
            -1.2838113126936831e-15,
            -1.0684642543254263e-15,
            -18.116727800114997
        ]
    ],
    "quadrupole moment normalized": [
        [
            -0.09539149460973427,
            -1.843189650557117e-17,
            -5.841044426984655e-18
        ],
        [
            -1.843189650557117e-17,
            -0.11461747963861761,
            -7.018296478288499e-18
        ],
        [
            -5.841044426984655e-18,
            -7.018296478288499e-18,
            -0.11039521165556758
        ]
    ]
}