{
    "Material": "LaZnCrCoO6",
    "steinhart_vector": [
        [
            0.05546220819788435,
            0.007963205189163334,
            0.0035852605901986376,
            0.026103207413027442,
            0.015558969642935992,
            0.028021678061410298,
            0.02788057368140154,
            0.015053286885399681,
            0.02247950955639054,
            0.02205729941190033,
            0.02187089483431722
        ],
        "LaZnCrCoO6"
    ],
    "steinhart_parameter_sum": 0.24603609346402933,
    "band_gap": 0.0,
    "oxidation_state": 2.0,
    "possible_species": [
        "O2-",
        "Zn2+",
        "Cr5+",
        "Co2+",
        "La3+"
    ],
    "density": 6.123885959780015,
    "quadrupole moment": [
        [
            -22.417957444456302,
            2.0547934936678054,
            0.7196546484057857
        ],
        [
            2.0547934936678054,
            -20.127976780114444,
            -0.5197819826030612
        ],
        [
            0.7196546484057857,
            -0.5197819826030612,
            -19.354337589328942
        ]
    ],
    "quadrupole moment normalized": [
        [
            -0.10622274033434664,
            -0.0021205538082487707,
            -0.0019356245994899242
        ],
        [
            -0.0021205538082487707,
            -0.09781385100248362,
            -0.010432150583402928
        ],
        [
            -0.0019356245994899242,
            -0.010432150583402928,
            -0.09272217328021218
        ]
    ]
}