{
    "Material": "YCrO3",
    "steinhart_vector": [
        [
            0.06277126086572211,
            1.9931006873577486e-07,
            0.001475427780287143,
            9.358519812872806e-07,
            0.04788662182378586,
            1.1168082091016868e-06,
            0.022403417223174574,
            1.8365393180394531e-06,
            0.04491874567441272,
            1.9740108147785564e-06,
            0.026195432718267825
        ],
        "YCrO3"
    ],
    "steinhart_parameter_sum": 0.20565696860604216,
    "band_gap": 2.2384,
    "oxidation_state": 3.0,
    "possible_species": [
        "O2-",
        "Y3+",
        "Cr3+"
    ],
    "density": 5.719311184536888,
    "quadrupole moment": [
        [
            -15.760852817497028,
            -0.18055265877547066,
            0.10251793091820283
        ],
        [
            -0.18055265877547066,
            -16.183781636810586,
            -0.5569242146827165
        ],
        [
            0.10251793091820283,
            -0.5569242146827165,
            -15.64382724627035
        ]
    ],
    "quadrupole moment normalized": [
        [
            -0.12473603204135586,
            -0.0005759568952434964,
            -0.00019658484850588846
        ],
        [
            -0.0005759568952434964,
            -0.12689938030061249,
            -0.005084364885259821
        ],
        [
            -0.00019658484850588846,
            -0.005084364885259821,
            -0.12663320317607227
        ]
    ]
}