{
    "Material": "ZnCrCu3Se4",
    "steinhart_vector": [
        [
            0.011754140980831489,
            2.033734335380399e-18,
            3.0148190757259036e-18,
            0.008761019416751753,
            0.005984915641538086,
            6.530672320010056e-18,
            0.007387940261838792,
            0.0071929734082973405,
            0.002500829600763941,
            0.006087825710289108,
            0.007641997870025337
        ],
        "ZnCrCu3Se4"
    ],
    "steinhart_parameter_sum": 0.05731164289033585,
    "band_gap": 0.0,
    "oxidation_state": 2.0,
    "possible_species": [
        "Cr3+",
        "Zn2+",
        "Cu+",
        "Se2-"
    ],
    "density": 5.574200426021943,
    "quadrupole moment": [
        [
            -16.696640924337764,
            -3.552713678800501e-15,
            8.881784197001252e-16
        ],
        [
            -3.552713678800501e-15,
            -16.696640924337764,
            -8.881784197001252e-16
        ],
        [
            8.881784197001252e-16,
            -8.881784197001252e-16,
            -16.696640924337757
        ]
    ],
    "quadrupole moment normalized": [
        [
            -0.012526491271218444,
            4.336808689942018e-19,
            -7.37257477290143e-18
        ],
        [
            4.336808689942018e-19,
            -0.012526491271218444,
            -3.0357660829594124e-18
        ],
        [
            -7.37257477290143e-18,
            -3.0357660829594124e-18,
            -0.01252649127121844
        ]
    ]
}