{
    "Material": "La2CrO6",
    "steinhart_vector": [
        [
            0.06785069390128115,
            4.807803172978096e-18,
            0.00127716766181775,
            1.467761269942155e-17,
            0.05178247946218577,
            2.366724105763655e-17,
            0.02413696982375457,
            3.229290627498095e-17,
            0.04861180702426895,
            3.416451349022033e-17,
            0.02817709091809248
        ],
        "La2CrO6"
    ],
    "steinhart_parameter_sum": 0.22183620879140079,
    "band_gap": 0.8387000000000002,
    "oxidation_state": 6.0,
    "possible_species": [
        "O2-",
        "La3+",
        "Cr6+"
    ],
    "density": 5.951555824522337,
    "quadrupole moment": [
        [
            -13.643508852058089,
            0.13746008807480958,
            0.2998266748725851
        ],
        [
            0.13746008807480958,
            -13.731036440366866,
            0.21919835633960075
        ],
        [
            0.2998266748725851,
            0.21919835633960075,
            -13.353417293023444
        ]
    ],
    "quadrupole moment normalized": [
        [
            -0.1480516318951308,
            0.0014916415685506355,
            0.003253548290613029
        ],
        [
            0.0014916415685506355,
            -0.14900143708329583,
            0.0023786187098419776
        ],
        [
            0.003253548290613029,
            0.0023786187098419776,
            -0.1449037306585673
        ]
    ]
}