{
    "Material": "KMg6CrO8",
    "steinhart_vector": [
        [
            0.057758022619953664,
            5.8943557269605396e-18,
            0.00113894769800183,
            8.95876783273387e-18,
            0.04411954427845582,
            1.6892800870772182e-17,
            0.020448317748590482,
            2.1963810788473887e-17,
            0.041481896672211103,
            2.831840164525137e-17,
            0.023785779184112177
        ],
        "KMg6CrO8"
    ],
    "steinhart_parameter_sum": 0.18873250820132514,
    "band_gap": 0.0,
    "oxidation_state": 3.0,
    "possible_species": [
        "O2-",
        "K+",
        "Mg2+",
        "Cr3+"
    ],
    "density": 3.556625274957416,
    "quadrupole moment": [
        [
            -17.340343872057495,
            -3.135260619592893e-15,
            -1.8492646757397188e-15
        ],
        [
            -3.135260619592893e-15,
            -19.496402343585764,
            -1.960863942329638e-15
        ],
        [
            -1.8492646757397188e-15,
            -1.960863942329638e-15,
            -19.496402343585764
        ]
    ],
    "quadrupole moment normalized": [
        [
            -0.11533796646460003,
            -1.6496609182931663e-17,
            -1.2300242067190868e-17
        ],
        [
            -1.6496609182931663e-17,
            -0.1025830286405631,
            -1.031735796232307e-17
        ],
        [
            -1.2300242067190868e-17,
            -1.031735796232307e-17,
            -0.1025830286405631
        ]
    ]
}