{
    "Material": "HoCrO4",
    "steinhart_vector": [
        [
            0.07298550399690291,
            9.071032400904836e-13,
            0.008346656868541044,
            0.05323923741874939,
            0.036966727926477067,
            0.016108562809172566,
            0.043307196874975966,
            0.04248237688480077,
            0.027176377722367723,
            0.035547391363183814,
            0.041710662260989954
        ],
        "HoCrO4"
    ],
    "steinhart_parameter_sum": 0.37787069412706825,
    "band_gap": 0.05889999999999995,
    "oxidation_state": 5.0,
    "possible_species": [
        "O2-",
        "Cr5+",
        "Ho3+"
    ],
    "density": 6.728117065434207,
    "quadrupole moment": [
        [
            -8.397908338769472,
            0.3766653739710377,
            -0.7820155135218307
        ],
        [
            0.3766653739710377,
            -8.271131804382293,
            -0.9246157111364814
        ],
        [
            -0.7820155135218307,
            -0.9246157111364814,
            -6.796836876403087
        ]
    ],
    "quadrupole moment normalized": [
        [
            -0.12200778325184419,
            0.005472327809252879,
            -0.01136139803233916
        ],
        [
            0.005472327809252879,
            -0.12016592890497182,
            -0.013433144148495797
        ],
        [
            -0.01136139803233916,
            -0.013433144148495797,
            -0.09874685063882757
        ]
    ]
}