{
    "Material": "Rb6Mn2CrCl12",
    "steinhart_vector": [
        [
            0.02316447850304748,
            6.6980948738935865e-06,
            8.668750047227974e-05,
            2.8723018780285394e-05,
            0.01769220126427617,
            3.6778706929166483e-05,
            0.008190233810853816,
            5.5764716009138796e-05,
            0.016633665422554234,
            6.55633842769088e-05,
            0.009530635990479534
        ],
        "Rb6Mn2CrCl12"
    ],
    "steinhart_parameter_sum": 0.0754914304125529,
    "band_gap": 0.0,
    "oxidation_state": 2.0,
    "possible_species": [
        "Mn2+",
        "Rb+",
        "Cl-",
        "Cr2+"
    ],
    "density": 2.8848020656017845,
    "quadrupole moment": [
        [
            -12.990942525867023,
            0.003082086748696214,
            -0.029305746136054023
        ],
        [
            0.003082086748696214,
            -12.990875800789043,
            -0.029624687727987542
        ],
        [
            -0.029305746136054023,
            -0.029624687727987542,
            -12.712307741168964
        ]
    ],
    "quadrupole moment normalized": [
        [
            -0.018112233196388786,
            -4.39427140342408e-06,
            4.178175265621798e-05
        ],
        [
            -4.39427140342408e-06,
            -0.018112328329370424,
            4.223647367386811e-05
        ],
        [
            4.178175265621798e-05,
            4.223647367386811e-05,
            -0.018509480422715708
        ]
    ]
}