{
    "Material": "CaMg6CrO8",
    "steinhart_vector": [
        [
            0.05696843362269692,
            4.968642019369847e-18,
            0.0005226453239490393,
            9.250559793243155e-18,
            0.043511667780644976,
            1.6394790555337065e-17,
            0.020147315380610098,
            2.1273551644273084e-17,
            0.04090895914885914,
            2.795800762480436e-17,
            0.023443099073290723
        ],
        "CaMg6CrO8"
    ],
    "steinhart_parameter_sum": 0.18550212033005098,
    "band_gap": 0.0,
    "oxidation_state": 2.0,
    "possible_species": [
        "Mg2+",
        "Cr2+",
        "O2-",
        "Ca2+"
    ],
    "density": 3.6132212789965283,
    "quadrupole moment": [
        [
            -18.570283093258077,
            -3.1545404523743243e-15,
            -1.9137247928554163e-15
        ],
        [
            -3.1545404523743243e-15,
            -19.616292656587127,
            -1.966883727000379e-15
        ],
        [
            -1.9137247928554163e-15,
            -1.966883727000379e-15,
            -19.616292656587127
        ]
    ],
    "quadrupole moment normalized": [
        [
            -0.10769895051982799,
            -1.6395785664796664e-17,
            -1.1098708120886438e-17
        ],
        [
            -1.6395785664796664e-17,
            -0.10195606453334606,
            -1.0222916618869837e-17
        ],
        [
            -1.1098708120886438e-17,
            -1.0222916618869837e-17,
            -0.10195606453334606
        ]
    ]
}