{
    "Material": "LaMgCrS4",
    "steinhart_vector": [
        [
            0.024939841811599656,
            1.9544386279989313e-06,
            0.002335337531031219,
            6.428553480415306e-06,
            0.01869856814461229,
            9.837382061562847e-06,
            0.01002189772530207,
            1.2239398095308599e-05,
            0.016967479763501887,
            1.763197379294585e-05,
            0.012196367543673396
        ],
        "LaMgCrS4"
    ],
    "steinhart_parameter_sum": 0.08520758426577875,
    "band_gap": 0.7084000000000001,
    "oxidation_state": 3.0,
    "possible_species": [
        "Cr3+",
        "Mg2+",
        "S2-",
        "La3+"
    ],
    "density": 3.478084390249038,
    "quadrupole moment": [
        [
            -22.618392719597413,
            -0.7371060473993389,
            0.4512201365407904
        ],
        [
            -0.7371060473993389,
            -29.694331988625823,
            1.2386367318002316
        ],
        [
            0.4512201365407904,
            1.2386367318002316,
            -23.109032488476466
        ]
    ],
    "quadrupole moment normalized": [
        [
            -0.035122392776808835,
            0.00019670325546080822,
            0.002207890075187179
        ],
        [
            0.00019670325546080822,
            -0.04681520726258119,
            -0.0003317891583079994
        ],
        [
            0.002207890075187179,
            -0.0003317891583079994,
            -0.03751747637852139
        ]
    ]
}