{
    "Material": "CaCr(GeO3)2",
    "steinhart_vector": [
        [
            0.057058444000122346,
            0.0009634950318713871,
            0.0034449659495849622,
            0.006538391149125036,
            0.04220398193948483,
            0.008206703756771684,
            0.020209327718808116,
            0.012689861863852849,
            0.036709476181707654,
            0.013736368863918288,
            0.02247478887985054
        ],
        "CaCr(GeO3)2"
    ],
    "steinhart_parameter_sum": 0.22423580533509768,
    "band_gap": 0.3882000000000003,
    "oxidation_state": 2.0,
    "possible_species": [
        "Ge4+",
        "Ca2+",
        "Cr2+",
        "O2-"
    ],
    "density": 4.2700503119630655,
    "quadrupole moment": [
        [
            -19.665227615056807,
            -1.5620091490935017,
            0.00676675206964239
        ],
        [
            -1.5620091490935017,
            -17.15193586110138,
            0.008278117499496584
        ],
        [
            0.00676675206964239,
            0.008278117499496584,
            -21.113762324861213
        ]
    ],
    "quadrupole moment normalized": [
        [
            -0.11818460294255279,
            0.005922622578104709,
            -3.8361421230669046e-05
        ],
        [
            0.005922622578104709,
            -0.09407458717153565,
            -5.122337907829261e-05
        ],
        [
            -3.8361421230669046e-05,
            -5.122337907829261e-05,
            -0.10089358920384095
        ]
    ]
}