{
    "Material": "AlCr(WO4)2",
    "steinhart_vector": [
        [
            0.056686231703737586,
            0.0012289297899825038,
            0.014215414658759327,
            0.004833270595686652,
            0.03725117933438967,
            0.010166177024681741,
            0.0305812482345952,
            0.009420485333975354,
            0.028443641360809176,
            0.015242910557017106,
            0.031190329482725467
        ],
        "AlCr(WO4)2"
    ],
    "steinhart_parameter_sum": 0.23925981807635976,
    "band_gap": 1.8844999999999996,
    "oxidation_state": 2.0,
    "possible_species": [
        "W5+",
        "Al3+",
        "W6+",
        "Cr2+",
        "O2-"
    ],
    "density": 5.7136687913547535,
    "quadrupole moment": [
        [
            -19.260470055477963,
            -4.129387465276892,
            -5.5348467257348775
        ],
        [
            -4.129387465276892,
            -26.11217296721386,
            -4.637639254363303
        ],
        [
            -5.5348467257348775,
            -4.637639254363303,
            -14.777330141712637
        ]
    ],
    "quadrupole moment normalized": [
        [
            -0.10515015286547989,
            0.020443591157147167,
            -0.02514691525234494
        ],
        [
            0.020443591157147167,
            -0.11718428785255247,
            -0.03238134466953533
        ],
        [
            -0.02514691525234494,
            -0.03238134466953533,
            -0.08902710402049856
        ]
    ]
}