{
    "Material": "Rb3CrF6",
    "steinhart_vector": [
        [
            0.05809082866081159,
            8.305321011747518e-18,
            1.405943692810828e-07,
            2.1762446424053406e-17,
            0.0443676032535727,
            3.491481664886703e-17,
            0.020538209435823927,
            4.2630849381996484e-17,
            0.04171330055403215,
            5.381049069646373e-17,
            0.023900040552440674
        ],
        "Rb3CrF6"
    ],
    "steinhart_parameter_sum": 0.1886101230510505,
    "band_gap": 4.3963,
    "oxidation_state": 3.0,
    "possible_species": [
        "Cr3+",
        "Rb+",
        "F-"
    ],
    "density": 3.8275471379547423,
    "quadrupole moment": [
        [
            -7.316910756377796,
            4.9441111904080515e-05,
            5.662811039863769e-06
        ],
        [
            4.9441111904080515e-05,
            -7.316945719980689,
            -8.001870534846134e-06
        ],
        [
            5.662811039863769e-06,
            -8.001870534846134e-06,
            -7.316980690409519
        ]
    ],
    "quadrupole moment normalized": [
        [
            -0.06074208899788861,
            -4.104773486035204e-07,
            -4.695482918280758e-08
        ],
        [
            -4.104773486035204e-07,
            -0.060741798681118106,
            6.646574756893897e-08
        ],
        [
            -4.695482918280758e-08,
            6.646574756893897e-08,
            -0.06074150854611572
        ]
    ]
}