{
    "Material": "Mn3CrP4",
    "steinhart_vector": [
        [
            0.02840572122768799,
            0.0036037385502316406,
            0.001591082813907167,
            0.007353040046145134,
            0.017943057718292275,
            0.010031936212497502,
            0.007503626543605679,
            0.013618273324473578,
            0.011401120996082512,
            0.012593093543778319,
            0.007079778728980108
        ],
        "Mn3CrP4"
    ],
    "steinhart_parameter_sum": 0.12112446970568191,
    "band_gap": 0.0,
    "oxidation_state": 3.0,
    "possible_species": [
        "P3-",
        "Mn3+",
        "Cr3+"
    ],
    "density": 5.797064279163098,
    "quadrupole moment": [
        [
            -30.157662412599652,
            -4.1976039658439284e-15,
            -4.143619538155719e-15
        ],
        [
            -4.1976039658439284e-15,
            -32.456834271761416,
            1.12033190614682
        ],
        [
            -4.143619538155719e-15,
            1.12033190614682,
            -36.64476581007272
        ]
    ],
    "quadrupole moment normalized": [
        [
            -0.06627495476611775,
            -1.248822506050283e-18,
            -1.2405208542846058e-17
        ],
        [
            -1.248822506050283e-18,
            -0.07223511658716712,
            0.0020020119805187857
        ],
        [
            -1.2405208542846058e-17,
            0.0020020119805187857,
            -0.07943123801404077
        ]
    ]
}