{
    "Material": "Mn2CrSi",
    "steinhart_vector": [
        [
            0.022927339735050876,
            0.007890735618573425,
            0.022927339735050872,
            0.007890735618573425,
            0.022927339735050876,
            0.00789073561857343,
            0.022927339735050876,
            0.007890735618573428,
            0.022927339735050872,
            0.007890735618573428,
            0.022927339735050872
        ],
        "Mn2CrSi"
    ],
    "steinhart_parameter_sum": 0.17701771650317236,
    "band_gap": 0.0,
    "oxidation_state": 1.0,
    "possible_species": [
        "Cr2+",
        "Si4-",
        "Mn+"
    ],
    "density": 0.4612204086229341,
    "quadrupole moment": [
        [
            -4.49723634843639,
            0.0,
            -2.710438605761259
        ],
        [
            0.0,
            0.0,
            0.0
        ],
        [
            -2.710438605761259,
            0.0,
            -1.6335537797908435
        ]
    ],
    "quadrupole moment normalized": [
        [
            -0.03105365976112042,
            0.0,
            -0.018715724890905457
        ],
        [
            0.0,
            0.0,
            0.0
        ],
        [
            -0.018715724890905457,
            0.0,
            -0.011279777033900883
        ]
    ]
}