{
    "Material": "HoCrTeO6",
    "steinhart_vector": [
        [
            0.061744999325866516,
            1.3214682749041128e-07,
            0.004429497042014559,
            0.006942073874075837,
            0.045594457499055475,
            0.00720706722495119,
            0.022644549557114625,
            0.014340959791871267,
            0.03952667207642967,
            0.011945324959380811,
            0.02537693845319678
        ],
        "HoCrTeO6"
    ],
    "steinhart_parameter_sum": 0.23975267195078423,
    "band_gap": 2.6338,
    "oxidation_state": 3.0,
    "possible_species": [
        "O2-",
        "Te6+",
        "Ho3+",
        "Cr3+"
    ],
    "density": 6.430804968163029,
    "quadrupole moment": [
        [
            -17.56991586926041,
            -0.0003326271180352225,
            0.00025559292643784204
        ],
        [
            -0.0003326271180352225,
            -17.569560611306077,
            -0.00044366401358286733
        ],
        [
            0.00025559292643784204,
            -0.00044366401358286733,
            -14.041561689127704
        ]
    ],
    "quadrupole moment normalized": [
        [
            -0.13075248008273668,
            -3.937459760174674e-06,
            -2.5192864281861627e-07
        ],
        [
            -3.937459760174674e-06,
            -0.13074795019582355,
            2.4215812159320005e-07
        ],
        [
            -2.5192864281861627e-07,
            2.4215812159320005e-07,
            -0.10449428425977624
        ]
    ]
}