{
    "Material": "NaCaMgCr(SiO3)4",
    "steinhart_vector": [
        [
            0.06125857768293733,
            0.002078253767124328,
            0.0009201644405945675,
            0.006953047448357103,
            0.045458615903967235,
            0.009562375525239947,
            0.02054269357987598,
            0.014101980247871742,
            0.039666578011504486,
            0.015840248095717997,
            0.02206759850877003
        ],
        "NaCaMgCr(SiO3)4"
    ],
    "steinhart_parameter_sum": 0.23845013321196074,
    "band_gap": 3.5919000000000003,
    "oxidation_state": 3.0,
    "possible_species": [
        "Na+",
        "Cr3+",
        "O2-",
        "Mg2+",
        "Si4+",
        "Ca2+"
    ],
    "density": 3.2943197001557234,
    "quadrupole moment": [
        [
            -16.71502044958216,
            0.5760095142204074,
            -0.09140962125368823
        ],
        [
            0.5760095142204074,
            -16.771451591624846,
            -0.0872460811716036
        ],
        [
            -0.09140962125368823,
            -0.0872460811716036,
            -16.542286958109344
        ]
    ],
    "quadrupole moment normalized": [
        [
            -0.11900497264589403,
            0.001256064120656204,
            0.0022372621502612204
        ],
        [
            0.001256064120656204,
            -0.11912582448441708,
            0.0021225639074649166
        ],
        [
            0.0022372621502612204,
            0.0021225639074649166,
            -0.12226989057559648
        ]
    ]
}