{
    "Material": "LaMgCrWO6",
    "steinhart_vector": [
        [
            0.06121953030845711,
            0.0015882477436169255,
            0.0010373106529858458,
            0.005473782023892467,
            0.045922831223628544,
            0.007643266660423011,
            0.02096786010540041,
            0.011176442641525008,
            0.041210968028441805,
            0.013011097442105027,
            0.02311033907654697
        ],
        "LaMgCrWO6"
    ],
    "steinhart_parameter_sum": 0.23236167590702314,
    "band_gap": 0.0,
    "oxidation_state": 3.0,
    "possible_species": [
        "Mg2+",
        "La3+",
        "O2-",
        "Cr3+",
        "W4+"
    ],
    "density": 6.817360873610734,
    "quadrupole moment": [
        [
            -16.35563216358205,
            0.18692013064131663,
            -0.40716289859173566
        ],
        [
            0.18692013064131663,
            -16.846822146432462,
            0.1162112886837976
        ],
        [
            -0.40716289859173566,
            0.1162112886837976,
            -16.878221010764037
        ]
    ],
    "quadrupole moment normalized": [
        [
            -0.12150551338739894,
            0.0027133128104851532,
            -0.00010603754235117158
        ],
        [
            0.0027133128104851532,
            -0.11732237260407184,
            -0.002879318357513993
        ],
        [
            -0.00010603754235117158,
            -0.002879318357513993,
            -0.12108824090565282
        ]
    ]
}