{
    "Material": "CrMo2N3",
    "steinhart_vector": [
        [
            0.07513474510073674,
            2.262083967746399e-18,
            0.03761864379653895,
            1.003499562234049e-17,
            0.062311329397177775,
            2.2334928715440494e-17,
            0.0440899172841548,
            2.0438800454605622e-17,
            0.05996908325838285,
            3.039150777507829e-17,
            0.04616480718114951
        ],
        "CrMo2N3"
    ],
    "steinhart_parameter_sum": 0.32528852601814073,
    "band_gap": 0.0,
    "oxidation_state": 3.0,
    "possible_species": [
        "Cr3+",
        "N3-",
        "Mo3+"
    ],
    "density": 8.041048722475953,
    "quadrupole moment": [
        [
            -12.90115842856135,
            9.86115759864305,
            -3.8643828990423785e-07
        ],
        [
            9.86115759864305,
            -7.537495932922931,
            2.953788142357342e-07
        ],
        [
            -3.8643828990423785e-07,
            2.953788142357342e-07,
            -23.06141550373055
        ]
    ],
    "quadrupole moment normalized": [
        [
            -0.15882854978902647,
            0.1214025367804254,
            -4.757513327838877e-09
        ],
        [
            0.1214025367804254,
            -0.09279550783722408,
            3.636463265159322e-09
        ],
        [
            -4.757513327838877e-09,
            3.636463265159322e-09,
            -0.2230070024116781
        ]
    ]
}