{
    "Material": "SrCrCu3Se4",
    "steinhart_vector": [
        [
            0.012471547053802781,
            3.337335609684156e-05,
            5.45377791522281e-05,
            0.009295339778965728,
            0.006350184745259865,
            0.00012318960522898965,
            0.00783806078369339,
            0.007631077746931952,
            0.002659105654265883,
            0.006459116124721548,
            0.008106054317645363
        ],
        "SrCrCu3Se4"
    ],
    "steinhart_parameter_sum": 0.06102158694576457,
    "band_gap": 0.06009999999999982,
    "oxidation_state": 3.0,
    "possible_species": [
        "Cu+",
        "Cr3+",
        "Se2-",
        "Sr2+"
    ],
    "density": 4.893874521374225,
    "quadrupole moment": [
        [
            -14.90684738592316,
            -0.03124224361898742,
            -0.04645548579481673
        ],
        [
            -0.03124224361898742,
            -14.84526492821939,
            0.036665335740049265
        ],
        [
            -0.04645548579481673,
            0.036665335740049265,
            -14.740910087829818
        ]
    ],
    "quadrupole moment normalized": [
        [
            -0.01417447553667755,
            -2.9228536092767033e-05,
            -6.779163034721907e-05
        ],
        [
            -2.9228536092767033e-05,
            -0.014115588635593848,
            1.3664026733343007e-05
        ],
        [
            -6.779163034721907e-05,
            1.3664026733343007e-05,
            -0.014016689458408324
        ]
    ]
}