{
    "Material": "HoCrO2",
    "steinhart_vector": [
        [
            0.05873540798579551,
            1.2552480835284964e-18,
            0.030578527014447694,
            1.1443156217418377e-17,
            0.04686420571789723,
            1.182075244316867e-17,
            0.038435153221965564,
            2.881082340165325e-17,
            0.04231114032806717,
            1.73443126886617e-17,
            0.04253345468994576
        ],
        "HoCrO2"
    ],
    "steinhart_parameter_sum": 0.25945788895811894,
    "band_gap": 0.0,
    "oxidation_state": 2.0,
    "possible_species": [
        "Ho2+",
        "O2-",
        "Cr2+"
    ],
    "density": 7.611571628767192,
    "quadrupole moment": [
        [
            -14.48254382576209,
            4.444933664452133,
            1.3072907359014656
        ],
        [
            4.444933664452133,
            -9.51751132034162,
            9.537638855306351
        ],
        [
            1.3072907359014656,
            9.537638855306351,
            -12.23349843115556
        ]
    ],
    "quadrupole moment normalized": [
        [
            -0.0880460808874636,
            0.02686553501693245,
            0.00813933984888116
        ],
        [
            0.02686553501693245,
            -0.05799483861404543,
            0.058219473811630236
        ],
        [
            0.00813933984888116,
            0.058219473811630236,
            -0.07474951397773752
        ]
    ]
}