{
    "Material": "LaCrFeO6",
    "steinhart_vector": [
        [
            0.06747151687858137,
            0.002125997900349213,
            0.0006053819599369264,
            0.008832116204390377,
            0.0498686104684814,
            0.011183447078416973,
            0.02255574678802157,
            0.016259906680536583,
            0.04322066798963626,
            0.018223560427322254,
            0.024811355177399363
        ],
        "LaCrFeO6"
    ],
    "steinhart_parameter_sum": 0.2651583075530723,
    "band_gap": 0.5343,
    "oxidation_state": 6.0,
    "possible_species": [
        "Cr6+",
        "O2-",
        "La3+",
        "Fe3+"
    ],
    "density": 5.066598218656993,
    "quadrupole moment": [
        [
            -14.100187500906115,
            -0.3290453094038934,
            -0.5545465556498508
        ],
        [
            -0.3290453094038934,
            -13.68185309166708,
            0.28059656669849686
        ],
        [
            -0.5545465556498508,
            0.28059656669849686,
            -13.814028652463243
        ]
    ],
    "quadrupole moment normalized": [
        [
            -0.14812201642061837,
            0.0005032548376365,
            0.0022767040907107038
        ],
        [
            0.0005032548376365,
            -0.1464282596009508,
            0.000409746253513886
        ],
        [
            0.0022767040907107038,
            0.000409746253513886,
            -0.143869610385399
        ]
    ]
}