{
    "Material": "SrCrO4",
    "steinhart_vector": [
        [
            0.06897429440249875,
            0.013070921921424592,
            0.031277576205727534,
            0.043895471744969716,
            0.024296661706142746,
            0.03159708868641892,
            0.03315878123972838,
            0.03654661269894388,
            0.039895679722327326,
            0.030083432724977103,
            0.03728041080127842
        ],
        "SrCrO4"
    ],
    "steinhart_parameter_sum": 0.39007693185443737,
    "band_gap": 2.2329,
    "oxidation_state": 5.0,
    "possible_species": [
        "Sr2+",
        "O-",
        "Cr5+",
        "O2-"
    ],
    "density": 3.1559239099326226,
    "quadrupole moment": [
        [
            -2.1379465240904914,
            1.7286194214080397,
            1.5876842755785705
        ],
        [
            1.7286194214080397,
            -4.614469296086086,
            -1.4561592214707142
        ],
        [
            1.5876842755785705,
            -1.4561592214707142,
            -6.52470216265812
        ]
    ],
    "quadrupole moment normalized": [
        [
            -0.020460014182277258,
            0.017974372562044184,
            0.01598309228735307
        ],
        [
            0.017974372562044184,
            -0.05019150777027845,
            -0.009293914484106916
        ],
        [
            0.01598309228735307,
            -0.009293914484106916,
            -0.08213408778599834
        ]
    ]
}