{
    "Material": "Mg2CrWO6",
    "steinhart_vector": [
        [
            0.0612355704990687,
            0.0038978583977400047,
            0.00045328484942921125,
            0.006992522263403939,
            0.04496863596749692,
            0.012227089413836805,
            0.02006329687956939,
            0.015115186203171713,
            0.03813481685386304,
            0.019620290489787803,
            0.020921119441944885
        ],
        "Mg2CrWO6"
    ],
    "steinhart_parameter_sum": 0.24362967125931242,
    "band_gap": 1.5361000000000002,
    "oxidation_state": 2.0,
    "possible_species": [
        "O2-",
        "Cr2+",
        "W6+",
        "Mg2+"
    ],
    "density": 5.814360078603838,
    "quadrupole moment": [
        [
            -16.811044609594255,
            0.02452580983320296,
            -0.13357653612355724
        ],
        [
            0.02452580983320296,
            -16.547777746626853,
            0.13189317444620485
        ],
        [
            -0.13357653612355724,
            0.13189317444620485,
            -16.66835719583024
        ]
    ],
    "quadrupole moment normalized": [
        [
            -0.12157934590308808,
            0.00032377232945618277,
            -0.0006053981883652713
        ],
        [
            0.00032377232945618277,
            -0.12007703401937092,
            -0.0004752226765607284
        ],
        [
            -0.0006053981883652713,
            -0.0004752226765607284,
            -0.11838257631874081
        ]
    ]
}