{
    "Material": "YCrTeO6",
    "steinhart_vector": [
        [
            0.059461281066344324,
            7.295332726898423e-18,
            0.006821035519055412,
            1.4145927484709135e-17,
            0.04413534184712957,
            1.939028045872144e-17,
            0.025249767043166303,
            3.087969815641945e-17,
            0.03923434950729586,
            3.1316932124283566e-17,
            0.031181572615189335
        ],
        "YCrTeO6"
    ],
    "steinhart_parameter_sum": 0.2060833475981809,
    "band_gap": 1.4471999999999996,
    "oxidation_state": 3.0,
    "possible_species": [
        "Y3+",
        "Te6+",
        "Cr3+",
        "O2-"
    ],
    "density": 5.52588986756085,
    "quadrupole moment": [
        [
            -19.704932129061074,
            2.5312210678585245e-06,
            -4.884981308350689e-15
        ],
        [
            2.5312210678585245e-06,
            -19.70492920625788,
            -8.881784197001252e-16
        ],
        [
            -4.884981308350689e-15,
            -8.881784197001252e-16,
            -13.621496703273241
        ]
    ],
    "quadrupole moment normalized": [
        [
            -0.12611940900133722,
            4.161300883737118e-09,
            -3.0656692722591528e-09
        ],
        [
            4.161300883737118e-09,
            -0.126119404196281,
            -1.6056217931603722e-08
        ],
        [
            -3.0656692722591528e-09,
            -1.6056217931603722e-08,
            -0.08718300562325895
        ]
    ]
}