{
    "Material": "CrFe3B2",
    "steinhart_vector": [
        [
            0.0351491448148734,
            0.006527376335906166,
            0.011708038154845737,
            0.009652208860664264,
            0.00699035358540383,
            0.009146481905416068,
            0.012481492996053918,
            0.02074700578996098,
            0.01050051941261061,
            0.00995455636040439,
            0.011952527400068509
        ],
        "CrFe3B2"
    ],
    "steinhart_parameter_sum": 0.14480970561620787,
    "band_gap": 0.0,
    "oxidation_state": 2.0,
    "possible_species": [
        "B3-",
        "Fe2+",
        "Fe+",
        "Cr2+"
    ],
    "density": 7.375771903987954,
    "quadrupole moment": [
        [
            9.513278498877991,
            -16.30000367158496,
            2.3309141399206967
        ],
        [
            -16.30000367158496,
            34.19948917725259,
            -4.6888815259689025
        ],
        [
            2.3309141399206967,
            -4.6888815259689025,
            48.230810045354914
        ]
    ],
    "quadrupole moment normalized": [
        [
            -0.2581015018746768,
            -0.10398762642627385,
            0.013846830682992571
        ],
        [
            -0.10398762642627385,
            -0.10061316599561523,
            -0.027854371579003053
        ],
        [
            0.013846830682992571,
            -0.027854371579003053,
            -0.01370193519001402
        ]
    ]
}