{
    "Material": "Li2CrCuO4",
    "steinhart_vector": [
        [
            0.0616137175407955,
            1.3758194835894752e-05,
            0.000762531344726271,
            0.005757145498817336,
            0.046226204467920085,
            0.007493695365881909,
            0.021092881825345487,
            0.011225330810296308,
            0.04151887612950896,
            0.01294216204733754,
            0.023424755599770284
        ],
        "Li2CrCuO4"
    ],
    "steinhart_parameter_sum": 0.23207105882523557,
    "band_gap": 0.0,
    "oxidation_state": 4.0,
    "possible_species": [
        "Li+",
        "Cr4+",
        "O2-",
        "Cu2+"
    ],
    "density": 4.559188083662437,
    "quadrupole moment": [
        [
            -16.441085891226997,
            -3.5457116008608125e-05,
            0.2031587709547864
        ],
        [
            -3.5457116008608125e-05,
            -16.60623477855246,
            -8.898027041581713e-05
        ],
        [
            0.2031587709547864,
            -8.898027041581713e-05,
            -16.358192617717563
        ]
    ],
    "quadrupole moment normalized": [
        [
            -0.1210026245277765,
            -5.876141155672365e-07,
            -0.0031112401601277213
        ],
        [
            -5.876141155672365e-07,
            -0.11916591539145001,
            -9.094272742735804e-07
        ],
        [
            -0.0031112401601277213,
            -9.094272742735804e-07,
            -0.12430783642064433
        ]
    ]
}