{
    "Material": "CrO2",
    "steinhart_vector": [
        [
            0.06398846156170326,
            3.186561531907845e-18,
            0.010207625215186183,
            7.481511250430448e-18,
            0.04621381237209596,
            1.1477075269687833e-17,
            0.030553549741575214,
            1.312252993935007e-17,
            0.03897427891896931,
            1.9919443073212478e-17,
            0.03796412545789677
        ],
        "CrO2"
    ],
    "steinhart_parameter_sum": 0.22790185326742673,
    "band_gap": 0.0,
    "oxidation_state": 4.0,
    "possible_species": [
        "O2-",
        "Cr4+"
    ],
    "density": 2.6489992378374176,
    "quadrupole moment": [
        [
            -17.381976407771266,
            0.18884438454537633,
            1.4770475843844366
        ],
        [
            0.18884438454537633,
            -17.586913593968223,
            0.8790190575396402
        ],
        [
            1.4770475843844366,
            0.8790190575396402,
            -10.823987518933754
        ]
    ],
    "quadrupole moment normalized": [
        [
            -0.14920239345819283,
            0.0016209924483538592,
            0.012678595419187873
        ],
        [
            0.0016209924483538592,
            -0.15096152244692024,
            0.007545272822707005
        ],
        [
            0.012678595419187873,
            0.007545272822707005,
            -0.09291031254611026
        ]
    ]
}