{
    "Material": "LiTiV2CrO10",
    "steinhart_vector": [
        [
            0.06791719266085312,
            0.0018225478859427249,
            0.004630512594853955,
            0.050267775504802714,
            0.03440614619032442,
            0.009207817566704612,
            0.04213803756773563,
            0.04043380670167156,
            0.018738860391900952,
            0.035530357972106186,
            0.04176770996338913
        ],
        "LiTiV2CrO10"
    ],
    "steinhart_parameter_sum": 0.34686076500028495,
    "band_gap": 0.5293,
    "oxidation_state": 4.0,
    "possible_species": [
        "O2-",
        "Li+",
        "Cr6+",
        "Ti4+",
        "V4+",
        "V5+"
    ],
    "density": 2.6391857000352794,
    "quadrupole moment": [
        [
            -8.933323138652518,
            -2.7200464103316335e-15,
            0.28748298126001975
        ],
        [
            -2.7200464103316335e-15,
            -8.60449405592787,
            8.881784197001252e-16
        ],
        [
            0.28748298126001975,
            8.881784197001252e-16,
            -9.625061592641826
        ]
    ],
    "quadrupole moment normalized": [
        [
            -0.10796869832676648,
            -2.3418766925686896e-17,
            0.006318416073365787
        ],
        [
            -2.3418766925686896e-17,
            -0.08432754729303829,
            -2.0816681711721685e-17
        ],
        [
            0.006318416073365787,
            -2.0816681711721685e-17,
            -0.10315516560205196
        ]
    ]
}