{
    "Material": "Ba2CaCrO6",
    "steinhart_vector": [
        [
            0.06704957552328959,
            3.788918280086474e-18,
            2.0590150272806205e-17,
            2.5462735773137615e-17,
            0.0512099591916888,
            2.2005939772800577e-17,
            0.023705604764098814,
            4.9434087386439535e-17,
            0.048146310877164984,
            5.338095289570928e-17,
            0.027585896275715702
        ],
        "Ba2CaCrO6"
    ],
    "steinhart_parameter_sum": 0.2176973466319581,
    "band_gap": 0.6019999999999999,
    "oxidation_state": 6.0,
    "possible_species": [
        "Ca2+",
        "Ba2+",
        "O2-",
        "Cr6+"
    ],
    "density": 5.360200302493706,
    "quadrupole moment": [
        [
            -13.90234148080774,
            -4.440892098500626e-16,
            0.0
        ],
        [
            -4.440892098500626e-16,
            -13.902341480807728,
            0.0
        ],
        [
            0.0,
            0.0,
            -13.902341480807738
        ]
    ],
    "quadrupole moment normalized": [
        [
            -0.14386065849130614,
            -3.469446951953614e-18,
            0.0
        ],
        [
            -3.469446951953614e-18,
            -0.143860658491306,
            -3.469446951953614e-18
        ],
        [
            0.0,
            -3.469446951953614e-18,
            -0.1438606584913061
        ]
    ]
}