{
    "Material": "CaCr(GeO3)2",
    "steinhart_vector": [
        [
            0.056966196069122045,
            0.0010264618740738589,
            0.003627828554204831,
            0.006138742488274945,
            0.04231462181568919,
            0.007603837073749438,
            0.020227066107359394,
            0.012083630161980953,
            0.037163915644169127,
            0.012733769032779512,
            0.02254698902470561
        ],
        "CaCr(GeO3)2"
    ],
    "steinhart_parameter_sum": 0.2224330578461089,
    "band_gap": 0.6903999999999995,
    "oxidation_state": 2.0,
    "possible_species": [
        "Ca2+",
        "Ge4+",
        "Cr2+",
        "O2-"
    ],
    "density": 4.262478569973958,
    "quadrupole moment": [
        [
            -17.968787314547203,
            1.5602378311371055,
            1.453493781799191
        ],
        [
            1.5602378311371055,
            -18.24398865039069,
            -0.46432597361629835
        ],
        [
            1.453493781799191,
            -0.46432597361629835,
            -22.20207137243179
        ]
    ],
    "quadrupole moment normalized": [
        [
            -0.10706450390241572,
            0.0047378760930224285,
            -0.0002329843474582205
        ],
        [
            0.0047378760930224285,
            -0.11217476364369244,
            0.012107131456424688
        ],
        [
            -0.0002329843474582205,
            0.012107131456424688,
            -0.09335249875360682
        ]
    ]
}