{
    "Material": "Ca2CrN2",
    "steinhart_vector": [
        [
            0.07779465409789346,
            0.01127563565078402,
            0.0432789845404076,
            0.05059945896857247,
            0.044584997777890135,
            0.044747594884395794,
            0.040146032672974515,
            0.050438444809888267,
            0.04196601398805835,
            0.04621320861297214,
            0.044318986354168255
        ],
        "Ca2CrN2"
    ],
    "steinhart_parameter_sum": 0.495364012358005,
    "band_gap": 0.0,
    "oxidation_state": 2.0,
    "possible_species": [
        "N3-",
        "Ca2+",
        "Cr2+"
    ],
    "density": 3.364628769540585,
    "quadrupole moment": [
        [
            -13.784330885427075,
            -7.284440101915593,
            3.0673424224356776
        ],
        [
            -7.284440101915593,
            -3.8495207376728633,
            1.6209616798969553
        ],
        [
            3.0673424224356776,
            1.6209616798969553,
            -12.83471185789289
        ]
    ],
    "quadrupole moment normalized": [
        [
            -0.18160927729965806,
            -0.09597287771437235,
            0.031523264452300574
        ],
        [
            -0.09597287771437235,
            -0.05071763620081985,
            0.01665872167668253
        ],
        [
            0.031523264452300574,
            0.01665872167668253,
            -0.1494391541386469
        ]
    ]
}