{
    "Material": "MgCrF4",
    "steinhart_vector": [
        [
            0.054643123774794494,
            4.03442243293843e-18,
            0.027591859837076963,
            5.96746783122736e-18,
            0.044901079999085186,
            1.7274702901678093e-17,
            0.033013375382776176,
            2.33447657768949e-17,
            0.04251571469651416,
            2.1867395012772338e-17,
            0.0353775831699822
        ],
        "MgCrF4"
    ],
    "steinhart_parameter_sum": 0.23804273686022923,
    "band_gap": 3.4968999999999992,
    "oxidation_state": 2.0,
    "possible_species": [
        "Cr2+",
        "F-",
        "Mg2+"
    ],
    "density": 3.422663292460138,
    "quadrupole moment": [
        [
            -7.005154010496638,
            -1.7058166139709965,
            1.7080740611036516
        ],
        [
            -1.7058166139709965,
            -3.12206709843423,
            -3.6126891527977163
        ],
        [
            1.7080740611036516,
            -3.6126891527977163,
            -6.412663648352954
        ]
    ],
    "quadrupole moment normalized": [
        [
            -0.044946524744344726,
            -0.011328285504179936,
            0.010388690337979248
        ],
        [
            -0.011328285504179936,
            -0.020673237438713767,
            -0.023901980265760178
        ],
        [
            0.010388690337979248,
            -0.023901980265760178,
            -0.0418739479002983
        ]
    ]
}