{
    "Material": "CrBi2N3",
    "steinhart_vector": [
        [
            0.07970207855965297,
            0.0015298106226882555,
            0.004754456915254861,
            0.05908352391417442,
            0.04047219606820536,
            0.009358075919678212,
            0.04948797483078437,
            0.04791226756265527,
            0.02117018054848064,
            0.04116864764920785,
            0.049788291639779575
        ],
        "CrBi2N3"
    ],
    "steinhart_parameter_sum": 0.40442750423056173,
    "band_gap": 0.0,
    "oxidation_state": 4.0,
    "possible_species": [
        "N3-",
        "Cr4+",
        "Bi3+",
        "Bi2+"
    ],
    "density": 8.159252994287382,
    "quadrupole moment": [
        [
            -13.59459348547604,
            -0.9956173070849611,
            -0.5203414195121798
        ],
        [
            -0.9956173070849611,
            -12.372494444422074,
            0.19153343998205563
        ],
        [
            -0.5203414195121798,
            0.19153343998205563,
            -12.647244150048735
        ]
    ],
    "quadrupole moment normalized": [
        [
            -0.18925655149647821,
            -0.015491118931623525,
            0.008082888718038153
        ],
        [
            -0.015491118931623525,
            -0.17482558676825827,
            -0.0003421905484234152
        ],
        [
            0.008082888718038153,
            -0.0003421905484234152,
            -0.16980273457334127
        ]
    ]
}