{
    "Material": "CrH20N2O6F5",
    "steinhart_vector": [
        [
            0.06185063072482882,
            4.9595979792707195e-18,
            0.0009088274048754925,
            9.822915404796907e-18,
            0.04721734398113596,
            1.7552956430194052e-17,
            0.02194991643671188,
            1.8583736103248792e-17,
            0.04435211077798921,
            3.49350109792436e-17,
            0.025592670584405647
        ],
        "CrH20N2O6F5"
    ],
    "steinhart_parameter_sum": 0.20187149990994707,
    "band_gap": 4.1752,
    "oxidation_state": 3.0,
    "possible_species": [
        "H+",
        "Cr3+",
        "F-",
        "N3-",
        "O2-"
    ],
    "density": 1.6756352154367424,
    "quadrupole moment": [
        [
            -16.09766564598041,
            -1.1350674302690322e-06,
            -2.220446049250313e-16
        ],
        [
            -1.1350674302690322e-06,
            -16.09766695664317,
            1.7763568394002505e-15
        ],
        [
            -2.220446049250313e-16,
            1.7763568394002505e-15,
            -16.817861610218507
        ]
    ],
    "quadrupole moment normalized": [
        [
            -0.12061724544626386,
            -2.9182728004950587e-09,
            4.817722751987441e-09
        ],
        [
            -2.9182728004950587e-09,
            -0.120617248815995,
            -7.983743888217987e-09
        ],
        [
            4.817722751987441e-09,
            -7.983743888217987e-09,
            -0.1260135557594187
        ]
    ]
}