{
    "Material": "TaCrB4",
    "steinhart_vector": [
        [
            0.08737626513905808,
            3.550377727737671e-18,
            0.008847672082975482,
            6.95819805347585e-18,
            0.03715298411946491,
            1.1545453448297986e-17,
            0.014629041028446579,
            1.5643196217422486e-17,
            0.04959680842431106,
            2.244911371220222e-17,
            0.036756298924382015
        ],
        "TaCrB4"
    ],
    "steinhart_parameter_sum": 0.23435906971863815,
    "band_gap": 0.0,
    "oxidation_state": 3.0,
    "possible_species": [
        "Cr3+",
        "B2-",
        "Ta5+"
    ],
    "density": 9.058378380698336,
    "quadrupole moment": [
        [
            -37.670160028938746,
            1.5233535706649093e-05,
            -8.881784197001252e-16
        ],
        [
            1.5233535706649093e-05,
            -37.67014243875044,
            -5.329070518200751e-15
        ],
        [
            -8.881784197001252e-16,
            -5.329070518200751e-15,
            -50.402831107327344
        ]
    ],
    "quadrupole moment normalized": [
        [
            -0.2744614324005693,
            4.4489284839466237e-08,
            1.3877787807814457e-17
        ],
        [
            4.4489284839466237e-08,
            -0.2744613810287202,
            1.0408340855860843e-17
        ],
        [
            1.3877787807814457e-17,
            1.0408340855860843e-17,
            -0.36723059172883693
        ]
    ]
}