{
    "Material": "Li2CrO2",
    "steinhart_vector": [
        [
            0.06026439327289409,
            0.0007063716639268151,
            0.03013376963609739,
            0.0017205542536292107,
            0.04988215898554695,
            0.002640665838668092,
            0.03528543078510303,
            0.0037347049074704084,
            0.047803963349594594,
            0.0045304692021580495,
            0.036830588369311135
        ],
        "Li2CrO2"
    ],
    "steinhart_parameter_sum": 0.27353307026439977,
    "band_gap": 1.6402999999999999,
    "oxidation_state": 2.0,
    "possible_species": [
        "O2-",
        "Li+",
        "Cr2+"
    ],
    "density": 3.2348397714667603,
    "quadrupole moment": [
        [
            -4.315250012522016,
            7.458007805372152,
            -1.043784997617875
        ],
        [
            7.458007805372152,
            -13.208988462295057,
            -0.44919698983101686
        ],
        [
            -1.043784997617875,
            -0.44919698983101686,
            -16.894877920273085
        ]
    ],
    "quadrupole moment normalized": [
        [
            -0.029145548144446837,
            0.050349675959095126,
            -0.007086644347883
        ],
        [
            0.050349675959095126,
            -0.08914754386456986,
            -0.0030139797685686982
        ],
        [
            -0.007086644347883,
            -0.0030139797685686982,
            -0.11414393559258201
        ]
    ]
}