{
    "Material": "Mg30CrFeO32",
    "steinhart_vector": [
        [
            0.05727206113722305,
            3.818118480635258e-18,
            0.0009493626557016584,
            1.3451794548220745e-17,
            0.043746551631339003,
            1.3037375229230297e-17,
            0.020268195569259802,
            2.3008002915225885e-17,
            0.041130675243079146,
            2.3193537430037324e-17,
            0.023579061127543988
        ],
        "Mg30CrFeO32"
    ],
    "steinhart_parameter_sum": 0.18694590736414674,
    "band_gap": 1.6152999999999995,
    "oxidation_state": 2.0,
    "possible_species": [
        "O2-",
        "Fe2+",
        "Cr2+",
        "Mg2+"
    ],
    "density": 3.5825374646416996,
    "quadrupole moment": [
        [
            -19.702126765607076,
            -3.942364462488968e-15,
            -1.2064073239948053e-15
        ],
        [
            -3.942364462488968e-15,
            -19.702126765607076,
            -1.2064073239948051e-15
        ],
        [
            -1.2064073239948053e-15,
            -1.2064073239948051e-15,
            -17.851114439151093
        ]
    ],
    "quadrupole moment normalized": [
        [
            -0.10151188365569194,
            -2.0312367664952602e-17,
            -6.215810169718084e-18
        ],
        [
            -2.0312367664952602e-17,
            -0.10151188365569194,
            -6.215810169718083e-18
        ],
        [
            -6.215810169718084e-18,
            -6.215810169718083e-18,
            -0.11203782300636629
        ]
    ]
}