{
    "Material": "CrFeAs2",
    "steinhart_vector": [
        [
            0.012245256413894394,
            0.0013560052104992382,
            0.0003377029789133561,
            0.002768038211656115,
            0.008112915148805954,
            0.004033378970303632,
            0.003313241544641849,
            0.005322640117546692,
            0.005504553327751072,
            0.0054630969115702695,
            0.0028969426257484435
        ],
        "CrFeAs2"
    ],
    "steinhart_parameter_sum": 0.051353771461331015,
    "band_gap": 0.0,
    "oxidation_state": 3.0,
    "possible_species": [
        "Fe3+",
        "As3-",
        "Cr3+"
    ],
    "density": 7.408423230052893,
    "quadrupole moment": [
        [
            -36.025057812747,
            -4.234764681567249e-15,
            -2.1198478718531497e-16
        ],
        [
            -4.234764681567249e-15,
            -35.52375047451501,
            0.7558383311231047
        ],
        [
            -2.1198478718531497e-16,
            0.7558383311231047,
            -38.81208316448215
        ]
    ],
    "quadrupole moment normalized": [
        [
            -0.028633043604356537,
            2.1010285789781683e-18,
            -5.4712662544956076e-18
        ],
        [
            2.1010285789781683e-18,
            -0.0291247717214526,
            -0.0002140646373906931
        ],
        [
            -5.4712662544956076e-18,
            -0.0002140646373906931,
            -0.03134583696672589
        ]
    ]
}