{
    "Material": "Mg6CrBiO8",
    "steinhart_vector": [
        [
            0.05371253582895111,
            2.617046589199317e-18,
            0.0020217295430029164,
            5.471575239515656e-18,
            0.04104437891676902,
            7.089248208492768e-18,
            0.01908418270974589,
            1.0343739168260265e-17,
            0.03859503566107878,
            1.255512016415529e-17,
            0.02217539284440019
        ],
        "Mg6CrBiO8"
    ],
    "steinhart_parameter_sum": 0.17663325550394796,
    "band_gap": 0.0,
    "oxidation_state": 3.0,
    "possible_species": [
        "Mg2+",
        "Bi+",
        "O2-",
        "Cr3+"
    ],
    "density": 4.824793582316015,
    "quadrupole moment": [
        [
            -25.334237796464134,
            -3.2355984891175615e-15,
            -1.5512746613138851e-15
        ],
        [
            -3.2355984891175615e-15,
            -20.120346478349646,
            -1.2320158956223306e-15
        ],
        [
            -1.5512746613138851e-15,
            -1.2320158956223306e-15,
            -20.120346478349646
        ]
    ],
    "quadrupole moment normalized": [
        [
            -0.07894454990389083,
            -1.5985039337240493e-17,
            -4.8339595174964214e-18
        ],
        [
            -1.5985039337240493e-17,
            -0.09940186676964463,
            -6.086608898435847e-18
        ],
        [
            -4.8339595174964214e-18,
            -6.086608898435847e-18,
            -0.09940186676964463
        ]
    ]
}