{
    "Material": "CrPO4",
    "steinhart_vector": [
        [
            0.06253648099174376,
            3.788918280086474e-18,
            0.006046379236156234,
            1.3686031971979637e-17,
            0.04686447969349562,
            1.8267582955460436e-17,
            0.025140160406374273,
            2.9581600048205145e-17,
            0.042645483880604185,
            3.5272469432812704e-17,
            0.030197094479679394
        ],
        "CrPO4"
    ],
    "steinhart_parameter_sum": 0.21343007868805353,
    "band_gap": 1.5960999999999999,
    "oxidation_state": 3.0,
    "possible_species": [
        "P5+",
        "Cr3+",
        "O2-"
    ],
    "density": 3.9544293760455993,
    "quadrupole moment": [
        [
            -14.69131239021458,
            0.5901239401957097,
            0.7281953728944548
        ],
        [
            0.5901239401957097,
            -14.18440297804919,
            -0.4835202028149599
        ],
        [
            0.7281953728944548,
            -0.4835202028149599,
            -19.15525317746583
        ]
    ],
    "quadrupole moment normalized": [
        [
            -0.12439696181663526,
            0.015740579464037494,
            0.0024037496909858
        ],
        [
            0.015740579464037494,
            -0.11105679886822305,
            -0.0016068094887999491
        ],
        [
            0.0024037496909858,
            -0.0016068094887999491,
            -0.14021620479487368
        ]
    ]
}