{
    "Material": "Sr2CrMoO6",
    "steinhart_vector": [
        [
            0.06259582208078535,
            2.366918485158447e-18,
            6.217386227037438e-18,
            9.880511554817812e-18,
            0.04780834881219783,
            8.219443687792958e-18,
            0.022130965133634967,
            1.3954033383007635e-17,
            0.04494820266932747,
            2.415351358088954e-17,
            0.02575350912719664
        ],
        "Sr2CrMoO6"
    ],
    "steinhart_parameter_sum": 0.2032368478231423,
    "band_gap": 0.0,
    "oxidation_state": 3.0,
    "possible_species": [
        "O2-",
        "Mo5+",
        "Cr3+",
        "Sr2+"
    ],
    "density": 5.481728828391527,
    "quadrupole moment": [
        [
            -15.951051691270882,
            1.7763568394002505e-15,
            0.0
        ],
        [
            1.7763568394002505e-15,
            -15.95105169127088,
            0.0
        ],
        [
            0.0,
            0.0,
            -15.951051691270884
        ]
    ],
    "quadrupole moment normalized": [
        [
            -0.12538358214301873,
            -1.0408340855860843e-17,
            0.0
        ],
        [
            -1.0408340855860843e-17,
            -0.1253835821430187,
            0.0
        ],
        [
            0.0,
            0.0,
            -0.1253835821430187
        ]
    ]
}