{
    "Material": "CrH3",
    "steinhart_vector": [
        [
            0.5117126369133318,
            6.694656445485314e-18,
            2.863873558822611e-17,
            3.478668799932032e-17,
            0.0977067455300332,
            7.44986477634078e-17,
            0.29399132390896643,
            7.750545100841223e-17,
            0.20668818514034545,
            1.1771756220944876e-16,
            0.006579111246554856
        ],
        "CrH3"
    ],
    "steinhart_parameter_sum": 1.116678002739232,
    "band_gap": 0.0,
    "oxidation_state": 3.0,
    "possible_species": [
        "H-",
        "Cr3+"
    ],
    "density": 4.3281518075185,
    "quadrupole moment": [
        [
            -15.275931667938,
            -1.9984014443252818e-15,
            -4.440892098500626e-16
        ],
        [
            -1.9984014443252818e-15,
            -15.275931667937998,
            -2.338452602641745e-16
        ],
        [
            -4.440892098500626e-16,
            -2.338452602641745e-16,
            -15.275931667937998
        ]
    ],
    "quadrupole moment normalized": [
        [
            -1.0473992911071812,
            8.326672684688674e-17,
            -5.551115123125783e-17
        ],
        [
            8.326672684688674e-17,
            -1.0473992911071812,
            -7.154482859730302e-17
        ],
        [
            -5.551115123125783e-17,
            -7.154482859730302e-17,
            -1.0473992911071812
        ]
    ]
}