{
    "Material": "Ta2CrSi6",
    "steinhart_vector": [
        [
            0.027114935883493216,
            1.0579854250748743e-09,
            0.0024004796606330024,
            0.004453827460579044,
            0.006313563686993877,
            0.00688955744402172,
            0.015051460660221571,
            0.006121753863264402,
            0.006699835281520728,
            0.006200154320937484,
            0.01000682077831096
        ],
        "Ta2CrSi6"
    ],
    "steinhart_parameter_sum": 0.09125239009796143,
    "band_gap": 0.0,
    "oxidation_state": 2.0,
    "possible_species": [
        "Cr2+",
        "Si1.33333333-",
        "Ta3+"
    ],
    "density": 7.686117295295183,
    "quadrupole moment": [
        [
            -33.595741439461136,
            -1.6708286196579927,
            -2.6663573735737374e-15
        ],
        [
            -1.6708286196579927,
            -35.619270734635926,
            -4.487824727724419e-15
        ],
        [
            -2.6663573735737374e-15,
            -4.487824727724419e-15,
            -23.87847620329486
        ]
    ],
    "quadrupole moment normalized": [
        [
            -0.043795974874724454,
            -0.005613426162730348,
            2.7442400158607096e-18
        ],
        [
            -0.005613426162730348,
            -0.050594357517290446,
            8.387769134523656e-19
        ],
        [
            2.7442400158607096e-18,
            8.387769134523656e-19,
            -0.043127874554653035
        ]
    ]
}