{
    "Material": "La2MgCrO6",
    "steinhart_vector": [
        [
            0.06541488036462453,
            3.347328222742657e-18,
            0.001360036311663655,
            1.3119685407611922e-17,
            0.049915163890280514,
            1.3070740651289994e-17,
            0.023301722313784547,
            1.742896594292785e-17,
            0.04684340419097202,
            2.3204427764006428e-17,
            0.027220509358401878
        ],
        "La2MgCrO6"
    ],
    "steinhart_parameter_sum": 0.21405571642972718,
    "band_gap": 1.1380999999999997,
    "oxidation_state": 4.0,
    "possible_species": [
        "O2-",
        "Mg2+",
        "Cr4+",
        "La3+"
    ],
    "density": 6.3869345901771375,
    "quadrupole moment": [
        [
            -14.703147418083566,
            0.146780180225492,
            0.352129680222428
        ],
        [
            0.146780180225492,
            -14.804712893322442,
            0.2504908024034348
        ],
        [
            0.352129680222428,
            0.2504908024034348,
            -14.30969758396588
        ]
    ],
    "quadrupole moment normalized": [
        [
            -0.13784324107934504,
            0.0013779628087231266,
            0.003300097744328977
        ],
        [
            0.0013779628087231266,
            -0.1387953976822821,
            0.0023494910321352628
        ],
        [
            0.003300097744328977,
            0.0023494910321352628,
            -0.1341555922636084
        ]
    ]
}