{
    "Material": "Sr2CrInO6",
    "steinhart_vector": [
        [
            0.06602642685673184,
            3.588652807326322e-18,
            1.4374720705285903e-17,
            2.1334802779768683e-17,
            0.050428516489739804,
            2.4020715056609935e-17,
            0.023343867083956332,
            3.253393233965504e-17,
            0.047411618175694635,
            5.3628442925400724e-17,
            0.027164946959183558
        ],
        "Sr2CrInO6"
    ],
    "steinhart_parameter_sum": 0.21437537556530634,
    "band_gap": 0.0,
    "oxidation_state": 5.0,
    "possible_species": [
        "Cr5+",
        "O2-",
        "Sr2+",
        "In3+"
    ],
    "density": 5.5816471540057675,
    "quadrupole moment": [
        [
            -14.336542511479749,
            0.0,
            -9.288357640253875e-16
        ],
        [
            0.0,
            -14.336542511479747,
            -9.708045590876943e-16
        ],
        [
            -9.288357640253875e-16,
            -9.708045590876943e-16,
            -14.336542511479752
        ]
    ],
    "quadrupole moment normalized": [
        [
            -0.13950364939095553,
            -1.3877787807814457e-17,
            -2.376777141886058e-17
        ],
        [
            -1.3877787807814457e-17,
            -0.1395036493909555,
            4.4312438639265275e-18
        ],
        [
            -2.376777141886058e-17,
            4.4312438639265275e-18,
            -0.13950364939095555
        ]
    ]
}