{
    "Material": "Y3BeCrS7",
    "steinhart_vector": [
        [
            0.025816445299103093,
            0.00010432339552929746,
            0.0019780885353026193,
            0.0006414394683514733,
            0.01945126582276709,
            0.0006156195175950888,
            0.009987035114372477,
            0.0012982509004476526,
            0.017794376054766164,
            0.0010559387043797257,
            0.012035497905790385
        ],
        "Y3BeCrS7"
    ],
    "steinhart_parameter_sum": 0.09077828071840507,
    "band_gap": 0.0,
    "oxidation_state": 3.0,
    "possible_species": [
        "Y3+",
        "S2-",
        "Cr3+",
        "Be2+"
    ],
    "density": 3.8346327648319893,
    "quadrupole moment": [
        [
            -21.639819937685477,
            -1.4238767040986033e-06,
            -6.217248937900877e-15
        ],
        [
            -1.4238767040986033e-06,
            -21.639821581836422,
            1.7763568394002505e-15
        ],
        [
            -6.217248937900877e-15,
            1.7763568394002505e-15,
            -27.076461383040268
        ]
    ],
    "quadrupole moment normalized": [
        [
            -0.03940088979272772,
            -9.9548146679021e-10,
            -1.79957020422436e-09
        ],
        [
            -9.9548146679021e-10,
            -0.03940089094221062,
            2.2877812422272825e-09
        ],
        [
            -1.79957020422436e-09,
            2.2877812422272825e-09,
            -0.049179142509824914
        ]
    ]
}