{
    "Material": "LiCrN",
    "steinhart_vector": [
        [
            0.07165231447744821,
            0.005069343045621936,
            0.00625205149097464,
            0.05214605745991859,
            0.036976536171029604,
            0.014846466370959287,
            0.04210894342211993,
            0.042540789728022964,
            0.026136619702034687,
            0.03407632325402113,
            0.0421262370176306
        ],
        "LiCrN"
    ],
    "steinhart_parameter_sum": 0.37393168213978156,
    "band_gap": 0.0,
    "oxidation_state": 2.0,
    "possible_species": [
        "Li+",
        "N3-",
        "Cr2+"
    ],
    "density": 4.527254267798917,
    "quadrupole moment": [
        [
            -17.805135897187995,
            5.551115123125783e-17,
            1.8037827360991407
        ],
        [
            5.551115123125783e-17,
            -15.1177467933375,
            -1.7763568394002505e-15
        ],
        [
            1.8037827360991407,
            -1.7763568394002505e-15,
            -14.786117972988404
        ]
    ],
    "quadrupole moment normalized": [
        [
            -0.16374979317539365,
            4.336808689942018e-19,
            0.012988430290389513
        ],
        [
            4.336808689942018e-19,
            -0.1353069590157674,
            -6.938893903907228e-18
        ],
        [
            0.012988430290389513,
            -6.938893903907228e-18,
            -0.1322290458648051
        ]
    ]
}