{
    "Material": "TiCrAgS4",
    "steinhart_vector": [
        [
            0.025519413114439234,
            0.0013269972460689102,
            0.0004822808841414879,
            0.0031984721301502386,
            0.018753710933011217,
            0.0046804055942655945,
            0.008401632542602375,
            0.006663497645693711,
            0.015957889767853044,
            0.007549816943492465,
            0.008699968760629269
        ],
        "TiCrAgS4"
    ],
    "steinhart_parameter_sum": 0.10123408556234753,
    "band_gap": 0.22029999999999994,
    "oxidation_state": 4.0,
    "possible_species": [
        "Ti4+",
        "S2-",
        "Ag+",
        "Cr3+"
    ],
    "density": 4.197843087061345,
    "quadrupole moment": [
        [
            -22.93652657434053,
            0.357105998467526,
            0.03287767683276588
        ],
        [
            0.357105998467526,
            -24.153253300805385,
            0.008936580946268258
        ],
        [
            0.03287767683276588,
            0.008936580946268258,
            -25.04915712765718
        ]
    ],
    "quadrupole moment normalized": [
        [
            -0.04050864849711084,
            0.0004464686779271185,
            -0.0003316411408111975
        ],
        [
            0.0004464686779271185,
            -0.04202985053598603,
            -9.014438322536454e-05
        ],
        [
            -0.0003316411408111975,
            -9.014438322536454e-05,
            -0.042592809266559103
        ]
    ]
}