{
    "Material": "SmCrGeO5",
    "steinhart_vector": [
        [
            0.062308805240698116,
            0.0003061708128981872,
            0.0030567378582293733,
            0.004387937879569014,
            0.046878855254900306,
            0.005717495865124142,
            0.022476492886201654,
            0.008717063381439315,
            0.042509572107985595,
            0.010030536745669175,
            0.025890129124470675
        ],
        "SmCrGeO5"
    ],
    "steinhart_parameter_sum": 0.23227979715718558,
    "band_gap": 2.6696999999999997,
    "oxidation_state": 3.0,
    "possible_species": [
        "Cr3+",
        "Sm3+",
        "Ge4+",
        "O2-"
    ],
    "density": 6.2599467631143755,
    "quadrupole moment": [
        [
            -17.05850272677807,
            -2.040034807748725e-15,
            -1.1102230246251565e-16
        ],
        [
            -2.040034807748725e-15,
            -14.561845761178377,
            0.476751383429197
        ],
        [
            -1.1102230246251565e-16,
            0.476751383429197,
            -16.693127011549624
        ]
    ],
    "quadrupole moment normalized": [
        [
            -0.1357755645382574,
            1.5612511283791264e-17,
            1.566672139241554e-17
        ],
        [
            1.5612511283791264e-17,
            -0.11410450120244306,
            -0.000351396671345601
        ],
        [
            1.566672139241554e-17,
            -0.000351396671345601,
            -0.12287619067227562
        ]
    ]
}