{
    "Material": "Mg30CrFeO32",
    "steinhart_vector": [
        [
            0.05754741028735713,
            2.8847382756155997e-18,
            0.0012827372517332492,
            4.272004651942355e-18,
            0.04396035912212544,
            7.879371065775871e-18,
            0.020381432526874507,
            9.656264055211275e-18,
            0.04133273031077212,
            1.2436517669548534e-17,
            0.023705312967033914
        ],
        "Mg30CrFeO32"
    ],
    "steinhart_parameter_sum": 0.1882099824658964,
    "band_gap": 1.3011,
    "oxidation_state": 2.0,
    "possible_species": [
        "Cr2+",
        "Mg2+",
        "O2-",
        "Fe2+"
    ],
    "density": 3.603345165755611,
    "quadrupole moment": [
        [
            -19.742785108742837,
            -3.1748819901067972e-15,
            0.0
        ],
        [
            -3.1748819901067972e-15,
            -19.742785108742837,
            0.0
        ],
        [
            0.0,
            0.0,
            -17.295968163363106
        ]
    ],
    "quadrupole moment normalized": [
        [
            -0.10130282981778119,
            -1.6290737510631166e-17,
            0.0
        ],
        [
            -1.6290737510631166e-17,
            -0.10130282981778119,
            0.0
        ],
        [
            0.0,
            0.0,
            -0.11563388537199476
        ]
    ]
}