{
    "Material": "GdCrTeO6",
    "steinhart_vector": [
        [
            0.05941093503246232,
            3.9250902623134775e-18,
            0.006908007128023968,
            9.761617362152192e-18,
            0.04406300290712895,
            1.3405554550462004e-17,
            0.0253298416799416,
            1.6742393345601137e-17,
            0.03910958195890663,
            2.0063297040519526e-17,
            0.0312990430623213
        ],
        "GdCrTeO6"
    ],
    "steinhart_parameter_sum": 0.20612041176878482,
    "band_gap": 1.3853000000000004,
    "oxidation_state": 3.0,
    "possible_species": [
        "Cr3+",
        "Gd3+",
        "O2-",
        "Te6+"
    ],
    "density": 6.448275925702477,
    "quadrupole moment": [
        [
            -19.76598567037386,
            2.4562682323647778e-06,
            -2.6645352591003757e-15
        ],
        [
            2.4562682323647778e-06,
            -19.765982834118798,
            -1.3322676295501878e-15
        ],
        [
            -2.6645352591003757e-15,
            -1.3322676295501878e-15,
            -13.58930731838561
        ]
    ],
    "quadrupole moment normalized": [
        [
            -0.12608225396586803,
            4.008114222464609e-09,
            -2.385386900158326e-09
        ],
        [
            4.008114222464609e-09,
            -0.1260822493376967,
            -1.5606314750921113e-08
        ],
        [
            -2.385386900158326e-09,
            -1.5606314750921113e-08,
            -0.0866827800338559
        ]
    ]
}