{
    "Material": "BaCr(Si2O5)2",
    "steinhart_vector": [
        [
            0.061376011555855974,
            0.0015558661694722617,
            0.030628844564712664,
            0.002331299718210174,
            0.050771558202844756,
            0.0045103535067746265,
            0.035632313999930686,
            0.005563224334600517,
            0.0485328347252884,
            0.0075285712006375564,
            0.0368045542286779
        ],
        "BaCr(Si2O5)2"
    ],
    "steinhart_parameter_sum": 0.2852354322070055,
    "band_gap": 3.2289,
    "oxidation_state": 2.0,
    "possible_species": [
        "Si4+",
        "Cr2+",
        "O2-",
        "Ba2+"
    ],
    "density": 3.1964719532690977,
    "quadrupole moment": [
        [
            -16.580725139875454,
            -1.3322676295501878e-15,
            1.3877787807814457e-17
        ],
        [
            -1.3322676295501878e-15,
            -16.580725139875454,
            -5.551115123125783e-17
        ],
        [
            1.3877787807814457e-17,
            -5.551115123125783e-17,
            -0.02132356609480368
        ]
    ],
    "quadrupole moment normalized": [
        [
            -0.12046701039895225,
            1.0408340855860843e-17,
            6.505213034913027e-19
        ],
        [
            1.0408340855860843e-17,
            -0.12046701039895222,
            6.505213034913027e-19
        ],
        [
            6.505213034913027e-19,
            6.505213034913027e-19,
            -0.00015492605038773083
        ]
    ]
}