{
    "Material": "Mn10CrN9",
    "steinhart_vector": [
        [
            0.07469176071825077,
            0.010165248395300128,
            0.02383924669565955,
            0.04272838137044793,
            0.04337939796943804,
            0.03408554360507033,
            0.03239126869479721,
            0.04098546753593931,
            0.035852305591433806,
            0.041073871861220565,
            0.0325678825611334
        ],
        "Mn10CrN9"
    ],
    "steinhart_parameter_sum": 0.41176037499869106,
    "band_gap": 0.0,
    "oxidation_state": 2.0,
    "possible_species": [
        "N3-",
        "Mn2+",
        "Mn3+",
        "Cr3+"
    ],
    "density": 6.297377881601945,
    "quadrupole moment": [
        [
            -9.621240684761469,
            0.457538460198363,
            -4.525093640170659
        ],
        [
            0.457538460198363,
            -22.586880243901454,
            0.059989150723656515
        ],
        [
            -4.525093640170659,
            0.059989150723656515,
            -11.725068568969894
        ]
    ],
    "quadrupole moment normalized": [
        [
            -0.10984581106522842,
            0.009591125515699982,
            -0.05070220365815973
        ],
        [
            0.009591125515699982,
            -0.23482195370255332,
            -0.0011830885617639276
        ],
        [
            -0.05070220365815973,
            -0.0011830885617639276,
            -0.12408337571504033
        ]
    ]
}