{
    "Material": "CrReO4",
    "steinhart_vector": [
        [
            0.06245732647414537,
            4.22238974925849e-08,
            0.002406022763661291,
            1.4894459554171653e-07,
            0.04755363065796169,
            1.9361148292451574e-07,
            0.02263538726809168,
            3.0361956470291794e-07,
            0.04443901242528566,
            3.383683029135967e-07,
            0.02664636498246251
        ],
        "CrReO4"
    ],
    "steinhart_parameter_sum": 0.20613877133945177,
    "band_gap": 0.0,
    "oxidation_state": 3.0,
    "possible_species": [
        "Re5+",
        "O2-",
        "Cr3+"
    ],
    "density": 7.689008121437258,
    "quadrupole moment": [
        [
            -16.93302243135501,
            -0.0003221878798979629,
            -0.00022355929189899021
        ],
        [
            -0.0003221878798979629,
            -14.835729276880569,
            0.00010722426441187093
        ],
        [
            -0.00022355929189899021,
            0.00010722426441187093,
            -16.302272343350722
        ]
    ],
    "quadrupole moment normalized": [
        [
            -0.1342221433393111,
            2.8910576038592207e-06,
            -1.8003658095162053e-06
        ],
        [
            2.8910576038592207e-06,
            -0.11759763463131323,
            8.181864678522693e-07
        ],
        [
            -1.8003658095162053e-06,
            8.181864678522693e-07,
            -0.12268228373247791
        ]
    ]
}