{
    "Material": "CrBiWO6",
    "steinhart_vector": [
        [
            0.06488612553966205,
            6.407369001191435e-18,
            0.004834492771903309,
            1.1337011863401352e-17,
            0.04897273194381593,
            1.361275934600824e-17,
            0.025014760340418208,
            1.6933261300585228e-17,
            0.04499902285768132,
            2.1422749278246394e-17,
            0.03013756234044148
        ],
        "CrBiWO6"
    ],
    "steinhart_parameter_sum": 0.21884469579392235,
    "band_gap": 0.0,
    "oxidation_state": 3.0,
    "possible_species": [
        "Bi3+",
        "W6+",
        "O2-",
        "Cr3+"
    ],
    "density": 6.767852680582017,
    "quadrupole moment": [
        [
            -14.384917931923981,
            -0.7957994878816174,
            -0.29113142362708344
        ],
        [
            -0.7957994878816174,
            -16.096243374470248,
            1.357800709715947
        ],
        [
            -0.29113142362708344,
            1.357800709715947,
            -14.058817230083422
        ]
    ],
    "quadrupole moment normalized": [
        [
            -0.13282175578948918,
            -0.00810709710804363,
            -0.0028287342237031366
        ],
        [
            -0.00810709710804363,
            -0.1417212515201275,
            0.013832406724633262
        ],
        [
            -0.0028287342237031366,
            0.013832406724633262,
            -0.12965324784392646
        ]
    ]
}