{
    "Material": "ZrCrAgS4",
    "steinhart_vector": [
        [
            0.025675603214612774,
            0.0008024671031256085,
            0.002283815138479675,
            0.0020826770515518372,
            0.018987873535857246,
            0.002930330118322081,
            0.00995329334098152,
            0.004355991815871336,
            0.016619308442109588,
            0.004761953783491041,
            0.011659310737819478
        ],
        "ZrCrAgS4"
    ],
    "steinhart_parameter_sum": 0.1001126242822222,
    "band_gap": 0.0,
    "oxidation_state": 3.0,
    "possible_species": [
        "Cr3+",
        "Zr4+",
        "Ag+",
        "S2-"
    ],
    "density": 4.428346490885725,
    "quadrupole moment": [
        [
            -19.518236834629146,
            -1.7763568394002505e-15,
            -0.01627703216330101
        ],
        [
            -1.7763568394002505e-15,
            -25.982562505927998,
            -8.881784197001252e-16
        ],
        [
            -0.01627703216330101,
            -8.881784197001252e-16,
            -25.663989208040398
        ]
    ],
    "quadrupole moment normalized": [
        [
            -0.03471460990515736,
            -3.469446951953614e-18,
            -0.00010064254482844599
        ],
        [
            -3.469446951953614e-18,
            -0.04652335244438568,
            -8.673617379884035e-19
        ],
        [
            -0.00010064254482844599,
            -8.673617379884035e-19,
            -0.045371050960231966
        ]
    ]
}