{
    "Material": "CrB2(PbO2)6",
    "steinhart_vector": [
        [
            0.07454964810676112,
            0.000325656892712933,
            0.0006119192716671453,
            0.05556209826145123,
            0.03795773941083907,
            0.0010988337689849278,
            0.04685022837903926,
            0.04560882114170959,
            0.01592846214203946,
            0.038612708218360575,
            0.04844015840753216
        ],
        "CrB2(PbO2)6"
    ],
    "steinhart_parameter_sum": 0.36554627400109746,
    "band_gap": 1.8898000000000001,
    "oxidation_state": 6.0,
    "possible_species": [
        "B3+",
        "O2-",
        "Pb2+",
        "Cr6+"
    ],
    "density": 6.856192250643224,
    "quadrupole moment": [
        [
            -7.533655117094255,
            -2.220446049250313e-15,
            -0.10172416805447781
        ],
        [
            -2.220446049250313e-15,
            -7.4428842813568945,
            -4.440892098500626e-16
        ],
        [
            -0.10172416805447781,
            -4.440892098500626e-16,
            -7.518541264757079
        ]
    ],
    "quadrupole moment normalized": [
        [
            -0.11974395435662141,
            0.0,
            0.00045393155615422454
        ],
        [
            0.0,
            -0.12008423858043965,
            -1.734723475976807e-18
        ],
        [
            0.00045393155615422454,
            -1.734723475976807e-18,
            -0.11587997935454042
        ]
    ]
}