{
    "Material": "TlCrSe2",
    "steinhart_vector": [
        [
            0.01170458964936147,
            2.01016263363682e-06,
            0.00023337917619708847,
            7.29336222250851e-06,
            0.008931905506717117,
            1.023530941953112e-05,
            0.004166848323662301,
            1.4099114719788317e-05,
            0.008383451028609911,
            1.832593441381502e-05,
            0.004866132306367739
        ],
        "TlCrSe2"
    ],
    "steinhart_parameter_sum": 0.038338269874324905,
    "band_gap": 0.0,
    "oxidation_state": 3.0,
    "possible_species": [
        "Cr3+",
        "Tl+",
        "Se2-"
    ],
    "density": 6.686629055824658,
    "quadrupole moment": [
        [
            -25.707324074547294,
            0.03180169886979112,
            -0.2780378690069152
        ],
        [
            0.03180169886979112,
            -25.742248410372007,
            -0.16452616493664873
        ],
        [
            -0.2780378690069152,
            -0.16452616493664873,
            -24.322841280694096
        ]
    ],
    "quadrupole moment normalized": [
        [
            -0.018963477142288767,
            2.349206070478317e-05,
            -0.00020513155350025854
        ],
        [
            2.349206070478317e-05,
            -0.01898927590922344,
            -0.000121384572272258
        ],
        [
            -0.00020513155350025854,
            -0.000121384572272258,
            -0.017942197916404255
        ]
    ]
}