{
    "Material": "V4CrNiO12",
    "steinhart_vector": [
        [
            0.07065893783561136,
            0.0014646205668617089,
            0.003583897839781641,
            0.05244837298556941,
            0.03593359792939464,
            0.0071339571185024195,
            0.0439789745723779,
            0.04271761056067018,
            0.01794542665615663,
            0.03642165585688428,
            0.04464633485373617
        ],
        "V4CrNiO12"
    ],
    "steinhart_parameter_sum": 0.3569333867755463,
    "band_gap": 0.0,
    "oxidation_state": 5.0,
    "possible_species": [
        "V5+",
        "O2-",
        "Cr2+",
        "Ni2+"
    ],
    "density": 3.4212409817579528,
    "quadrupole moment": [
        [
            -8.075798486437197,
            -0.007746866366849292,
            0.20974746487609908
        ],
        [
            -0.007746866366849292,
            -8.53954927012927,
            0.1992869884156525
        ],
        [
            0.20974746487609908,
            0.1992869884156525,
            -8.460823073300936
        ]
    ],
    "quadrupole moment normalized": [
        [
            -0.10135448543797958,
            0.0017598969388753034,
            0.0019371279188361151
        ],
        [
            0.0017598969388753034,
            -0.1191941345887567,
            0.002501604080383268
        ],
        [
            0.0019371279188361151,
            0.002501604080383268,
            -0.09915338719940389
        ]
    ]
}