{
    "Material": "Ca2NbCrO6",
    "steinhart_vector": [
        [
            0.06190581978050752,
            1.0690290539680487e-05,
            0.0013062468630075721,
            2.242453489419479e-05,
            0.04723630937153134,
            3.784229491344697e-05,
            0.022056380877993755,
            4.842841802540645e-05,
            0.04432714982565631,
            6.547535832177882e-05,
            0.025768156240913945
        ],
        "Ca2NbCrO6"
    ],
    "steinhart_parameter_sum": 0.20278492385630498,
    "band_gap": 2.7637000000000005,
    "oxidation_state": 3.0,
    "possible_species": [
        "Nb5+",
        "Ca2+",
        "Cr3+",
        "O2-"
    ],
    "density": 4.464418512280445,
    "quadrupole moment": [
        [
            -16.17473273794804,
            0.4880108831153547,
            -0.10452508900882007
        ],
        [
            0.4880108831153547,
            -16.29331939540116,
            -0.29543118361843473
        ],
        [
            -0.10452508900882007,
            -0.29543118361843473,
            -16.457979046827184
        ]
    ],
    "quadrupole moment normalized": [
        [
            -0.12093251627240925,
            0.0034977058264674017,
            -0.0005832084860373059
        ],
        [
            0.0034977058264674017,
            -0.1227011303191861,
            -0.0021943126316403805
        ],
        [
            -0.0005832084860373059,
            -0.0021943126316403805,
            -0.12427055586540697
        ]
    ]
}