{
    "Material": "Li2CrP2O7",
    "steinhart_vector": [
        [
            0.05972594852813052,
            0.0027530919774177774,
            0.029957561434253183,
            0.004703064937908124,
            0.04857730991343833,
            0.008633324260097835,
            0.03486653419376242,
            0.010530383699192448,
            0.04468587004360679,
            0.014321571629584084,
            0.035731605344934615
        ],
        "Li2CrP2O7"
    ],
    "steinhart_parameter_sum": 0.29448626596232613,
    "band_gap": 3.4997,
    "oxidation_state": 2.0,
    "possible_species": [
        "Li+",
        "P5+",
        "O2-",
        "Cr2+"
    ],
    "density": 2.785954849211951,
    "quadrupole moment": [
        [
            -11.91391481482096,
            7.009042000549868,
            0.16505317123511176
        ],
        [
            7.009042000549868,
            -4.231384166685543,
            0.1465880083773312
        ],
        [
            0.16505317123511176,
            0.1465880083773312,
            -18.898160793698352
        ]
    ],
    "quadrupole moment normalized": [
        [
            -0.07756001632935891,
            0.0457398368953397,
            3.20137229909076e-05
        ],
        [
            0.0457398368953397,
            -0.027670812385709537,
            0.0014878284799383548
        ],
        [
            3.20137229909076e-05,
            0.0014878284799383548,
            -0.12307328965649503
        ]
    ]
}