{
    "Material": "SrCaNbCrO6",
    "steinhart_vector": [
        [
            0.06173721222689341,
            0.0007626542518944117,
            0.0008536517110182409,
            0.0028113004230323232,
            0.04691656640535498,
            0.004055912085306315,
            0.021690800218577784,
            0.005778344303871415,
            0.04354816275861923,
            0.00711709477799736,
            0.024897708954005365
        ],
        "SrCaNbCrO6"
    ],
    "steinhart_parameter_sum": 0.22016940811657085,
    "band_gap": 2.0839999999999996,
    "oxidation_state": 3.0,
    "possible_species": [
        "O2-",
        "Cr3+",
        "Ca2+",
        "Nb5+",
        "Sr2+"
    ],
    "density": 4.923953464424422,
    "quadrupole moment": [
        [
            -16.54480877507547,
            -0.13511456415666445,
            -0.08404584938466941
        ],
        [
            -0.13511456415666445,
            -16.357535243661847,
            0.3361571383111245
        ],
        [
            -0.08404584938466941,
            0.3361571383111245,
            -16.294039620998962
        ]
    ],
    "quadrupole moment normalized": [
        [
            -0.12257922861966464,
            -0.000779371354819868,
            -0.0009022072632195871
        ],
        [
            -0.000779371354819868,
            -0.12240376265055661,
            0.0025310008776873753
        ],
        [
            -0.0009022072632195871,
            0.0025310008776873753,
            -0.12092668823383454
        ]
    ]
}