{
    "Material": "BaEuCrBiO6",
    "steinhart_vector": [
        [
            0.06176952947506849,
            7.938885945022673e-18,
            2.022988488792896e-17,
            2.6362344443315522e-17,
            0.04717725741021789,
            4.301456139231371e-17,
            0.021838826581261628,
            6.11572405689908e-17,
            0.04435486646458853,
            7.021203096303352e-17,
            0.025413551387914932
        ],
        "BaEuCrBiO6"
    ],
    "steinhart_parameter_sum": 0.2005540313190517,
    "band_gap": 0.0,
    "oxidation_state": 3.0,
    "possible_species": [
        "Ba2+",
        "O2-",
        "Eu2+",
        "Bi5+",
        "Cr3+"
    ],
    "density": 7.496689755395469,
    "quadrupole moment": [
        [
            -16.380661317873198,
            -2.220446049250313e-16,
            -3.1086244689504383e-15
        ],
        [
            -2.220446049250313e-16,
            -16.380661317873194,
            -2.220446049250313e-15
        ],
        [
            -3.1086244689504383e-15,
            -2.220446049250313e-15,
            -16.3806613178732
        ]
    ],
    "quadrupole moment normalized": [
        [
            -0.12209519269028343,
            -2.7755575615628914e-17,
            -2.0816681711721685e-17
        ],
        [
            -2.7755575615628914e-17,
            -0.12209519269028338,
            -1.3877787807814457e-17
        ],
        [
            -2.0816681711721685e-17,
            -1.3877787807814457e-17,
            -0.12209519269028343
        ]
    ]
}