{
    "Material": "CrCN2",
    "steinhart_vector": [
        [
            0.06531997142390922,
            6.669606413960648e-07,
            0.005702697261285231,
            3.3162914212035564e-06,
            0.04907472477408609,
            3.849515644848202e-06,
            0.02593030031097243,
            6.547139757566709e-06,
            0.044670213094585985,
            6.813463454154863e-06,
            0.031571051553619806
        ],
        "CrCN2"
    ],
    "steinhart_parameter_sum": 0.2222901517893779,
    "band_gap": 0.0,
    "oxidation_state": 2.0,
    "possible_species": [
        "C4+",
        "Cr2+",
        "N3-"
    ],
    "density": 3.5493494867679822,
    "quadrupole moment": [
        [
            -31.203693985801692,
            1.1273875943897886e-05,
            -0.00083798512318501
        ],
        [
            1.1273875943897886e-05,
            -31.204870886432964,
            0.0014514592779377722
        ],
        [
            -0.00083798512318501,
            0.0014514592779377722,
            -23.687728489654912
        ]
    ],
    "quadrupole moment normalized": [
        [
            -0.19485599714125823,
            6.17544022246807e-06,
            2.2922421972386154e-06
        ],
        [
            6.17544022246807e-06,
            -0.19483669130446912,
            -7.356848840414654e-06
        ],
        [
            2.2922421972386154e-06,
            -7.356848840414654e-06,
            -0.14791134422235602
        ]
    ]
}