{
    "Material": "SrMg30CrO32",
    "steinhart_vector": [
        [
            0.057339915390677766,
            4.115359238057518e-18,
            0.0013537788572873114,
            1.1859877119224792e-17,
            0.04380280134215428,
            1.3288424676462871e-17,
            0.020312234359405018,
            2.1228749069210487e-17,
            0.04118487071166888,
            2.3921922999161606e-17,
            0.02362334209850113
        ],
        "SrMg30CrO32"
    ],
    "steinhart_parameter_sum": 0.18761694275969446,
    "band_gap": 0.6715999999999998,
    "oxidation_state": 2.0,
    "possible_species": [
        "Sr2+",
        "O2-",
        "Cr2+",
        "Mg2+"
    ],
    "density": 3.594081663508827,
    "quadrupole moment": [
        [
            -18.14249978545044,
            -3.783108352099163e-15,
            -1.110907714539171e-15
        ],
        [
            -3.783108352099163e-15,
            -18.14249978545044,
            -1.1109077145391709e-15
        ],
        [
            -1.110907714539171e-15,
            -1.1109077145391709e-15,
            -20.940166536330974
        ]
    ],
    "quadrupole moment normalized": [
        [
            -0.11023839182315551,
            -2.2987117859172425e-17,
            -6.750154684468957e-18
        ],
        [
            -2.2987117859172425e-17,
            -0.11023839182315551,
            -6.7501546844689554e-18
        ],
        [
            -6.750154684468957e-18,
            -6.7501546844689554e-18,
            -0.09551022416798934
        ]
    ]
}