{
    "Material": "Rb2CrCl5O",
    "steinhart_vector": [
        [
            0.03362044098413001,
            0.007660284472608675,
            0.008732094322364103,
            0.011173881970976131,
            0.02576564236718972,
            0.007284021043449297,
            0.014547287608716127,
            0.012592641989191964,
            0.023352307257759386,
            0.008334752686664781,
            0.016052146195693787
        ],
        "Rb2CrCl5O"
    ],
    "steinhart_parameter_sum": 0.16911550089874397,
    "band_gap": 1.0209,
    "oxidation_state": 5.0,
    "possible_species": [
        "Cl-",
        "Cr5+",
        "Rb+",
        "O2-"
    ],
    "density": 2.6841490460068043,
    "quadrupole moment": [
        [
            -11.246902834031298,
            -2.0539125955565396e-15,
            0.33545707196722807
        ],
        [
            -2.0539125955565396e-15,
            -10.958233634533354,
            0.0
        ],
        [
            0.33545707196722807,
            0.0,
            -11.218973231849212
        ]
    ],
    "quadrupole moment normalized": [
        [
            -0.061760508706456066,
            -4.0115480381963664e-18,
            0.042783656129166
        ],
        [
            -4.0115480381963664e-18,
            -0.021261016630655792,
            0.0
        ],
        [
            0.042783656129166,
            0.0,
            -0.06627028346029865
        ]
    ]
}