{
    "Material": "TbCrO4",
    "steinhart_vector": [
        [
            0.07362221546594339,
            2.3493591691373603e-06,
            0.008923831051757945,
            0.053730288803362586,
            0.03668630607716588,
            0.01723100708661153,
            0.04459843175372231,
            0.04118354201997741,
            0.02683031633763079,
            0.03939506700492527,
            0.04007563724739772
        ],
        "TbCrO4"
    ],
    "steinhart_parameter_sum": 0.3822789922076639,
    "band_gap": 0.2967000000000002,
    "oxidation_state": 5.0,
    "possible_species": [
        "Tb3+",
        "O2-",
        "Cr5+"
    ],
    "density": 5.732631960501637,
    "quadrupole moment": [
        [
            -6.950157937276743,
            -0.9995903825071065,
            0.49604991166465295
        ],
        [
            -0.9995903825071065,
            -8.317145160145927,
            0.9400075340202761
        ],
        [
            0.49604991166465295,
            0.9400075340202761,
            -7.79444630901598
        ]
    ],
    "quadrupole moment normalized": [
        [
            -0.10454529016612248,
            -0.01503536915081129,
            0.00746125378560059
        ],
        [
            -0.01503536915081129,
            -0.12510097607933438,
            0.014142253908061203
        ],
        [
            0.00746125378560059,
            0.014142253908061203,
            -0.11724849285321443
        ]
    ]
}