{
    "Material": "Ca4CrFe3O10",
    "steinhart_vector": [
        [
            0.0614634993295765,
            3.1865615319078455e-18,
            0.0031882653534740252,
            1.2646274026249757e-17,
            0.046696848650006416,
            1.2334787954592736e-17,
            0.022663098629858106,
            2.6722246009327874e-17,
            0.043447567686136626,
            2.1748954324356226e-17,
            0.026879886320735746
        ],
        "Ca4CrFe3O10"
    ],
    "steinhart_parameter_sum": 0.2043391659697875,
    "band_gap": 1.7498000000000005,
    "oxidation_state": 3.0,
    "possible_species": [
        "O2-",
        "Cr3+",
        "Fe3+",
        "Ca2+"
    ],
    "density": 3.8816497381970905,
    "quadrupole moment": [
        [
            -15.288239206872262,
            0.6397309784659029,
            -0.9249987531406099
        ],
        [
            0.6397309784659029,
            -17.47646952010359,
            0.3917072978270615
        ],
        [
            -0.9249987531406099,
            0.3917072978270615,
            -16.929100377368293
        ]
    ],
    "quadrupole moment normalized": [
        [
            -0.11816620049441351,
            0.004913724717835724,
            -0.005382739344838202
        ],
        [
            0.004913724717835724,
            -0.12885738702168792,
            -0.0065496779163466586
        ],
        [
            -0.005382739344838202,
            -0.0065496779163466586,
            -0.11578786575080391
        ]
    ]
}