{
    "Material": "Mg14CrBO16",
    "steinhart_vector": [
        [
            0.05935125596350974,
            3.6407765109800854e-18,
            0.0002503306632673069,
            6.812502987012343e-18,
            0.045330558510353704,
            8.65262094670476e-18,
            0.020985144276764133,
            1.2155893213194675e-17,
            0.04261873211163098,
            1.513802095999303e-17,
            0.02441967824491266
        ],
        "Mg14CrBO16"
    ],
    "steinhart_parameter_sum": 0.19295569977043855,
    "band_gap": 0.0,
    "oxidation_state": 2.0,
    "possible_species": [
        "B2+",
        "Mg2+",
        "Cr2+",
        "O2-"
    ],
    "density": 3.533663817872661,
    "quadrupole moment": [
        [
            -17.615148374192238,
            -2.826088163323855e-15,
            -1.0786167536480115e-15
        ],
        [
            -2.826088163323855e-15,
            -17.573834706526448,
            -1.0760870211046138e-15
        ],
        [
            -1.0786167536480115e-15,
            -1.0760870211046138e-15,
            -18.044888809883204
        ]
    ],
    "quadrupole moment normalized": [
        [
            -0.11353864057882013,
            -1.830132895331516e-17,
            -6.952236638219694e-18
        ],
        [
            -1.830132895331516e-17,
            -0.11380555430268466,
            -6.968580390098653e-18
        ],
        [
            -6.952236638219694e-18,
            -6.968580390098653e-18,
            -0.11083470898998268
        ]
    ]
}