{
    "Material": "Ca8Mn7CrO20",
    "steinhart_vector": [
        [
            0.0627991724535247,
            0.005792505301887511,
            0.015602444471270254,
            0.018950628797275496,
            0.045025974961562874,
            0.016480674847178207,
            0.025678379029699102,
            0.023090458746355284,
            0.03582420011697933,
            0.02830764465833751,
            0.023793449514956933
        ],
        "Ca8Mn7CrO20"
    ],
    "steinhart_parameter_sum": 0.3013455328990272,
    "band_gap": 0.0,
    "oxidation_state": 3.0,
    "possible_species": [
        "O2-",
        "Ca2+",
        "Cr3+",
        "Mn3+"
    ],
    "density": 3.802183563355132,
    "quadrupole moment": [
        [
            -15.474738353660896,
            -0.10016668951820584,
            1.509960505167855
        ],
        [
            -0.10016668951820584,
            -15.477417536487678,
            1.5302891707764261
        ],
        [
            1.509960505167855,
            1.5302891707764261,
            -8.976898124086409
        ]
    ],
    "quadrupole moment normalized": [
        [
            -0.1334377782159211,
            0.001432227503138909,
            0.005214557620524644
        ],
        [
            0.001432227503138909,
            -0.1333994700782666,
            0.005284761442281215
        ],
        [
            0.005214557620524644,
            0.005284761442281215,
            -0.049405944786356536
        ]
    ]
}