{
    "Material": "KMg14CrO16",
    "steinhart_vector": [
        [
            0.05974179310250696,
            3.550377727737671e-18,
            0.0011315381608782674,
            1.1952352464779111e-17,
            0.045634393822684936,
            1.3432877554889794e-17,
            0.021148417474392184,
            2.1455774050113393e-17,
            0.04290603697312119,
            2.4748716985145423e-17,
            0.02460091676487238
        ],
        "KMg14CrO16"
    ],
    "steinhart_parameter_sum": 0.195163096298456,
    "band_gap": 0.0004999999999997229,
    "oxidation_state": 3.0,
    "possible_species": [
        "Mg2+",
        "K+",
        "Cr3+",
        "O2-"
    ],
    "density": 3.5237894683884017,
    "quadrupole moment": [
        [
            -16.866535293848198,
            -3.647649969479971e-15,
            -1.0327774230158534e-15
        ],
        [
            -3.647649969479971e-15,
            -16.866535293848198,
            -1.0327774230158532e-15
        ],
        [
            -1.0327774230158534e-15,
            -1.0327774230158532e-15,
            -18.917593518095998
        ]
    ],
    "quadrupole moment normalized": [
        [
            -0.1185779986912587,
            -2.5644332150712937e-17,
            -7.260808327327454e-18
        ],
        [
            -2.5644332150712937e-17,
            -0.1185779986912587,
            -7.260808327327452e-18
        ],
        [
            -7.260808327327454e-18,
            -7.260808327327452e-18,
            -0.10572169224837506
        ]
    ]
}