{
    "Material": "Ti2CrIn3O6",
    "steinhart_vector": [
        [
            0.06402409172637874,
            0.00033053973922058885,
            0.06402153200733703,
            0.0008096267253129455,
            0.06401555972757922,
            0.0012800554824607038,
            0.0640061758423553,
            0.0017487372366612943,
            0.0639933818528724,
            0.0022166779404714705,
            0.06397717980642849
        ],
        "Ti2CrIn3O6"
    ],
    "steinhart_parameter_sum": 0.3904235580870782,
    "band_gap": 0.0,
    "oxidation_state": 2.0,
    "possible_species": [
        "O2-",
        "Cr2+",
        "In2+",
        "Ti2+"
    ],
    "density": 5.430270216782206,
    "quadrupole moment": [
        [
            -0.31545887784490756,
            -0.5729389950743577,
            2.0921853156735852
        ],
        [
            -0.5729389950743577,
            -1.0423251758469554,
            3.8047456740481027
        ],
        [
            2.0921853156735852,
            3.8047456740481027,
            -13.889523661812852
        ]
    ],
    "quadrupole moment normalized": [
        [
            -0.0027138536231452095,
            -0.004928923155518737,
            0.017998810932255464
        ],
        [
            -0.004928923155518737,
            -0.008966994285570372,
            0.03273175541357867
        ],
        [
            0.017998810932255464,
            0.03273175541357867,
            -0.11948985037569274
        ]
    ]
}