{
    "Material": "SrMg30CrO32",
    "steinhart_vector": [
        [
            0.057884877052385784,
            6.0448580275082174e-18,
            0.002441649064089047,
            8.088930623256789e-18,
            0.04423838942814032,
            5.800070380034659e-18,
            0.020592445648935753,
            1.3935843081320394e-17,
            0.04160013481609787,
            1.0492182950598497e-17,
            0.023919058433555927
        ],
        "SrMg30CrO32"
    ],
    "steinhart_parameter_sum": 0.19067655444320472,
    "band_gap": 0.5308999999999999,
    "oxidation_state": 2.0,
    "possible_species": [
        "Mg2+",
        "O2-",
        "Sr2+",
        "Cr2+"
    ],
    "density": 3.5864365166732908,
    "quadrupole moment": [
        [
            -20.3321358176503,
            -3.2696568124665047e-15,
            0.0
        ],
        [
            -3.2696568124665047e-15,
            -20.3321358176503,
            0.0
        ],
        [
            0.0,
            0.0,
            -15.86357300615498
        ]
    ],
    "quadrupole moment normalized": [
        [
            -0.09836644895239205,
            -1.5818531452860232e-17,
            0.0
        ],
        [
            -1.5818531452860232e-17,
            -0.09836644895239205,
            0.0
        ],
        [
            0.0,
            0.0,
            -0.12607500209593456
        ]
    ]
}