{
    "Material": "Ba3CrO5",
    "steinhart_vector": [
        [
            0.0705395591925365,
            2.1097352354599574e-06,
            0.004223131349195792,
            0.05230498380322334,
            0.035743558310878665,
            0.008285027503626958,
            0.04389814949387173,
            0.04226889963568143,
            0.018544735140855695,
            0.03675864767650889,
            0.04392965128605771
        ],
        "Ba3CrO5"
    ],
    "steinhart_parameter_sum": 0.35649845312767214,
    "band_gap": 1.5029000000000003,
    "oxidation_state": 4.0,
    "possible_species": [
        "Ba2+",
        "O2-",
        "Cr4+"
    ],
    "density": 5.719120029891686,
    "quadrupole moment": [
        [
            -7.872528806791667,
            -9.082882002076076e-07,
            -0.0005654233993985791
        ],
        [
            -9.082882002076076e-07,
            -9.376476514932154,
            -7.339863448940775e-05
        ],
        [
            -0.0005654233993985791,
            -7.339863448940775e-05,
            -7.8724347513158195
        ]
    ],
    "quadrupole moment normalized": [
        [
            -0.09979647166159748,
            -4.047792570235215e-06,
            4.45273847400271e-06
        ],
        [
            -4.047792570235215e-06,
            -0.11886133387533854,
            -3.600897292198313e-06
        ],
        [
            4.45273847400271e-06,
            -3.600897292198313e-06,
            -0.09979527708116354
        ]
    ]
}