{
    "Material": "Al4CrS8",
    "steinhart_vector": [
        [
            0.028310689103926093,
            1.831310645657177e-08,
            5.493896400885539e-08,
            0.021101541775311358,
            0.014415097310523898,
            1.0377368136444068e-07,
            0.017794382440210466,
            0.01732479083104901,
            0.006023426932155069,
            0.014662963570360971,
            0.018406298356949728
        ],
        "Al4CrS8"
    ],
    "steinhart_parameter_sum": 0.13803936734623842,
    "band_gap": 0.0,
    "oxidation_state": 4.0,
    "possible_species": [
        "Al3+",
        "S2-",
        "Cr4+"
    ],
    "density": 2.8561781670547544,
    "quadrupole moment": [
        [
            -12.996544132015728,
            -2.3073098986969853e-11,
            -5.651834555919777e-11
        ],
        [
            -2.3073098986969853e-11,
            -12.996544131999405,
            -3.9964476172826835e-11
        ],
        [
            -5.651834555919777e-11,
            -3.9964476172826835e-11,
            -12.996544132080988
        ]
    ],
    "quadrupole moment normalized": [
        [
            -0.03419715450927505,
            4.1711137217792515e-08,
            1.0217100275544677e-07
        ],
        [
            4.1711137217792515e-08,
            -0.034197184003503,
            7.224580888740006e-08
        ],
        [
            1.0217100275544677e-07,
            7.224580888740006e-08,
            -0.03419703653236314
        ]
    ]
}