{
    "Material": "Mg14CrNiO16",
    "steinhart_vector": [
        [
            0.05894262525602671,
            4.393222597252113e-18,
            0.00054650311868221,
            5.5557576751273e-18,
            0.045019555781164365,
            9.063998305891576e-18,
            0.02084563423022763,
            1.1541918854101065e-17,
            0.04232665937639985,
            1.5063234066427712e-17,
            0.024255606312308706
        ],
        "Mg14CrNiO16"
    ],
    "steinhart_parameter_sum": 0.1919365840748095,
    "band_gap": 0.3653999999999993,
    "oxidation_state": 2.0,
    "possible_species": [
        "O2-",
        "Ni2+",
        "Mg2+",
        "Cr2+"
    ],
    "density": 3.7758692819335,
    "quadrupole moment": [
        [
            -18.150119803620495,
            -2.7925883439777035e-15,
            -1.1113743060822414e-15
        ],
        [
            -2.7925883439777035e-15,
            -17.36551838592187,
            -1.0633313253426865e-15
        ],
        [
            -1.1113743060822414e-15,
            -1.0633313253426865e-15,
            -18.480727868709327
        ]
    ],
    "quadrupole moment normalized": [
        [
            -0.11019211011494537,
            -1.8520871233885344e-17,
            -6.747320747178027e-18
        ],
        [
            -1.8520871233885344e-17,
            -0.11517076286195921,
            -7.05217530471286e-18
        ],
        [
            -6.747320747178027e-18,
            -7.05217530471286e-18,
            -0.10822084574852178
        ]
    ]
}