{
    "Material": "Ca8Mn7CrO24",
    "steinhart_vector": [
        [
            0.06575227645699205,
            4.702861644137305e-18,
            9.868821640522302e-05,
            5.998500913619789e-18,
            0.050219171066898736,
            9.150522048821781e-18,
            0.023247123571597816,
            1.1326228066321967e-17,
            0.04721480886537633,
            1.441226295883617e-17,
            0.027052304069988296
        ],
        "Ca8Mn7CrO24"
    ],
    "steinhart_parameter_sum": 0.21358437224725849,
    "band_gap": 0.0,
    "oxidation_state": 4.0,
    "possible_species": [
        "Ca2+",
        "Mn4+",
        "O2-",
        "Cr4+"
    ],
    "density": 4.297963463956665,
    "quadrupole moment": [
        [
            -14.499835767079942,
            -2.3317514313632662e-15,
            0.0
        ],
        [
            -2.3317514313632662e-15,
            -14.499835767079942,
            0.0
        ],
        [
            0.0,
            0.0,
            -14.369941137727158
        ]
    ],
    "quadrupole moment normalized": [
        [
            -0.13793259676366465,
            -2.218125329843635e-17,
            0.0
        ],
        [
            -2.218125329843635e-17,
            -0.13793259676366465,
            0.0
        ],
        [
            0.0,
            0.0,
            -0.13917941492113398
        ]
    ]
}