{
    "Material": "Ba2SrCrO6",
    "steinhart_vector": [
        [
            0.06736214060305563,
            1.7649959861516364e-18,
            8.250733763874488e-18,
            1.554634562238018e-17,
            0.051448684714626755,
            1.5395996367061403e-17,
            0.023816113207831148,
            1.936553569654436e-17,
            0.04837075458739449,
            2.9809717906804697e-17,
            0.027714493478644173
        ],
        "Ba2SrCrO6"
    ],
    "steinhart_parameter_sum": 0.21871218659155228,
    "band_gap": 0.6776,
    "oxidation_state": 6.0,
    "possible_species": [
        "O2-",
        "Sr2+",
        "Ba2+",
        "Cr6+"
    ],
    "density": 5.503371055924233,
    "quadrupole moment": [
        [
            -13.773625113265641,
            -8.881784197001252e-16,
            -2.6779690807783566e-15
        ],
        [
            -8.881784197001252e-16,
            -13.773625113265641,
            -1.8397330413161413e-15
        ],
        [
            -2.6779690807783566e-15,
            -1.8397330413161413e-15,
            -13.773625113265638
        ]
    ],
    "quadrupole moment normalized": [
        [
            -0.14520505557202673,
            1.3877787807814457e-17,
            -2.806451442495951e-17
        ],
        [
            1.3877787807814457e-17,
            -0.14520505557202673,
            -2.0439871449683798e-17
        ],
        [
            -2.806451442495951e-17,
            -2.0439871449683798e-17,
            -0.14520505557202673
        ]
    ]
}