{
    "Material": "Mg14TiCrO16",
    "steinhart_vector": [
        [
            0.05789612634943151,
            5.188930326343668e-18,
            0.0007206568053649581,
            6.2765006599026165e-18,
            0.04422134369193319,
            9.293052338408156e-18,
            0.02048046895790953,
            1.0800296172398229e-17,
            0.041576515956286246,
            1.421024638595566e-17,
            0.02382898955837206
        ],
        "Mg14TiCrO16"
    ],
    "steinhart_parameter_sum": 0.1887241013192975,
    "band_gap": 0.0,
    "oxidation_state": 2.0,
    "possible_species": [
        "Cr2+",
        "Ti2+",
        "Mg2+",
        "O2-"
    ],
    "density": 3.686995853885384,
    "quadrupole moment": [
        [
            -19.588952824369276,
            -2.952331795670262e-15,
            -1.199477418750617e-15
        ],
        [
            -2.952331795670262e-15,
            -18.358872044143656,
            -1.1241566942408175e-15
        ],
        [
            -1.199477418750617e-15,
            -1.1241566942408175e-15,
            -18.042318820245004
        ]
    ],
    "quadrupole moment normalized": [
        [
            -0.10209836217033189,
            -1.7518752195776817e-17,
            -6.2517216215042084e-18
        ],
        [
            -1.7518752195776817e-17,
            -0.10893915460552409,
            -6.670599349473685e-18
        ],
        [
            -6.2517216215042084e-18,
            -6.670599349473685e-18,
            -0.11085049654237521
        ]
    ]
}