{
    "Material": "EuHfCrBiO6",
    "steinhart_vector": [
        [
            0.06334378380396745,
            3.904544422079881e-18,
            7.0926855074369e-18,
            1.8201485302852622e-17,
            0.0483796140144331,
            1.5099850279477426e-17,
            0.02239540953689999,
            2.5898384135036414e-17,
            0.0454852917913315,
            3.8491332448990865e-17,
            0.02606123955431531
        ],
        "EuHfCrBiO6"
    ],
    "steinhart_parameter_sum": 0.20566533870094744,
    "band_gap": 0.0,
    "oxidation_state": 3.0,
    "possible_species": [
        "Eu2+",
        "Bi3+",
        "Cr3+",
        "O2-",
        "Hf4+"
    ],
    "density": 8.770406657463925,
    "quadrupole moment": [
        [
            -15.576576525658474,
            -4.440892098500626e-16,
            -1.875158289144473e-15
        ],
        [
            -4.440892098500626e-16,
            -15.57657652565847,
            -1.0119186503154666e-15
        ],
        [
            -1.875158289144473e-15,
            -1.0119186503154666e-15,
            -15.576576525658476
        ]
    ],
    "quadrupole moment normalized": [
        [
            -0.12839791829132066,
            -3.469446951953614e-18,
            -1.5265767562570688e-17
        ],
        [
            -3.469446951953614e-18,
            -0.12839791829132063,
            -1.181070524877158e-17
        ],
        [
            -1.5265767562570688e-17,
            -1.181070524877158e-17,
            -0.12839791829132066
        ]
    ]
}