{
    "Material": "CrGaP2",
    "steinhart_vector": [
        [
            0.028456590875265676,
            3.2002672361558744e-18,
            0.0005103462039334947,
            0.02119993268408013,
            0.014484822092500212,
            0.0010059248123245963,
            0.01786630769611136,
            0.0173854074748273,
            0.006209459794008558,
            0.014734023034773704,
            0.018433358882363315
        ],
        "CrGaP2"
    ],
    "steinhart_parameter_sum": 0.14028617355018835,
    "band_gap": 0.0,
    "oxidation_state": 3.0,
    "possible_species": [
        "Ga3+",
        "P3-",
        "Cr3+"
    ],
    "density": 3.7425289883301742,
    "quadrupole moment": [
        [
            -22.3476282951135,
            -3.59377272279265e-15,
            -3.012913212250224e-15
        ],
        [
            -3.59377272279265e-15,
            -22.3476282951135,
            -2.6645352591003757e-15
        ],
        [
            -3.012913212250224e-15,
            -2.6645352591003757e-15,
            -21.16645122732634
        ]
    ],
    "quadrupole moment normalized": [
        [
            -0.04945801664234002,
            -7.953455677063102e-18,
            -2.736649494075317e-18
        ],
        [
            -7.953455677063102e-18,
            -0.04945801664234002,
            -3.469446951953614e-18
        ],
        [
            -2.736649494075317e-18,
            -3.469446951953614e-18,
            -0.04684392827892558
        ]
    ]
}