{
    "Material": "ZrCrAgS4",
    "steinhart_vector": [
        [
            0.02547398507101259,
            0.0008486780337436823,
            0.0015615031122415942,
            0.0014763869694660228,
            0.01909248815026277,
            0.002828824176971455,
            0.00937873888187131,
            0.0031982742246516997,
            0.017178182211282454,
            0.0047806690051520875,
            0.010880448905066691
        ],
        "ZrCrAgS4"
    ],
    "steinhart_parameter_sum": 0.09669817874172235,
    "band_gap": 0.7933000000000003,
    "oxidation_state": 3.0,
    "possible_species": [
        "Zr4+",
        "S2-",
        "Cr3+",
        "Ag+"
    ],
    "density": 4.420423905500111,
    "quadrupole moment": [
        [
            -23.820882350716175,
            0.0,
            1.2907573749293357
        ],
        [
            0.0,
            -26.461837658978002,
            0.0
        ],
        [
            1.2907573749293357,
            0.0,
            -21.96141990376477
        ]
    ],
    "quadrupole moment normalized": [
        [
            -0.04101225081638374,
            0.0,
            0.0027401712669119106
        ],
        [
            0.0,
            -0.045200752793331814,
            0.0
        ],
        [
            0.0027401712669119106,
            0.0,
            -0.03838573843211939
        ]
    ]
}