{
    "Material": "CrHgO4",
    "steinhart_vector": [
        [
            0.07559226554177939,
            0.0005358445996021577,
            0.0014957963587101976,
            0.05632779572610407,
            0.03847931419578681,
            0.002423661642701989,
            0.047485007846730314,
            0.046202204616263155,
            0.01638937687233816,
            0.03915875856652517,
            0.049018423013651315
        ],
        "CrHgO4"
    ],
    "steinhart_parameter_sum": 0.37310844898019274,
    "band_gap": 1.3635,
    "oxidation_state": 6.0,
    "possible_species": [
        "O2-",
        "Hg2+",
        "Cr6+"
    ],
    "density": 5.82283415173722,
    "quadrupole moment": [
        [
            -7.253141545822673,
            -0.24634164617979043,
            2.1076291490153533e-17
        ],
        [
            -0.24634164617979043,
            -7.466801572150192,
            -5.253590474871828e-16
        ],
        [
            2.1076291490153533e-17,
            -5.253590474871828e-16,
            -7.176356625815565
        ]
    ],
    "quadrupole moment normalized": [
        [
            -0.118470197172806,
            -0.0001269692596623526,
            1.4205636760451718e-17
        ],
        [
            -0.0001269692596623526,
            -0.11858031378551026,
            -1.509556745588966e-17
        ],
        [
            1.4205636760451718e-17,
            -1.509556745588966e-17,
            -0.1287742922389689
        ]
    ]
}