{
    "Material": "Gd3BeCrS7",
    "steinhart_vector": [
        [
            0.025776873326162898,
            7.328140414644854e-05,
            0.0015890921200727745,
            0.00041034968955139034,
            0.019519273987007493,
            0.00041978877777615347,
            0.009686172783827558,
            0.0008277248625043591,
            0.01803980868941419,
            0.0007238439366889317,
            0.011572605688536831
        ],
        "Gd3BeCrS7"
    ],
    "steinhart_parameter_sum": 0.08863881526568902,
    "band_gap": 0.45370000000000044,
    "oxidation_state": 3.0,
    "possible_species": [
        "Gd3+",
        "Be2+",
        "S2-",
        "Cr3+"
    ],
    "density": 5.165859645108402,
    "quadrupole moment": [
        [
            -22.062910739584666,
            2.187199879433166e-06,
            -1.7763568394002505e-15
        ],
        [
            2.187199879433166e-06,
            -22.06290821402321,
            -1.7763568394002505e-15
        ],
        [
            -1.7763568394002505e-15,
            -1.7763568394002505e-15,
            -26.431711771740765
        ]
    ],
    "quadrupole moment normalized": [
        [
            -0.03990881260301646,
            1.4806705922118524e-09,
            2.2780550189283044e-09
        ],
        [
            1.4806705922118524e-09,
            -0.039908810893285226,
            -3.788664401302433e-09
        ],
        [
            2.2780550189283044e-09,
            -3.788664401302433e-09,
            -0.04776236495105779
        ]
    ]
}