{
    "Material": "K2LiCrF6",
    "steinhart_vector": [
        [
            0.05682501055662122,
            3.599350768448006e-18,
            6.2846031667451e-18,
            1.1791587475311004e-17,
            0.04340081870706357,
            1.101157339261276e-17,
            0.020090675152792,
            1.1645954532970573e-17,
            0.040804354129086916,
            2.371373554215043e-17,
            0.02337925087291431
        ],
        "K2LiCrF6"
    ],
    "steinhart_parameter_sum": 0.18450010941847805,
    "band_gap": 4.1644,
    "oxidation_state": 3.0,
    "possible_species": [
        "Cr3+",
        "Li+",
        "F-",
        "K+"
    ],
    "density": 3.1196271693190076,
    "quadrupole moment": [
        [
            -7.646556936204513,
            0.0,
            -4.440892098500626e-16
        ],
        [
            0.0,
            -7.646556936204511,
            -4.440892098500626e-16
        ],
        [
            -4.440892098500626e-16,
            -4.440892098500626e-16,
            -7.646556936204513
        ]
    ],
    "quadrupole moment normalized": [
        [
            -0.05812347284568202,
            -8.673617379884035e-19,
            -1.734723475976807e-18
        ],
        [
            -8.673617379884035e-19,
            -0.058123472845682006,
            -1.734723475976807e-18
        ],
        [
            -1.734723475976807e-18,
            -1.734723475976807e-18,
            -0.05812347284568202
        ]
    ]
}