{
    "Material": "VCrB2",
    "steinhart_vector": [
        [
            0.09022328544526702,
            0.022499504076841474,
            0.010655691843273172,
            0.038533513277531024,
            0.034043169004010394,
            0.025779295940852806,
            0.018722463671618284,
            0.04463680315301461,
            0.039066617010964505,
            0.0340338024280675,
            0.04321259713783774
        ],
        "VCrB2"
    ],
    "steinhart_parameter_sum": 0.40140674298927853,
    "band_gap": 0.0,
    "oxidation_state": 3.0,
    "possible_species": [
        "Cr3+",
        "B3-",
        "V3+"
    ],
    "density": 6.017186565585572,
    "quadrupole moment": [
        [
            -38.007124961134565,
            -0.6650199789632865,
            -2.4740736876466494e-15
        ],
        [
            -0.6650199789632865,
            -39.52334733249377,
            -3.629780719613936e-15
        ],
        [
            -2.4740736876466494e-15,
            -3.629780719613936e-15,
            -25.72106901916897
        ]
    ],
    "quadrupole moment normalized": [
        [
            -0.30157695202461443,
            -0.012659510011995008,
            8.328512050270254e-18
        ],
        [
            -0.012659510011995008,
            -0.3304401935779815,
            1.9953303052403478e-17
        ],
        [
            8.328512050270254e-18,
            1.9953303052403478e-17,
            -0.2228731333760953
        ]
    ]
}