{
    "Material": "Pr2CrS4",
    "steinhart_vector": [
        [
            0.023996438492956348,
            1.0667557453852914e-18,
            0.0020237038393377325,
            3.0382789018194596e-18,
            0.0181096619194005,
            5.029278410462617e-18,
            0.00930918444791284,
            6.288194478799763e-18,
            0.01664334989433148,
            8.85390044326859e-18,
            0.011163886808017554
        ],
        "Pr2CrS4"
    ],
    "steinhart_parameter_sum": 0.08124622540195647,
    "band_gap": 0.0,
    "oxidation_state": 2.0,
    "possible_species": [
        "S2-",
        "Cr2+",
        "Pr3+"
    ],
    "density": 4.452354216619311,
    "quadrupole moment": [
        [
            -26.68091282425556,
            2.15800952629955,
            -0.2181876849735982
        ],
        [
            2.15800952629955,
            -32.223112556119034,
            -0.07493614888238742
        ],
        [
            -0.2181876849735982,
            -0.07493614888238742,
            -23.099755320160142
        ]
    ],
    "quadrupole moment normalized": [
        [
            -0.03495912142906029,
            0.001283951927209528,
            0.005926949895786803
        ],
        [
            0.001283951927209528,
            -0.038256566570050124,
            0.0020355997629420324
        ],
        [
            0.005926949895786803,
            0.0020355997629420324,
            -0.03762667343583127
        ]
    ]
}