{
    "Material": "TlCrP2O7",
    "steinhart_vector": [
        [
            0.06199467761012163,
            0.002120825217207196,
            0.0008807148576072169,
            0.003997937865155673,
            0.0467651178164947,
            0.007057420668421887,
            0.021437507535894934,
            0.008748325816928084,
            0.04259294577773305,
            0.011875527873107977,
            0.023990664120085638
        ],
        "TlCrP2O7"
    ],
    "steinhart_parameter_sum": 0.231461665158758,
    "band_gap": 2.791,
    "oxidation_state": 3.0,
    "possible_species": [
        "O2-",
        "P5+",
        "Tl+",
        "Cr3+"
    ],
    "density": 4.632611937658981,
    "quadrupole moment": [
        [
            -16.563696535629383,
            -0.06023946449566919,
            -0.3374949615908034
        ],
        [
            -0.06023946449566919,
            -16.146819199570107,
            -0.243293378963378
        ],
        [
            -0.3374949615908034,
            -0.243293378963378,
            -16.092740009984464
        ]
    ],
    "quadrupole moment normalized": [
        [
            -0.12355880163728146,
            0.0009219565117600213,
            -0.0017266075713684046
        ],
        [
            0.0009219565117600213,
            -0.11986991936395384,
            0.0007468890970304537
        ],
        [
            -0.0017266075713684046,
            0.0007468890970304537,
            -0.12557637949328188
        ]
    ]
}