{
    "Material": "Pr3BeCrS7",
    "steinhart_vector": [
        [
            0.025562608701087338,
            5.144595842203139e-05,
            0.001787322558613738,
            0.0003030245701954416,
            0.019315100406157464,
            0.00029948459787027085,
            0.009765585548027676,
            0.0006127887605620664,
            0.01777725955408044,
            0.0005151475894674123,
            0.011743144077356365
        ],
        "Pr3BeCrS7"
    ],
    "steinhart_parameter_sum": 0.08773291232184025,
    "band_gap": 0.0,
    "oxidation_state": 3.0,
    "possible_species": [
        "Cr3+",
        "S2-",
        "Pr3+",
        "Be2+"
    ],
    "density": 4.477354926366355,
    "quadrupole moment": [
        [
            -22.23798696737591,
            2.561632155284599e-07,
            4.440892098500626e-15
        ],
        [
            2.561632155284599e-07,
            -22.2379866715841,
            -3.552713678800501e-15
        ],
        [
            4.440892098500626e-15,
            -3.552713678800501e-15,
            -27.264746473474492
        ]
    ],
    "quadrupole moment normalized": [
        [
            -0.038899649740954584,
            1.702062995753706e-10,
            5.017143454161266e-10
        ],
        [
            1.702062995753706e-10,
            -0.038899649544417256,
            -2.2166043740085017e-11
        ],
        [
            5.017143454161266e-10,
            -2.2166043740085017e-11,
            -0.04766586833314697
        ]
    ]
}