{
    "Material": "CrAsO5",
    "steinhart_vector": [
        [
            0.06728450501262835,
            0.002992583082825937,
            0.004854936965372792,
            0.03359870546031179,
            0.04062612472700645,
            0.024753792937695022,
            0.02287098952488379,
            0.03386015825586883,
            0.03193102039674368,
            0.030133810638924008,
            0.02954971074810755
        ],
        "CrAsO5"
    ],
    "steinhart_parameter_sum": 0.3224563377503682,
    "band_gap": 0.6428999999999999,
    "oxidation_state": 5.0,
    "possible_species": [
        "O2-",
        "As5+",
        "Cr5+"
    ],
    "density": 3.82248481032835,
    "quadrupole moment": [
        [
            -13.446852502270474,
            2.6293663189432115,
            -3.5725775023792616
        ],
        [
            2.6293663189432115,
            -11.024045968832286,
            -1.146193937299675
        ],
        [
            -3.5725775023792616,
            -1.146193937299675,
            -11.024827466904863
        ]
    ],
    "quadrupole moment normalized": [
        [
            -0.123849793264543,
            -0.0013397490478307822,
            0.003486448756138745
        ],
        [
            -0.0013397490478307822,
            -0.12696264224272008,
            -0.007322419853013353
        ],
        [
            0.003486448756138745,
            -0.007322419853013353,
            -0.11504802620368529
        ]
    ]
}