{
    "Material": "DyCrSb3",
    "steinhart_vector": [
        [
            0.007245468097163745,
            0.0007634206113589451,
            0.00043863016573834104,
            0.0012250954587496754,
            0.004926485372860279,
            0.002463622348534211,
            0.0022572991153186612,
            0.0023244184221178792,
            0.003426124350829333,
            0.0036934721175048498,
            0.0022443218199124744
        ],
        "DyCrSb3"
    ],
    "steinhart_parameter_sum": 0.031008357880088395,
    "band_gap": 0.0,
    "oxidation_state": 5.0,
    "possible_species": [
        "Cr5+",
        "Dy3+",
        "Sb2-",
        "Sb3-"
    ],
    "density": 8.058464254639125,
    "quadrupole moment": [
        [
            -27.322753815018746,
            1.919521503251711,
            -8.881784197001252e-16
        ],
        [
            1.919521503251711,
            -32.223646380926965,
            -2.6645352591003757e-15
        ],
        [
            -8.881784197001252e-16,
            -2.6645352591003757e-15,
            -28.352326831097784
        ]
    ],
    "quadrupole moment normalized": [
        [
            -0.009991943218137954,
            0.0003941014407045768,
            8.673617379884035e-19
        ],
        [
            0.0003941014407045768,
            -0.011909530794609508,
            2.168404344971009e-19
        ],
        [
            8.673617379884035e-19,
            2.168404344971009e-19,
            -0.010228411811658704
        ]
    ]
}