{
    "Material": "SrMgCr(PO4)2",
    "steinhart_vector": [
        [
            0.09265269211112732,
            0.012678191732934871,
            0.090072200360523,
            0.030286589307125203,
            0.08434164536412682,
            0.04587495196148547,
            0.07618039866940259,
            0.058879120338235856,
            0.06679143849111917,
            0.06870299718648364,
            0.05795530067036513
        ],
        "SrMgCr(PO4)2"
    ],
    "steinhart_parameter_sum": 0.684415526192929,
    "band_gap": 0.0,
    "oxidation_state": 2.0,
    "possible_species": [
        "Cr2+",
        "O2-",
        "Sr2+",
        "P5+",
        "Mg2+"
    ],
    "density": 3.6217395761460964,
    "quadrupole moment": [
        [
            -1.671659940187983,
            -1.8635704487312421,
            -2.2907292519452342
        ],
        [
            -1.8635704487312421,
            -2.1080718106000367,
            -2.65906488485442
        ],
        [
            -2.2907292519452342,
            -2.65906488485442,
            -3.5022766861206915
        ]
    ],
    "quadrupole moment normalized": [
        [
            -0.06228950590381494,
            -0.06969728038990601,
            -0.08624261699296315
        ],
        [
            -0.06969728038990601,
            -0.0791532665686723,
            -0.10052316268570737
        ],
        [
            -0.08624261699296315,
            -0.10052316268570737,
            -0.13328030591208415
        ]
    ]
}