{
    "Material": "LiCrP2O7",
    "steinhart_vector": [
        [
            0.06187745308260767,
            0.0027876944147743653,
            0.0032105625642786656,
            0.008137129652437356,
            0.044920316364174775,
            0.013247579244886357,
            0.020955606844569735,
            0.015426946468919948,
            0.03722702851556915,
            0.021929989047647667,
            0.021945368124770576
        ],
        "LiCrP2O7"
    ],
    "steinhart_parameter_sum": 0.25166567432463627,
    "band_gap": 2.5258000000000003,
    "oxidation_state": 3.0,
    "possible_species": [
        "O2-",
        "Cr3+",
        "Li+",
        "P5+"
    ],
    "density": 3.138982379740283,
    "quadrupole moment": [
        [
            -17.158926817709258,
            -0.052106992996870716,
            -0.04924041634394127
        ],
        [
            -0.052106992996870716,
            -17.0660327170113,
            -0.4659815571823662
        ],
        [
            -0.04924041634394127,
            -0.4659815571823662,
            -14.792561780837225
        ]
    ],
    "quadrupole moment normalized": [
        [
            -0.1292549387428769,
            -7.311158138910423e-05,
            -0.0006791862164336783
        ],
        [
            -7.311158138910423e-05,
            -0.1286799100443761,
            -0.001358958801435297
        ],
        [
            -0.0006791862164336783,
            -0.001358958801435297,
            -0.10975003750296886
        ]
    ]
}