{
    "Material": "V3CrO8",
    "steinhart_vector": [
        [
            0.06548175983394347,
            5.8401246245478685e-05,
            0.006132563510145557,
            0.00019487374021595242,
            0.04907704797548069,
            0.0003172709066189703,
            0.02637164846436922,
            0.00035373895244705545,
            0.04446457743107945,
            0.000573819935042556,
            0.032210905047634776
        ],
        "V3CrO8"
    ],
    "steinhart_parameter_sum": 0.22523660704322315,
    "band_gap": 0.946,
    "oxidation_state": 5.0,
    "possible_species": [
        "O2-",
        "V5+",
        "V4+",
        "Cr3+"
    ],
    "density": 3.74555662392007,
    "quadrupole moment": [
        [
            -14.459496081016702,
            -0.577035650093682,
            -1.8122937317987142
        ],
        [
            -0.577035650093682,
            -13.553953401099447,
            -0.9377045585125812
        ],
        [
            -1.8122937317987142,
            -0.9377045585125812,
            -15.723535769491574
        ]
    ],
    "quadrupole moment normalized": [
        [
            -0.13446507501263277,
            -0.003819919396142596,
            -0.01409729145455349
        ],
        [
            -0.003819919396142596,
            -0.12778256275513145,
            -0.012813194252662283
        ],
        [
            -0.01409729145455349,
            -0.012813194252662283,
            -0.14941510461790095
        ]
    ]
}