{
    "Material": "K2CrAgF6",
    "steinhart_vector": [
        [
            0.057398496914385574,
            3.7058342759617604e-18,
            3.01024898528324e-09,
            7.916077674673078e-18,
            0.04383882614780996,
            1.1755683223216401e-17,
            0.020293433199039482,
            1.577783873920356e-17,
            0.041216157667725316,
            1.777523342040749e-17,
            0.023615197708631956
        ],
        "K2CrAgF6"
    ],
    "steinhart_parameter_sum": 0.1863621146478413,
    "band_gap": 2.8775,
    "oxidation_state": 3.0,
    "possible_species": [
        "K+",
        "F-",
        "Cr3+",
        "Ag+"
    ],
    "density": 3.587327924251497,
    "quadrupole moment": [
        [
            -7.494522476283788,
            -1.7606841140604956e-07,
            -2.2671940971385404e-07
        ],
        [
            -1.7606841140604956e-07,
            -7.49452122933998,
            3.0056321732345315e-07
        ],
        [
            -2.2671940971385404e-07,
            3.0056321732345315e-07,
            -7.494522216522375
        ]
    ],
    "quadrupole moment normalized": [
        [
            -0.059302576039973354,
            1.4333401271438007e-09,
            1.644282588579287e-09
        ],
        [
            1.4333401271438007e-09,
            -0.059302568171830106,
            -2.4841480503648038e-09
        ],
        [
            1.644282588579287e-09,
            -2.4841480503648038e-09,
            -0.0593025779818562
        ]
    ]
}