{
    "Material": "Zn3CrS4",
    "steinhart_vector": [
        [
            0.026440651594960805,
            3.321074262706834e-18,
            0.00016408353026834722,
            0.019706564342175156,
            0.013462349362412713,
            0.0003235584702291759,
            0.016616924949789644,
            0.016177071805402492,
            0.005642663118339274,
            0.013694385618231187,
            0.01718279424654443
        ],
        "Zn3CrS4"
    ],
    "steinhart_parameter_sum": 0.12941104703835324,
    "band_gap": 0.0,
    "oxidation_state": 2.0,
    "possible_species": [
        "Cr2+",
        "S2-",
        "Zn2+"
    ],
    "density": 3.82532835060504,
    "quadrupole moment": [
        [
            -14.807472966987309,
            -3.552713678800501e-15,
            -1.7763568394002505e-15
        ],
        [
            -3.552713678800501e-15,
            -14.80747296698731,
            -4.440892098500626e-16
        ],
        [
            -1.7763568394002505e-15,
            -4.440892098500626e-16,
            -15.084867918199501
        ]
    ],
    "quadrupole moment normalized": [
        [
            -0.02964350213588509,
            -3.469446951953614e-18,
            3.469446951953614e-18
        ],
        [
            -3.469446951953614e-18,
            -0.02964350213588509,
            2.6020852139652106e-18
        ],
        [
            3.469446951953614e-18,
            2.6020852139652106e-18,
            -0.03019882699429105
        ]
    ]
}