{
    "Material": "RbNa2CrF6",
    "steinhart_vector": [
        [
            0.05772466503252167,
            5.582366082525197e-18,
            6.869347430888864e-09,
            1.8978802693950457e-17,
            0.04408794116291551,
            3.012016481524302e-17,
            0.020408751043114046,
            4.228151671728754e-17,
            0.04145036931621429,
            4.550679601537042e-17,
            0.023749391546633403
        ],
        "RbNa2CrF6"
    ],
    "steinhart_parameter_sum": 0.18742112497074648,
    "band_gap": 3.4631,
    "oxidation_state": 3.0,
    "possible_species": [
        "F-",
        "Rb+",
        "Cr3+",
        "Na+"
    ],
    "density": 2.6937105713987,
    "quadrupole moment": [
        [
            -7.410068553562698,
            5.015414356046577e-07,
            -3.2316662057496615e-07
        ],
        [
            5.015414356046577e-07,
            -7.410065766816957,
            8.14215210809266e-08
        ],
        [
            -3.2316662057496615e-07,
            8.14215210809266e-08,
            -7.410066633631667
        ]
    ],
    "quadrupole moment normalized": [
        [
            -0.05997847650231643,
            5.972567329592948e-09,
            -2.5057352200097416e-10
        ],
        [
            5.972567329592948e-09,
            -0.0599784552985697,
            -2.685852191694482e-09
        ],
        [
            -2.5057352200097416e-10,
            -2.685852191694482e-09,
            -0.059978463667422745
        ]
    ]
}