{
    "Material": "CrCdCu3Se4",
    "steinhart_vector": [
        [
            0.012276716968321612,
            1.2552480835284964e-18,
            1.3124628693874734e-18,
            0.009150524560564083,
            0.006250998310320284,
            3.0339482966667085e-18,
            0.007716399839118367,
            0.0075127649768995134,
            0.0026120136932718478,
            0.0063584836458549805,
            0.007981752564973995
        ],
        "CrCdCu3Se4"
    ],
    "steinhart_parameter_sum": 0.05985965455932468,
    "band_gap": 0.0,
    "oxidation_state": 3.0,
    "possible_species": [
        "Cu+",
        "Cd2+",
        "Cr3+",
        "Se2-"
    ],
    "density": 5.569858785876935,
    "quadrupole moment": [
        [
            -15.305460857461968,
            -2.220446049250313e-15,
            -1.3322676295501878e-15
        ],
        [
            -2.220446049250313e-15,
            -15.305460857461968,
            -8.881784197001252e-16
        ],
        [
            -1.3322676295501878e-15,
            -8.881784197001252e-16,
            -15.305460857461968
        ]
    ],
    "quadrupole moment normalized": [
        [
            -0.013665078676505009,
            3.469446951953614e-18,
            3.903127820947816e-18
        ],
        [
            3.469446951953614e-18,
            -0.013665078676505007,
            4.7704895589362195e-18
        ],
        [
            3.903127820947816e-18,
            4.7704895589362195e-18,
            -0.013665078676505007
        ]
    ]
}