{
    "Material": "CrB",
    "steinhart_vector": [
        [
            0.0920566422269671,
            0.02237557073940693,
            0.010034240290417199,
            0.038254582995241475,
            0.03580983848664155,
            0.02590328462521962,
            0.01956422582691081,
            0.047092907809772114,
            0.03918514173425946,
            0.03423665047532921,
            0.04258743724335753
        ],
        "CrB"
    ],
    "steinhart_parameter_sum": 0.407100522453523,
    "band_gap": 0.0,
    "oxidation_state": 3.0,
    "possible_species": [
        "Cr3+",
        "B3-"
    ],
    "density": 6.356212421583302,
    "quadrupole moment": [
        [
            -37.78862081232816,
            -0.3527999674667459,
            0.37272705147795904
        ],
        [
            -0.3527999674667459,
            -25.601378902807614,
            -1.921983223162328
        ],
        [
            0.37272705147795904,
            -1.921983223162328,
            -35.832962222776914
        ]
    ],
    "quadrupole moment normalized": [
        [
            -0.34712963298625077,
            -0.002016935545626623,
            0.00861059106787733
        ],
        [
            -0.002016935545626623,
            -0.24131963534009876,
            -0.0111197572371887
        ],
        [
            0.00861059106787733,
            -0.0111197572371887,
            -0.30166012826326793
        ]
    ]
}