{
    "Material": "CrS2",
    "steinhart_vector": [
        [
            0.027127819773891122,
            1.3877289706255723e-18,
            0.0031309808241924445,
            6.0625209265113956e-18,
            0.020128564843564428,
            7.468128985222921e-18,
            0.011540405103309358,
            1.3343513722896912e-17,
            0.017881018181143734,
            1.398483524828447e-17,
            0.014255388424716499
        ],
        "CrS2"
    ],
    "steinhart_parameter_sum": 0.09406417715081761,
    "band_gap": 0.0,
    "oxidation_state": 4.0,
    "possible_species": [
        "Cr4+",
        "S2-"
    ],
    "density": 3.0827036534626577,
    "quadrupole moment": [
        [
            -19.054915818644865,
            -0.16200126866703313,
            -1.3817684369779628
        ],
        [
            -0.16200126866703313,
            -18.877436454399472,
            -0.8185975152757039
        ],
        [
            -1.3817684369779628,
            -0.8185975152757039,
            -25.763550559017574
        ]
    ],
    "quadrupole moment normalized": [
        [
            -0.04226943994877437,
            -0.0003593604056368136,
            -0.003065165536167846
        ],
        [
            -0.0003593604056368136,
            -0.04187574515334362,
            -0.001815888121821197
        ],
        [
            -0.003065165536167846,
            -0.001815888121821197,
            -0.05715118718934821
        ]
    ]
}