{
    "Material": "Sr2EuCrO6",
    "steinhart_vector": [
        [
            0.06611275139924541,
            5.423291561014397e-18,
            6.996436483716144e-18,
            1.0484730192681293e-17,
            0.05049444794813995,
            1.6034870278715368e-17,
            0.023374387418653414,
            3.336859624230328e-17,
            0.04747360526849499,
            2.5952818981110757e-17,
            0.027200463065844085
        ],
        "Sr2EuCrO6"
    ],
    "steinhart_parameter_sum": 0.2146556551003779,
    "band_gap": 0.0,
    "oxidation_state": 5.0,
    "possible_species": [
        "Sr2+",
        "Eu3+",
        "O2-",
        "Cr5+"
    ],
    "density": 5.636649466532146,
    "quadrupole moment": [
        [
            -14.299128019641554,
            -8.881784197001252e-16,
            -1.7763568394002505e-15
        ],
        [
            -8.881784197001252e-16,
            -14.29912801964155,
            -8.881784197001252e-16
        ],
        [
            -1.7763568394002505e-15,
            -8.881784197001252e-16,
            -14.299128019641554
        ]
    ],
    "quadrupole moment normalized": [
        [
            -0.1398686687225097,
            0.0,
            -1.3877787807814457e-17
        ],
        [
            0.0,
            -0.13986866872250964,
            -6.938893903907228e-18
        ],
        [
            -1.3877787807814457e-17,
            -6.938893903907228e-18,
            -0.13986866872250966
        ]
    ]
}