{
    "Material": "CrBiO3",
    "steinhart_vector": [
        [
            0.06825970033910835,
            0.022177558894363365,
            0.05778951206972088,
            0.04719183939195409,
            0.041399635813494366,
            0.057325219964260786,
            0.03820323162126412,
            0.05277092156038268,
            0.049173225035786056,
            0.0423508714605328,
            0.05526090252904007
        ],
        "CrBiO3"
    ],
    "steinhart_parameter_sum": 0.5319026186799075,
    "band_gap": 0.02980000000000005,
    "oxidation_state": 3.0,
    "possible_species": [
        "O-",
        "Bi+",
        "O2-",
        "Cr3+"
    ],
    "density": 2.2550040376569824,
    "quadrupole moment": [
        [
            -2.2568926505315896,
            -2.5700765226451554,
            -0.3248334046980369
        ],
        [
            -2.5700765226451554,
            -3.9329366493199105,
            -1.0578503757956044
        ],
        [
            -0.3248334046980369,
            -1.0578503757956044,
            -0.5170915125561529
        ]
    ],
    "quadrupole moment normalized": [
        [
            -0.025000695020711842,
            -0.028527392010388362,
            -0.003637586047711191
        ],
        [
            -0.028527392010388362,
            -0.04377441493456927,
            -0.011823664267273645
        ],
        [
            -0.003637586047711191,
            -0.011823664267273645,
            -0.00577518648400111
        ]
    ]
}