{
    "Material": "Nb2Zn2CrO8",
    "steinhart_vector": [
        [
            0.0616907189914065,
            0.007392728261670295,
            0.016120121372981168,
            0.03915822134736654,
            0.03335045008016139,
            0.02700405247619604,
            0.028308293489192705,
            0.034192527819546334,
            0.03012690660421453,
            0.030627910159035522,
            0.03222375644041954
        ],
        "Nb2Zn2CrO8"
    ],
    "steinhart_parameter_sum": 0.3401956870421906,
    "band_gap": 0.8411999999999997,
    "oxidation_state": 2.0,
    "possible_species": [
        "Nb5+",
        "Cr2+",
        "O2-",
        "Zn2+"
    ],
    "density": 5.319540167481957,
    "quadrupole moment": [
        [
            -10.39577461200474,
            4.52537610585993,
            -2.322635650946282
        ],
        [
            4.52537610585993,
            -10.993888088478919,
            -0.27080173481247105
        ],
        [
            -2.322635650946282,
            -0.27080173481247105,
            -11.554672184870771
        ]
    ],
    "quadrupole moment normalized": [
        [
            -0.06779105408980254,
            0.030600596074933727,
            -0.015648722523351956
        ],
        [
            0.030600596074933727,
            -0.08832066895565509,
            -0.005498638332845388
        ],
        [
            -0.015648722523351956,
            -0.005498638332845388,
            -0.08769368812629412
        ]
    ]
}