{
    "Material": "Mg3CrO4",
    "steinhart_vector": [
        [
            0.05793637317650392,
            2.8988712756997573e-18,
            3.109554802811765e-18,
            5.4783517702072246e-18,
            0.044249635928756394,
            7.872078617882165e-18,
            0.020483601175230157,
            1.1248205341796378e-17,
            0.04160239065320403,
            1.465461743776892e-17,
            0.02383649364764513
        ],
        "Mg3CrO4"
    ],
    "steinhart_parameter_sum": 0.18810849458133966,
    "band_gap": 0.0,
    "oxidation_state": 2.0,
    "possible_species": [
        "Cr2+",
        "O2-",
        "Mg2+"
    ],
    "density": 3.904225964416531,
    "quadrupole moment": [
        [
            -18.61990272006696,
            -2.99430872989153e-15,
            -1.1401402133282552e-15
        ],
        [
            -2.99430872989153e-15,
            -18.61990272006696,
            -1.140140213328255e-15
        ],
        [
            -1.1401402133282552e-15,
            -1.140140213328255e-15,
            -18.61990272006696
        ]
    ],
    "quadrupole moment normalized": [
        [
            -0.10741194677910797,
            -1.72731584461345e-17,
            -6.577084840661023e-18
        ],
        [
            -1.72731584461345e-17,
            -0.10741194677910797,
            -6.5770848406610224e-18
        ],
        [
            -6.577084840661023e-18,
            -6.5770848406610224e-18,
            -0.10741194677910797
        ]
    ]
}