{
    "Material": "BaSrCaCrO6",
    "steinhart_vector": [
        [
            0.06738992806049354,
            3.9250902623134775e-18,
            1.490172103268825e-17,
            2.5832803117593357e-17,
            0.0514699077358067,
            2.2441274855451102e-17,
            0.023825937557624296,
            4.1171318583982265e-17,
            0.048390707936149524,
            5.4397627653032904e-17,
            0.02772592594354296
        ],
        "BaSrCaCrO6"
    ],
    "steinhart_parameter_sum": 0.2188024072336172,
    "band_gap": 0.5585,
    "oxidation_state": 6.0,
    "possible_species": [
        "O2-",
        "Ca2+",
        "Ba2+",
        "Sr2+",
        "Cr6+"
    ],
    "density": 4.90186861434649,
    "quadrupole moment": [
        [
            -13.762268665065138,
            -4.440892098500626e-16,
            0.0
        ],
        [
            -4.440892098500626e-16,
            -13.762268665065129,
            4.440892098500626e-16
        ],
        [
            0.0,
            4.440892098500626e-16,
            -13.76226866506514
        ]
    ],
    "quadrupole moment normalized": [
        [
            -0.14532487692795193,
            -2.7755575615628914e-17,
            -3.469446951953614e-18
        ],
        [
            -2.7755575615628914e-17,
            -0.14532487692795187,
            1.0408340855860843e-17
        ],
        [
            -3.469446951953614e-18,
            1.0408340855860843e-17,
            -0.14532487692795196
        ]
    ]
}