{
    "Material": "Li2TiCr(PO4)3",
    "steinhart_vector": [
        [
            0.06405019834153687,
            0.002070096766852903,
            0.0017180544463346378,
            0.00877755907137801,
            0.04694954926456475,
            0.011550753854744324,
            0.021255431699488955,
            0.01713058128818129,
            0.039733307776626973,
            0.018952094083576457,
            0.022459901909379222
        ],
        "Li2TiCr(PO4)3"
    ],
    "steinhart_parameter_sum": 0.25464752850266437,
    "band_gap": 2.3334,
    "oxidation_state": 4.0,
    "possible_species": [
        "P5+",
        "O2-",
        "Li+",
        "Ti4+",
        "Cr3+"
    ],
    "density": 3.0286017619199934,
    "quadrupole moment": [
        [
            -14.398496323882332,
            0.3155053893201509,
            -0.07754306545330669
        ],
        [
            0.3155053893201509,
            -15.930824494789105,
            -0.09359371426387197
        ],
        [
            -0.07754306545330669,
            -0.09359371426387197,
            -15.487322614205883
        ]
    ],
    "quadrupole moment normalized": [
        [
            -0.12639783192356877,
            0.0028737597185580993,
            -0.0013692975159883061
        ],
        [
            0.0028737597185580993,
            -0.13526066001217965,
            -0.001637710546520509
        ],
        [
            -0.0013692975159883061,
            -0.001637710546520509,
            -0.1324975002734497
        ]
    ]
}