{
    "Material": "BaLaNbCrO6",
    "steinhart_vector": [
        [
            0.062314770733459375,
            2.8988712756997573e-18,
            4.396355962394016e-18,
            1.2543912967645149e-17,
            0.047593692299982726,
            1.2400475294513022e-17,
            0.02203159847685706,
            1.9675224182559863e-17,
            0.04474638803537647,
            3.001889035515325e-17,
            0.025637877473230517
        ],
        "BaLaNbCrO6"
    ],
    "steinhart_parameter_sum": 0.20232432701890618,
    "band_gap": 0.0,
    "oxidation_state": 3.0,
    "possible_species": [
        "La3+",
        "Cr3+",
        "Nb4+",
        "O2-",
        "Ba2+"
    ],
    "density": 6.464285472616185,
    "quadrupole moment": [
        [
            -16.095260656458564,
            -4.440892098500626e-16,
            -1.6155286875451653e-15
        ],
        [
            -4.440892098500626e-16,
            -16.095260656458557,
            -9.58403516541142e-16
        ],
        [
            -1.6155286875451653e-15,
            -9.58403516541142e-16,
            -16.095260656458567
        ]
    ],
    "quadrupole moment normalized": [
        [
            -0.12426018085003537,
            -3.122502256758253e-17,
            -1.25542534655108e-17
        ],
        [
            -3.122502256758253e-17,
            -0.12426018085003532,
            -7.440105776764218e-18
        ],
        [
            -1.25542534655108e-17,
            -7.440105776764218e-18,
            -0.12426018085003537
        ]
    ]
}