{
    "Material": "CrHC7NO5F2",
    "steinhart_vector": [
        [
            0.08687260933741436,
            0.0015964269666134594,
            0.0005796609315710608,
            0.0024712170431705903,
            0.0661808071108535,
            0.004534188657161363,
            0.030577205782706878,
            0.005745130429104649,
            0.06181264857149277,
            0.007552378262528498,
            0.035299331650200494
        ],
        "CrHC7NO5F2"
    ],
    "steinhart_parameter_sum": 0.3032216047428177,
    "band_gap": 3.566,
    "oxidation_state": 5.0,
    "possible_species": [
        "F-",
        "C2+",
        "N3-",
        "Cr5+",
        "C+",
        "H-",
        "O2-"
    ],
    "density": 1.5553665966200163,
    "quadrupole moment": [
        [
            14.758440926509813,
            0.14110414023264095,
            -0.05820630923664006
        ],
        [
            0.14110414023264095,
            14.78344426954013,
            -0.09615753739841701
        ],
        [
            -0.05820630923664006,
            -0.09615753739841701,
            14.639562893252151
        ]
    ],
    "quadrupole moment normalized": [
        [
            0.18272680467960606,
            0.00028880808683506495,
            -0.00032510811645880793
        ],
        [
            0.00028880808683506495,
            0.1789284432851591,
            -0.0013809613058856792
        ],
        [
            -0.00032510811645880793,
            -0.0013809613058856792,
            0.1817700429942055
        ]
    ]
}