{
    "Material": "HfCrSi",
    "steinhart_vector": [
        [
            0.028772465789840215,
            0.0012096583523403491,
            0.005528981407151033,
            0.02035862226900656,
            0.013655483227977905,
            0.010393887871347396,
            0.017041354726102482,
            0.01349686570606445,
            0.013225941851346798,
            0.016946168716326388,
            0.012114678711172581
        ],
        "HfCrSi"
    ],
    "steinhart_parameter_sum": 0.15274410862867616,
    "band_gap": 0.0,
    "oxidation_state": 2.0,
    "possible_species": [
        "Si4-",
        "Hf2+",
        "Cr2+"
    ],
    "density": 9.39626772815944,
    "quadrupole moment": [
        [
            -23.90500300624199,
            -7.029486580263367e-15,
            -9.86080748193885e-15
        ],
        [
            -7.029486580263367e-15,
            -32.03385684955748,
            -5.854798657232797
        ],
        [
            -9.86080748193885e-15,
            -5.854798657232797,
            -42.87629790427202
        ]
    ],
    "quadrupole moment normalized": [
        [
            -0.04965925459744931,
            2.65619038649582e-18,
            1.213904314391609e-17
        ],
        [
            2.65619038649582e-18,
            -0.05776908755654969,
            -0.014508179021825256
        ],
        [
            1.213904314391609e-17,
            -0.014508179021825256,
            -0.07814000149865413
        ]
    ]
}