{
    "Material": "SrCaCrF7",
    "steinhart_vector": [
        [
            0.05702801662902953,
            0.0007695966832125847,
            0.002868526177944223,
            0.0026369964026529517,
            0.04313907799418061,
            0.0031924477157494325,
            0.020821601781833954,
            0.005711311170313366,
            0.039713390510385776,
            0.005360999828917977,
            0.02428817828955877
        ],
        "SrCaCrF7"
    ],
    "steinhart_parameter_sum": 0.20553014318377918,
    "band_gap": 4.2453,
    "oxidation_state": 3.0,
    "possible_species": [
        "Cr3+",
        "Sr2+",
        "F-",
        "Ca2+"
    ],
    "density": 3.45789000421341,
    "quadrupole moment": [
        [
            -7.017759086301033,
            -9.992007221626409e-16,
            -8.881784197001252e-16
        ],
        [
            -9.992007221626409e-16,
            -7.460229105552841,
            -0.15384204098709042
        ],
        [
            -8.881784197001252e-16,
            -0.15384204098709042,
            -8.302897395892206
        ]
    ],
    "quadrupole moment normalized": [
        [
            -0.05330355476609494,
            -8.673617379884035e-19,
            1.214306433183765e-17
        ],
        [
            -8.673617379884035e-19,
            -0.0587719178310077,
            -0.00017172285325045295
        ],
        [
            1.214306433183765e-17,
            -0.00017172285325045295,
            -0.0635541508894909
        ]
    ]
}