{
    "Material": "CaCr(WO2)2",
    "steinhart_vector": [
        [
            0.0628414976217464,
            0.01679890984777042,
            0.016101220432631128,
            0.03200527329121698,
            0.04283506866597051,
            0.02362572584125385,
            0.02495231758070866,
            0.03737161323492638,
            0.030583730066733476,
            0.03108252971495461,
            0.028803353815902513
        ],
        "CaCr(WO2)2"
    ],
    "steinhart_parameter_sum": 0.34700124011381495,
    "band_gap": 0.024700000000000166,
    "oxidation_state": 2.0,
    "possible_species": [
        "O2-",
        "Cr2+",
        "W2+",
        "Ca2+"
    ],
    "density": 6.369633955842443,
    "quadrupole moment": [
        [
            -15.802624364001241,
            0.1948921807863191,
            0.6448220156716928
        ],
        [
            0.1948921807863191,
            -7.4927145314011945,
            0.4936123204441062
        ],
        [
            0.6448220156716928,
            0.4936123204441062,
            -8.376125389184859
        ]
    ],
    "quadrupole moment normalized": [
        [
            -0.12698373805184648,
            0.0013044565956568024,
            0.0035591169249219474
        ],
        [
            0.0013044565956568024,
            -0.05982257367966562,
            0.004259088516142778
        ],
        [
            0.0035591169249219474,
            0.004259088516142778,
            -0.06598194240324083
        ]
    ]
}