{
    "Material": "CrNiP2O9",
    "steinhart_vector": [
        [
            0.06581230919968785,
            0.0042450211423039575,
            0.0010367539829424107,
            0.01274590380903455,
            0.04619173700458021,
            0.01743190932257218,
            0.019250544462625713,
            0.023601287953682167,
            0.036025505949413214,
            0.026268300251245907,
            0.016803017395077814
        ],
        "CrNiP2O9"
    ],
    "steinhart_parameter_sum": 0.269412290473166,
    "band_gap": 0.0,
    "oxidation_state": 6.0,
    "possible_species": [
        "Cr6+",
        "O2-",
        "P5+",
        "Ni2+"
    ],
    "density": 3.089293361671514,
    "quadrupole moment": [
        [
            -14.710064958727266,
            0.0,
            0.0
        ],
        [
            0.0,
            -13.679238268006422,
            -0.27378901026728997
        ],
        [
            0.0,
            -0.27378901026728997,
            -15.279436950637677
        ]
    ],
    "quadrupole moment normalized": [
        [
            -0.13400642393615123,
            0.0,
            0.0
        ],
        [
            0.0,
            -0.14560528352105043,
            0.005305990631642381
        ],
        [
            0.0,
            0.005305990631642381,
            -0.13748602272464513
        ]
    ]
}