{
    "Material": "ScCrO3",
    "steinhart_vector": [
        [
            0.05414021394905795,
            0.004076891151193807,
            0.002370663706012841,
            0.007907752539483991,
            0.018110331435038526,
            0.03069217223173107,
            0.017914757590527453,
            0.01282181628532665,
            0.01433168985840492,
            0.02015257910898625,
            0.024553275401596533
        ],
        "ScCrO3"
    ],
    "steinhart_parameter_sum": 0.20707214325736,
    "band_gap": 2.4177999999999997,
    "oxidation_state": 3.0,
    "possible_species": [
        "Sc3+",
        "Cr3+",
        "O2-"
    ],
    "density": 4.6312337405873905,
    "quadrupole moment": [
        [
            -24.998080824262523,
            -0.3851311191152669,
            -1.0757834891350626e-05
        ],
        [
            -0.3851311191152669,
            -25.308520072214826,
            1.1732548734322279e-05
        ],
        [
            -1.0757834891350626e-05,
            1.1732548734322279e-05,
            -38.111227736427416
        ]
    ],
    "quadrupole moment normalized": [
        [
            -0.12018797895455162,
            -0.006065103834456716,
            3.89458164173212e-08
        ],
        [
            -0.006065103834456716,
            -0.1331206492809134,
            -3.3017334665798315e-08
        ],
        [
            3.89458164173212e-08,
            -3.3017334665798315e-08,
            -0.12601389151192877
        ]
    ]
}