{
    "Material": "BaMgCrF7",
    "steinhart_vector": [
        [
            0.05684461971768052,
            0.0022086448205312094,
            0.0011637634280953458,
            0.005008552671831753,
            0.04253062990220028,
            0.007751724384515403,
            0.019532353020023995,
            0.01037894616440821,
            0.038054794702042656,
            0.012386134558498374,
            0.0219042190052992
        ],
        "BaMgCrF7"
    ],
    "steinhart_parameter_sum": 0.21776438237512696,
    "band_gap": 3.9409,
    "oxidation_state": 3.0,
    "possible_species": [
        "Mg2+",
        "Cr3+",
        "Ba2+",
        "F-"
    ],
    "density": 4.2323923696505386,
    "quadrupole moment": [
        [
            -7.726192267509225,
            0.054850088887538506,
            0.2074291791289602
        ],
        [
            0.054850088887538506,
            -7.578919713683278,
            0.16729298332912323
        ],
        [
            0.2074291791289602,
            0.16729298332912323,
            -7.6284869680524405
        ]
    ],
    "quadrupole moment normalized": [
        [
            -0.05823028373924034,
            0.0005212976289758336,
            0.00091397905714954
        ],
        [
            0.0005212976289758336,
            -0.057370533597908654,
            0.0016544122856050917
        ],
        [
            0.00091397905714954,
            0.0016544122856050917,
            -0.058915022769918994
        ]
    ]
}