{
    "Material": "CrN2",
    "steinhart_vector": [
        [
            0.08248844101883385,
            0.0032566810123960083,
            0.0029803604062099706,
            0.0611590990792339,
            0.042121367432399,
            0.008300284983467864,
            0.05114808615630414,
            0.04996734796923307,
            0.021319290786595356,
            0.042248091676787,
            0.05204573072034173
        ],
        "CrN2"
    ],
    "steinhart_parameter_sum": 0.4170347812418019,
    "band_gap": 0.0,
    "oxidation_state": 6.0,
    "possible_species": [
        "Cr6+",
        "N3-"
    ],
    "density": 1.5698590931068817,
    "quadrupole moment": [
        [
            -12.059044147938165,
            -0.10285979796942835,
            -0.3455812548206816
        ],
        [
            -0.10285979796942835,
            -11.45969064052026,
            0.6227585901895472
        ],
        [
            -0.3455812548206816,
            0.6227585901895472,
            -12.47554738159962
        ]
    ],
    "quadrupole moment normalized": [
        [
            -0.18968814130895661,
            -0.00047106765242564685,
            -0.006318926335293899
        ],
        [
            -0.00047106765242564685,
            -0.18524975400204505,
            0.007404273835793049
        ],
        [
            -0.006318926335293899,
            0.007404273835793049,
            -0.19664213105182532
        ]
    ]
}