{
    "Material": "LiMg14CrO16",
    "steinhart_vector": [
        [
            0.06055759070505086,
            4.419845734461355e-18,
            0.0007322844440966146,
            1.3576332786089623e-17,
            0.046254039234913114,
            1.4213302249205366e-17,
            0.021421296282992316,
            2.3646655564840587e-17,
            0.04348759567964007,
            2.5122231686892207e-17,
            0.02492386726372226
        ],
        "LiMg14CrO16"
    ],
    "steinhart_parameter_sum": 0.19737667361041528,
    "band_gap": 1.6420999999999992,
    "oxidation_state": 3.0,
    "possible_species": [
        "Li+",
        "Cr3+",
        "Mg2+",
        "O2-"
    ],
    "density": 3.5421094019698414,
    "quadrupole moment": [
        [
            -16.63805455565151,
            -3.622859475316126e-15,
            -1.0187870127808833e-15
        ],
        [
            -3.622859475316126e-15,
            -16.63805455565151,
            -1.0187870127808829e-15
        ],
        [
            -1.0187870127808833e-15,
            -1.0187870127808829e-15,
            -17.89812840808692
        ]
    ],
    "quadrupole moment normalized": [
        [
            -0.12020636146553879,
            -2.61743795930022e-17,
            -7.360516790296091e-18
        ],
        [
            -2.61743795930022e-17,
            -0.12020636146553879,
            -7.360516790296091e-18
        ],
        [
            -7.360516790296091e-18,
            -7.360516790296091e-18,
            -0.11174352727832364
        ]
    ]
}