{
    "Material": "Mg2CrN3",
    "steinhart_vector": [
        [
            0.07964654213038311,
            0.004410043710830031,
            0.00601976674196285,
            0.058537356699936725,
            0.040622385458370894,
            0.013765670329340783,
            0.048426013255131746,
            0.04706728395139306,
            0.025476095906757323,
            0.0406042172417694,
            0.04743177585821342
        ],
        "Mg2CrN3"
    ],
    "steinhart_parameter_sum": 0.4120071512840894,
    "band_gap": 0.0,
    "oxidation_state": 5.0,
    "possible_species": [
        "N3-",
        "Mg2+",
        "Cr5+"
    ],
    "density": 3.351608068567136,
    "quadrupole moment": [
        [
            -13.342616172940804,
            0.08064363324081097,
            0.036234066848710444
        ],
        [
            0.08064363324081097,
            -13.434394283235518,
            -0.06206882334713515
        ],
        [
            0.036234066848710444,
            -0.06206882334713515,
            -11.922306985194579
        ]
    ],
    "quadrupole moment normalized": [
        [
            -0.19822014413235226,
            -0.011999956135368802,
            -0.0027508211545983416
        ],
        [
            -0.011999956135368802,
            -0.18461601837993416,
            0.004723200057311671
        ],
        [
            -0.0027508211545983416,
            0.004723200057311671,
            -0.15045377803141077
        ]
    ]
}