{
    "Material": "BaCrO3",
    "steinhart_vector": [
        [
            0.06362438900989907,
            0.004353058197996074,
            0.0031262071655724422,
            0.00753892239470215,
            0.046489958217100606,
            0.011694650371650754,
            0.02165587413480372,
            0.017427799992632668,
            0.03906164611903322,
            0.017728163656807162,
            0.02274420949940127
        ],
        "BaCrO3"
    ],
    "steinhart_parameter_sum": 0.25544487875959915,
    "band_gap": 0.0,
    "oxidation_state": 4.0,
    "possible_species": [
        "O2-",
        "Ba2+",
        "Cr4+"
    ],
    "density": 5.823701509693755,
    "quadrupole moment": [
        [
            -14.664368749200074,
            2.7718461752535006e-06,
            -8.881784197001252e-16
        ],
        [
            2.7718461752535006e-06,
            -14.664365548546408,
            -8.881784197001252e-16
        ],
        [
            -8.881784197001252e-16,
            -8.881784197001252e-16,
            -16.990865970639618
        ]
    ],
    "quadrupole moment normalized": [
        [
            -0.12322127952064334,
            8.259767239962579e-09,
            2.1915298960978324e-08
        ],
        [
            8.259767239962579e-09,
            -0.12322126998308143,
            -1.2652800952805965e-08
        ],
        [
            2.1915298960978324e-08,
            -1.2652800952805965e-08,
            -0.14217470215892364
        ]
    ]
}