{
    "Material": "NdCrO3",
    "steinhart_vector": [
        [
            0.06407118565010468,
            4.0996230736683916e-18,
            6.29194996146752e-18,
            6.714988871169518e-18,
            0.04893517635119552,
            6.8826260185970225e-18,
            0.022652584925925614,
            1.3489882498727989e-17,
            0.04600761747562434,
            1.3324454800352047e-17,
            0.02636051112645727
        ],
        "NdCrO3"
    ],
    "steinhart_parameter_sum": 0.20802707552930744,
    "band_gap": 1.904,
    "oxidation_state": 3.0,
    "possible_species": [
        "O2-",
        "Cr3+",
        "Nd3+"
    ],
    "density": 6.826963263257871,
    "quadrupole moment": [
        [
            -15.224901648100001,
            -2.5991941932090865e-15,
            -8.663980644030292e-16
        ],
        [
            -2.5991941932090865e-15,
            -15.2249016481,
            -8.663980644030289e-16
        ],
        [
            -8.663980644030292e-16,
            -8.663980644030289e-16,
            -15.224901648100001
        ]
    ],
    "quadrupole moment normalized": [
        [
            -0.13136373857952577,
            -2.242640868269583e-17,
            -7.47546956089861e-18
        ],
        [
            -2.242640868269583e-17,
            -0.1313637385795258,
            -7.47546956089861e-18
        ],
        [
            -7.47546956089861e-18,
            -7.47546956089861e-18,
            -0.13136373857952577
        ]
    ]
}