{
    "Material": "SrEuCrInO6",
    "steinhart_vector": [
        [
            0.06544249190539378,
            6.398636556208294e-18,
            1.569772417560239e-17,
            1.5980401486219697e-17,
            0.04998252880383362,
            1.9734513860356978e-17,
            0.023137414902024835,
            2.5567475176584024e-17,
            0.04699231181201154,
            4.5337203891260156e-17,
            0.02692470130701262
        ],
        "SrEuCrInO6"
    ],
    "steinhart_parameter_sum": 0.21247944873027655,
    "band_gap": 0.0,
    "oxidation_state": 5.0,
    "possible_species": [
        "Sr2+",
        "Cr5+",
        "Eu2+",
        "O2-",
        "In3+"
    ],
    "density": 6.424877196023573,
    "quadrupole moment": [
        [
            -14.593530208667344,
            -8.881784197001252e-16,
            -1.3851754071103236e-15
        ],
        [
            -8.881784197001252e-16,
            -14.59353020866735,
            -9.794669235005465e-16
        ],
        [
            -1.3851754071103236e-15,
            -9.794669235005465e-16,
            -14.593530208667353
        ]
    ],
    "quadrupole moment normalized": [
        [
            -0.13704703189720097,
            -2.7755575615628914e-17,
            -1.3008105337577682e-17
        ],
        [
            -2.7755575615628914e-17,
            -0.13704703189720097,
            -9.198119494590104e-18
        ],
        [
            -1.3008105337577682e-17,
            -9.198119494590104e-18,
            -0.13704703189720097
        ]
    ]
}