{
    "Material": "Ba3CrN3",
    "steinhart_vector": [
        [
            0.08316768157961564,
            4.355645372831067e-09,
            0.04158384079089615,
            0.06574982537563967,
            0.031187880594050484,
            0.04348942167521861,
            0.06161305943638744,
            0.035730205898725026,
            0.04434020987333193,
            0.05950601836545336,
            0.037916400084422396
        ],
        "Ba3CrN3"
    ],
    "steinhart_parameter_sum": 0.5042845480293862,
    "band_gap": 0.0,
    "oxidation_state": 3.0,
    "possible_species": [
        "Cr3+",
        "Ba2+",
        "N3-"
    ],
    "density": 5.077528105056895,
    "quadrupole moment": [
        [
            -13.27722293851459,
            1.3857423843965933e-06,
            -2.0368888852289685e-15
        ],
        [
            1.3857423843965933e-06,
            -13.27722269724682,
            -4.0986377420224645e-15
        ],
        [
            -2.0368888852289685e-15,
            -4.0986377420224645e-15,
            -4.733165431326071e-30
        ]
    ],
    "quadrupole moment normalized": [
        [
            -0.2178802763955161,
            7.887693169138232e-07,
            -3.342455062516721e-17
        ],
        [
            7.887693169138232e-07,
            -0.21788210894381013,
            -6.725981937421523e-17
        ],
        [
            -3.342455062516721e-17,
            -6.725981937421523e-17,
            -7.767196565179374e-32
        ]
    ]
}