{
    "Material": "NbCrS5",
    "steinhart_vector": [
        [
            0.0261963329692637,
            0.0009252448078247724,
            0.0011511700018895284,
            0.0022894544827239344,
            0.019572547562184534,
            0.0033459097851917348,
            0.009230516097106642,
            0.004790425419175922,
            0.01744241641294412,
            0.005521420855302959,
            0.010333199186978042
        ],
        "NbCrS5"
    ],
    "steinhart_parameter_sum": 0.1007986375805859,
    "band_gap": 0.0,
    "oxidation_state": 3.0,
    "possible_species": [
        "Cr3+",
        "S-",
        "S2-",
        "Nb5+"
    ],
    "density": 3.7086976020257336,
    "quadrupole moment": [
        [
            -11.596905808929002,
            0.0,
            -1.1102230246251565e-16
        ],
        [
            0.0,
            -10.772417705906975,
            -0.6625858877050179
        ],
        [
            -1.1102230246251565e-16,
            -0.6625858877050179,
            -11.834054532702595
        ]
    ],
    "quadrupole moment normalized": [
        [
            -0.022195784908719575,
            -8.673617379884035e-19,
            -8.673617379884035e-19
        ],
        [
            -8.673617379884035e-19,
            -0.020640300885404687,
            -0.0011483752446125712
        ],
        [
            -8.673617379884035e-19,
            -0.0011483752446125712,
            -0.023076446243085393
        ]
    ]
}