{
    "Material": "CaPrZrCrO6",
    "steinhart_vector": [
        [
            0.06375961896732486,
            6.7984557586207946e-18,
            1.542134129212122e-17,
            1.7653325765708143e-17,
            0.04869721336655137,
            2.047850539024582e-17,
            0.022542429468832913,
            2.5243211623927288e-17,
            0.045783890684649,
            4.703711029812317e-17,
            0.026232324689376127
        ],
        "CaPrZrCrO6"
    ],
    "steinhart_parameter_sum": 0.2070154771767344,
    "band_gap": 2.4468,
    "oxidation_state": 3.0,
    "possible_species": [
        "O2-",
        "Pr3+",
        "Zr4+",
        "Cr3+",
        "Ca2+"
    ],
    "density": 5.363709522661244,
    "quadrupole moment": [
        [
            -15.374060696068959,
            -8.881784197001252e-16,
            -1.3322676295501878e-15
        ],
        [
            -8.881784197001252e-16,
            -15.374060696068954,
            -8.881784197001252e-16
        ],
        [
            -1.3322676295501878e-15,
            -8.881784197001252e-16,
            -15.374060696068963
        ]
    ],
    "quadrupole moment normalized": [
        [
            -0.1300892483474705,
            -6.938893903907228e-18,
            -1.3877787807814457e-17
        ],
        [
            -6.938893903907228e-18,
            -0.13008924834747046,
            -1.3877787807814457e-17
        ],
        [
            -1.3877787807814457e-17,
            -1.3877787807814457e-17,
            -0.13008924834747052
        ]
    ]
}