{
    "Material": "SrCrO4",
    "steinhart_vector": [
        [
            0.06903342078649179,
            0.00362647717619964,
            0.017178572457614002,
            0.04775152777601009,
            0.03031624751999602,
            0.02880248953092918,
            0.042026664775887956,
            0.029934883280925376,
            0.030400536473478977,
            0.04062051724162617,
            0.03341863957320167
        ],
        "SrCrO4"
    ],
    "steinhart_parameter_sum": 0.37310997659236084,
    "band_gap": 1.6033,
    "oxidation_state": 5.0,
    "possible_species": [
        "Sr2+",
        "O-",
        "Cr5+",
        "O2-"
    ],
    "density": 2.853139455479041,
    "quadrupole moment": [
        [
            -3.660245038401818,
            -0.3616311785939496,
            0.3132380656160143
        ],
        [
            -0.3616311785939496,
            -6.461470617359359,
            0.033047661623007984
        ],
        [
            0.3132380656160143,
            0.033047661623007984,
            -3.0822909897178077
        ]
    ],
    "quadrupole moment normalized": [
        [
            -0.04942528048255642,
            -0.00034152386153170865,
            0.005151752536637608
        ],
        [
            -0.00034152386153170865,
            -0.07348796799227544,
            6.42989875102723e-05
        ],
        [
            0.005151752536637608,
            6.42989875102723e-05,
            -0.029933598299774468
        ]
    ]
}