{
    "Material": "K3CrF6",
    "steinhart_vector": [
        [
            0.058258683197888156,
            6.847029409326871e-18,
            2.400432879634298e-07,
            1.5668944479713233e-17,
            0.04449580427406553,
            2.0148806749697994e-17,
            0.02059755497733663,
            3.26711448593102e-17,
            0.0418338319172187,
            3.8247371966901147e-17,
            0.02396910016776234
        ],
        "K3CrF6"
    ],
    "steinhart_parameter_sum": 0.18915521457755943,
    "band_gap": 4.3858,
    "oxidation_state": 3.0,
    "possible_species": [
        "K+",
        "Cr3+",
        "F-"
    ],
    "density": 2.8447463473073182,
    "quadrupole moment": [
        [
            -7.274903340100305,
            -8.478165467051824e-05,
            4.4354552864386716e-11
        ],
        [
            -8.478165467051824e-05,
            -7.274843388950144,
            3.1363149242762805e-11
        ],
        [
            4.4354552864386716e-11,
            3.1363149242762805e-11,
            -7.274783442109096
        ]
    ],
    "quadrupole moment normalized": [
        [
            -0.06109283157166524,
            7.119718338152725e-07,
            3.7247238097946755e-13
        ],
        [
            7.119718338152725e-07,
            -0.06109333502409828,
            2.6337559774716877e-13
        ],
        [
            3.7247238097946755e-13,
            2.6337559774716877e-13,
            -0.06109383847986194
        ]
    ]
}