{
    "Material": "CaMg6CrO8",
    "steinhart_vector": [
        [
            0.05806288594659363,
            4.421957548633554e-18,
            0.001554845682002018,
            5.047845144709299e-18,
            0.044357617531269065,
            9.589829678992938e-18,
            0.02057978844677169,
            1.1465364259287512e-17,
            0.04170727638192609,
            1.6302141486786065e-17,
            0.023930542612418695
        ],
        "CaMg6CrO8"
    ],
    "steinhart_parameter_sum": 0.19019295660098123,
    "band_gap": 0.0,
    "oxidation_state": 2.0,
    "possible_species": [
        "Cr2+",
        "Mg2+",
        "O2-",
        "Ca2+"
    ],
    "density": 3.602753896742781,
    "quadrupole moment": [
        [
            -16.701922354515695,
            0.0,
            -1.0226977875532637e-15
        ],
        [
            0.0,
            -19.57309596689467,
            -1.1985064662630764e-15
        ],
        [
            -1.0226977875532637e-15,
            -1.1985064662630764e-15,
            -19.57309596689467
        ]
    ],
    "quadrupole moment normalized": [
        [
            -0.11974669487427356,
            0.0,
            -7.332370329312695e-18
        ],
        [
            0.0,
            -0.10218107566543067,
            -6.256786362355159e-18
        ],
        [
            -7.332370329312695e-18,
            -6.256786362355159e-18,
            -0.10218107566543067
        ]
    ]
}