{
    "Material": "CeCrB4",
    "steinhart_vector": [
        [
            0.08621679991135664,
            0.0005384457444527109,
            0.03258897848101126,
            0.0013369956920798903,
            0.02766461170703437,
            0.006794132974279335,
            0.02775400909069323,
            0.02989761377822133,
            0.012459473222143958,
            0.04737783116669842,
            0.02558623741867505
        ],
        "CeCrB4"
    ],
    "steinhart_parameter_sum": 0.29821512918664617,
    "band_gap": 0.0,
    "oxidation_state": 4.0,
    "possible_species": [
        "Cr4+",
        "B2-",
        "Ce4+"
    ],
    "density": 6.412457569597052,
    "quadrupole moment": [
        [
            -62.982790002845,
            -3.552713678800501e-15,
            -5.329070518200751e-15
        ],
        [
            -3.552713678800501e-15,
            -22.413856022439923,
            0.5186826399620066
        ],
        [
            -5.329070518200751e-15,
            0.5186826399620066,
            -22.244008173375555
        ]
    ],
    "quadrupole moment normalized": [
        [
            -0.435150532630984,
            5.204170427930421e-17,
            -3.469446951953614e-18
        ],
        [
            5.204170427930421e-17,
            -0.15457937413908907,
            0.001163848157819022
        ],
        [
            -3.469446951953614e-18,
            0.001163848157819022,
            -0.15364372172135374
        ]
    ]
}