{
    "Material": "LiCrP2O7",
    "steinhart_vector": [
        [
            0.0619366204228998,
            0.0018612576733716116,
            0.002400479948621953,
            0.008750412109241506,
            0.04516495043361806,
            0.011660144187024588,
            0.020673209167601226,
            0.017139879955345032,
            0.03769754524260582,
            0.019208069589003,
            0.021655443990206222
        ],
        "LiCrP2O7"
    ],
    "steinhart_parameter_sum": 0.24814801271953885,
    "band_gap": 3.1847000000000003,
    "oxidation_state": 3.0,
    "possible_species": [
        "Cr3+",
        "P5+",
        "Li+",
        "O2-"
    ],
    "density": 2.867384565786548,
    "quadrupole moment": [
        [
            -16.706150217363664,
            0.5878491020027186,
            -0.2721813416784883
        ],
        [
            0.5878491020027186,
            -15.78881776038908,
            0.587830411147501
        ],
        [
            -0.2721813416784883,
            0.587830411147501,
            -16.400756514325252
        ]
    ],
    "quadrupole moment normalized": [
        [
            -0.12774112441121788,
            0.004136019002941707,
            -0.002119767619680589
        ],
        [
            0.004136019002941707,
            -0.1169065056394473,
            0.0046221018965117355
        ],
        [
            -0.002119767619680589,
            0.0046221018965117355,
            -0.12366861848503613
        ]
    ]
}