{
    "Material": "ThCrSe3",
    "steinhart_vector": [
        [
            0.011115880391143796,
            1.1857684335410127e-18,
            0.0009538055674839718,
            6.813613984258751e-19,
            0.008376597479824801,
            2.8150477024178302e-18,
            0.0043507193360740595,
            2.790717478578273e-18,
            0.007668175617974281,
            4.294266099323449e-18,
            0.005260448132760671
        ],
        "ThCrSe3"
    ],
    "steinhart_parameter_sum": 0.037725626525261596,
    "band_gap": 0.054999999999999716,
    "oxidation_state": 2.0,
    "possible_species": [
        "Cr2+",
        "Th4+",
        "Se2-"
    ],
    "density": 7.3002507338218114,
    "quadrupole moment": [
        [
            -26.949904106117426,
            -0.6900382512978176,
            -1.7743446118445787
        ],
        [
            -0.6900382512978176,
            -33.364304328990556,
            -0.4282771728500676
        ],
        [
            -1.7743446118445787,
            -0.4282771728500676,
            -24.196888711467874
        ]
    ],
    "quadrupole moment normalized": [
        [
            -0.016737240902180896,
            0.001436188151475865,
            -0.0021027404177873764
        ],
        [
            0.001436188151475865,
            -0.0169689998834131,
            -0.001408366873582835
        ],
        [
            -0.0021027404177873764,
            -0.001408366873582835,
            -0.016803879904394216
        ]
    ]
}