{
    "Material": "Zn2CrWO6",
    "steinhart_vector": [
        [
            0.06058988385298209,
            0.007416748109629022,
            0.014669055528150909,
            0.039627256733074157,
            0.030707907932739312,
            0.02817393637385843,
            0.02874172388857234,
            0.02963663766292532,
            0.034620671441752904,
            0.02769312206289078,
            0.028016852767566734
        ],
        "Zn2CrWO6"
    ],
    "steinhart_parameter_sum": 0.32989379635414195,
    "band_gap": 1.9752,
    "oxidation_state": 2.0,
    "possible_species": [
        "W6+",
        "O2-",
        "Zn2+",
        "Cr2+"
    ],
    "density": 7.18068008531556,
    "quadrupole moment": [
        [
            -12.156551216572959,
            -4.045651656717716,
            0.08438670190547756
        ],
        [
            -4.045651656717716,
            -13.702473202261434,
            0.07355232685004509
        ],
        [
            0.08438670190547756,
            0.07355232685004509,
            -8.216377701693444
        ]
    ],
    "quadrupole moment normalized": [
        [
            -0.0846500072507904,
            -0.027979523022436184,
            -0.00045067360165589325
        ],
        [
            -0.027979523022436184,
            -0.09078821573030085,
            -0.0006968682757523426
        ],
        [
            -0.00045067360165589325,
            -0.0006968682757523426,
            -0.05957349653885887
        ]
    ]
}