{
    "Material": "Mg2CrSbO6",
    "steinhart_vector": [
        [
            0.06133344924889017,
            2.6902213385828124e-07,
            0.003503877619812508,
            1.3481965376408068e-06,
            0.04651872292505131,
            1.686629509424609e-06,
            0.02286953654334245,
            2.548117688367805e-06,
            0.04314516347364524,
            3.0331487775357145e-06,
            0.027252650052391622
        ],
        "Mg2CrSbO6"
    ],
    "steinhart_parameter_sum": 0.2046322849777801,
    "band_gap": 2.4850000000000003,
    "oxidation_state": 3.0,
    "possible_species": [
        "Cr3+",
        "Mg2+",
        "Sb5+",
        "O2-"
    ],
    "density": 4.97896856266768,
    "quadrupole moment": [
        [
            -16.463127130343114,
            -0.5268735713318795,
            -0.6925573157575307
        ],
        [
            -0.5268735713318795,
            -16.50421677706134,
            1.3968813842614822
        ],
        [
            -0.6925573157575307,
            1.3968813842614822,
            -16.879657332973164
        ]
    ],
    "quadrupole moment normalized": [
        [
            -0.11957044512346503,
            -0.004833984841842045,
            -0.00621199838974407
        ],
        [
            -0.004833984841842045,
            -0.12160287211509839,
            0.008939620085000405
        ],
        [
            -0.00621199838974407,
            0.008939620085000405,
            -0.11996773708528088
        ]
    ]
}