{
    "Material": "EuZrCrBiO6",
    "steinhart_vector": [
        [
            0.06347902099437723,
            2.902500198730576e-18,
            9.73063626184234e-18,
            9.111485285833239e-18,
            0.04848290312473743,
            1.1269171354685232e-17,
            0.022443223104103682,
            1.1274639917218983e-17,
            0.045582401605387846,
            2.151518976573229e-17,
            0.0261168795651304
        ],
        "EuZrCrBiO6"
    ],
    "steinhart_parameter_sum": 0.20610442839373666,
    "band_gap": 0.0,
    "oxidation_state": 3.0,
    "possible_species": [
        "Cr3+",
        "Bi3+",
        "Eu2+",
        "O2-",
        "Zr4+"
    ],
    "density": 7.530880146081642,
    "quadrupole moment": [
        [
            -15.510277817531449,
            -4.440892098500626e-16,
            -9.839310864206896e-16
        ],
        [
            -4.440892098500626e-16,
            -15.510277817531454,
            -1.4538520450151343e-15
        ],
        [
            -9.839310864206896e-16,
            -1.4538520450151343e-15,
            -15.510277817531454
        ]
    ],
    "quadrupole moment normalized": [
        [
            -0.12894675540494677,
            -1.734723475976807e-17,
            -1.5341483418533877e-17
        ],
        [
            -1.734723475976807e-17,
            -0.1289467554049468,
            -1.455903588105655e-18
        ],
        [
            -1.5341483418533877e-17,
            -1.455903588105655e-18,
            -0.1289467554049468
        ]
    ]
}