{
    "Material": "CrSe2",
    "steinhart_vector": [
        [
            0.01178466583342075,
            9.923607431278339e-19,
            0.00017934861512630148,
            3.7326768229054806e-18,
            0.008996220153617724,
            5.357057881042023e-18,
            0.004183350541949626,
            6.186164766306928e-18,
            0.008449753163103304,
            7.622617129849264e-18,
            0.0048782905634132635
        ],
        "CrSe2"
    ],
    "steinhart_parameter_sum": 0.03847162887063099,
    "band_gap": 0.0,
    "oxidation_state": 4.0,
    "possible_species": [
        "Cr4+",
        "Se2-"
    ],
    "density": 5.481329172552774,
    "quadrupole moment": [
        [
            -24.79092795310337,
            -0.17771008442215397,
            0.43833209697211606
        ],
        [
            -0.17771008442215397,
            -24.661473620183454,
            0.3099356006754368
        ],
        [
            0.43833209697211606,
            0.3099356006754368,
            -25.293755237232794
        ]
    ],
    "quadrupole moment normalized": [
        [
            -0.018793154810911074,
            -0.00013478055518657958,
            0.0003322768445920394
        ],
        [
            -0.00013478055518657958,
            -0.018694974505262838,
            0.0002349616304432216
        ],
        [
            0.0003322768445920394,
            0.0002349616304432216,
            -0.01917423699647032
        ]
    ]
}