{
    "Material": "TiCrCuS4",
    "steinhart_vector": [
        [
            0.0255837817586982,
            0.00046635810337071124,
            0.0011269222962944968,
            0.001401104905751892,
            0.019340111442344012,
            0.0018011076753797596,
            0.009224152669082017,
            0.002983055939245187,
            0.01775421508952901,
            0.0030282047080988175,
            0.010668754026182913
        ],
        "TiCrCuS4"
    ],
    "steinhart_parameter_sum": 0.09337776861397702,
    "band_gap": 0.0,
    "oxidation_state": 4.0,
    "possible_species": [
        "Cr3+",
        "Ti4+",
        "S2-",
        "Cu+"
    ],
    "density": 3.9234373155940765,
    "quadrupole moment": [
        [
            -23.22548394143381,
            -0.2713954756765089,
            -0.5713531641645266
        ],
        [
            -0.2713954756765089,
            -25.84646097268009,
            0.46036991210415934
        ],
        [
            -0.5713531641645266,
            0.46036991210415934,
            -22.592965388824872
        ]
    ],
    "quadrupole moment normalized": [
        [
            -0.040783585410339745,
            -0.0004534982103493665,
            -0.0009372512159324838
        ],
        [
            -0.0004534982103493665,
            -0.04516873250203994,
            0.0007693956678136342
        ],
        [
            -0.0009372512159324838,
            0.0007693956678136342,
            -0.03974585610081289
        ]
    ]
}