{
    "Material": "CrFeP2",
    "steinhart_vector": [
        [
            0.02831669954639034,
            0.0035278339100783223,
            0.002700474788068968,
            0.0073453693337222885,
            0.017797910241351574,
            0.009240138065780277,
            0.008502074497396572,
            0.014032932764502785,
            0.010848409405595666,
            0.011487056162715536,
            0.008336252896389881
        ],
        "CrFeP2"
    ],
    "steinhart_parameter_sum": 0.12213515161199222,
    "band_gap": 0.0,
    "oxidation_state": 3.0,
    "possible_species": [
        "Fe3+",
        "P3-",
        "Cr3+"
    ],
    "density": 5.9099233931257045,
    "quadrupole moment": [
        [
            -28.241572129203,
            -4.197632218899905e-15,
            -3.68868456752347e-15
        ],
        [
            -4.197632218899905e-15,
            -33.067999833219915,
            2.261819351994302
        ],
        [
            -3.68868456752347e-15,
            2.261819351994302,
            -38.51984763971362
        ]
    ],
    "quadrupole moment normalized": [
        [
            -0.061648981240208685,
            -4.749528794039883e-18,
            -6.383714956721203e-18
        ],
        [
            -4.749528794039883e-18,
            -0.07194740335303267,
            0.0051822670738348505
        ],
        [
            -6.383714956721203e-18,
            0.0051822670738348505,
            -0.08294114495692913
        ]
    ]
}