{
    "Material": "Mg30CrSnO32",
    "steinhart_vector": [
        [
            0.057282007690206554,
            5.423291561014397e-18,
            0.0013790906040929576,
            1.1543603477446238e-17,
            0.0437589117491299,
            1.297483552534684e-17,
            0.020293292122278248,
            2.075456425876567e-17,
            0.04114370698832104,
            2.4798024035581566e-17,
            0.023600767417874348
        ],
        "Mg30CrSnO32"
    ],
    "steinhart_parameter_sum": 0.1874577765719031,
    "band_gap": 1.9386,
    "oxidation_state": 2.0,
    "possible_species": [
        "Sn2+",
        "Mg2+",
        "O2-",
        "Cr2+"
    ],
    "density": 3.6720907664230342,
    "quadrupole moment": [
        [
            -18.162667712821126,
            -3.785210495225399e-15,
            -1.1121426439241687e-15
        ],
        [
            -3.785210495225399e-15,
            -18.162667712821126,
            -1.1121426439241685e-15
        ],
        [
            -1.1121426439241687e-15,
            -1.1121426439241685e-15,
            -21.023613474046822
        ]
    ],
    "quadrupole moment normalized": [
        [
            -0.11011598249899099,
            -2.2948840954294797e-17,
            -6.742659275117766e-18
        ],
        [
            -2.2948840954294797e-17,
            -0.11011598249899099,
            -6.742659275117765e-18
        ],
        [
            -6.742659275117766e-18,
            -6.742659275117765e-18,
            -0.09513112493572787
        ]
    ]
}