{
    "Material": "SrCa7Mn7CrO20",
    "steinhart_vector": [
        [
            0.06302731269579136,
            0.006015196176542545,
            0.013883217565117864,
            0.019674313855620157,
            0.04633448647515578,
            0.013910911544954257,
            0.022945071895125478,
            0.025848781730811676,
            0.038229706309425474,
            0.0242045294290563,
            0.02113578815942366
        ],
        "SrCa7Mn7CrO20"
    ],
    "steinhart_parameter_sum": 0.2952093158370246,
    "band_gap": 0.0,
    "oxidation_state": 3.0,
    "possible_species": [
        "Ca2+",
        "Sr2+",
        "O2-",
        "Mn3+",
        "Cr3+"
    ],
    "density": 3.9379226473889224,
    "quadrupole moment": [
        [
            -15.210870145917312,
            -0.195154039553323,
            0.13426058057854684
        ],
        [
            -0.195154039553323,
            -15.215488929202165,
            0.13585877847952155
        ],
        [
            0.13426058057854684,
            0.13585877847952155,
            -9.12313445226176
        ]
    ],
    "quadrupole moment normalized": [
        [
            -0.13122838156067515,
            0.00023320604461195228,
            -0.005670228557504955
        ],
        [
            0.00023320604461195228,
            -0.13122286218642465,
            -0.005737725266811633
        ],
        [
            -0.005670228557504955,
            -0.005737725266811633,
            -0.055881621769514125
        ]
    ]
}