{
    "Material": "BaCrF7",
    "steinhart_vector": [
        [
            0.06059507328176374,
            0.0014430848313131493,
            0.0005474316775024948,
            0.0035462462779082392,
            0.045890486276341354,
            0.005461889391883879,
            0.021074219098976204,
            0.00757079239291193,
            0.042204295724340854,
            0.009309915266921992,
            0.023865071146709625
        ],
        "BaCrF7"
    ],
    "steinhart_parameter_sum": 0.22150850536657346,
    "band_gap": 0.0,
    "oxidation_state": 5.0,
    "possible_species": [
        "Ba2+",
        "Cr5+",
        "F-"
    ],
    "density": 3.896323425012187,
    "quadrupole moment": [
        [
            -6.692821907764778,
            -0.09844387091341972,
            0.057515254395283044
        ],
        [
            -0.09844387091341972,
            -6.79492814516404,
            -0.10650871562148923
        ],
        [
            0.057515254395283044,
            -0.10650871562148923,
            -6.6959915371663055
        ]
    ],
    "quadrupole moment normalized": [
        [
            -0.06770065993417064,
            0.00019585332957917576,
            -8.366134916085004e-05
        ],
        [
            0.00019585332957917576,
            -0.06466305751557264,
            0.0003943308435341141
        ],
        [
            -8.366134916085004e-05,
            0.0003943308435341141,
            -0.06594361929598688
        ]
    ]
}