{
    "Material": "AlCrF5",
    "steinhart_vector": [
        [
            0.052501971047351485,
            6.2640247288973705e-18,
            0.009607903272105034,
            1.5168075358237662e-17,
            0.03767182468116913,
            1.631608760439053e-17,
            0.024906939793049733,
            2.8149422222844745e-17,
            0.03351634843505585,
            3.5934223012709006e-17,
            0.027273369901366088
        ],
        "AlCrF5"
    ],
    "steinhart_parameter_sum": 0.18547835713009742,
    "band_gap": 2.4445,
    "oxidation_state": 2.0,
    "possible_species": [
        "F-",
        "Cr2+",
        "Al3+"
    ],
    "density": 3.473110743686645,
    "quadrupole moment": [
        [
            -7.342790386492479,
            1.2665195785588406,
            0.9251425952308505
        ],
        [
            1.2665195785588406,
            -11.942019737436992,
            -1.6939584473933582
        ],
        [
            0.9251425952308505,
            -1.6939584473933582,
            -7.888460127926022
        ]
    ],
    "quadrupole moment normalized": [
        [
            -0.040871509003162304,
            0.00026006350598170233,
            0.013556466081018868
        ],
        [
            0.00026006350598170233,
            -0.059693474044905104,
            -0.0003478325818135591
        ],
        [
            0.013556466081018868,
            -0.0003478325818135591,
            -0.04886741514041995
        ]
    ]
}