{
    "Material": "RbMg6CrO8",
    "steinhart_vector": [
        [
            0.05837722773958622,
            4.502451790532815e-18,
            0.0028333581204752377,
            7.69616189174196e-18,
            0.04462383950041999,
            9.255607657301446e-18,
            0.020808940825494802,
            1.2949137853669168e-17,
            0.04196531104262422,
            1.5578671006068684e-17,
            0.024156308086635946
        ],
        "RbMg6CrO8"
    ],
    "steinhart_parameter_sum": 0.19276498531523648,
    "band_gap": 0.0,
    "oxidation_state": 3.0,
    "possible_species": [
        "O2-",
        "Cr3+",
        "Rb+",
        "Mg2+"
    ],
    "density": 3.8070643818490275,
    "quadrupole moment": [
        [
            -15.237856501387192,
            0.0,
            -9.330496095145255e-16
        ],
        [
            0.0,
            -20.258521736354496,
            -1.2404766899941808e-15
        ],
        [
            -9.330496095145255e-16,
            -1.2404766899941808e-15,
            -20.258521736354496
        ]
    ],
    "quadrupole moment normalized": [
        [
            -0.13125205633862794,
            0.0,
            -8.036870533830439e-18
        ],
        [
            0.0,
            -0.0987238864724736,
            -6.0450945783950746e-18
        ],
        [
            -8.036870533830439e-18,
            -6.0450945783950746e-18,
            -0.0987238864724736
        ]
    ]
}