{
    "Material": "Mg2CrIn3S8",
    "steinhart_vector": [
        [
            0.025303597580918817,
            1.0502506579928795e-06,
            0.0007837562273674026,
            4.680699382391999e-06,
            0.01928621359250279,
            6.086054536811957e-06,
            0.009094706301749583,
            8.908323161335894e-06,
            0.018059076252571065,
            1.0939664368838741e-05,
            0.010671277558923616
        ],
        "Mg2CrIn3S8"
    ],
    "steinhart_parameter_sum": 0.08323029250614064,
    "band_gap": 1.1668000000000003,
    "oxidation_state": 3.0,
    "possible_species": [
        "S2-",
        "Cr3+",
        "In3+",
        "Mg2+"
    ],
    "density": 3.7802317065451323,
    "quadrupole moment": [
        [
            -23.645624296720325,
            0.0033922944841142666,
            -0.004146866170415819
        ],
        [
            0.0033922944841142666,
            -25.915445251191997,
            0.006166576327310658
        ],
        [
            -0.004146866170415819,
            0.006166576327310658,
            -23.65000322602709
        ]
    ],
    "quadrupole moment normalized": [
        [
            -0.03971173964548901,
            -5.012423850787352e-06,
            6.489564252907566e-06
        ],
        [
            -5.012423850787352e-06,
            -0.04351588159813183,
            -9.553055821591092e-06
        ],
        [
            6.489564252907566e-06,
            -9.553055821591092e-06,
            -0.03970461568191264
        ]
    ]
}