{
    "Material": "Na2CrHgF6",
    "steinhart_vector": [
        [
            0.05741236294045907,
            5.423291561014397e-18,
            5.599156240103642e-09,
            1.709956736633729e-17,
            0.04384941650015436,
            2.1984429035800188e-17,
            0.02029833557957416,
            3.357167785254831e-17,
            0.04122611444965332,
            3.6273835327121446e-17,
            0.023620902543514365
        ],
        "Na2CrHgF6"
    ],
    "steinhart_parameter_sum": 0.18640713761251165,
    "band_gap": 0.0,
    "oxidation_state": 3.0,
    "possible_species": [
        "F-",
        "Na+",
        "Hg+",
        "Cr3+"
    ],
    "density": 4.037880430797921,
    "quadrupole moment": [
        [
            -7.490902043891003,
            -8.787947680666264e-08,
            -6.526646458837604e-07
        ],
        [
            -8.787947680666264e-08,
            -7.490903604194527,
            1.54525850115661e-07
        ],
        [
            -6.526646458837604e-07,
            1.54525850115661e-07,
            -7.490901286621721
        ]
    ],
    "quadrupole moment normalized": [
        [
            -0.05933122475566041,
            3.0594547190815335e-09,
            -5.692146285568578e-10
        ],
        [
            3.0594547190815335e-09,
            -0.05933123976948659,
            -5.281718250260692e-09
        ],
        [
            -5.692146285568578e-10,
            -5.281718250260692e-09,
            -0.05933122406883115
        ]
    ]
}