{
    "Material": "Zn3CrSe4",
    "steinhart_vector": [
        [
            0.011798535733626195,
            1.553290255885231e-18,
            5.405006124758279e-05,
            0.008793833319015279,
            0.006007382392551798,
            0.00010658481306351115,
            0.007415339683199532,
            0.007219329789733187,
            0.0025144446756654774,
            0.006110804512215012,
            0.007668992642406895
        ],
        "Zn3CrSe4"
    ],
    "steinhart_parameter_sum": 0.05768929762272447,
    "band_gap": 0.0,
    "oxidation_state": 2.0,
    "possible_species": [
        "Se2-",
        "Zn2+",
        "Cr2+"
    ],
    "density": 4.892344047727683,
    "quadrupole moment": [
        [
            -16.495313124484614,
            -4.440892098500626e-15,
            -1.7763568394002505e-15
        ],
        [
            -4.440892098500626e-15,
            -16.495313124484618,
            0.0
        ],
        [
            -1.7763568394002505e-15,
            0.0,
            -16.723055584107176
        ]
    ],
    "quadrupole moment normalized": [
        [
            -0.012563474538328208,
            2.168404344971009e-18,
            -2.6020852139652106e-18
        ],
        [
            2.168404344971009e-18,
            -0.01256347453832821,
            -8.673617379884035e-19
        ],
        [
            -2.6020852139652106e-18,
            -8.673617379884035e-19,
            -0.012736932087825541
        ]
    ]
}