{
    "Material": "CrSiH8(O2F3)2",
    "steinhart_vector": [
        [
            0.05537303955432863,
            6.165427965498206e-18,
            0.004709993645811851,
            9.540042732778361e-18,
            0.04236072254221246,
            1.628124260273013e-17,
            0.020168641555726945,
            2.145331022771169e-17,
            0.0397933247355399,
            2.871934245553099e-17,
            0.023387912386213593
        ],
        "CrSiH8(O2F3)2"
    ],
    "steinhart_parameter_sum": 0.18579363441983343,
    "band_gap": 0.03200000000000003,
    "oxidation_state": 2.0,
    "possible_species": [
        "O2-",
        "Cr2+",
        "F-",
        "H+",
        "Si4+"
    ],
    "density": 2.2535059911704307,
    "quadrupole moment": [
        [
            -17.635155960226115,
            -0.7600514637826217,
            0.6210507644945296
        ],
        [
            -0.7600514637826217,
            -14.075880961513263,
            -2.634238162766835
        ],
        [
            0.6210507644945296,
            -2.634238162766835,
            -14.62668473614487
        ]
    ],
    "quadrupole moment normalized": [
        [
            -0.11550736792825927,
            -0.009710768408461839,
            0.00824326531189954
        ],
        [
            -0.009710768408461839,
            -0.07555314614745909,
            -0.035992738734834176
        ],
        [
            0.00824326531189954,
            -0.035992738734834176,
            -0.077437511078417
        ]
    ]
}