{
    "Material": "ZrCrAgS4",
    "steinhart_vector": [
        [
            0.025468128579624515,
            0.0008274310561425841,
            0.0015632475079612608,
            0.0014415254991363834,
            0.01909951217384835,
            0.0027285095593533233,
            0.009388832964955535,
            0.0031453964330978895,
            0.017211134024453546,
            0.00460662261510605,
            0.010907428240574231
        ],
        "ZrCrAgS4"
    ],
    "steinhart_parameter_sum": 0.09638776865425369,
    "band_gap": 0.7057000000000002,
    "oxidation_state": 3.0,
    "possible_species": [
        "Cr3+",
        "S2-",
        "Zr4+",
        "Ag+"
    ],
    "density": 4.396881302111782,
    "quadrupole moment": [
        [
            -23.58403430400369,
            0.0,
            1.480712882187185
        ],
        [
            0.0,
            -26.409135696961997,
            -1.7763568394002505e-15
        ],
        [
            1.480712882187185,
            -1.7763568394002505e-15,
            -22.283571205774102
        ]
    ],
    "quadrupole moment normalized": [
        [
            -0.04050716267696507,
            3.469446951953614e-18,
            0.002347314602850325
        ],
        [
            3.469446951953614e-18,
            -0.04564200606614,
            -8.673617379884035e-19
        ],
        [
            0.002347314602850325,
            -8.673617379884035e-19,
            -0.03839182500948692
        ]
    ]
}