{
    "Material": "Dy2CrFeO6",
    "steinhart_vector": [
        [
            0.06162624376752439,
            2.898871275699757e-18,
            0.001967059690424204,
            5.215235509500764e-18,
            0.0469660716012105,
            1.8469643692698164e-17,
            0.022169116447965095,
            2.6003807144857466e-17,
            0.04396895933671761,
            2.806684623372783e-17,
            0.026020493645425503
        ],
        "Dy2CrFeO6"
    ],
    "steinhart_parameter_sum": 0.2027179444892674,
    "band_gap": 2.2241999999999997,
    "oxidation_state": 3.0,
    "possible_species": [
        "O2-",
        "Dy3+",
        "Cr3+",
        "Fe3+"
    ],
    "density": 7.64699003914235,
    "quadrupole moment": [
        [
            -16.76571610415552,
            0.14712915366164525,
            -0.8570534534400136
        ],
        [
            0.14712915366164525,
            -16.420899627680537,
            0.07976069020696641
        ],
        [
            -0.8570534534400136,
            0.07976069020696641,
            -16.18651891514257
        ]
    ],
    "quadrupole moment normalized": [
        [
            -0.12258479231444941,
            0.0031642257209813125,
            -0.005873904280142333
        ],
        [
            0.0031642257209813125,
            -0.12179808055601117,
            0.00047303913770030664
        ],
        [
            -0.005873904280142333,
            0.00047303913770030664,
            -0.12021115684367953
        ]
    ]
}