{
    "Material": "TiCrTc2",
    "steinhart_vector": [
        [
            0.010897218625507426,
            1.3313916479016266e-18,
            0.010897218625507424,
            2.6611111015440524e-18,
            0.010897218625507426,
            3.113776677335198e-18,
            0.010897218625507426,
            4.9145197794532046e-18,
            0.010897218625507426,
            4.986797415962534e-18,
            0.010897218625507427
        ],
        "TiCrTc2"
    ],
    "steinhart_parameter_sum": 0.06538331175304456,
    "band_gap": 0.0045999999999999375,
    "oxidation_state": 4.0,
    "possible_species": [
        "Ti4+",
        "Tc3-",
        "Cr2+"
    ],
    "density": 0.6492356486218054,
    "quadrupole moment": [
        [
            -2.041560785058882,
            6.307040372028136,
            3.441199461406229
        ],
        [
            6.307040372028136,
            -19.484483903449153,
            -10.630976109126522
        ],
        [
            3.441199461406229,
            -10.630976109126522,
            -5.8003924349678275
        ]
    ],
    "quadrupole moment normalized": [
        [
            -0.002288918545113622,
            0.0070712083509672,
            0.0038581389896850658
        ],
        [
            0.0070712083509672,
            -0.021845245497937173,
            -0.011919036918676774
        ],
        [
            0.0038581389896850658,
            -0.011919036918676774,
            -0.006503174390152532
        ]
    ]
}