{
    "Material": "CrN",
    "steinhart_vector": [
        [
            0.06542201191483751,
            8.373549123787796e-18,
            9.7416825813056e-18,
            1.2839476078466185e-17,
            0.033311257968449526,
            2.7149924392860294e-17,
            0.04112030956786551,
            3.456963819159197e-17,
            0.01391929058916079,
            3.377669105061603e-17,
            0.04253436099850095
        ],
        "CrN"
    ],
    "steinhart_parameter_sum": 0.1963072310388144,
    "band_gap": 0.0,
    "oxidation_state": 3.0,
    "possible_species": [
        "N3-",
        "Cr3+"
    ],
    "density": 6.83705635704891,
    "quadrupole moment": [
        [
            -38.145746240934,
            -3.552713678800501e-15,
            -3.552713678800501e-15
        ],
        [
            -3.552713678800501e-15,
            -38.145746240933995,
            -1.7763568394002505e-15
        ],
        [
            -3.552713678800501e-15,
            -1.7763568394002505e-15,
            -38.145746240934
        ]
    ],
    "quadrupole moment normalized": [
        [
            -0.239682220007168,
            4.163336342344337e-17,
            -2.0816681711721685e-17
        ],
        [
            4.163336342344337e-17,
            -0.23968222000716793,
            0.0
        ],
        [
            -2.0816681711721685e-17,
            0.0,
            -0.23968222000716796
        ]
    ]
}