{
    "Material": "VCrB4",
    "steinhart_vector": [
        [
            0.08728064548500512,
            3.9250902623134775e-18,
            0.012644196744689177,
            5.8240971798793766e-18,
            0.037405304493094704,
            1.3074158672235373e-17,
            0.010965909045247,
            2.5044535507209924e-17,
            0.04849907574346464,
            3.384609790792975e-17,
            0.039828929940426853
        ],
        "VCrB4"
    ],
    "steinhart_parameter_sum": 0.23662406145192755,
    "band_gap": 0.0,
    "oxidation_state": 5.0,
    "possible_species": [
        "Cr3+",
        "V5+",
        "B2-"
    ],
    "density": 5.25908721384691,
    "quadrupole moment": [
        [
            -35.92089030853523,
            -7.147091043435694e-07,
            -1.7763568394002505e-15
        ],
        [
            -7.147091043435694e-07,
            -35.920891133810166,
            -2.6645352591003757e-15
        ],
        [
            -1.7763568394002505e-15,
            -2.6645352591003757e-15,
            -54.17701693786589
        ]
    ],
    "quadrupole moment normalized": [
        [
            -0.26057269562367424,
            -2.2289015008669644e-09,
            0.0
        ],
        [
            -2.2289015008669644e-09,
            -0.26057269819738776,
            6.938893903907228e-18
        ],
        [
            0.0,
            6.938893903907228e-18,
            -0.39300393533243555
        ]
    ]
}