{
    "Material": "CaCrBi12(Mo2O17)2",
    "steinhart_vector": [
        [
            0.07475156904959791,
            0.0003270135840284525,
            0.0012892630635410042,
            0.05569302070345137,
            0.038052037572250515,
            0.0024945593873126983,
            0.04693964266835165,
            0.04567847070867921,
            0.016264013889065836,
            0.038708255967635406,
            0.04844364114326801
        ],
        "CaCrBi12(Mo2O17)2"
    ],
    "steinhart_parameter_sum": 0.3686414877371821,
    "band_gap": 2.5855,
    "oxidation_state": 6.0,
    "possible_species": [
        "Cr6+",
        "O2-",
        "Bi3+",
        "Ca2+",
        "Mo6+"
    ],
    "density": 6.848253762190251,
    "quadrupole moment": [
        [
            -7.629814155617117,
            -4.440892098500626e-16,
            7.105427357601002e-15
        ],
        [
            -4.440892098500626e-16,
            -7.45352087087668,
            -0.17298376021474166
        ],
        [
            7.105427357601002e-15,
            -0.17298376021474166,
            -7.290271444019924
        ]
    ],
    "quadrupole moment normalized": [
        [
            -0.1219633212674359,
            0.0,
            -1.7433970933566911e-16
        ],
        [
            0.0,
            -0.11581503966548856,
            -0.00223146850378801
        ],
        [
            -1.7433970933566911e-16,
            -0.00223146850378801,
            -0.11985893448896022
        ]
    ]
}