{
    "Material": "Sr2CrSbO6",
    "steinhart_vector": [
        [
            0.061461109500393935,
            3.814862206472255e-06,
            0.0010281108816243805,
            2.8954143200421814e-05,
            0.04691357832710988,
            2.9022645600854275e-05,
            0.02183562693466008,
            5.0467421530007985e-05,
            0.04405507054294697,
            5.338731346017184e-05,
            0.025473234343751348
        ],
        "Sr2CrSbO6"
    ],
    "steinhart_parameter_sum": 0.20093237691648452,
    "band_gap": 1.7026999999999997,
    "oxidation_state": 3.0,
    "possible_species": [
        "Cr3+",
        "Sb5+",
        "O2-",
        "Sr2+"
    ],
    "density": 5.782504039660558,
    "quadrupole moment": [
        [
            -16.30151750838208,
            -0.12498052744811394,
            0.34836165868075275
        ],
        [
            -0.12498052744811394,
            -16.627705429194265,
            0.21842754130276765
        ],
        [
            0.34836165868075275,
            0.21842754130276765,
            -16.707281397845474
        ]
    ],
    "quadrupole moment normalized": [
        [
            -0.1189694591679071,
            -0.0007530000712205366,
            0.0026937015878367616
        ],
        [
            -0.0007530000712205366,
            -0.12159252156131758,
            0.001291805889177492
        ],
        [
            0.0026937015878367616,
            0.001291805889177492,
            -0.12207514276345577
        ]
    ]
}