{
    "Material": "Cr(Te2Rh)2",
    "steinhart_vector": [
        [
            0.007135486239821833,
            7.92336513654099e-19,
            0.001523396966192355,
            2.6669901025736118e-18,
            0.0035142178396144106,
            3.170876666123956e-18,
            0.0037568265247259923,
            3.5356115667784335e-18,
            0.004057417743157536,
            6.378134476188989e-18,
            0.002288104013070089
        ],
        "Cr(Te2Rh)2"
    ],
    "steinhart_parameter_sum": 0.022275449326582233,
    "band_gap": 0.0,
    "oxidation_state": 2.0,
    "possible_species": [
        "Cr2+",
        "Rh+",
        "Te-"
    ],
    "density": 7.87303396440328,
    "quadrupole moment": [
        [
            0.7381089412040902,
            6.453132682002897,
            -0.47046510079564746
        ],
        [
            6.453132682002897,
            -14.462849013996216,
            -0.17278374249457557
        ],
        [
            -0.47046510079564746,
            -0.17278374249457557,
            -16.88111467121146
        ]
    ],
    "quadrupole moment normalized": [
        [
            0.0006180418103244496,
            0.0022084965298056762,
            -0.00020711093607701195
        ],
        [
            0.0022084965298056762,
            -0.004584278449943647,
            -7.606388356207632e-05
        ],
        [
            -0.00020711093607701195,
            -7.606388356207632e-05,
            -0.005334000448350598
        ]
    ]
}