{
    "Material": "V2CrO6",
    "steinhart_vector": [
        [
            0.07152570525952415,
            0.0009896429569633497,
            0.001864026521355143,
            0.05326148623682905,
            0.03641360822064132,
            0.0035825533187432168,
            0.044854302270353044,
            0.04364662108317674,
            0.015996298700515107,
            0.03700621438168404,
            0.04618533665367881
        ],
        "V2CrO6"
    ],
    "steinhart_parameter_sum": 0.355325795603464,
    "band_gap": 1.3129,
    "oxidation_state": 5.0,
    "possible_species": [
        "O2-",
        "Cr3+",
        "V5+",
        "V4+"
    ],
    "density": 3.3666005988192125,
    "quadrupole moment": [
        [
            -8.168755314237545,
            -0.034245043784046136,
            0.13024599336766063
        ],
        [
            -0.034245043784046136,
            -7.94484474647016,
            0.3325877748646988
        ],
        [
            0.13024599336766063,
            0.3325877748646988,
            -8.347101511071513
        ]
    ],
    "quadrupole moment normalized": [
        [
            -0.11001604664237079,
            0.0030981488411625097,
            0.0016227672002900664
        ],
        [
            0.0030981488411625097,
            -0.10442036589200437,
            -0.0028136350744048313
        ],
        [
            0.0016227672002900664,
            -0.0028136350744048313,
            -0.11310326437853632
        ]
    ]
}