{
    "Material": "CrTe",
    "steinhart_vector": [
        [
            0.00672295211436069,
            1.4793240532240294e-19,
            6.090433001263502e-19,
            1.0811967589139614e-18,
            0.005134739492936879,
            1.5529600145174323e-18,
            0.0023769225148284404,
            2.0936649434297942e-18,
            0.004827552448827535,
            2.7571819456699128e-18,
            0.0027659930468752736
        ],
        "CrTe"
    ],
    "steinhart_parameter_sum": 0.021828159617828826,
    "band_gap": 0.0,
    "oxidation_state": 2.0,
    "possible_species": [
        "Te2-",
        "Cr2+"
    ],
    "density": 6.37097775568267,
    "quadrupole moment": [
        [
            -32.72904010222111,
            0.0,
            -3.552713678800501e-15
        ],
        [
            0.0,
            -32.729040102221106,
            -3.552713678800501e-15
        ],
        [
            -3.552713678800501e-15,
            -3.552713678800501e-15,
            -32.72904010222111
        ]
    ],
    "quadrupole moment normalized": [
        [
            -0.009401201707453274,
            0.0,
            -1.3010426069826053e-18
        ],
        [
            0.0,
            -0.009401201707453273,
            -8.673617379884035e-19
        ],
        [
            -1.3010426069826053e-18,
            -8.673617379884035e-19,
            -0.009401201707453274
        ]
    ]
}