{
    "Material": "LaCrO3",
    "steinhart_vector": [
        [
            0.06287856996445097,
            2.366918485158447e-18,
            0.0009990269016973206,
            1.0036379317711275e-17,
            0.04799834116742885,
            1.396247109343755e-17,
            0.0223287377411294,
            3.1032608255457885e-17,
            0.045078891106388325,
            2.3537131089915225e-17,
            0.02604243584824471
        ],
        "LaCrO3"
    ],
    "steinhart_parameter_sum": 0.20532600272933965,
    "band_gap": 1.913800000000001,
    "oxidation_state": 3.0,
    "possible_species": [
        "La3+",
        "Cr3+",
        "O2-"
    ],
    "density": 6.706217884389386,
    "quadrupole moment": [
        [
            -15.42974187006657,
            -0.12857164146935496,
            -0.08178633268150037
        ],
        [
            -0.12857164146935496,
            -16.11940635762437,
            0.20952567094089847
        ],
        [
            -0.08178633268150037,
            0.20952567094089847,
            -15.87462787652925
        ]
    ],
    "quadrupole moment normalized": [
        [
            -0.12342881285252041,
            -0.0008168578154221021,
            -0.0007021836185108245
        ],
        [
            -0.0008168578154221021,
            -0.12906067069797583,
            0.0016783797149715531
        ],
        [
            -0.0007021836185108245,
            0.0016783797149715531,
            -0.1270671642879121
        ]
    ]
}