{
    "Material": "Ba2UCrTe7",
    "steinhart_vector": [
        [
            0.006847585734218075,
            6.977957603156496e-19,
            0.00030533282605547414,
            2.0629240792124627e-18,
            0.005208081636407988,
            2.2408801249579628e-18,
            0.0025021182989983974,
            3.7261002261366595e-18,
            0.004856438614246182,
            3.979094978029843e-18,
            0.00295746211949516
        ],
        "Ba2UCrTe7"
    ],
    "steinhart_parameter_sum": 0.022677019229421287,
    "band_gap": 0.0,
    "oxidation_state": 2.0,
    "possible_species": [
        "Ba2+",
        "Cr2+",
        "U4+",
        "Te-",
        "Te2-"
    ],
    "density": 6.523409462975633,
    "quadrupole moment": [
        [
            -14.4421408633335,
            -0.2785021714651519,
            -0.3281967157712984
        ],
        [
            -0.2785021714651519,
            -16.426851802824437,
            0.10713351745154887
        ],
        [
            -0.3281967157712984,
            0.10713351745154887,
            -16.462655521157103
        ]
    ],
    "quadrupole moment normalized": [
        [
            -0.00446636198334022,
            6.675778364182501e-06,
            1.518187415490359e-05
        ],
        [
            6.675778364182501e-06,
            -0.00504648403601927,
            0.00014602412275743543
        ],
        [
            1.518187415490359e-05,
            0.00014602412275743543,
            -0.005117571168570914
        ]
    ]
}