{
    "Material": "CrPO5",
    "steinhart_vector": [
        [
            0.06565877966748823,
            0.0022117369658794703,
            0.0041460379193559655,
            0.010841500867692519,
            0.04737779776351322,
            0.012982535442072864,
            0.022745401640124483,
            0.01899830980834607,
            0.03891217490213763,
            0.020790165628941062,
            0.02498854878563034
        ],
        "CrPO5"
    ],
    "steinhart_parameter_sum": 0.2696529893911819,
    "band_gap": 0.5163,
    "oxidation_state": 5.0,
    "possible_species": [
        "Cr5+",
        "P5+",
        "O2-"
    ],
    "density": 3.2693147205897275,
    "quadrupole moment": [
        [
            -14.423523120913192,
            1.0483872368574672,
            -0.22486160500963104
        ],
        [
            1.0483872368574672,
            -14.628782360001463,
            0.8649304202312693
        ],
        [
            -0.22486160500963104,
            0.8649304202312693,
            -15.299921990189162
        ]
    ],
    "quadrupole moment normalized": [
        [
            -0.1349797642291121,
            0.008445760040791362,
            -0.006201807359506865
        ],
        [
            0.008445760040791362,
            -0.1267822280314416,
            0.0038642732871420945
        ],
        [
            -0.006201807359506865,
            0.0038642732871420945,
            -0.155060880376306
        ]
    ]
}