{
    "Material": "Zn3CrH80S8(NO7)8",
    "steinhart_vector": [
        [
            0.058726666511115,
            1.761576200454039e-17,
            0.0008204802328732911,
            3.147643635598009e-17,
            0.044843741547285425,
            4.9497604849782114e-17,
            0.020809838224986832,
            6.744005374876269e-17,
            0.042141328803041805,
            8.76153675346866e-17,
            0.024238803661844183
        ],
        "Zn3CrH80S8(NO7)8"
    ],
    "steinhart_parameter_sum": 0.1915808589811468,
    "band_gap": 2.8637,
    "oxidation_state": 2.0,
    "possible_species": [
        "Zn2+",
        "N3-",
        "O2-",
        "H+",
        "Cr2+",
        "S6+"
    ],
    "density": 1.8603189774526925,
    "quadrupole moment": [
        [
            -18.28426378224732,
            -0.03355664989954521,
            -0.5630582031882865
        ],
        [
            -0.03355664989954521,
            -18.06902366258925,
            -0.3220859747314906
        ],
        [
            -0.5630582031882865,
            -0.3220859747314906,
            -18.04014603214563
        ]
    ],
    "quadrupole moment normalized": [
        [
            -0.10627413995701605,
            0.0006381748297565014,
            0.0004823392335740126
        ],
        [
            0.0006381748297565014,
            -0.11223466563110063,
            0.0016839190422197683
        ],
        [
            0.0004823392335740126,
            0.0016839190422197683,
            -0.11263278230454908
        ]
    ]
}