{
    "Material": "LaZnCrWO6",
    "steinhart_vector": [
        [
            0.06105344808620059,
            0.019836479693177388,
            0.024160196979363013,
            0.0452821771619454,
            0.03328771758780849,
            0.03066011451220022,
            0.03941896518490289,
            0.03218524345919832,
            0.035165814163561245,
            0.039869968468871246,
            0.029016406529815034
        ],
        "LaZnCrWO6"
    ],
    "steinhart_parameter_sum": 0.3899365318270438,
    "band_gap": 1.8891,
    "oxidation_state": 2.0,
    "possible_species": [
        "Cr3+",
        "O2-",
        "W4+",
        "La3+",
        "Zn2+"
    ],
    "density": 7.278858411638762,
    "quadrupole moment": [
        [
            -3.9383005464603027,
            -3.158598862522607,
            -2.232552802631589
        ],
        [
            -3.158598862522607,
            -11.154234387082887,
            -1.5467475875641927
        ],
        [
            -2.232552802631589,
            -1.5467475875641927,
            -10.06341179877936
        ]
    ],
    "quadrupole moment normalized": [
        [
            -0.027376133885357423,
            -0.021762440706285854,
            -0.015678599733487564
        ],
        [
            -0.021762440706285854,
            -0.08001932396257541,
            -0.012779868895328953
        ],
        [
            -0.015678599733487564,
            -0.012779868895328953,
            -0.07153808865628361
        ]
    ]
}