{
    "Material": "Ho4CrSe7",
    "steinhart_vector": [
        [
            0.010972468071430451,
            0.00016862987781769833,
            0.00045769149810126394,
            0.0004296694201505873,
            0.008322181323669353,
            0.0006573035650840328,
            0.003958338788521437,
            0.0008895830246061469,
            0.007700274039875768,
            0.0011315499292154489,
            0.004613748059034988
        ],
        "Ho4CrSe7"
    ],
    "steinhart_parameter_sum": 0.03930143759750718,
    "band_gap": 0.0,
    "oxidation_state": 2.0,
    "possible_species": [
        "Ho3+",
        "Cr2+",
        "Se2-"
    ],
    "density": 7.078008940031886,
    "quadrupole moment": [
        [
            -28.275937744204565,
            1.0058042568039918,
            -0.02956746084051254
        ],
        [
            1.0058042568039918,
            -31.139271229920205,
            -0.009348009715787864
        ],
        [
            -0.02956746084051254,
            -0.009348009715787864,
            -26.91580356824343
        ]
    ],
    "quadrupole moment normalized": [
        [
            -0.016344941311385253,
            0.00023080545565002698,
            0.0010924149164840374
        ],
        [
            0.00023080545565002698,
            -0.01700200056061585,
            0.0003453764700340255
        ],
        [
            0.0010924149164840374,
            0.0003453764700340255,
            -0.015795443366901554
        ]
    ]
}