{
    "Material": "Na3Mg4CrSi8(O11F)2",
    "steinhart_vector": [
        [
            0.06114972656567786,
            0.0029268133227285703,
            0.0006679788129222513,
            0.008601489397790868,
            0.04466132258405907,
            0.011957725246543587,
            0.019822971897096028,
            0.01722067545198937,
            0.037334037488060356,
            0.019372793994536324,
            0.02029681585340985
        ],
        "Na3Mg4CrSi8(O11F)2"
    ],
    "steinhart_parameter_sum": 0.2440123506148141,
    "band_gap": 3.4494999999999996,
    "oxidation_state": 3.0,
    "possible_species": [
        "O2-",
        "Mg2+",
        "F-",
        "Na+",
        "Si4+",
        "Cr3+"
    ],
    "density": 2.985116545100285,
    "quadrupole moment": [
        [
            -16.50636099163265,
            -0.01003601720505326,
            0.13224308354214775
        ],
        [
            -0.01003601720505326,
            -16.52178104964382,
            0.6041236098818495
        ],
        [
            0.13224308354214775,
            0.6041236098818495,
            -17.31575470093896
        ]
    ],
    "quadrupole moment normalized": [
        [
            -0.11970488269033594,
            -0.001677952205267778,
            -0.0008616787356243265
        ],
        [
            -0.001677952205267778,
            -0.11950270828310677,
            0.00046637031739650645
        ],
        [
            -0.0008616787356243265,
            0.00046637031739650645,
            -0.12023302091843474
        ]
    ]
}