{
    "Material": "TbCrO4",
    "steinhart_vector": [
        [
            0.07185215935990003,
            1.027572316569111e-11,
            0.008822233137870417,
            0.052228794465553674,
            0.036394854441139476,
            0.01696671354508377,
            0.04219934302988525,
            0.041594817702310195,
            0.027995361589858568,
            0.03449397246267285,
            0.040405299564138804
        ],
        "TbCrO4"
    ],
    "steinhart_parameter_sum": 0.37295354930868874,
    "band_gap": 0.6953,
    "oxidation_state": 5.0,
    "possible_species": [
        "O2-",
        "Tb3+",
        "Cr5+"
    ],
    "density": 6.216692288492068,
    "quadrupole moment": [
        [
            -8.707168673163334,
            0.4195340816187476,
            0.8672000991910744
        ],
        [
            0.4195340816187476,
            -8.565010010513092,
            1.0264832773649393
        ],
        [
            0.8672000991910744,
            1.0264832773649393,
            -6.9398045292987875
        ]
    ],
    "quadrupole moment normalized": [
        [
            -0.11882456043332937,
            0.005725277011964028,
            0.011834463570506597
        ],
        [
            0.005725277011964028,
            -0.11688455660769832,
            0.014008161395554684
        ],
        [
            0.011834463570506597,
            0.014008161395554684,
            -0.09470578245852249
        ]
    ]
}