{
    "Material": "Al9Cr(BO9)2",
    "steinhart_vector": [
        [
            0.06240753510407335,
            0.0016154357679736013,
            0.007296973183796625,
            0.006477015917345813,
            0.0451687363637491,
            0.008936182306466572,
            0.02552551030454029,
            0.012969626043189878,
            0.03761827553758273,
            0.01495387485687716,
            0.029528452205905765
        ],
        "Al9Cr(BO9)2"
    ],
    "steinhart_parameter_sum": 0.2524976175915009,
    "band_gap": 3.9465999999999997,
    "oxidation_state": 3.0,
    "possible_species": [
        "O2-",
        "Cr3+",
        "B3+",
        "Al3+"
    ],
    "density": 2.923707147273764,
    "quadrupole moment": [
        [
            -18.347404656351497,
            1.9107324726888566,
            0.8983600388530997
        ],
        [
            1.9107324726888566,
            -15.744830153661594,
            1.128767180456348
        ],
        [
            0.8983600388530997,
            1.128767180456348,
            -14.067494359895655
        ]
    ],
    "quadrupole moment normalized": [
        [
            -0.14783199123878443,
            0.012528549436480546,
            0.005674952121847728
        ],
        [
            0.012528549436480546,
            -0.11829305827738612,
            0.005584581180002726
        ],
        [
            0.005674952121847728,
            0.005584581180002726,
            -0.10781130324904649
        ]
    ]
}