{
    "Material": "Sr3LaMnCrO8",
    "steinhart_vector": [
        [
            0.06480459356087692,
            0.0007766139031776428,
            0.0012992141211023028,
            0.002345810859728007,
            0.04934193456580001,
            0.0033336740445445157,
            0.022870568844607975,
            0.004768246885651296,
            0.046020157262412105,
            0.005808160416603948,
            0.026410072590081723
        ],
        "Sr3LaMnCrO8"
    ],
    "steinhart_parameter_sum": 0.22777904705458646,
    "band_gap": 1.2211000000000007,
    "oxidation_state": 4.0,
    "possible_species": [
        "Sr2+",
        "La3+",
        "Mn4+",
        "O2-",
        "Cr3+"
    ],
    "density": 5.589249946186813,
    "quadrupole moment": [
        [
            -14.793977498826166,
            -0.00040567204509745104,
            0.00017944043259519226
        ],
        [
            -0.00040567204509745104,
            -15.851819821210846,
            -6.959901901944167e-05
        ],
        [
            0.00017944043259519226,
            -6.959901901944167e-05,
            -14.085027224152753
        ]
    ],
    "quadrupole moment normalized": [
        [
            -0.14167868316066332,
            -2.8759065806734763e-06,
            -1.4939875841095142e-06
        ],
        [
            -2.8759065806734763e-06,
            -0.12683822599849956,
            -1.6878302549887496e-06
        ],
        [
            -1.4939875841095142e-06,
            -1.6878302549887496e-06,
            -0.13488922013336616
        ]
    ]
}