{
    "Material": "Sr2CrSnO6",
    "steinhart_vector": [
        [
            0.06412320972416007,
            4.427282582562994e-18,
            7.671109981716108e-18,
            1.231715535922419e-17,
            0.04897491039408199,
            1.4834283498726454e-17,
            0.022670978213700375,
            1.1700264833193648e-17,
            0.046044974419691756,
            2.7729745466364157e-17,
            0.02638191515026401
        ],
        "Sr2CrSnO6"
    ],
    "steinhart_parameter_sum": 0.20819598790189825,
    "band_gap": 0.0,
    "oxidation_state": 4.0,
    "possible_species": [
        "Sr2+",
        "Sn4+",
        "Cr4+",
        "O2-"
    ],
    "density": 5.727833575075427,
    "quadrupole moment": [
        [
            -15.200207310156646,
            -1.3322676295501878e-15,
            -1.4136742492666179e-15
        ],
        [
            -1.3322676295501878e-15,
            -15.200207310156646,
            -9.996186480452272e-16
        ],
        [
            -1.4136742492666179e-15,
            -9.996186480452272e-16,
            -15.200207310156644
        ]
    ],
    "quadrupole moment normalized": [
        [
            -0.13157715281051577,
            2.0816681711721685e-17,
            -8.767704089779643e-18
        ],
        [
            2.0816681711721685e-17,
            -0.1315771528105158,
            -1.559186638792084e-17
        ],
        [
            -8.767704089779643e-18,
            -1.559186638792084e-17,
            -0.1315771528105158
        ]
    ]
}