{
    "Material": "SrEuZrCrO6",
    "steinhart_vector": [
        [
            0.06402755117382004,
            4.2670229815411656e-18,
            1.1059963249711956e-17,
            1.2068315937772779e-17,
            0.048901849969448165,
            1.6902925171793495e-17,
            0.022637157808888423,
            1.3959834856778234e-17,
            0.04597628485280359,
            2.388209060082891e-17,
            0.026342558795999706
        ],
        "SrEuZrCrO6"
    ],
    "steinhart_parameter_sum": 0.20788540260096,
    "band_gap": 0.0,
    "oxidation_state": 4.0,
    "possible_species": [
        "Eu2+",
        "Cr4+",
        "Zr4+",
        "O2-",
        "Sr2+"
    ],
    "density": 6.0604556973926345,
    "quadrupole moment": [
        [
            -15.24566011744067,
            -2.220446049250313e-16,
            -8.881784197001252e-16
        ],
        [
            -2.220446049250313e-16,
            -15.245660117440671,
            -8.881784197001252e-16
        ],
        [
            -8.881784197001252e-16,
            -8.881784197001252e-16,
            -15.245660117440668
        ]
    ],
    "quadrupole moment normalized": [
        [
            -0.1311848738981166,
            5.204170427930421e-18,
            -1.0408340855860843e-17
        ],
        [
            5.204170427930421e-18,
            -0.13118487389811664,
            0.0
        ],
        [
            -1.0408340855860843e-17,
            0.0,
            -0.13118487389811662
        ]
    ]
}