{
    "Material": "MgCrCoS4",
    "steinhart_vector": [
        [
            0.02598089004260198,
            7.412036332501913e-07,
            0.003958999098036112,
            1.8152093477961745e-06,
            0.018862304133445897,
            3.2599490981717308e-06,
            0.012149345453208466,
            3.3418630103906605e-06,
            0.016107901062705748,
            5.834745478632146e-06,
            0.015028938010755805
        ],
        "MgCrCoS4"
    ],
    "steinhart_parameter_sum": 0.09210337077132225,
    "band_gap": 0.5492999999999997,
    "oxidation_state": 3.0,
    "possible_species": [
        "Co3+",
        "S2-",
        "Mg2+",
        "Cr3+"
    ],
    "density": 3.467976622168542,
    "quadrupole moment": [
        [
            -22.82305917218247,
            -1.4431084337913314,
            3.762193892676037
        ],
        [
            -1.4431084337913314,
            -19.455137890787363,
            2.5034206500780902
        ],
        [
            3.762193892676037,
            2.5034206500780902,
            -27.16695438370421
        ]
    ],
    "quadrupole moment normalized": [
        [
            -0.04272187232182759,
            -0.00291147826755982,
            0.006754425258988451
        ],
        [
            -0.00291147826755982,
            -0.036358604128126894,
            0.00505135296830818
        ],
        [
            0.006754425258988451,
            0.00505135296830818,
            -0.05052166299496059
        ]
    ]
}