{
    "Material": "CrF5",
    "steinhart_vector": [
        [
            0.05901743416015293,
            3.659645595575709e-18,
            0.007278722612667669,
            1.1795265558807232e-17,
            0.04377270896660178,
            1.6441564752082866e-17,
            0.025028673563838307,
            2.2100628240948004e-17,
            0.039341837394652204,
            3.174906883661439e-17,
            0.029763052124296856
        ],
        "CrF5"
    ],
    "steinhart_parameter_sum": 0.20420242882220982,
    "band_gap": 0.0,
    "oxidation_state": 5.0,
    "possible_species": [
        "F-",
        "Cr5+"
    ],
    "density": 2.563751383619818,
    "quadrupole moment": [
        [
            -6.235950713396128,
            0.6169226169911188,
            0.3313062165123414
        ],
        [
            0.6169226169911188,
            -8.825587940036428,
            -0.7087340052559479
        ],
        [
            0.3313062165123414,
            -0.7087340052559479,
            -6.328174559107373
        ]
    ],
    "quadrupole moment normalized": [
        [
            -0.056892363929821076,
            9.70729987212586e-05,
            0.012217296039815799
        ],
        [
            9.70729987212586e-05,
            -0.07127544805772021,
            -0.00011151955966907066
        ],
        [
            0.012217296039815799,
            -0.00011151955966907066,
            -0.06029322384360136
        ]
    ]
}