{
    "Material": "CrPt",
    "steinhart_vector": [
        [
            0.010091317091989934,
            5.384820834663398e-19,
            0.0026768619910753173,
            8.958115524889853e-19,
            0.002554301998345355,
            1.4454410972259514e-18,
            0.006302527207848012,
            1.9653482586016297e-18,
            0.004500405194046962,
            2.022927425041608e-18,
            0.002385978984376507
        ],
        "CrPt"
    ],
    "steinhart_parameter_sum": 0.02851139246768209,
    "band_gap": 0.0,
    "oxidation_state": 2.0,
    "possible_species": [
        "Pt2-",
        "Cr2+"
    ],
    "density": 14.856271843176797,
    "quadrupole moment": [
        [
            22.145874390070354,
            -4.378478045068508,
            -23.350401081998843
        ],
        [
            -4.378478045068508,
            26.598847539041515,
            -14.322137988308164
        ],
        [
            -23.350401081998843,
            -14.322137988308164,
            -47.09528885607331
        ]
    ],
    "quadrupole moment normalized": [
        [
            0.02681263001529898,
            -0.0022679233181604093,
            -0.012094803947160872
        ],
        [
            -0.0022679233181604093,
            0.029119139614237906,
            -0.007418435788938662
        ],
        [
            -0.012094803947160872,
            -0.007418435788938662,
            -0.00905223008115757
        ]
    ]
}