{
    "Material": "Er3BeCrS7",
    "steinhart_vector": [
        [
            0.025776625328347184,
            0.00010903779059812132,
            0.0016564113812416116,
            0.0006205244970528887,
            0.019495227007811426,
            0.0006275371733088449,
            0.009723791471716304,
            0.0012520264853784408,
            0.017968551774594603,
            0.0010800426862110932,
            0.011618773842711183
        ],
        "Er3BeCrS7"
    ],
    "steinhart_parameter_sum": 0.0899285494389717,
    "band_gap": 0.0,
    "oxidation_state": 3.0,
    "possible_species": [
        "Cr3+",
        "Be2+",
        "S2-",
        "Er3+"
    ],
    "density": 5.5607409596917625,
    "quadrupole moment": [
        [
            -21.99782566961151,
            -6.642066712192474e-07,
            -2.9976021664879227e-15
        ],
        [
            -6.642066712192474e-07,
            -21.997826436571255,
            -2.6645352591003757e-15
        ],
        [
            -2.9976021664879227e-15,
            -2.6645352591003757e-15,
            -26.57634867559763
        ]
    ],
    "quadrupole moment normalized": [
        [
            -0.039804336133788955,
            -4.5161368741886143e-10,
            -7.330635968041954e-10
        ],
        [
            -4.5161368741886143e-10,
            -0.039804336655267496,
            1.1261724001260243e-09
        ],
        [
            -7.330635968041954e-10,
            1.1261724001260243e-09,
            -0.04797676229891844
        ]
    ]
}