{
    "Material": "Li4Mn3V2Cr(PO4)6",
    "steinhart_vector": [
        [
            0.05650932961784588,
            0.009645020476502163,
            0.003648764129352267,
            0.015660960563038687,
            0.032217866394187944,
            0.025002300831185063,
            0.018129871217930194,
            0.02450497123155231,
            0.017571374461593653,
            0.02728352688077004,
            0.023732648859595546
        ],
        "Li4Mn3V2Cr(PO4)6"
    ],
    "steinhart_parameter_sum": 0.2539066346635538,
    "band_gap": 0.5556000000000001,
    "oxidation_state": 2.0,
    "possible_species": [
        "Cr3+",
        "Mn2+",
        "O2-",
        "Li+",
        "V2+",
        "P5+",
        "V3+"
    ],
    "density": 3.2133471009832713,
    "quadrupole moment": [
        [
            -20.299624851514153,
            0.9738258387644079,
            -1.7534686068482344
        ],
        [
            0.9738258387644079,
            -19.53901160159864,
            -0.14337741898949652
        ],
        [
            -1.7534686068482344,
            -0.14337741898949652,
            -19.22812448730809
        ]
    ],
    "quadrupole moment normalized": [
        [
            -0.11226484953930722,
            0.0021371379088020413,
            -0.004734060757008765
        ],
        [
            0.0021371379088020413,
            -0.09826473167028636,
            0.008458047613165744
        ],
        [
            -0.004734060757008765,
            0.008458047613165744,
            -0.09665241233900149
        ]
    ]
}