{
    "Material": "Rb3CrF6",
    "steinhart_vector": [
        [
            0.056729451209192795,
            3.64184975743562e-18,
            0.0026479707104503612,
            1.367963268211126e-17,
            0.04312663354105784,
            1.8435508418331822e-17,
            0.020800147537018056,
            2.3141569853787472e-17,
            0.04017654631280685,
            2.848472225344705e-17,
            0.024628790127644105
        ],
        "Rb3CrF6"
    ],
    "steinhart_parameter_sum": 0.18810953943817008,
    "band_gap": 4.239800000000001,
    "oxidation_state": 3.0,
    "possible_species": [
        "Cr3+",
        "F-",
        "Rb+"
    ],
    "density": 2.2490951811417337,
    "quadrupole moment": [
        [
            -7.2038794003045385,
            0.019981280855209643,
            0.4710924418075093
        ],
        [
            0.019981280855209643,
            -7.958407610226052,
            -0.02443978845364482
        ],
        [
            0.4710924418075093,
            -0.02443978845364482,
            -7.856058171390331
        ]
    ],
    "quadrupole moment normalized": [
        [
            -0.053523659420129974,
            0.0003134283381598941,
            0.002663681072285845
        ],
        [
            0.0003134283381598941,
            -0.06080569562680824,
            8.830293850453671e-05
        ],
        [
            0.002663681072285845,
            8.830293850453671e-05,
            -0.059458428188051866
        ]
    ]
}