{
    "Material": "Li2Al2CrSbO8",
    "steinhart_vector": [
        [
            0.062021229645546905,
            0.00067133664338754,
            0.006840808351736209,
            0.0041145586935655626,
            0.04578424543511468,
            0.004438403362965315,
            0.025563275604569974,
            0.00869652770973889,
            0.040099303728464354,
            0.007586093479487076,
            0.030559727521806298
        ],
        "Li2Al2CrSbO8"
    ],
    "steinhart_parameter_sum": 0.23637551017638278,
    "band_gap": 2.5534,
    "oxidation_state": 3.0,
    "possible_species": [
        "Cr3+",
        "O2-",
        "Li+",
        "Sb5+",
        "Al3+"
    ],
    "density": 4.369867598265706,
    "quadrupole moment": [
        [
            -15.24543824856776,
            -0.7367857747988102,
            0.3213525941929558
        ],
        [
            -0.7367857747988102,
            -18.61330091818745,
            -2.2444031489563074
        ],
        [
            0.3213525941929558,
            -2.2444031489563074,
            -14.928469729505363
        ]
    ],
    "quadrupole moment normalized": [
        [
            -0.10999982577891816,
            -0.005033601808485973,
            0.0037051270232583075
        ],
        [
            -0.005033601808485973,
            -0.1475478187572215,
            -0.009335073019194626
        ],
        [
            0.0037051270232583075,
            -0.009335073019194626,
            -0.11183944532309237
        ]
    ]
}