{
    "Material": "MgCrTe(WO6)2",
    "steinhart_vector": [
        [
            0.06418921369400621,
            0.002191136146433512,
            0.0025477050305440147,
            0.006185609344506868,
            0.04788679675898472,
            0.008547585386520845,
            0.022382051903995795,
            0.012671798444428428,
            0.04245582503728938,
            0.014104999788151195,
            0.02491187000683238
        ],
        "MgCrTe(WO6)2"
    ],
    "steinhart_parameter_sum": 0.24807459154169337,
    "band_gap": 0.5794999999999999,
    "oxidation_state": 4.0,
    "possible_species": [
        "W6+",
        "Cr4+",
        "O2-",
        "Mg2+",
        "Te6+"
    ],
    "density": 6.091305846278522,
    "quadrupole moment": [
        [
            -15.530808243017738,
            0.20713024686828696,
            -0.5474141075394234
        ],
        [
            0.20713024686828696,
            -14.089372390745918,
            -0.022213661524102424
        ],
        [
            -0.5474141075394234,
            -0.022213661524102424,
            -16.01155024153618
        ]
    ],
    "quadrupole moment normalized": [
        [
            -0.1309594584840597,
            -0.0031283448974577695,
            -0.0045931658734899815
        ],
        [
            -0.0031283448974577695,
            -0.12674727007476766,
            -0.005566001133560278
        ],
        [
            -0.0045931658734899815,
            -0.005566001133560278,
            -0.13821830028842932
        ]
    ]
}