{
    "Material": "CrP",
    "steinhart_vector": [
        [
            0.02841961474600236,
            0.004097331110873953,
            0.0023934240594565255,
            0.008021548658329377,
            0.016963077256701715,
            0.01090767224489741,
            0.007754791627768547,
            0.014116078006321819,
            0.010305408933290976,
            0.012665930695900081,
            0.008201328777368854
        ],
        "CrP"
    ],
    "steinhart_parameter_sum": 0.12384620611691163,
    "band_gap": 0.0,
    "oxidation_state": 3.0,
    "possible_species": [
        "P3-",
        "Cr3+"
    ],
    "density": 5.761224009975769,
    "quadrupole moment": [
        [
            -28.045164023186274,
            -7.413616403914541e-15,
            -1.924323501440522e-15
        ],
        [
            -7.413616403914541e-15,
            -33.88962083276449,
            -1.9388479931635167
        ],
        [
            -1.924323501440522e-15,
            -1.9388479931635167,
            -37.177509589177134
        ]
    ],
    "quadrupole moment normalized": [
        [
            -0.06188348370942793,
            6.327144969762203e-18,
            7.540837318735145e-18
        ],
        [
            6.327144969762203e-18,
            -0.07577251680100709,
            -0.00407372784563524
        ],
        [
            7.540837318735145e-18,
            -0.00407372784563524,
            -0.08046174832905266
        ]
    ]
}