{
    "Material": "CaCrO3",
    "steinhart_vector": [
        [
            0.06404875144529583,
            2.427308481059477e-05,
            0.0013725993296598588,
            6.915366873989895e-05,
            0.04889095596286814,
            9.998300693899156e-05,
            0.022771144763425254,
            0.0001434325919483837,
            0.045911208041222805,
            0.000174283936858083,
            0.026561498954480355
        ],
        "CaCrO3"
    ],
    "steinhart_parameter_sum": 0.2100672847862482,
    "band_gap": 0.40690000000000026,
    "oxidation_state": 4.0,
    "possible_species": [
        "Cr4+",
        "Ca2+",
        "O2-"
    ],
    "density": 4.222917142537827,
    "quadrupole moment": [
        [
            -15.226857399119837,
            -0.73137871259603,
            -0.10139418204297324
        ],
        [
            -0.73137871259603,
            -15.5567602144274,
            0.2616420160084919
        ],
        [
            -0.10139418204297324,
            0.2616420160084919,
            -14.971324797682914
        ]
    ],
    "quadrupole moment normalized": [
        [
            -0.13278307145634857,
            0.004116686301794965,
            8.439186249726074e-05
        ],
        [
            0.004116686301794965,
            -0.12803223233477762,
            0.005010847350662058
        ],
        [
            8.439186249726074e-05,
            0.005010847350662058,
            -0.1331363970252569
        ]
    ]
}