{
    "Material": "CrFeH18(NF)6",
    "steinhart_vector": [
        [
            0.0673768955835588,
            1.6736641113713285e-18,
            0.0027281701527294196,
            3.1334543901814005e-17,
            0.05127918854997899,
            3.03788985766483e-17,
            0.024492009476669237,
            6.50254405005567e-17,
            0.04787849292738272,
            6.307055308112249e-17,
            0.028890148908888028
        ],
        "CrFeH18(NF)6"
    ],
    "steinhart_parameter_sum": 0.22264490559920738,
    "band_gap": 4.02,
    "oxidation_state": 3.0,
    "possible_species": [
        "F-",
        "Fe3+",
        "N3-",
        "H+",
        "Cr3+"
    ],
    "density": 2.0390983275461005,
    "quadrupole moment": [
        [
            -26.973243731890364,
            1.0921785255062364,
            1.0921785255062382
        ],
        [
            1.0921785255062364,
            -26.973243731890356,
            1.0921785255062382
        ],
        [
            1.0921785255062382,
            1.0921785255062382,
            -26.973243731890367
        ]
    ],
    "quadrupole moment normalized": [
        [
            -0.190665134456067,
            0.007720256691614514,
            0.007720256691614517
        ],
        [
            0.007720256691614514,
            -0.190665134456067,
            0.007720256691614517
        ],
        [
            0.007720256691614517,
            0.007720256691614517,
            -0.19066513445606706
        ]
    ]
}