{
    "Material": "LiCrP2O7",
    "steinhart_vector": [
        [
            0.062493569837799905,
            0.0015167336108627314,
            0.002607162677527815,
            0.0068112003441535675,
            0.04637912027684134,
            0.009296071905267891,
            0.021633268720023184,
            0.013323822773163784,
            0.04056539945571582,
            0.015819760933510552,
            0.023703079268378207
        ],
        "LiCrP2O7"
    ],
    "steinhart_parameter_sum": 0.2441491898032448,
    "band_gap": 2.6633999999999998,
    "oxidation_state": 3.0,
    "possible_species": [
        "O2-",
        "P5+",
        "Li+",
        "Cr3+"
    ],
    "density": 3.1808179555336276,
    "quadrupole moment": [
        [
            -15.793827254706025,
            -0.7826008066613959,
            -0.6765888778111325
        ],
        [
            -0.7826008066613959,
            -16.541840000121333,
            -0.6110882442935379
        ],
        [
            -0.6765888778111325,
            -0.6110882442935379,
            -15.776622971446784
        ]
    ],
    "quadrupole moment normalized": [
        [
            -0.1256921439540251,
            -0.004677931393098451,
            -0.007599447195637769
        ],
        [
            -0.004677931393098451,
            -0.12729546951155468,
            0.0020235683770183227
        ],
        [
            -0.007599447195637769,
            0.0020235683770183227,
            -0.12220222187332079
        ]
    ]
}