{
    "Material": "CsCrBr3",
    "steinhart_vector": [
        [
            0.010708798740965654,
            3.78411772748882e-06,
            0.0005908542900070528,
            2.03836412061211e-05,
            0.008125593610020885,
            2.1429125933557054e-05,
            0.003980935286516385,
            4.1044250895577225e-05,
            0.00754160290159482,
            3.7074746328637527e-05,
            0.0047411044913792345
        ],
        "CsCrBr3"
    ],
    "steinhart_parameter_sum": 0.03581260520257541,
    "band_gap": 0.0,
    "oxidation_state": 2.0,
    "possible_species": [
        "Cr2+",
        "Cs+",
        "Br-"
    ],
    "density": 4.164932248951431,
    "quadrupole moment": [
        [
            -13.45126165615474,
            -7.958141374775352e-07,
            3.778670775078652e-05
        ],
        [
            -7.958141374775352e-07,
            -13.451262575081625,
            -2.1816167383503782e-05
        ],
        [
            3.778670775078652e-05,
            -2.1816167383503782e-05,
            -15.807964478741996
        ]
    ],
    "quadrupole moment normalized": [
        [
            -0.007584577535765704,
            -1.7673823952957246e-08,
            -5.101244193988358e-09
        ],
        [
            -1.7673823952957246e-08,
            -0.007584597943736951,
            2.945204911116578e-09
        ],
        [
            -5.101244193988358e-09,
            2.945204911116578e-09,
            -0.0089132988140693
        ]
    ]
}