{
    "Material": "CrH17N4Cl2O3",
    "steinhart_vector": [
        [
            0.06571754043277118,
            0.0011048964961211819,
            0.002098538570786167,
            0.007522182041184379,
            0.04890355342668942,
            0.008933588904943612,
            0.022439506427579838,
            0.01479757517361551,
            0.043015094893061614,
            0.015197840400357944,
            0.024310499696801758
        ],
        "CrH17N4Cl2O3"
    ],
    "steinhart_parameter_sum": 0.25404081646391263,
    "band_gap": 3.6068,
    "oxidation_state": 3.0,
    "possible_species": [
        "O2-",
        "Cl-",
        "Cr3+",
        "N3-",
        "H+"
    ],
    "density": 1.5603366932676677,
    "quadrupole moment": [
        [
            -21.12628435406612,
            -0.4269162591313625,
            -0.02371307535419387
        ],
        [
            -0.4269162591313625,
            -26.811629727925702,
            0.27833129562206577
        ],
        [
            -0.02371307535419387,
            0.27833129562206577,
            -21.984426862510613
        ]
    ],
    "quadrupole moment normalized": [
        [
            -0.15417547838683346,
            -0.0032972532961999547,
            -0.0006312817814766031
        ],
        [
            -0.0032972532961999547,
            -0.19057791349377046,
            0.0018162334590652927
        ],
        [
            -0.0006312817814766031,
            0.0018162334590652927,
            -0.16163281908170452
        ]
    ]
}