{
    "Material": "CrP2O7",
    "steinhart_vector": [
        [
            0.06463088446773993,
            0.00016535829557186632,
            0.0008153486316119532,
            0.004887980191684277,
            0.04880766339924895,
            0.0062421544119931685,
            0.02237337727866502,
            0.009640533535166309,
            0.044559714385945574,
            0.011005407283222806,
            0.025132400539239617
        ],
        "CrP2O7"
    ],
    "steinhart_parameter_sum": 0.23826082242008947,
    "band_gap": 0.6328,
    "oxidation_state": 4.0,
    "possible_species": [
        "O2-",
        "Cr4+",
        "P5+"
    ],
    "density": 2.9441298500031254,
    "quadrupole moment": [
        [
            -14.806962364717641,
            -0.17773635190718817,
            0.2961755840032838
        ],
        [
            -0.17773635190718817,
            -15.107635405901267,
            0.3166707362769068
        ],
        [
            0.2961755840032838,
            0.3166707362769068,
            -15.01435046798694
        ]
    ],
    "quadrupole moment normalized": [
        [
            -0.13676676462959314,
            0.0001628049183034705,
            -0.00036608307126636055
        ],
        [
            0.0001628049183034705,
            -0.13489235854277082,
            -0.002296371621357665
        ],
        [
            -0.00036608307126636055,
            -0.002296371621357665,
            -0.12947372798282697
        ]
    ]
}