{
    "Material": "CrO2",
    "steinhart_vector": [
        [
            0.06440584441627768,
            4.770676724139939e-18,
            0.0062324818568720766,
            1.075589870474323e-17,
            0.048231931851678074,
            9.425131847178829e-18,
            0.025957264927677186,
            1.650862015330878e-17,
            0.043849554527268825,
            1.970325748153665e-17,
            0.031187269431583852
        ],
        "CrO2"
    ],
    "steinhart_parameter_sum": 0.21986434701135776,
    "band_gap": 0.0,
    "oxidation_state": 4.0,
    "possible_species": [
        "O2-",
        "Cr4+"
    ],
    "density": 4.637168014737258,
    "quadrupole moment": [
        [
            -17.83196202324101,
            0.00022121852054191038,
            0.00020437547954266222
        ],
        [
            0.00022121852054191038,
            -13.57516221492828,
            0.9900411647945215
        ],
        [
            0.00020437547954266222,
            0.9900411647945215,
            -13.805327738123921
        ]
    ],
    "quadrupole moment normalized": [
        [
            -0.1530863151307195,
            -2.2570890321205184e-06,
            -2.1831854761372727e-06
        ],
        [
            -2.2570890321205184e-06,
            -0.12121615570417232,
            0.013538111858745833
        ],
        [
            -2.1831854761372727e-06,
            0.013538111858745833,
            -0.12394944870580962
        ]
    ]
}