{
    "Material": "CrHO2",
    "steinhart_vector": [
        [
            0.06266505488943586,
            0.0007315895046026006,
            0.008259506016104735,
            0.0016251376215585915,
            0.04598858587666516,
            0.003246214073542004,
            0.027714181202269303,
            0.0029951251298165047,
            0.03993342713039143,
            0.005729091547394851,
            0.03417912526930745
        ],
        "CrHO2"
    ],
    "steinhart_parameter_sum": 0.2330670382610885,
    "band_gap": 2.6702000000000004,
    "oxidation_state": 3.0,
    "possible_species": [
        "H+",
        "Cr3+",
        "O2-"
    ],
    "density": 4.049822444947743,
    "quadrupole moment": [
        [
            -17.41630216106526,
            0.36551487458198784,
            1.7915589766032634
        ],
        [
            0.36551487458198784,
            -17.780295501882637,
            1.1093195823477655
        ],
        [
            1.7915589766032634,
            1.1093195823477655,
            -12.569380574766244
        ]
    ],
    "quadrupole moment normalized": [
        [
            -0.1375776411968901,
            0.0029109156585747954,
            0.014267594035808066
        ],
        [
            0.0029109156585747954,
            -0.1404764145212637,
            0.008834349429429346
        ],
        [
            0.014267594035808066,
            0.008834349429429346,
            -0.09897790052732593
        ]
    ]
}