{
    "Material": "MgCrCo5O12",
    "steinhart_vector": [
        [
            0.06300915267461335,
            0.001992621566161995,
            0.007512946962874007,
            0.003376898431728383,
            0.046181880032440545,
            0.007233266066903822,
            0.02654793029774899,
            0.006939089217676749,
            0.039760443139871315,
            0.012467574424499367,
            0.0318087514412097
        ],
        "MgCrCo5O12"
    ],
    "steinhart_parameter_sum": 0.24683055425572822,
    "band_gap": 0.9035999999999997,
    "oxidation_state": 3.0,
    "possible_species": [
        "O2-",
        "Cr3+",
        "Co4+",
        "Co3+",
        "Mg2+"
    ],
    "density": 4.466643614918153,
    "quadrupole moment": [
        [
            -17.124333462004056,
            0.5634050109910467,
            -0.7543178134430599
        ],
        [
            0.5634050109910467,
            -17.901525622813566,
            0.19742125779451758
        ],
        [
            -0.7543178134430599,
            0.19742125779451758,
            -12.233770953207285
        ]
    ],
    "quadrupole moment normalized": [
        [
            -0.13938806353671981,
            0.0015451347777051573,
            -0.007890485188749677
        ],
        [
            0.0015451347777051573,
            -0.14333849282853536,
            0.004156040996712369
        ],
        [
            -0.007890485188749677,
            0.004156040996712369,
            -0.0984939470170297
        ]
    ]
}