{
    "Material": "MgCrPtO2",
    "steinhart_vector": [
        [
            0.06136276115150441,
            0.0021846641393762642,
            0.003999381148186293,
            0.0064344014474215765,
            0.045251708928011544,
            0.010358341196460265,
            0.022081928711680333,
            0.011712550630228977,
            0.039024003381726714,
            0.018019662788281876,
            0.024452347557148604
        ],
        "MgCrPtO2"
    ],
    "steinhart_parameter_sum": 0.24488175108002685,
    "band_gap": 0.4184000000000001,
    "oxidation_state": 4.0,
    "possible_species": [
        "Mg2+",
        "O2-",
        "Cr4+",
        "Pt2-"
    ],
    "density": 8.146181691042703,
    "quadrupole moment": [
        [
            -17.567352389159804,
            -0.0015419604329860448,
            -0.002754322341037785
        ],
        [
            -0.0015419604329860448,
            -14.974709929804906,
            -0.0026870706207255957
        ],
        [
            -0.002754322341037785,
            -0.0026870706207255957,
            -17.570547083595642
        ]
    ],
    "quadrupole moment normalized": [
        [
            -0.12915751433698275,
            1.2090060436963784e-05,
            4.283824181822507e-06
        ],
        [
            1.2090060436963784e-05,
            -0.10393127903161631,
            2.091387238787462e-05
        ],
        [
            4.283824181822507e-06,
            2.091387238787462e-05,
            -0.1291527331098234
        ]
    ]
}