{
    "Material": "MgV5CrO12",
    "steinhart_vector": [
        [
            0.062118242347306576,
            0.0010600143853745703,
            0.007859643631674375,
            0.0035894534384716794,
            0.045413685947410916,
            0.007563457320922352,
            0.026297914156299406,
            0.006295681537275112,
            0.03920021500083579,
            0.013167868716353249,
            0.030797864843755147
        ],
        "MgV5CrO12"
    ],
    "steinhart_parameter_sum": 0.24336404132567918,
    "band_gap": 1.0196999999999998,
    "oxidation_state": 3.0,
    "possible_species": [
        "V3+",
        "Mg2+",
        "O2-",
        "V4+",
        "Cr3+"
    ],
    "density": 3.5898113126148794,
    "quadrupole moment": [
        [
            -13.95835532543052,
            -1.170143236860044,
            0.017446336667265694
        ],
        [
            -1.170143236860044,
            -14.289652856704247,
            -0.013695956888402971
        ],
        [
            0.017446336667265694,
            -0.013695956888402971,
            -20.515572689911476
        ]
    ],
    "quadrupole moment normalized": [
        [
            -0.11147863821414958,
            -0.014410360585666998,
            0.012453792126199442
        ],
        [
            -0.014410360585666998,
            -0.11556255376031356,
            -0.010814426278097991
        ],
        [
            0.012453792126199442,
            -0.010814426278097991,
            -0.143813617608188
        ]
    ]
}