{
    "Material": "MgCrO2",
    "steinhart_vector": [
        [
            0.053216970050706885,
            5.3990261526720096e-18,
            7.755665858076595e-18,
            8.317075804299536e-18,
            0.02709675483484025,
            1.6833742202114436e-17,
            0.03344896035293889,
            1.667195582739084e-17,
            0.011322526604267545,
            1.9832416764471456e-17,
            0.03459920826540362
        ],
        "MgCrO2"
    ],
    "steinhart_parameter_sum": 0.15968442010815725,
    "band_gap": 0.0,
    "oxidation_state": 2.0,
    "possible_species": [
        "Mg2+",
        "O2-",
        "Cr2+"
    ],
    "density": 4.506708258098498,
    "quadrupole moment": [
        [
            -29.425135126796633,
            -2.6645352591003757e-15,
            -5.329070518200751e-15
        ],
        [
            -2.6645352591003757e-15,
            -29.425135126796636,
            -3.9968028886505635e-15
        ],
        [
            -5.329070518200751e-15,
            -3.9968028886505635e-15,
            -29.425135126796643
        ]
    ],
    "quadrupole moment normalized": [
        [
            -0.12083395845878758,
            9.540979117872439e-18,
            0.0
        ],
        [
            9.540979117872439e-18,
            -0.12083395845878761,
            -1.734723475976807e-18
        ],
        [
            0.0,
            -1.734723475976807e-18,
            -0.12083395845878755
        ]
    ]
}