{
    "Material": "LiCrP2O7",
    "steinhart_vector": [
        [
            0.06252852801078909,
            0.002320599292335265,
            0.003354597042577686,
            0.007328878270105792,
            0.04578517644585808,
            0.012291559026960074,
            0.021491169511638337,
            0.013898348284708999,
            0.03876620914674236,
            0.02092604861728492,
            0.022637321064646866
        ],
        "LiCrP2O7"
    ],
    "steinhart_parameter_sum": 0.25132843471364746,
    "band_gap": 2.8322,
    "oxidation_state": 3.0,
    "possible_species": [
        "Cr3+",
        "Li+",
        "O2-",
        "P5+"
    ],
    "density": 3.3163405734610616,
    "quadrupole moment": [
        [
            -16.705837788905633,
            -0.35557391977923514,
            -0.389189172837928
        ],
        [
            -0.35557391977923514,
            -16.883196847970623,
            -0.498173401445551
        ],
        [
            -0.389189172837928,
            -0.498173401445551,
            -14.388157383797731
        ]
    ],
    "quadrupole moment normalized": [
        [
            -0.13220181870982795,
            0.0008690449257848475,
            0.000728372621034274
        ],
        [
            0.0008690449257848475,
            -0.1317683420633458,
            0.0009323380285596941
        ],
        [
            0.000728372621034274,
            0.0009323380285596941,
            -0.11142636080717927
        ]
    ]
}