{
    "Material": "EuCrO4",
    "steinhart_vector": [
        [
            0.07488303357856613,
            9.838410048661828e-08,
            0.005197523847996199,
            0.05542851250141146,
            0.03787380641525837,
            0.01017877008746969,
            0.04645948824062105,
            0.04453010247832866,
            0.020748170202341296,
            0.03915333048598272,
            0.045934969015890004
        ],
        "EuCrO4"
    ],
    "steinhart_parameter_sum": 0.38038780523796606,
    "band_gap": 0.0,
    "oxidation_state": 6.0,
    "possible_species": [
        "Eu2+",
        "O2-",
        "Cr6+"
    ],
    "density": 5.148092407367056,
    "quadrupole moment": [
        [
            -7.156408776539293,
            -0.46152585736222596,
            0.32010239825859865
        ],
        [
            -0.46152585736222596,
            -7.796334207558174,
            0.6114215021186262
        ],
        [
            0.32010239825859865,
            0.6114215021186262,
            -7.338955157857634
        ]
    ],
    "quadrupole moment normalized": [
        [
            -0.11521240434709334,
            -0.0074303995352184085,
            0.005153263465653011
        ],
        [
            -0.0074303995352184085,
            -0.12551497255506538,
            0.009843150523468364
        ],
        [
            0.005153263465653011,
            0.009843150523468364,
            -0.11815062104577495
        ]
    ]
}