{
    "Material": "Li4CrP2O9",
    "steinhart_vector": [
        [
            0.06502274437639861,
            4.221958707501133e-08,
            0.0033324910760584793,
            9.09343199943486e-08,
            0.04953071721980631,
            1.4122624822551378e-07,
            0.02364884356689091,
            1.918590666026055e-07,
            0.0462940859758075,
            2.4261944543297136e-07,
            0.02781386354947198
        ],
        "Li4CrP2O9"
    ],
    "steinhart_parameter_sum": 0.21564345462310114,
    "band_gap": 0.17589999999999995,
    "oxidation_state": 4.0,
    "possible_species": [
        "Li+",
        "O2-",
        "Cr4+",
        "P5+"
    ],
    "density": 2.731811143668396,
    "quadrupole moment": [
        [
            -15.375404806220109,
            -1.3623667341892598,
            -0.008418495217739075
        ],
        [
            -1.3623667341892598,
            -13.343255244986265,
            -0.04450765752079233
        ],
        [
            -0.008418495217739075,
            -0.04450765752079233,
            -15.933693083545243
        ]
    ],
    "quadrupole moment normalized": [
        [
            -0.13426297989929906,
            0.010036735327645301,
            -0.007320088203909978
        ],
        [
            0.010036735327645301,
            -0.13983134793347593,
            0.013564519927824814
        ],
        [
            -0.007320088203909978,
            0.013564519927824814,
            -0.13275803121590862
        ]
    ]
}