{
    "Material": "MgV3CrO10",
    "steinhart_vector": [
        [
            0.0656903644456835,
            0.0023715965617285735,
            0.005394421609037011,
            0.03288750284904943,
            0.03872375507749331,
            0.026002617849574163,
            0.019025045649818707,
            0.036640576528509355,
            0.026245974458799663,
            0.030103823504087565,
            0.03184781832079343
        ],
        "MgV3CrO10"
    ],
    "steinhart_parameter_sum": 0.3149334968545747,
    "band_gap": 0.7464000000000001,
    "oxidation_state": 5.0,
    "possible_species": [
        "O2-",
        "Cr5+",
        "V5+",
        "Mg2+",
        "V4+"
    ],
    "density": 3.0001821499419457,
    "quadrupole moment": [
        [
            -14.300444866955717,
            0.30004040797953824,
            1.0926828024320043
        ],
        [
            0.30004040797953824,
            -14.400554174214095,
            -1.1227579084199073
        ],
        [
            1.0926828024320043,
            -1.1227579084199073,
            -8.046429171886436
        ]
    ],
    "quadrupole moment normalized": [
        [
            -0.11899845696105871,
            0.004066840052728018,
            -0.001528093932471071
        ],
        [
            0.004066840052728018,
            -0.121910026848224,
            0.001943299364332865
        ],
        [
            -0.001528093932471071,
            0.001943299364332865,
            -0.10621821142510501
        ]
    ]
}