{
    "Material": "CrCl3",
    "steinhart_vector": [
        [
            0.025020503310397388,
            2.3677899789094316e-06,
            0.00038762984541957767,
            0.0020137770139230815,
            0.018858321849840005,
            0.002540398831393113,
            0.008652887844087917,
            0.004035151998942121,
            0.01713257825737176,
            0.00444910561978534,
            0.009678659762134527
        ],
        "CrCl3"
    ],
    "steinhart_parameter_sum": 0.09277138212327374,
    "band_gap": 0.14679999999999982,
    "oxidation_state": 3.0,
    "possible_species": [
        "Cl-",
        "Cr3+"
    ],
    "density": 2.814324851685975,
    "quadrupole moment": [
        [
            -11.215343044799663,
            0.024695578762668424,
            0.07122595722447667
        ],
        [
            0.024695578762668424,
            -11.187256786141448,
            0.1321824810933221
        ],
        [
            0.07122595722447667,
            0.1321824810933221,
            -10.76097656308955
        ]
    ],
    "quadrupole moment normalized": [
        [
            -0.021591933480708127,
            4.550775608472117e-05,
            0.00013895373423587504
        ],
        [
            4.550775608472117e-05,
            -0.02154129285724094,
            0.0002570567968198978
        ],
        [
            0.00013895373423587504,
            0.0002570567968198978,
            -0.020721385134365205
        ]
    ]
}