{
    "Material": "Ta2CrO6",
    "steinhart_vector": [
        [
            0.062443180727529836,
            6.091791375224704e-06,
            0.005291868866128767,
            1.61822198167842e-05,
            0.04697812036902553,
            2.898942198447715e-05,
            0.024521358773541578,
            3.1392961977048834e-05,
            0.04300388626754548,
            5.099327487262448e-05,
            0.029438468507782714
        ],
        "Ta2CrO6"
    ],
    "steinhart_parameter_sum": 0.21181053318158005,
    "band_gap": 0.3230000000000004,
    "oxidation_state": 2.0,
    "possible_species": [
        "O2-",
        "Ta5+",
        "Cr2+"
    ],
    "density": 8.401655578959195,
    "quadrupole moment": [
        [
            -14.709435977162016,
            0.8283845879846654,
            0.00011539618376987804
        ],
        [
            0.8283845879846654,
            -14.714592451746523,
            -6.886635206004854e-05
        ],
        [
            0.00011539618376987804,
            -6.886635206004854e-05,
            -18.6807491303641
        ]
    ],
    "quadrupole moment normalized": [
        [
            -0.11669537983119277,
            0.011979039672316033,
            5.066278965064341e-07
        ],
        [
            0.011979039672316033,
            -0.11674021015032195,
            -9.995478110411127e-07
        ],
        [
            5.066278965064341e-07,
            -9.995478110411127e-07,
            -0.1409284555834221
        ]
    ]
}