{
    "Material": "CrGe",
    "steinhart_vector": [
        [
            0.012229684701380767,
            0.0005118643203710087,
            0.0017591440758140287,
            0.004244082775227614,
            0.002899443068312484,
            0.006443023527158538,
            0.005535089551123121,
            0.004263436385215226,
            0.002398669987777381,
            0.003290612541498713,
            0.006849013345492929
        ],
        "CrGe"
    ],
    "steinhart_parameter_sum": 0.05042406427937181,
    "band_gap": 0.0,
    "oxidation_state": 2.0,
    "possible_species": [
        "Ge2-",
        "Cr2+"
    ],
    "density": 7.639572970045499,
    "quadrupole moment": [
        [
            -30.59496328690353,
            -4.591993617376581,
            -4.59199361737658
        ],
        [
            -4.591993617376581,
            -30.59496328690353,
            -4.5919936173765805
        ],
        [
            -4.59199361737658,
            -4.5919936173765805,
            -30.59496328690353
        ]
    ],
    "quadrupole moment normalized": [
        [
            -0.022365579277872884,
            -0.0031921447315629826,
            -0.0031921447315629787
        ],
        [
            -0.0031921447315629826,
            -0.02236557927787288,
            -0.003192144731562981
        ],
        [
            -0.0031921447315629787,
            -0.003192144731562981,
            -0.022365579277872888
        ]
    ]
}