{
    "Material": "KCrH18N6(ClO2)4",
    "steinhart_vector": [
        [
            0.06757819368439033,
            5.19240635378137e-18,
            0.003104491551976245,
            1.437610737877228e-17,
            0.051380331592008256,
            2.425983460320762e-17,
            0.024753800845769697,
            3.176708907349637e-17,
            0.04787740099142438,
            4.164684515857393e-17,
            0.029298706733910922
        ],
        "KCrH18N6(ClO2)4"
    ],
    "steinhart_parameter_sum": 0.22399292539947996,
    "band_gap": 3.819,
    "oxidation_state": 3.0,
    "possible_species": [
        "K+",
        "N0.33333333-",
        "Cl-",
        "Cr3+",
        "H+",
        "O2-"
    ],
    "density": 1.887430835983549,
    "quadrupole moment": [
        [
            -3.0673743110269767,
            0.030779362985472847,
            0.12912145550000548
        ],
        [
            0.030779362985472847,
            -3.096602616344748,
            0.08162950381075493
        ],
        [
            0.12912145550000548,
            0.08162950381075493,
            -2.773619755822552
        ]
    ],
    "quadrupole moment normalized": [
        [
            -0.02194255516565273,
            0.00022018040920678906,
            0.0009236762129658086
        ],
        [
            0.00022018040920678906,
            -0.02215164007193638,
            0.000583940373458638
        ],
        [
            0.0009236762129658086,
            0.000583940373458638,
            -0.019841175786086858
        ]
    ]
}