{
    "Material": "CrP2O7",
    "steinhart_vector": [
        [
            0.06347611010032243,
            0.0008160719836878297,
            0.0016326658745367574,
            0.006083660989925122,
            0.04746021072255181,
            0.008703222114079395,
            0.021778263227072214,
            0.011709721175247975,
            0.04224457443703459,
            0.015322594306274875,
            0.023878268166239964
        ],
        "CrP2O7"
    ],
    "steinhart_parameter_sum": 0.24310536309697295,
    "band_gap": 0.0,
    "oxidation_state": 4.0,
    "possible_species": [
        "O2-",
        "Cr4+",
        "P5+"
    ],
    "density": 3.2353933572814353,
    "quadrupole moment": [
        [
            -15.460974932132466,
            -0.737594157130629,
            0.015106757701790041
        ],
        [
            -0.737594157130629,
            -15.762479145570088,
            0.018506626877614174
        ],
        [
            0.015106757701790041,
            0.018506626877614174,
            -15.333222599719686
        ]
    ],
    "quadrupole moment normalized": [
        [
            -0.12893944986634298,
            -0.0036112468323104344,
            0.0029573224004492034
        ],
        [
            -0.0036112468323104344,
            -0.13041560870678243,
            0.00362288608199747
        ],
        [
            0.0029573224004492034,
            0.00362288608199747,
            -0.127510088556762
        ]
    ]
}