{
    "Material": "CrPO4",
    "steinhart_vector": [
        [
            0.060843334515787044,
            0.0016426661206945725,
            0.0056293193268992575,
            0.022318956815458525,
            0.029647144234330406,
            0.03251966408915046,
            0.016456817556251214,
            0.01715823659724209,
            0.02978319907883415,
            0.03053110611149618,
            0.01782033699231745
        ],
        "CrPO4"
    ],
    "steinhart_parameter_sum": 0.26435078143846136,
    "band_gap": 1.3568000000000002,
    "oxidation_state": 3.0,
    "possible_species": [
        "O2-",
        "P5+",
        "Cr3+"
    ],
    "density": 3.4171139875203913,
    "quadrupole moment": [
        [
            -19.796080232580582,
            -1.1935543404343736,
            -0.2425271173062491
        ],
        [
            -1.1935543404343736,
            -14.68128105084967,
            1.9986687825249372
        ],
        [
            -0.2425271173062491,
            1.9986687825249372,
            -16.805951951968215
        ]
    ],
    "quadrupole moment normalized": [
        [
            -0.14028803837969853,
            -0.0007273684259721603,
            0.0071743121061156965
        ],
        [
            -0.0007273684259721603,
            -0.10905489789508802,
            -0.00210967606882812
        ],
        [
            0.0071743121061156965,
            -0.00210967606882812,
            -0.1074983028842785
        ]
    ]
}