{
    "Material": "MgTiV2CrO10",
    "steinhart_vector": [
        [
            0.06821429322713779,
            0.0011100189370567316,
            0.0028619445811505053,
            0.050698311426805774,
            0.03465626104496711,
            0.005874992535009842,
            0.04265737978687483,
            0.04126447696002985,
            0.01639444366912966,
            0.035522758834244425,
            0.043341388020193695
        ],
        "MgTiV2CrO10"
    ],
    "steinhart_parameter_sum": 0.34259626902260026,
    "band_gap": 1.2762000000000002,
    "oxidation_state": 4.0,
    "possible_species": [
        "Cr4+",
        "V5+",
        "Mg2+",
        "Ti4+",
        "O2-"
    ],
    "density": 2.986193618152554,
    "quadrupole moment": [
        [
            -9.069998963840302,
            -0.4616197466919486,
            -0.13597904479427403
        ],
        [
            -0.4616197466919486,
            -9.054492546023763,
            0.1430946725553488
        ],
        [
            -0.13597904479427403,
            0.1430946725553488,
            -8.74627952669693
        ]
    ],
    "quadrupole moment normalized": [
        [
            -0.10082074222658803,
            -0.0046111777602619985,
            -0.00403817063443038
        ],
        [
            -0.0046111777602619985,
            -0.1004734706336394,
            0.00423426869779886
        ],
        [
            -0.00403817063443038,
            0.00423426869779886,
            -0.09653756425267566
        ]
    ]
}