{
    "Material": "YCrB4",
    "steinhart_vector": [
        [
            0.08774065907155154,
            0.0003747139433398795,
            0.03139945312324578,
            0.0013985263439239659,
            0.029620335874914177,
            0.00797595735349049,
            0.026061546017215,
            0.03217165212574809,
            0.015501975283571293,
            0.04850019309102665,
            0.024555301650751118
        ],
        "YCrB4"
    ],
    "steinhart_parameter_sum": 0.305300313878778,
    "band_gap": 0.15890000000000004,
    "oxidation_state": 5.0,
    "possible_species": [
        "B2-",
        "Y3+",
        "Cr5+"
    ],
    "density": 5.244562185547949,
    "quadrupole moment": [
        [
            -59.391452125242886,
            -3.552713678800501e-15,
            -8.881784197001252e-16
        ],
        [
            -3.552713678800501e-15,
            -22.334189708336574,
            0.6568851423874502
        ],
        [
            -8.881784197001252e-16,
            0.6568851423874502,
            -22.255134211969132
        ]
    ],
    "quadrupole moment normalized": [
        [
            -0.4405257505432955,
            3.469446951953614e-17,
            6.938893903907228e-18
        ],
        [
            3.469446951953614e-17,
            -0.16510483087077324,
            0.0019571982437794552
        ],
        [
            6.938893903907228e-18,
            0.0019571982437794552,
            -0.16436909409786393
        ]
    ]
}