{
    "Material": "Li3Cr(PO4)2",
    "steinhart_vector": [
        [
            0.06164447080970563,
            3.0317121480572848e-18,
            0.003916814344384439,
            1.7133539687349628e-17,
            0.04669149338035821,
            2.208701114943197e-17,
            0.023205569242382585,
            2.968260349016383e-17,
            0.04321434700084644,
            3.9449221911851727e-17,
            0.02767665619287713
        ],
        "Li3Cr(PO4)2"
    ],
    "steinhart_parameter_sum": 0.2063493509705545,
    "band_gap": 2.6716,
    "oxidation_state": 3.0,
    "possible_species": [
        "Li+",
        "Cr3+",
        "P5+",
        "O2-"
    ],
    "density": 3.1581049623031983,
    "quadrupole moment": [
        [
            -17.82461552021359,
            -0.6297851479367361,
            0.9363720568937586
        ],
        [
            -0.6297851479367361,
            -15.236226269219703,
            0.8496788943609579
        ],
        [
            0.9363720568937586,
            0.8496788943609579,
            -16.31578816631957
        ]
    ],
    "quadrupole moment normalized": [
        [
            -0.13192720597701688,
            -0.005435111655252282,
            -0.0006287948750237117
        ],
        [
            -0.005435111655252282,
            -0.11669450292925286,
            0.009106344936921428
        ],
        [
            -0.0006287948750237117,
            0.009106344936921428,
            -0.11626741297680755
        ]
    ]
}