{
    "Material": "MgTiV2CrO10",
    "steinhart_vector": [
        [
            0.06809808540730644,
            1.485229561947495e-17,
            0.002568472808085921,
            0.050651619058593396,
            0.034612166930738784,
            0.005054549132844915,
            0.04262256059711772,
            0.041338231229230686,
            0.015981034571762368,
            0.035321873414137755,
            0.043533773882926
        ],
        "MgTiV2CrO10"
    ],
    "steinhart_parameter_sum": 0.339782367032744,
    "band_gap": 1.5419,
    "oxidation_state": 4.0,
    "possible_species": [
        "Cr4+",
        "V5+",
        "O2-",
        "Ti4+",
        "Mg2+"
    ],
    "density": 2.7627394410216457,
    "quadrupole moment": [
        [
            -8.646127854591295,
            -2.6116263603412905e-15,
            2.6645352591003757e-15
        ],
        [
            -2.6116263603412905e-15,
            -8.646127854591295,
            0.0
        ],
        [
            2.6645352591003757e-15,
            0.0,
            -9.662798489846177
        ]
    ],
    "quadrupole moment normalized": [
        [
            -0.09519874465044106,
            -2.87554793523515e-17,
            -6.938893903907228e-18
        ],
        [
            -2.87554793523515e-17,
            -0.09519874465044102,
            0.0
        ],
        [
            -6.938893903907228e-18,
            0.0,
            -0.10639286181212929
        ]
    ]
}