{
    "Material": "CrH36C12S6(ClO2)3",
    "steinhart_vector": [
        [
            0.06237541045927522,
            8.225893101390664e-18,
            0.0018625869295001245,
            4.379952090339231e-17,
            0.047548987175914506,
            5.792771174552399e-17,
            0.022393610375902023,
            8.30448042434802e-17,
            0.04453630691084976,
            1.0546686494018717e-16,
            0.02626106928629608
        ],
        "CrH36C12S6(ClO2)3"
    ],
    "steinhart_parameter_sum": 0.20497797113773802,
    "band_gap": 2.6428,
    "oxidation_state": 3.0,
    "possible_species": [
        "O2-",
        "C2-",
        "C-",
        "S-",
        "H+",
        "Cr3+",
        "Cl-"
    ],
    "density": 1.4247713888040257,
    "quadrupole moment": [
        [
            -16.160732329747162,
            0.28997483898241605,
            0.5659853594887072
        ],
        [
            0.28997483898241605,
            -16.324086446963996,
            0.42858806291042306
        ],
        [
            0.5659853594887072,
            0.42858806291042306,
            -15.707124505977784
        ]
    ],
    "quadrupole moment normalized": [
        [
            -0.125251984457881,
            0.002247417374331917,
            0.004386608792020247
        ],
        [
            0.002247417374331917,
            -0.12651804523633675,
            0.0033217405868381546
        ],
        [
            0.004386608792020247,
            0.0033217405868381546,
            -0.12173638598223692
        ]
    ]
}