{
    "Material": "Rb2CrF6",
    "steinhart_vector": [
        [
            0.060636769902542104,
            8.934921342364062e-18,
            0.0005619778773859614,
            8.063140048914245e-18,
            0.046313518675403245,
            1.6755829459767812e-17,
            0.02144477966243248,
            2.0685214669759596e-17,
            0.04354322204576946,
            3.329645631825485e-17,
            0.02495276305459157
        ],
        "Rb2CrF6"
    ],
    "steinhart_parameter_sum": 0.19745303121812488,
    "band_gap": 1.8763999999999998,
    "oxidation_state": 4.0,
    "possible_species": [
        "F-",
        "Cr4+",
        "Rb+"
    ],
    "density": 3.6843487048320176,
    "quadrupole moment": [
        [
            -6.654317947521459,
            0.086089511136062,
            0.11087383603384104
        ],
        [
            0.086089511136062,
            -6.710452059157861,
            -0.1527649039044341
        ],
        [
            0.11087383603384104,
            -0.1527649039044341,
            -6.791990716105812
        ]
    ],
    "quadrupole moment normalized": [
        [
            -0.06681900730824837,
            -0.00083281813008396,
            -0.001072057985063466
        ],
        [
            -0.00083281813008396,
            -0.06627602911087838,
            0.0014770600418263311
        ],
        [
            -0.001072057985063466,
            0.0014770600418263311,
            -0.06548723671494301
        ]
    ]
}