{
    "Material": "MgCrGaO4",
    "steinhart_vector": [
        [
            0.06075649866357666,
            0.002613753170007406,
            0.0059992431165364,
            0.004628459280708876,
            0.0444995374277538,
            0.01017289149746891,
            0.023657804352387415,
            0.008820051434515355,
            0.038221754245151285,
            0.017223705227476144,
            0.026752328832229787
        ],
        "MgCrGaO4"
    ],
    "steinhart_parameter_sum": 0.24334602724781204,
    "band_gap": 2.1823,
    "oxidation_state": 3.0,
    "possible_species": [
        "Ga3+",
        "Mg2+",
        "Cr3+",
        "O2-"
    ],
    "density": 4.445664291780827,
    "quadrupole moment": [
        [
            -14.191453058329182,
            -0.0014440687932457674,
            1.1991872048280299
        ],
        [
            -0.0014440687932457674,
            -17.023918180233256,
            0.0018171942764890758
        ],
        [
            1.1991872048280299,
            0.0018171942764890758,
            -19.65542243943228
        ]
    ],
    "quadrupole moment normalized": [
        [
            -0.09773971531147665,
            -1.15981599665433e-05,
            0.0059449361855162825
        ],
        [
            -1.15981599665433e-05,
            -0.1210440829595589,
            6.871815435609968e-06
        ],
        [
            0.0059449361855162825,
            6.871815435609968e-06,
            -0.1357658848376559
        ]
    ]
}