{
    "Material": "Cr(GeO3)2",
    "steinhart_vector": [
        [
            0.06361806781334613,
            0.0028230106498551024,
            0.004453507382242195,
            0.015770528374833143,
            0.04203989097002136,
            0.019183466108693512,
            0.020296609229871705,
            0.026641425251116742,
            0.028268187288875316,
            0.026796101505141653,
            0.022645783585494
        ],
        "Cr(GeO3)2"
    ],
    "steinhart_parameter_sum": 0.27253657815949084,
    "band_gap": 0.698,
    "oxidation_state": 4.0,
    "possible_species": [
        "O2-",
        "Cr4+",
        "Ge4+"
    ],
    "density": 4.211510356863677,
    "quadrupole moment": [
        [
            -17.029581539583642,
            0.17914675326917534,
            -1.1765908712260629
        ],
        [
            0.17914675326917534,
            -14.041573678907119,
            -0.8097577711705395
        ],
        [
            -1.1765908712260629,
            -0.8097577711705395,
            -15.624681059750232
        ]
    ],
    "quadrupole moment normalized": [
        [
            -0.13544220711438226,
            0.00037916664713161935,
            -0.007953829575102038
        ],
        [
            0.00037916664713161935,
            -0.13198151846125572,
            -0.013116171380455082
        ],
        [
            -0.007953829575102038,
            -0.013116171380455082,
            -0.12215444509904469
        ]
    ]
}