{
    "Material": "NbCrGe",
    "steinhart_vector": [
        [
            0.012562851936640473,
            0.0006836787797837282,
            0.002530466853406069,
            0.00884983507773362,
            0.005870795493728458,
            0.004703864017238601,
            0.007520743485858153,
            0.0056938300959863426,
            0.0056947682674091645,
            0.007579082188993542,
            0.005349537894768103
        ],
        "NbCrGe"
    ],
    "steinhart_parameter_sum": 0.06703945409154627,
    "band_gap": 0.0,
    "oxidation_state": 2.0,
    "possible_species": [
        "Cr2+",
        "Ge4-",
        "Nb2+"
    ],
    "density": 8.084538900587441,
    "quadrupole moment": [
        [
            -45.85927742302304,
            1.6477766315858844e-06,
            -1.3336082670544584e-15
        ],
        [
            1.6477766315858844e-06,
            -30.55360676833686,
            -3.240439980120804e-15
        ],
        [
            -1.3336082670544584e-15,
            -3.240439980120804e-15,
            -22.812850951199998
        ]
    ],
    "quadrupole moment normalized": [
        [
            -0.03780614667142673,
            -7.998143432275118e-10,
            -9.738805413503524e-19
        ],
        [
            -7.998143432275118e-10,
            -0.0223120667019316,
            -2.3663627432215625e-18
        ],
        [
            -9.738805413503524e-19,
            -2.3663627432215625e-18,
            -0.020749135722818952
        ]
    ]
}