{
    "Material": "MgVCrP2(O4F)2",
    "steinhart_vector": [
        [
            0.05960042745092964,
            0.0016823958612430326,
            0.004174296539324143,
            0.0068097053361281905,
            0.04404151343654708,
            0.009199203143144367,
            0.02127741590335507,
            0.012523778237086907,
            0.03847215201988351,
            0.01454929820050569,
            0.024238960378349245
        ],
        "MgVCrP2(O4F)2"
    ],
    "steinhart_parameter_sum": 0.23656914650649685,
    "band_gap": 2.2048,
    "oxidation_state": 3.0,
    "possible_species": [
        "F-",
        "O2-",
        "Cr3+",
        "P5+",
        "Mg2+",
        "V3+"
    ],
    "density": 3.2352976276615824,
    "quadrupole moment": [
        [
            -14.997488450991366,
            1.4902166989902992,
            0.7400106929934123
        ],
        [
            1.4902166989902992,
            -12.541855376636668,
            4.086335332151674
        ],
        [
            0.7400106929934123,
            4.086335332151674,
            -13.255838517959216
        ]
    ],
    "quadrupole moment normalized": [
        [
            -0.11394924803911385,
            0.008550976024137347,
            0.01257311397137817
        ],
        [
            0.008550976024137347,
            -0.08851116226847403,
            0.03606140420362686
        ],
        [
            0.01257311397137817,
            0.03606140420362686,
            -0.09876528772232493
        ]
    ]
}