{
    "Material": "MgV3CrO10",
    "steinhart_vector": [
        [
            0.06570462909453484,
            0.002295596676154997,
            0.005348445604241139,
            0.032987301434867146,
            0.03859707861090104,
            0.026085524572020145,
            0.019069663782867508,
            0.03673723542958861,
            0.026061812224460808,
            0.02998014997104178,
            0.03219961510345878
        ],
        "MgV3CrO10"
    ],
    "steinhart_parameter_sum": 0.3150670525041368,
    "band_gap": 0.7322000000000001,
    "oxidation_state": 4.0,
    "possible_species": [
        "Cr5+",
        "O2-",
        "Mg2+",
        "V4+",
        "V5+"
    ],
    "density": 2.9986847245550483,
    "quadrupole moment": [
        [
            -14.381395014881353,
            -0.3419976526099642,
            -1.1230278535349683
        ],
        [
            -0.3419976526099642,
            -14.273915761984261,
            -1.1107796777771213
        ],
        [
            -1.1230278535349683,
            -1.1107796777771213,
            -8.074101787660693
        ]
    ],
    "quadrupole moment normalized": [
        [
            -0.11893804781507875,
            -0.004289115160012055,
            0.0013192778575670389
        ],
        [
            -0.004289115160012055,
            -0.12181743675570035,
            0.0017766354768109752
        ],
        [
            0.0013192778575670389,
            0.0017766354768109752,
            -0.10651209517012397
        ]
    ]
}