{
    "Material": "Ba2MgCrMoO6",
    "steinhart_vector": [
        [
            0.06855829423900386,
            0.001743192595445771,
            0.03421282614771117,
            0.054210256996718054,
            0.025802070309776774,
            0.035755976266287244,
            0.050806244631941624,
            0.029556670538212974,
            0.0364366467147467,
            0.04907380854551246,
            0.031370281922851885
        ],
        "Ba2MgCrMoO6"
    ],
    "steinhart_parameter_sum": 0.41752626890820843,
    "band_gap": 1.1214999999999997,
    "oxidation_state": 3.0,
    "possible_species": [
        "Mg2+",
        "Mo3+",
        "Cr3+",
        "Ba2+",
        "O2-"
    ],
    "density": 4.988575552835869,
    "quadrupole moment": [
        [
            -9.964917969648925,
            0.08706968970638534,
            -0.009799927076606263
        ],
        [
            0.08706968970638534,
            -0.015180070212919054,
            0.12345656688327744
        ],
        [
            -0.009799927076606263,
            0.12345656688327744,
            -9.96570051350924
        ]
    ],
    "quadrupole moment normalized": [
        [
            -0.11261640658173647,
            0.000979582927694221,
            -0.00016168832881570394
        ],
        [
            0.000979582927694221,
            -0.00017157208191926913,
            0.001395526282652148
        ],
        [
            -0.00016168832881570394,
            0.001395526282652148,
            -0.11282355494991758
        ]
    ]
}