{
    "Material": "MgV3CrO10",
    "steinhart_vector": [
        [
            0.06589103927226177,
            0.00018846828977300557,
            0.00476686213894246,
            0.03377958279081004,
            0.03734810874685715,
            0.027377606621585275,
            0.021570635211083277,
            0.03384647800583706,
            0.02763092526437149,
            0.03154103926123056,
            0.031835858697376505
        ],
        "MgV3CrO10"
    ],
    "steinhart_parameter_sum": 0.3157766043001286,
    "band_gap": 0.7242000000000002,
    "oxidation_state": 5.0,
    "possible_species": [
        "Cr5+",
        "O2-",
        "V5+",
        "V4+",
        "Mg2+"
    ],
    "density": 2.7823659186597633,
    "quadrupole moment": [
        [
            -14.173928940424119,
            0.0671856145671608,
            0.5662370709349234
        ],
        [
            0.0671856145671608,
            -13.824877521277584,
            -0.4142434563737085
        ],
        [
            0.5662370709349234,
            -0.4142434563737085,
            -8.401927473736503
        ]
    ],
    "quadrupole moment normalized": [
        [
            -0.12481389030132248,
            0.0011681319237611244,
            0.001375748587164027
        ],
        [
            0.0011681319237611244,
            -0.1147564691670509,
            0.006040352232584905
        ],
        [
            0.001375748587164027,
            0.006040352232584905,
            -0.1092295296173732
        ]
    ]
}