{
    "Material": "Na2CrCl4",
    "steinhart_vector": [
        [
            0.022913941534103574,
            5.963345905174923e-19,
            0.0021712381500332734,
            2.5253953849057347e-18,
            0.017377739196498564,
            4.385549997576548e-18,
            0.008776311705901348,
            4.8640740214388056e-18,
            0.016081372438194838,
            7.151577415462448e-18,
            0.01042435182592963
        ],
        "Na2CrCl4"
    ],
    "steinhart_parameter_sum": 0.07774495485066124,
    "band_gap": 0.0,
    "oxidation_state": 2.0,
    "possible_species": [
        "Cr2+",
        "Cl-",
        "Na+"
    ],
    "density": 2.4221826500540984,
    "quadrupole moment": [
        [
            -11.317533931517566,
            -0.7346634270176144,
            -0.08897193984921836
        ],
        [
            -0.7346634270176144,
            -16.529197088333504,
            -2.8643637546410803
        ],
        [
            -0.08897193984921836,
            -2.8643637546410803,
            -12.982821705473228
        ]
    ],
    "quadrupole moment normalized": [
        [
            -0.01971897194464814,
            0.0012058574120894054,
            0.0020598199167328702
        ],
        [
            0.0012058574120894054,
            -0.018393617483332292,
            0.0034039114467289858
        ],
        [
            0.0020598199167328702,
            0.0034039114467289858,
            -0.01596130180304214
        ]
    ]
}