{
    "Material": "Cr(PO3)3",
    "steinhart_vector": [
        [
            0.06293494451745112,
            4.621332960198354e-05,
            0.0013894895964550195,
            0.0019767478300434203,
            0.047926298828987315,
            0.0024432921289890474,
            0.02235079119693619,
            0.00403732538970749,
            0.04474546878019703,
            0.004327909641691414,
            0.025955026078607637
        ],
        "Cr(PO3)3"
    ],
    "steinhart_parameter_sum": 0.21813350731866765,
    "band_gap": 3.0545,
    "oxidation_state": 3.0,
    "possible_species": [
        "Cr3+",
        "O2-",
        "P5+"
    ],
    "density": 2.6468628440473276,
    "quadrupole moment": [
        [
            -16.186720475777523,
            0.053694570722511104,
            0.02330918910571267
        ],
        [
            0.053694570722511104,
            -16.061666981720744,
            0.04001363104451537
        ],
        [
            0.02330918910571267,
            0.04001363104451537,
            -15.090549412437156
        ]
    ],
    "quadrupole moment normalized": [
        [
            -0.12970943354294381,
            0.0003987324501517603,
            0.0005788359309037983
        ],
        [
            0.0003987324501517603,
            -0.12930366671915117,
            0.0003664669105972585
        ],
        [
            0.0005788359309037983,
            0.0003664669105972585,
            -0.12122466782020805
        ]
    ]
}