{
    "Material": "CrPt3",
    "steinhart_vector": [
        [
            0.004653789772460417,
            1.8117945473123483e-19,
            5.076707150854743e-10,
            5.135153944868926e-19,
            0.0008885976625296041,
            7.518896282078311e-19,
            0.0026737151238877288,
            9.841377555692344e-19,
            0.0018797334533234985,
            1.2887532742881216e-18,
            5.983397407011036e-05
        ],
        "CrPt3"
    ],
    "steinhart_parameter_sum": 0.010155670493942077,
    "band_gap": 0.0,
    "oxidation_state": 6.0,
    "possible_species": [
        "Pt2-",
        "Cr6+"
    ],
    "density": 17.894383631706567,
    "quadrupole moment": [
        [
            -60.71378882752052,
            -7.993605777301127e-15,
            -5.411537357593785e-15
        ],
        [
            -7.993605777301127e-15,
            -60.7137888275205,
            -5.411537357593785e-15
        ],
        [
            -5.411537357593785e-15,
            -5.411537357593785e-15,
            -60.7137570365509
        ]
    ],
    "quadrupole moment normalized": [
        [
            -0.013514442949071018,
            -6.505213034913027e-19,
            -4.137603741692844e-19
        ],
        [
            -6.505213034913027e-19,
            -0.01351444294907102,
            1.9920494824917394e-20
        ],
        [
            -4.137603741692844e-19,
            1.9920494824917394e-20,
            -0.013514439410851592
        ]
    ]
}