{
    "Material": "MgNbCrO4",
    "steinhart_vector": [
        [
            0.05898325633367256,
            8.51046027941307e-07,
            0.02954302977340878,
            4.004270295155529e-05,
            0.04882879112187882,
            3.9697325404413975e-05,
            0.03477273373276729,
            7.503226689341385e-05,
            0.046854724988949215,
            7.148762309950776e-05,
            0.03658594149401941
        ],
        "MgNbCrO4"
    ],
    "steinhart_parameter_sum": 0.2557955884090729,
    "band_gap": 0.0,
    "oxidation_state": 2.0,
    "possible_species": [
        "O2-",
        "Nb4+",
        "Mg2+",
        "Cr2+"
    ],
    "density": 4.3072794961550995,
    "quadrupole moment": [
        [
            -18.577460129507383,
            -4.440892098500626e-16,
            -1.7763568394002505e-15
        ],
        [
            -4.440892098500626e-16,
            -2.1431273144936496,
            -5.709194028896283
        ],
        [
            -1.7763568394002505e-15,
            -5.709194028896283,
            -15.209034124641384
        ]
    ],
    "quadrupole moment normalized": [
        [
            -0.11512533298267957,
            5.204170427930421e-18,
            3.469446951953614e-18
        ],
        [
            5.204170427930421e-18,
            -0.013281072725845448,
            -0.03538017577908052
        ],
        [
            3.469446951953614e-18,
            -0.03538017577908052,
            -0.09425118467446324
        ]
    ]
}