{
    "Material": "CrInBr3",
    "steinhart_vector": [
        [
            0.010493271211997073,
            0.00023362817320075983,
            0.0010113069357911314,
            0.000625208290442667,
            0.007889550747736012,
            0.0009371886475192916,
            0.003967029858072912,
            0.0012851282642110662,
            0.007145545605894107,
            0.0016034384977765103,
            0.00458643955062929
        ],
        "CrInBr3"
    ],
    "steinhart_parameter_sum": 0.03977773578327082,
    "band_gap": 0.0,
    "oxidation_state": 2.0,
    "possible_species": [
        "Cr2+",
        "Br-",
        "In+"
    ],
    "density": 4.376033208199131,
    "quadrupole moment": [
        [
            -12.788059269717248,
            1.2365054907108324,
            0.33978924109944963
        ],
        [
            1.2365054907108324,
            -18.497191751010668,
            -3.3099806357208106
        ],
        [
            0.33978924109944963,
            -3.3099806357208106,
            -14.742123877550053
        ]
    ],
    "quadrupole moment normalized": [
        [
            -0.008291324844994133,
            -0.0006357309000376868,
            -0.0010774485399869696
        ],
        [
            -0.0006357309000376868,
            -0.008092307603279624,
            0.0013687915984714675
        ],
        [
            -0.0010774485399869696,
            0.0013687915984714675,
            -0.006973726426790774
        ]
    ]
}