{
    "Material": "MgNbCrO4",
    "steinhart_vector": [
        [
            0.05948895828230411,
            0.003913618677023611,
            0.007256395409339541,
            0.03128027599359133,
            0.029723607736573947,
            0.02694797780958571,
            0.02317690167452853,
            0.029777481053020857,
            0.02250644350165725,
            0.025348338944809964,
            0.03376547597869245
        ],
        "MgNbCrO4"
    ],
    "steinhart_parameter_sum": 0.2931854750611273,
    "band_gap": 0.0,
    "oxidation_state": 2.0,
    "possible_species": [
        "Mg2+",
        "Cr2+",
        "O2-",
        "Nb4+"
    ],
    "density": 4.417796062388208,
    "quadrupole moment": [
        [
            -18.08030108000035,
            -1.9984014443252818e-15,
            -8.881784197001252e-16
        ],
        [
            -1.9984014443252818e-15,
            -13.092585738359595,
            -0.18307819514636936
        ],
        [
            -8.881784197001252e-16,
            -0.18307819514636936,
            -12.985528263520667
        ]
    ],
    "quadrupole moment normalized": [
        [
            -0.11758630458010716,
            1.3877787807814457e-17,
            1.3877787807814457e-17
        ],
        [
            1.3877787807814457e-17,
            -0.08368888354472481,
            -0.0031380230258733523
        ],
        [
            1.3877787807814457e-17,
            -0.0031380230258733523,
            -0.08185388172559584
        ]
    ]
}