{
    "Material": "LiCr(PO3)4",
    "steinhart_vector": [
        [
            0.062271768163896554,
            0.00045822171945190417,
            0.00048058151351925316,
            0.002055628659738972,
            0.047447374355814476,
            0.0028934566719059766,
            0.021922040162908135,
            0.004183853969605816,
            0.044333952996616424,
            0.005115253289304218,
            0.025317665506632454
        ],
        "LiCr(PO3)4"
    ],
    "steinhart_parameter_sum": 0.21647979700939418,
    "band_gap": 3.237,
    "oxidation_state": 3.0,
    "possible_species": [
        "P5+",
        "O2-",
        "Cr3+",
        "Li+"
    ],
    "density": 2.4068025787647387,
    "quadrupole moment": [
        [
            -16.357766887370094,
            0.20546888881928949,
            0.18800188524163752
        ],
        [
            0.20546888881928949,
            -16.13447117053345,
            -0.00408680462431682
        ],
        [
            0.18800188524163752,
            -0.00408680462431682,
            -15.87097233205813
        ]
    ],
    "quadrupole moment normalized": [
        [
            -0.12275152260886651,
            -0.0021944751251622187,
            0.000683526182935764
        ],
        [
            -0.0021944751251622187,
            -0.12459707785385686,
            0.0005380604832364785
        ],
        [
            0.000683526182935764,
            0.0005380604832364785,
            -0.12494498038916199
        ]
    ]
}