{
    "Material": "CsCrI3",
    "steinhart_vector": [
        [
            0.006559261219514789,
            2.7675618855890287e-19,
            0.0002790555754404808,
            1.7220539174036703e-18,
            0.004990291632328885,
            2.3149820384087503e-18,
            0.002390989558425982,
            3.200191434849963e-18,
            0.0046559895474406615,
            3.853169120994367e-18,
            0.0028238985935497363
        ],
        "CsCrI3"
    ],
    "steinhart_parameter_sum": 0.021699486126700546,
    "band_gap": 0.0,
    "oxidation_state": 2.0,
    "possible_species": [
        "Cs+",
        "Cr2+",
        "I-"
    ],
    "density": 4.595471590570692,
    "quadrupole moment": [
        [
            -15.84482115396455,
            4.154071575612761e-08,
            -4.286288223154244e-05
        ],
        [
            4.154071575612761e-08,
            -15.844821105997465,
            2.4746896518657024e-05
        ],
        [
            -4.286288223154244e-05,
            2.4746896518657024e-05,
            -17.956974422521505
        ]
    ],
    "quadrupole moment normalized": [
        [
            -0.0043665177744099835,
            1.0020224730468083e-08,
            3.256381588640986e-09
        ],
        [
            1.0020224730468083e-08,
            -0.004366506204051023,
            -1.880072781051262e-09
        ],
        [
            3.256381588640986e-09,
            -1.880072781051262e-09,
            -0.004948578684725118
        ]
    ]
}