{
    "Material": "MgCrFe(BiO3)2",
    "steinhart_vector": [
        [
            0.05990934576250592,
            0.002720381256140299,
            0.02997396096057779,
            0.008917976584770995,
            0.0474119874670302,
            0.013797765395439504,
            0.03377984173306417,
            0.01733151523232837,
            0.04075359386335408,
            0.023207247803584408,
            0.03242178551876595
        ],
        "MgCrFe(BiO3)2"
    ],
    "steinhart_parameter_sum": 0.31022540157756173,
    "band_gap": 2.0554000000000006,
    "oxidation_state": 2.0,
    "possible_species": [
        "Bi3+",
        "Mg2+",
        "Cr2+",
        "O2-",
        "Fe2+"
    ],
    "density": 6.794398644982352,
    "quadrupole moment": [
        [
            -11.363881928526338,
            -2.1345737940027774,
            -9.049272611494242
        ],
        [
            -2.1345737940027774,
            -15.390270215576642,
            1.2994674978626426
        ],
        [
            -9.049272611494242,
            1.2994674978626426,
            -8.094953444893271
        ]
    ],
    "quadrupole moment normalized": [
        [
            -0.07410621630048742,
            -0.01450146348578489,
            -0.059452132984895774
        ],
        [
            -0.01450146348578489,
            -0.10189583192668561,
            0.008575538898120029
        ],
        [
            -0.059452132984895774,
            0.008575538898120029,
            -0.053749801586322345
        ]
    ]
}