{
    "Material": "MgCr(CoO3)2",
    "steinhart_vector": [
        [
            0.061910607085341275,
            0.0004228733177105195,
            0.00436706088649395,
            0.0012085452741628885,
            0.04675000119011046,
            0.0015652278487732535,
            0.023634826602353748,
            0.0025376873262763482,
            0.042974795546357046,
            0.0026702811914480354,
            0.028330134503986488
        ],
        "MgCr(CoO3)2"
    ],
    "steinhart_parameter_sum": 0.216372040773014,
    "band_gap": 0.09660000000000002,
    "oxidation_state": 3.0,
    "possible_species": [
        "Mg2+",
        "Co3+",
        "Co4+",
        "Cr3+",
        "O2-"
    ],
    "density": 4.464894447643088,
    "quadrupole moment": [
        [
            -15.940646126188662,
            -0.18354875233934342,
            -1.9118350875097594
        ],
        [
            -0.18354875233934342,
            -16.705743418607582,
            0.4357915101598473
        ],
        [
            -1.9118350875097594,
            0.4357915101598473,
            -16.28697756402535
        ]
    ],
    "quadrupole moment normalized": [
        [
            -0.12446854467904012,
            0.00024579255277588224,
            -0.01455218295421924
        ],
        [
            0.00024579255277588224,
            -0.1234755656093683,
            0.003329246141234969
        ],
        [
            -0.01455218295421924,
            0.003329246141234969,
            -0.12005525591767474
        ]
    ]
}