{
    "Material": "MgCrPbO3",
    "steinhart_vector": [
        [
            0.06055273098848388,
            0.002687590289181611,
            0.01138027404764131,
            0.023476328970392393,
            0.04185788066227159,
            0.01854540968763318,
            0.016113771962522533,
            0.03218871739047256,
            0.030062563360178082,
            0.02779368433242082,
            0.016903490181136273
        ],
        "MgCrPbO3"
    ],
    "steinhart_parameter_sum": 0.28156244187233426,
    "band_gap": 0.26949999999999985,
    "oxidation_state": 2.0,
    "possible_species": [
        "Mg2+",
        "O2-",
        "Cr2+",
        "Pb2+"
    ],
    "density": 6.645101385824397,
    "quadrupole moment": [
        [
            -15.883862561794515,
            -0.2725206047251613,
            -0.22009421855994626
        ],
        [
            -0.2725206047251613,
            -11.070191819548175,
            -0.27606710126226475
        ],
        [
            -0.22009421855994626,
            -0.27606710126226475,
            -15.889554238798162
        ]
    ],
    "quadrupole moment normalized": [
        [
            -0.11840585043476236,
            -0.0015444187161982473,
            -0.0015203425836609599
        ],
        [
            -0.0015444187161982473,
            -0.05696346225380571,
            -0.0015645172905220256
        ],
        [
            -0.0015203425836609599,
            -0.0015645172905220256,
            -0.11844516677381801
        ]
    ]
}