{
    "Material": "LiCr(PO3)3",
    "steinhart_vector": [
        [
            0.05737495058283021,
            0.001268999726277825,
            0.00406251671126195,
            0.006101940941985215,
            0.04264742658326951,
            0.009277251678170537,
            0.019862610916709267,
            0.011560028766930144,
            0.03736774307218363,
            0.016000827653686222,
            0.021415595678705573
        ],
        "LiCr(PO3)3"
    ],
    "steinhart_parameter_sum": 0.2269398923120101,
    "band_gap": 3.0959,
    "oxidation_state": 2.0,
    "possible_species": [
        "Cr2+",
        "Li+",
        "P5+",
        "O2-"
    ],
    "density": 2.9525939342354346,
    "quadrupole moment": [
        [
            -16.798856324486717,
            -0.11501016695957106,
            -1.2300022332458385
        ],
        [
            -0.11501016695957106,
            -17.025574402431587,
            -0.5921715212425499
        ],
        [
            -1.2300022332458385,
            -0.5921715212425499,
            -24.628498479417665
        ]
    ],
    "quadrupole moment normalized": [
        [
            -0.12073891990428198,
            3.8091138657138436e-05,
            -0.0024190313939396217
        ],
        [
            3.8091138657138436e-05,
            -0.11506548488732991,
            0.009859845758029026
        ],
        [
            -0.0024190313939396217,
            0.009859845758029026,
            -0.08271601375418193
        ]
    ]
}