{
    "Material": "Sr2MgZrCrO6",
    "steinhart_vector": [
        [
            0.06305782901997527,
            7.100755455475342e-18,
            0.031530090561466016,
            1.3160877872097779e-17,
            0.05228301676559923,
            1.9892721073215616e-17,
            0.036975316728503085,
            3.2520109731664176e-17,
            0.05031194350986281,
            4.197688171750451e-17,
            0.03872394485330055
        ],
        "Sr2MgZrCrO6"
    ],
    "steinhart_parameter_sum": 0.2728821414387071,
    "band_gap": 1.1145999999999998,
    "oxidation_state": 2.0,
    "possible_species": [
        "O2-",
        "Zr4+",
        "Cr2+",
        "Mg2+",
        "Sr2+"
    ],
    "density": 4.225173504405176,
    "quadrupole moment": [
        [
            -3.6639999286015255,
            6.667358725621272,
            9.392056483048528e-05
        ],
        [
            6.667358725621272,
            -12.132552740819833,
            -0.0001709066893131883
        ],
        [
            9.392056483048528e-05,
            -0.0001709066893131883,
            -15.639787808575361
        ]
    ],
    "quadrupole moment normalized": [
        [
            -0.029660705441356346,
            0.053973408047524166,
            -7.576944773771827e-07
        ],
        [
            0.053973408047524166,
            -0.09821508736615313,
            1.3787721024963173e-06
        ],
        [
            -7.576944773771827e-07,
            1.3787721024963173e-06,
            -0.12660675444784625
        ]
    ]
}