{
    "Material": "Cr(SiO3)2",
    "steinhart_vector": [
        [
            0.06366576686047766,
            0.0027737828422576567,
            0.002386328315999462,
            0.013409059821003964,
            0.044301471528128744,
            0.01592458169016858,
            0.019359425942031206,
            0.02508480590140377,
            0.03291258501548516,
            0.024185131541764063,
            0.0183019700188449
        ],
        "Cr(SiO3)2"
    ],
    "steinhart_parameter_sum": 0.2623049094775652,
    "band_gap": 0.22639999999999993,
    "oxidation_state": 4.0,
    "possible_species": [
        "Cr4+",
        "Si4+",
        "O2-"
    ],
    "density": 3.2201105806339503,
    "quadrupole moment": [
        [
            -15.033642641954936,
            0.0488079245171833,
            -0.5923000518711663
        ],
        [
            0.0488079245171833,
            -15.036559828478024,
            -0.5748639728775984
        ],
        [
            -0.5923000518711663,
            -0.5748639728775984,
            -16.526675149405825
        ]
    ],
    "quadrupole moment normalized": [
        [
            -0.12669170951915598,
            -0.0053664515744187,
            -0.0020372777411223585
        ],
        [
            -0.0053664515744187,
            -0.12637096364920555,
            -0.0019773045307303486
        ],
        [
            -0.0020372777411223585,
            -0.0019773045307303486,
            -0.13698422270834357
        ]
    ]
}