{
    "Material": "MgCrCo3O8",
    "steinhart_vector": [
        [
            0.062418164295487154,
            0.00048787955321797765,
            0.00888444804387151,
            0.0009537410379356515,
            0.04558271857451951,
            0.001740316815670405,
            0.028408320432373624,
            0.001984792997206772,
            0.03931315549207194,
            0.0030454384372892453,
            0.03510719307290307
        ],
        "MgCrCo3O8"
    ],
    "steinhart_parameter_sum": 0.22792616875254687,
    "band_gap": 0.0,
    "oxidation_state": 3.0,
    "possible_species": [
        "Co3+",
        "Co4+",
        "O2-",
        "Cr3+",
        "Mg2+"
    ],
    "density": 4.366928104968317,
    "quadrupole moment": [
        [
            -14.711810218171053,
            -1.210215840180424,
            -2.6489501698632454
        ],
        [
            -1.210215840180424,
            -15.34345918990645,
            -1.9884684925513796
        ],
        [
            -2.6489501698632454,
            -1.9884684925513796,
            -18.074676588105405
        ]
    ],
    "quadrupole moment normalized": [
        [
            -0.11470762547433713,
            -0.009894832144026259,
            -0.0208027509475552
        ],
        [
            -0.009894832144026259,
            -0.11926690223612177,
            -0.015230057176183814
        ],
        [
            -0.0208027509475552,
            -0.015230057176183814,
            -0.14005444933133515
        ]
    ]
}