{
    "Material": "LaMgCrWO6",
    "steinhart_vector": [
        [
            0.061479073060768975,
            0.0013737843579747673,
            0.0026192434624671746,
            0.0061680824383866465,
            0.04585303483788821,
            0.007523520881970562,
            0.02147683142627142,
            0.012786210450656964,
            0.040637569889228474,
            0.012602697530172388,
            0.02367545437865195
        ],
        "LaMgCrWO6"
    ],
    "steinhart_parameter_sum": 0.23619550271443754,
    "band_gap": 2.1620999999999997,
    "oxidation_state": 3.0,
    "possible_species": [
        "La3+",
        "O2-",
        "Mg2+",
        "W4+",
        "Cr3+"
    ],
    "density": 6.77605032354948,
    "quadrupole moment": [
        [
            -16.34383660090306,
            0.36665331430571957,
            0.4977247219703833
        ],
        [
            0.36665331430571957,
            -16.57474834169164,
            1.0639535908912854
        ],
        [
            0.4977247219703833,
            1.0639535908912854,
            -16.72374331590916
        ]
    ],
    "quadrupole moment normalized": [
        [
            -0.11771185102986784,
            -0.0013737839442100538,
            0.007160304316798181
        ],
        [
            -0.0013737839442100538,
            -0.12181275144671072,
            0.005109847441388822
        ],
        [
            0.007160304316798181,
            0.005109847441388822,
            -0.12340696187913923
        ]
    ]
}