{
    "Material": "KCrClO3",
    "steinhart_vector": [
        [
            0.06430912780773046,
            0.011939013593786189,
            0.01297821949053259,
            0.048712009158853604,
            0.034109334340572624,
            0.012888314381584826,
            0.041798413975485046,
            0.04021332556480896,
            0.01829707754596455,
            0.035433925826231005,
            0.042577537467400464
        ],
        "KCrClO3"
    ],
    "steinhart_parameter_sum": 0.36325629915295027,
    "band_gap": 2.5006,
    "oxidation_state": 6.0,
    "possible_species": [
        "O2-",
        "Cl-",
        "K+",
        "Cr6+"
    ],
    "density": 2.3488500817960656,
    "quadrupole moment": [
        [
            -7.104798416466307,
            -0.015427115951374498,
            0.3093132367597513
        ],
        [
            -0.015427115951374498,
            -7.001917839755201,
            -0.06015054698482725
        ],
        [
            0.3093132367597513,
            -0.06015054698482725,
            -6.563992931533475
        ]
    ],
    "quadrupole moment normalized": [
        [
            -0.10546709074072622,
            -0.0019288781412295079,
            0.03773949334912021
        ],
        [
            -0.0019288781412295079,
            -0.12472217108096043,
            -0.004423485411522105
        ],
        [
            0.03773949334912021,
            -0.004423485411522105,
            -0.06496807153893465
        ]
    ]
}