{
    "Material": "Mn5Cr(PO4)6",
    "steinhart_vector": [
        [
            0.05580973639135909,
            0.0006081699981166334,
            0.01857489857552698,
            0.002271522135798718,
            0.03251303190809556,
            0.003427179801564271,
            0.037616571461104586,
            0.004646916146239795,
            0.021481795225801556,
            0.005960251167582714,
            0.0381128938109386
        ],
        "Mn5Cr(PO4)6"
    ],
    "steinhart_parameter_sum": 0.22102296662212853,
    "band_gap": 0.32400000000000007,
    "oxidation_state": 3.0,
    "possible_species": [
        "Cr5+",
        "Mn3+",
        "P5+",
        "O2-",
        "Mn2+"
    ],
    "density": 3.3274581787832784,
    "quadrupole moment": [
        [
            -30.95662354186417,
            6.595941052359741,
            -0.7083392855458
        ],
        [
            6.595941052359741,
            -15.899818036743115,
            0.2872620868694771
        ],
        [
            -0.7083392855458,
            0.2872620868694771,
            -13.365750498538898
        ]
    ],
    "quadrupole moment normalized": [
        [
            -0.15571439460987962,
            0.030072650590424743,
            0.00011348926062177203
        ],
        [
            0.030072650590424743,
            -0.07805835958867013,
            0.0018739894063255621
        ],
        [
            0.00011348926062177203,
            0.0018739894063255621,
            -0.0652813415201581
        ]
    ]
}