{
    "Material": "CrReO4",
    "steinhart_vector": [
        [
            0.06260561787516468,
            0.0032082362141242714,
            0.002448579549312934,
            0.004473246347213638,
            0.04676154118580529,
            0.00938117533326679,
            0.02186464501306089,
            0.010278155736793698,
            0.041599139150124254,
            0.015323664524195915,
            0.024390190994216982
        ],
        "CrReO4"
    ],
    "steinhart_parameter_sum": 0.24233419192327932,
    "band_gap": 0.0,
    "oxidation_state": 3.0,
    "possible_species": [
        "O2-",
        "Cr3+",
        "Re5+"
    ],
    "density": 7.773628090760817,
    "quadrupole moment": [
        [
            -16.386637756698548,
            -0.03147194876637438,
            -0.7806381641877074
        ],
        [
            -0.03147194876637438,
            -16.517442464575247,
            0.0804423009721405
        ],
        [
            -0.7806381641877074,
            0.0804423009721405,
            -14.954598287895697
        ]
    ],
    "quadrupole moment normalized": [
        [
            -0.13253200414220542,
            -8.300202730130075e-05,
            -0.006273791103287269
        ],
        [
            -8.300202730130075e-05,
            -0.1226746776428219,
            0.00025184378511095224
        ],
        [
            -0.006273791103287269,
            0.00025184378511095224,
            -0.12111443209898627
        ]
    ]
}