{
    "Material": "CrB2",
    "steinhart_vector": [
        [
            0.08756119780311145,
            6.290172156022826e-18,
            0.014072655757612181,
            4.7243452351202986e-18,
            0.037471913960586654,
            1.4158371759548474e-17,
            0.010324844238175866,
            1.797705818978399e-17,
            0.04802925123105493,
            2.859162707995056e-17,
            0.041066043831081304
        ],
        "CrB2"
    ],
    "steinhart_parameter_sum": 0.23852590682162245,
    "band_gap": 0.0,
    "oxidation_state": 4.0,
    "possible_species": [
        "B2-",
        "Cr4+"
    ],
    "density": 5.316402027319826,
    "quadrupole moment": [
        [
            -35.02955039052665,
            4.909388746643373e-06,
            -3.552713678800501e-15
        ],
        [
            4.909388746643373e-06,
            -35.02954472165098,
            -5.329070518200751e-15
        ],
        [
            -3.552713678800501e-15,
            -5.329070518200751e-15,
            -55.15345056384599
        ]
    ],
    "quadrupole moment normalized": [
        [
            -0.25738979982611726,
            1.5889458308132598e-08,
            2.7755575615628914e-17
        ],
        [
            1.5889458308132598e-08,
            -0.25738978147854513,
            4.5102810375396984e-17
        ],
        [
            2.7755575615628914e-17,
            4.5102810375396984e-17,
            -0.40525602198121174
        ]
    ]
}