{
    "Material": "Cr(PO3)4",
    "steinhart_vector": [
        [
            0.06286657634575323,
            5.158579242202023e-18,
            0.0011136602755031405,
            9.040390873160152e-18,
            0.047988203475177287,
            1.635735894514484e-17,
            0.02233453029319206,
            1.9305837777663838e-17,
            0.04506628535507418,
            2.9850237844282024e-17,
            0.026052181290436394
        ],
        "Cr(PO3)4"
    ],
    "steinhart_parameter_sum": 0.20542143703513632,
    "band_gap": 0.0,
    "oxidation_state": 4.0,
    "possible_species": [
        "P5+",
        "O2-",
        "Cr4+"
    ],
    "density": 2.316600537843663,
    "quadrupole moment": [
        [
            -15.676059830170242,
            -0.308157634486677,
            -0.2535622692449868
        ],
        [
            -0.308157634486677,
            -15.636648270534916,
            0.309137680156109
        ],
        [
            -0.2535622692449868,
            0.309137680156109,
            -16.141749189023397
        ]
    ],
    "quadrupole moment normalized": [
        [
            -0.12252802540199068,
            -0.002341355229418699,
            -0.0002007420431750992
        ],
        [
            -0.002341355229418699,
            -0.12847139811888264,
            -0.002066347779524951
        ],
        [
            -0.0002007420431750992,
            -0.002066347779524951,
            -0.12844620000599702
        ]
    ]
}