{
    "Material": "Ba2NbCrO6",
    "steinhart_vector": [
        [
            0.062402263326500874,
            0.003653415627599689,
            0.003710970050415503,
            0.004603015225046264,
            0.046428908684212955,
            0.008355269995247605,
            0.022508099684614837,
            0.012023296739012743,
            0.04097105439145137,
            0.012573385738751702,
            0.025289909152935247
        ],
        "Ba2NbCrO6"
    ],
    "steinhart_parameter_sum": 0.2425195886157888,
    "band_gap": 1.5823999999999998,
    "oxidation_state": 3.0,
    "possible_species": [
        "O2-",
        "Cr3+",
        "Ba2+",
        "Nb5+"
    ],
    "density": 6.233302093412124,
    "quadrupole moment": [
        [
            -15.181168675146342,
            1.5685995928826912e-06,
            -1.981574448794987e-05
        ],
        [
            1.5685995928826912e-06,
            -15.181166863883119,
            1.1440624047676096e-05
        ],
        [
            -1.981574448794987e-05,
            1.1440624047676096e-05,
            -17.830276757099355
        ]
    ],
    "quadrupole moment normalized": [
        [
            -0.11704624585228965,
            -1.410445488805867e-07,
            6.481726994717052e-08
        ],
        [
            -1.410445488805867e-07,
            -0.11704640871654504,
            -3.742226378604385e-08
        ],
        [
            6.481726994717052e-08,
            -3.742226378604385e-08,
            -0.1398444135156084
        ]
    ]
}