{
    "Material": "Ta2CrO6",
    "steinhart_vector": [
        [
            0.0570679413788228,
            2.0348510172845124e-05,
            0.006458117099263695,
            6.173482818045713e-05,
            0.04252855104727417,
            8.351903730472625e-05,
            0.02368381298959693,
            0.0001258414478525962,
            0.03839849273749602,
            0.0001479047826466717,
            0.028373659958125866
        ],
        "Ta2CrO6"
    ],
    "steinhart_parameter_sum": 0.19694992381673676,
    "band_gap": 1.1336000000000004,
    "oxidation_state": 2.0,
    "possible_species": [
        "Cr2+",
        "O2-",
        "Ta5+"
    ],
    "density": 7.752359591971689,
    "quadrupole moment": [
        [
            -17.050365010393016,
            -1.144446077366441,
            1.0777801262781277
        ],
        [
            -1.144446077366441,
            -17.341343907119345,
            -1.7248882415286815
        ],
        [
            1.0777801262781277,
            -1.7248882415286815,
            -23.528331237093425
        ]
    ],
    "quadrupole moment normalized": [
        [
            -0.09573858458793914,
            -0.013341111481726722,
            -0.00848903240864624
        ],
        [
            -0.013341111481726722,
            -0.09607223587163784,
            0.005533897253795793
        ],
        [
            -0.00848903240864624,
            0.005533897253795793,
            -0.12143988781806789
        ]
    ]
}