{
    "Material": "Al2CrS4",
    "steinhart_vector": [
        [
            0.02552155496099942,
            3.33509867637732e-18,
            0.00149415824682055,
            9.646848983236234e-18,
            0.01934942996367076,
            1.5586088780780307e-17,
            0.0095429655783059,
            1.925498098303737e-17,
            0.017931038675093852,
            2.5523032193732447e-17,
            0.011389153731585886
        ],
        "Al2CrS4"
    ],
    "steinhart_parameter_sum": 0.08522830115647644,
    "band_gap": 0.0,
    "oxidation_state": 2.0,
    "possible_species": [
        "Al3+",
        "S2-",
        "Cr2+"
    ],
    "density": 3.051050016458554,
    "quadrupole moment": [
        [
            -23.93512617010456,
            0.6337481626166124,
            1.4272459746332349
        ],
        [
            0.6337481626166124,
            -22.49812470464304,
            -1.0811450077546132
        ],
        [
            1.4272459746332349,
            -1.0811450077546132,
            -25.53313550135726
        ]
    ],
    "quadrupole moment normalized": [
        [
            -0.041516565859731853,
            0.0009804921045195886,
            0.0026266025029578993
        ],
        [
            0.0009804921045195886,
            -0.039085400385911406,
            -0.001672693360998174
        ],
        [
            0.0026266025029578993,
            -0.001672693360998174,
            -0.04445744653437786
        ]
    ]
}