{
    "Material": "KCrF3",
    "steinhart_vector": [
        [
            0.052663836933380545,
            2.786903463430456e-18,
            2.8265678034727643e-18,
            5.135839848274486e-18,
            0.04022266985567124,
            7.34625255172686e-18,
            0.018619478109447966,
            1.0854359737158026e-17,
            0.03781633880885847,
            1.2777951216456798e-17,
            0.021667238484169384
        ],
        "KCrF3"
    ],
    "steinhart_parameter_sum": 0.17098956219152767,
    "band_gap": 0.0,
    "oxidation_state": 2.0,
    "possible_species": [
        "Cr2+",
        "F-",
        "K+"
    ],
    "density": 3.2730204518938284,
    "quadrupole moment": [
        [
            -8.902663986248001,
            -1.4316575598745904e-15,
            -5.451309477321516e-16
        ],
        [
            -1.4316575598745904e-15,
            -8.902663986248001,
            -5.451309477321516e-16
        ],
        [
            -5.451309477321516e-16,
            -5.451309477321516e-16,
            -8.902663986248001
        ]
    ],
    "quadrupole moment normalized": [
        [
            -0.04992263496982257,
            -8.02817200265106e-18,
            -3.0568797560397477e-18
        ],
        [
            -8.02817200265106e-18,
            -0.04992263496982257,
            -3.056879756039747e-18
        ],
        [
            -3.0568797560397477e-18,
            -3.056879756039747e-18,
            -0.04992263496982257
        ]
    ]
}