{
    "Material": "SrCrF6",
    "steinhart_vector": [
        [
            0.060817257259913986,
            2.0498115368341958e-18,
            0.002388057491086673,
            7.452622573958057e-18,
            0.04629650333599051,
            1.1509725381382642e-17,
            0.02207208427667929,
            1.8349917726826403e-17,
            0.04324412044678768,
            2.2305923265063822e-17,
            0.026016594236565233
        ],
        "SrCrF6"
    ],
    "steinhart_parameter_sum": 0.20083461704702343,
    "band_gap": 0.0,
    "oxidation_state": 4.0,
    "possible_species": [
        "Sr2+",
        "F-",
        "Cr4+"
    ],
    "density": 4.236157124455328,
    "quadrupole moment": [
        [
            -6.662177206920996,
            -0.29630894565147603,
            -0.21428445529887175
        ],
        [
            -0.29630894565147603,
            -6.766537556501444,
            -0.25531733410325963
        ],
        [
            -0.21428445529887175,
            -0.25531733410325963,
            -6.598131809853941
        ]
    ],
    "quadrupole moment normalized": [
        [
            -0.06644327444711415,
            -0.002955133912382172,
            -0.002137113888243409
        ],
        [
            -0.002955133912382172,
            -0.06748407599117548,
            -0.0025463453233708876
        ],
        [
            -0.002137113888243409,
            -0.0025463453233708876,
            -0.06580454371511386
        ]
    ]
}