{
    "Material": "Li2Cr(PO3)8",
    "steinhart_vector": [
        [
            0.06256623319459831,
            0.0010947999734212217,
            0.001211196717750512,
            0.004249678163239774,
            0.04729200699181056,
            0.005700235526523624,
            0.021825690473945936,
            0.00862987611106146,
            0.04333813705674719,
            0.009641206565002638,
            0.02476884861669971
        ],
        "Li2Cr(PO3)8"
    ],
    "steinhart_parameter_sum": 0.23031790939080093,
    "band_gap": 0.0,
    "oxidation_state": 6.0,
    "possible_species": [
        "P5+",
        "Li+",
        "Cr6+",
        "O2-"
    ],
    "density": 2.5954478238645495,
    "quadrupole moment": [
        [
            -15.769836117108749,
            0.007710518804931871,
            0.5739376442021064
        ],
        [
            0.007710518804931871,
            -15.8698695364559,
            0.08648534647757122
        ],
        [
            0.5739376442021064,
            0.08648534647757122,
            -16.287930788031638
        ]
    ],
    "quadrupole moment normalized": [
        [
            -0.12500440280937195,
            -0.004092983987626589,
            0.002247352774798414
        ],
        [
            -0.004092983987626589,
            -0.12582914784214164,
            -0.0007049206096415156
        ],
        [
            0.002247352774798414,
            -0.0007049206096415156,
            -0.1250373199126369
        ]
    ]
}