{
    "Material": "CrCuS2",
    "steinhart_vector": [
        [
            0.02647430376644522,
            0.00016193744551790855,
            0.0009157439828221763,
            0.010823283141347012,
            0.01072224443388248,
            0.015766050519731196,
            0.0067895643839121856,
            0.004639337902924102,
            0.015010143043882441,
            0.009807463860459897,
            0.00961920409035908
        ],
        "CrCuS2"
    ],
    "steinhart_parameter_sum": 0.1107292765712837,
    "band_gap": 0.0,
    "oxidation_state": 3.0,
    "possible_species": [
        "S2-",
        "Cr3+",
        "Cu+"
    ],
    "density": 4.98817818906053,
    "quadrupole moment": [
        [
            -21.65114419268378,
            -0.08402435130787467,
            -0.5525436403204593
        ],
        [
            -0.08402435130787467,
            -21.562128976552017,
            -0.33259184498134786
        ],
        [
            -0.5525436403204593,
            -0.33259184498134786,
            -23.698617046417993
        ]
    ],
    "quadrupole moment normalized": [
        [
            -0.043597237487485556,
            -0.00016306821479520868,
            -0.001072315303431833
        ],
        [
            -0.00016306821479520868,
            -0.04342448337325228,
            -0.0006454572981118498
        ],
        [
            -0.001072315303431833,
            -0.0006454572981118498,
            -0.047570725652463466
        ]
    ]
}