{
    "Material": "CrF3",
    "steinhart_vector": [
        [
            0.058118200611868585,
            5.172362527378343e-06,
            0.0002942552634428929,
            9.146526288528964e-06,
            0.04438606742553013,
            1.6320670592234235e-05,
            0.020557098713722962,
            2.0865279174114352e-05,
            0.04172613726619415,
            2.7717505604374607e-05,
            0.023927620611278386
        ],
        "CrF3"
    ],
    "steinhart_parameter_sum": 0.18908860223622373,
    "band_gap": 3.0453,
    "oxidation_state": 3.0,
    "possible_species": [
        "Cr3+",
        "F-"
    ],
    "density": 3.9089680584202067,
    "quadrupole moment": [
        [
            -7.2972901528356795,
            -0.012982629241417298,
            -0.041708497137530776
        ],
        [
            -0.012982629241417298,
            -7.283606922079147,
            -0.03164403524170323
        ],
        [
            -0.041708497137530776,
            -0.03164403524170323,
            -7.349268633344964
        ]
    ],
    "quadrupole moment normalized": [
        [
            -0.06069353686944279,
            -0.0001125938540703069,
            -0.00034946967320358124
        ],
        [
            -0.0001125938540703069,
            -0.060583234154654386,
            -0.00026266662263656985
        ],
        [
            -0.00034946967320358124,
            -0.00026266662263656985,
            -0.061120392234050344
        ]
    ]
}