{
    "Material": "U8CrS17",
    "steinhart_vector": [
        [
            0.02599960241410008,
            1.8950788171554642e-06,
            0.0022730023072579215,
            1.6862350309431327e-05,
            0.019547713441588403,
            2.4996677901418352e-05,
            0.010261281012240147,
            3.194777533988899e-05,
            0.017865357406496713,
            4.5182665567211616e-05,
            0.012346730381890879
        ],
        "U8CrS17"
    ],
    "steinhart_parameter_sum": 0.08841457151150925,
    "band_gap": 0.0,
    "oxidation_state": 2.0,
    "possible_species": [
        "S2-",
        "U4+",
        "Cr2+"
    ],
    "density": 7.180206943760331,
    "quadrupole moment": [
        [
            -24.44041392735398,
            -2.6780061815767287,
            -2.0235757087141413
        ],
        [
            -2.6780061815767287,
            -22.044446288248924,
            -1.208774760313441
        ],
        [
            -2.0235757087141413,
            -1.208774760313441,
            -22.944498652036778
        ]
    ],
    "quadrupole moment normalized": [
        [
            -0.04359039423679621,
            -0.005074073639717137,
            -0.001794075850474793
        ],
        [
            -0.005074073639717137,
            -0.0391881022581161,
            -0.0009380776531374485
        ],
        [
            -0.001794075850474793,
            -0.0009380776531374485,
            -0.04706388278996914
        ]
    ]
}