{
    "Material": "LiCaCrF6",
    "steinhart_vector": [
        [
            0.056985511709103154,
            2.4526522233455684e-10,
            0.0016244512622332966,
            0.002776680893878231,
            0.04325195435759248,
            0.0033590742302507717,
            0.020240484052792315,
            0.005682404811374993,
            0.04005146362605006,
            0.005903119059067301,
            0.023364063541768055
        ],
        "LiCaCrF6"
    ],
    "steinhart_parameter_sum": 0.20323920778937588,
    "band_gap": 4.0967,
    "oxidation_state": 3.0,
    "possible_species": [
        "Cr3+",
        "Ca2+",
        "Li+",
        "F-"
    ],
    "density": 3.0536478316399243,
    "quadrupole moment": [
        [
            -7.820294294688964,
            9.458747958629443e-07,
            2.220446049250313e-16
        ],
        [
            9.458747958629443e-07,
            -7.820293202486523,
            -1.2628786905111156e-15
        ],
        [
            2.220446049250313e-16,
            -1.2628786905111156e-15,
            -7.170044947521005
        ]
    ],
    "quadrupole moment normalized": [
        [
            -0.06011853848071455,
            2.285617105518903e-09,
            -3.874934895523041e-09
        ],
        [
            2.285617105518903e-09,
            -0.060118535841510515,
            -6.7115850695001825e-09
        ],
        [
            -3.874934895523041e-09,
            -6.7115850695001825e-09,
            -0.05511974709418525
        ]
    ]
}