{
    "Material": "CrF2",
    "steinhart_vector": [
        [
            0.05233813303508525,
            9.723109845729286e-18,
            0.008514851081212353,
            1.2285898543569506e-17,
            0.03829834435356648,
            1.9430407070645602e-17,
            0.023702557108932445,
            2.927660957180225e-17,
            0.03408943079660732,
            3.4806007719077714e-17,
            0.027321197629964523
        ],
        "CrF2"
    ],
    "steinhart_parameter_sum": 0.18426451400536845,
    "band_gap": 0.006399999999999739,
    "oxidation_state": 2.0,
    "possible_species": [
        "Cr2+",
        "F-"
    ],
    "density": 3.837748411348899,
    "quadrupole moment": [
        [
            -12.60171700534222,
            1.0881615953790338,
            1.8210612773378183
        ],
        [
            1.0881615953790338,
            -7.391198284141313,
            0.23762043767548624
        ],
        [
            1.8210612773378183,
            0.23762043767548624,
            -7.907830199720679
        ]
    ],
    "quadrupole moment normalized": [
        [
            -0.058773146500243054,
            -0.006614412635044244,
            -0.0060227968964077765
        ],
        [
            -0.006614412635044244,
            -0.04588555055955702,
            0.011542863347572343
        ],
        [
            -0.0060227968964077765,
            0.011542863347572343,
            -0.04466286704456478
        ]
    ]
}