{
    "Material": "Cs2KCrF6",
    "steinhart_vector": [
        [
            0.05658210609271937,
            1.7727987130129412e-18,
            7.199916444738214e-18,
            1.2160373119212139e-17,
            0.043215297358318076,
            1.1543544214100317e-17,
            0.020004795455989263,
            1.7041963301611097e-17,
            0.040629931640335924,
            2.4991583418872826e-17,
            0.02327931381449435
        ],
        "Cs2KCrF6"
    ],
    "steinhart_parameter_sum": 0.18371144436185705,
    "band_gap": 4.287,
    "oxidation_state": 3.0,
    "possible_species": [
        "Cr3+",
        "Cs+",
        "F-",
        "K+"
    ],
    "density": 4.03931920369044,
    "quadrupole moment": [
        [
            -7.712350515578214,
            -8.881784197001252e-16,
            -1.3781714898726954e-15
        ],
        [
            -8.881784197001252e-16,
            -7.712350515578214,
            -9.4757587837188e-16
        ],
        [
            -1.3781714898726954e-15,
            -9.4757587837188e-16,
            -7.7123505155782155
        ]
    ],
    "quadrupole moment normalized": [
        [
            -0.05762762513797952,
            -6.938893903907228e-18,
            -1.052460291368949e-17
        ],
        [
            -6.938893903907228e-18,
            -0.05762762513797952,
            -7.231560841479051e-18
        ],
        [
            -1.052460291368949e-17,
            -7.231560841479051e-18,
            -0.05762762513797953
        ]
    ]
}