{
    "Material": "La2CrO6",
    "steinhart_vector": [
        [
            0.07597349805501563,
            0.0009693402957009524,
            0.0012794698161357285,
            0.056584938285384946,
            0.038687276841695865,
            0.0030540467842030505,
            0.04766777423238624,
            0.046402640787110844,
            0.016730448173605805,
            0.039317237420656875,
            0.04915572446845126
        ],
        "La2CrO6"
    ],
    "steinhart_parameter_sum": 0.3758223951603472,
    "band_gap": 1.9180000000000001,
    "oxidation_state": 6.0,
    "possible_species": [
        "O2-",
        "Cr6+",
        "La3+"
    ],
    "density": 5.532285604532543,
    "quadrupole moment": [
        [
            -7.24056089200194,
            -1.198034704699008e-05,
            -1.1689678608650667e-05
        ],
        [
            -1.198034704699008e-05,
            -7.343027102496533,
            -0.0005273106269564204
        ],
        [
            -1.1689678608650667e-05,
            -0.0005273106269564204,
            -7.073574989971412
        ]
    ],
    "quadrupole moment normalized": [
        [
            -0.12341589870869724,
            5.5977562825066524e-08,
            7.997916830898566e-08
        ],
        [
            5.5977562825066524e-08,
            -0.1270077736592775,
            3.432205716569236e-05
        ],
        [
            7.997916830898566e-08,
            3.432205716569236e-05,
            -0.11898704089681567
        ]
    ]
}