{
    "Material": "CrBiO3",
    "steinhart_vector": [
        [
            0.062593055799636,
            4.599780378096034e-08,
            0.0008699240798641099,
            3.3983487671979976e-07,
            0.0477868642027291,
            3.537087552895765e-07,
            0.022203503940680103,
            5.947274921845389e-07,
            0.044892131215097816,
            6.503593468884076e-07,
            0.025881950658734738
        ],
        "CrBiO3"
    ],
    "steinhart_parameter_sum": 0.20422941452501672,
    "band_gap": 1.5411000000000001,
    "oxidation_state": 3.0,
    "possible_species": [
        "O2-",
        "Cr3+",
        "Bi3+"
    ],
    "density": 8.84812721008082,
    "quadrupole moment": [
        [
            -16.014786787290745,
            0.05598645787919532,
            -0.08215560845032388
        ],
        [
            0.05598645787919532,
            -16.096980453699285,
            0.3330279402762152
        ],
        [
            -0.08215560845032388,
            0.3330279402762152,
            -15.746596714480294
        ]
    ],
    "quadrupole moment normalized": [
        [
            -0.12503141905463597,
            0.0006349379503926347,
            -0.0012784256998127994
        ],
        [
            0.0006349379503926347,
            -0.1256540367211263,
            0.0027337971639623095
        ],
        [
            -0.0012784256998127994,
            0.0027337971639623095,
            -0.12543461598488878
        ]
    ]
}