{
    "Material": "LiCrP2O7",
    "steinhart_vector": [
        [
            0.06478350263340277,
            0.000275627708238133,
            0.03251892455203351,
            0.00184537997776784,
            0.05352664150494771,
            0.001685333653120547,
            0.03833977907089609,
            0.0033583567850228122,
            0.05114554096945318,
            0.0030174813970034026,
            0.04039807728911358
        ],
        "LiCrP2O7"
    ],
    "steinhart_parameter_sum": 0.2908946455409996,
    "band_gap": 3.2987,
    "oxidation_state": 3.0,
    "possible_species": [
        "O2-",
        "P5+",
        "Cr3+",
        "Li+"
    ],
    "density": 2.4032339347100957,
    "quadrupole moment": [
        [
            -15.646400319179918,
            -1.1817959469714432,
            1.5150412114320138
        ],
        [
            -1.1817959469714432,
            -6.568150697947653,
            -6.853972469422541
        ],
        [
            1.5150412114320138,
            -6.853972469422541,
            -7.641982078998399
        ]
    ],
    "quadrupole moment normalized": [
        [
            -0.1347566466130558,
            -0.01773569090767234,
            0.004953915130215505
        ],
        [
            -0.01773569090767234,
            -0.0633346636342043,
            -0.06494557800642517
        ],
        [
            0.004953915130215505,
            -0.06494557800642517,
            -0.07072684783876076
        ]
    ]
}