{
    "Material": "CrI2",
    "steinhart_vector": [
        [
            0.0069018797211659235,
            0.0003533779889147792,
            0.0034353631296944274,
            0.0005287415673541475,
            0.005651042788559885,
            0.0010163442391655003,
            0.003929806284300305,
            0.0012485401772384377,
            0.005260076197843424,
            0.0016704688615415892,
            0.003932197211272953
        ],
        "CrI2"
    ],
    "steinhart_parameter_sum": 0.033927838167051375,
    "band_gap": 0.0,
    "oxidation_state": 2.0,
    "possible_species": [
        "Cr2+",
        "I-"
    ],
    "density": 4.361270116912747,
    "quadrupole moment": [
        [
            -5.2614476255632665,
            -5.0853184268241165,
            -4.973918616813385
        ],
        [
            -5.0853184268241165,
            -13.113142004965427,
            2.4438057323530336
        ],
        [
            -4.973918616813385,
            2.4438057323530336,
            -11.518686746631536
        ]
    ],
    "quadrupole moment normalized": [
        [
            -0.0017773156813062842,
            -0.0017180454739557502,
            -0.0016801980346800346
        ],
        [
            -0.0017180454739557502,
            -0.004429965301094242,
            0.0008255216671136427
        ],
        [
            -0.0016801980346800346,
            0.0008255216671136427,
            -0.003891539376897879
        ]
    ]
}