{
    "Material": "K2UCr(IO6)2",
    "steinhart_vector": [
        [
            0.07479821955775796,
            0.0018338005385564145,
            0.0016656241952585028,
            0.055701567207392715,
            0.03812074714748031,
            0.00351439786466355,
            0.04690827819820845,
            0.045686769979102676,
            0.01665662696191209,
            0.03869832650740464,
            0.048353425493977475
        ],
        "K2UCr(IO6)2"
    ],
    "steinhart_parameter_sum": 0.37193778365171476,
    "band_gap": 2.1162,
    "oxidation_state": 6.0,
    "possible_species": [
        "I5+",
        "Cr6+",
        "K+",
        "U6+",
        "O2-"
    ],
    "density": 4.217659712457548,
    "quadrupole moment": [
        [
            -6.945177826349787,
            -0.0721944051370933,
            -0.01275072608753236
        ],
        [
            -0.0721944051370933,
            -7.6972603792810546,
            -0.26865703322340595
        ],
        [
            -0.01275072608753236,
            -0.26865703322340595,
            -7.755495683461762
        ]
    ],
    "quadrupole moment normalized": [
        [
            -0.12365808049495129,
            -0.0052431505686472805,
            0.00044012624323150427
        ],
        [
            -0.0052431505686472805,
            -0.11895602246051679,
            0.0029035369616050057
        ],
        [
            0.00044012624323150427,
            0.0029035369616050057,
            -0.11574820983222127
        ]
    ]
}