{
    "Material": "Rb2UCr(IO6)2",
    "steinhart_vector": [
        [
            0.07479648186394129,
            0.0020095069340764784,
            0.0016555343422869104,
            0.055688467762494594,
            0.038130362687705345,
            0.0037719520743190213,
            0.046882199871580627,
            0.04567231248069551,
            0.016783334872815334,
            0.03868373931986564,
            0.04830170686954986
        ],
        "Rb2UCr(IO6)2"
    ],
    "steinhart_parameter_sum": 0.3723755990793306,
    "band_gap": 2.1862,
    "oxidation_state": 6.0,
    "possible_species": [
        "O2-",
        "U6+",
        "Cr6+",
        "Rb+",
        "I5+"
    ],
    "density": 4.464173728719407,
    "quadrupole moment": [
        [
            -6.891873136731634,
            -0.04726739823512727,
            -0.05238260929006433
        ],
        [
            -0.04726739823512727,
            -7.699314414025746,
            -0.26111387080273407
        ],
        [
            -0.05238260929006433,
            -0.26111387080273407,
            -7.80909249709883
        ]
    ],
    "quadrupole moment normalized": [
        [
            -0.12258965547108248,
            -0.005384709086704905,
            -0.00046296581786626177
        ],
        [
            -0.005384709086704905,
            -0.11956965297859569,
            0.0030770589855023955
        ],
        [
            -0.00046296581786626177,
            0.0030770589855023955,
            -0.11619339520113288
        ]
    ]
}