{
    "Material": "CrHg3(SO2)2",
    "steinhart_vector": [
        [
            0.07468724561509167,
            0.001010467048111153,
            0.0017775160642560259,
            0.05560104973661949,
            0.038024874483960185,
            0.0039238167109146,
            0.04680873589132395,
            0.045552619449518994,
            0.016817553746026677,
            0.03862915619593666,
            0.048163200525338255
        ],
        "CrHg3(SO2)2"
    ],
    "steinhart_parameter_sum": 0.37099623546709765,
    "band_gap": 1.7080000000000002,
    "oxidation_state": 6.0,
    "possible_species": [
        "Cr6+",
        "Hg2+",
        "S2-",
        "O2-"
    ],
    "density": 6.526438067303036,
    "quadrupole moment": [
        [
            -7.5921146233123356,
            0.11992528177833939,
            0.13517739605061863
        ],
        [
            0.11992528177833939,
            -7.352397589529676,
            -0.15633872307181917
        ],
        [
            0.13517739605061863,
            -0.15633872307181917,
            -7.465703126219865
        ]
    ],
    "quadrupole moment normalized": [
        [
            -0.11956574003397935,
            0.0022315533293609524,
            0.0040181375597830166
        ],
        [
            0.0022315533293609524,
            -0.11767875068252479,
            -0.002201363995849784
        ],
        [
            0.0040181375597830166,
            -0.002201363995849784,
            -0.11976720855723608
        ]
    ]
}