{
    "Material": "CrHg5S2O5",
    "steinhart_vector": [
        [
            0.0744866247917998,
            0.0006151690380895972,
            0.001097485776338253,
            0.055500709230328786,
            0.037924686311065575,
            0.002175406851479015,
            0.04678176959145762,
            0.04553627384728129,
            0.016127647004359216,
            0.03856973204775546,
            0.048311417581387434
        ],
        "CrHg5S2O5"
    ],
    "steinhart_parameter_sum": 0.3671269220713421,
    "band_gap": 1.4834,
    "oxidation_state": 6.0,
    "possible_species": [
        "Cr6+",
        "Hg2+",
        "O2-",
        "S2-",
        "Hg+"
    ],
    "density": 7.345153627963766,
    "quadrupole moment": [
        [
            -7.479688131275928,
            0.07203532322435269,
            -0.010760667741022412
        ],
        [
            0.07203532322435269,
            -7.6198209228771905,
            0.09579933697445683
        ],
        [
            -0.010760667741022412,
            0.09579933697445683,
            -7.437231414583748
        ]
    ],
    "quadrupole moment normalized": [
        [
            -0.11750290133474345,
            -0.0036639637486185622,
            -0.0005468884152556829
        ],
        [
            -0.0036639637486185622,
            -0.1196338649209752,
            0.001075248873332183
        ],
        [
            -0.0005468884152556829,
            0.001075248873332183,
            -0.11798899975129452
        ]
    ]
}