{
    "Material": "CrGeTe3",
    "steinhart_vector": [
        [
            0.0068864341654092,
            2.988814846927527e-05,
            0.000520966811559713,
            0.000734006757021958,
            0.005053853144393135,
            0.0011906922287635304,
            0.0025208211327096084,
            0.0013078190642584334,
            0.004316130697836185,
            0.002110128609297775,
            0.002784517747635412
        ],
        "CrGeTe3"
    ],
    "steinhart_parameter_sum": 0.027455258507354228,
    "band_gap": 0.0,
    "oxidation_state": 3.0,
    "possible_species": [
        "Te2-",
        "Ge3+",
        "Cr3+"
    ],
    "density": 5.675113858694391,
    "quadrupole moment": [
        [
            -29.99188618698584,
            -0.7642883416583848,
            -2.5043935987402604
        ],
        [
            -0.7642883416583848,
            -29.338384521010493,
            -1.6529711583442257
        ],
        [
            -2.5043935987402604,
            -1.6529711583442257,
            -34.25034108594784
        ]
    ],
    "quadrupole moment normalized": [
        [
            -0.009483947392519244,
            -0.00024171147098408607,
            -0.0007920321469954414
        ],
        [
            -0.00024171147098408607,
            -0.009277270913307135,
            -0.0005227660450141556
        ],
        [
            -0.0007920321469954414,
            -0.0005227660450141556,
            -0.010830721169696056
        ]
    ]
}