{
    "Material": "CrPO4",
    "steinhart_vector": [
        [
            0.062095341498441314,
            0.005487346642203423,
            0.010270288353119121,
            0.028299321781964103,
            0.03841246314665868,
            0.020897864015444842,
            0.023289956460027666,
            0.030956776344112875,
            0.031595408451450716,
            0.02138828289601043,
            0.027388013772519895
        ],
        "CrPO4"
    ],
    "steinhart_parameter_sum": 0.30008106336195306,
    "band_gap": 0.7435999999999998,
    "oxidation_state": 3.0,
    "possible_species": [
        "P5+",
        "Cr3+",
        "O2-"
    ],
    "density": 3.2773203781378832,
    "quadrupole moment": [
        [
            -9.160187315492113,
            -1.6159982764263914,
            -2.0978247021142535
        ],
        [
            -1.6159982764263914,
            -17.802051611242998,
            -0.539165490672108
        ],
        [
            -2.0978247021142535,
            -0.539165490672108,
            -14.207660909879134
        ]
    ],
    "quadrupole moment normalized": [
        [
            -0.08331180875448942,
            0.0014834399280740842,
            -0.020671737516249754
        ],
        [
            0.0014834399280740842,
            -0.1190862812506831,
            -0.004460332760107731
        ],
        [
            -0.020671737516249754,
            -0.004460332760107731,
            -0.10763456313970729
        ]
    ]
}