{
    "Material": "CsCrI3",
    "steinhart_vector": [
        [
            0.006529276840445158,
            5.963345905174924e-19,
            0.0004779475264919076,
            2.1179772312037698e-18,
            0.004942089388564103,
            2.8865525262189795e-18,
            0.0024811951699891277,
            4.477969099847731e-18,
            0.004565953843158308,
            5.2911016677303855e-18,
            0.002963467029828707
        ],
        "CsCrI3"
    ],
    "steinhart_parameter_sum": 0.021959929798477325,
    "band_gap": 0.0,
    "oxidation_state": 2.0,
    "possible_species": [
        "Cr2+",
        "I-",
        "Cs+"
    ],
    "density": 4.559576875827815,
    "quadrupole moment": [
        [
            -18.850706107730552,
            1.9873536447141555,
            0.4723275643268643
        ],
        [
            1.9873536447141555,
            -16.395439088978442,
            -4.440892098500626e-16
        ],
        [
            0.4723275643268643,
            -4.440892098500626e-16,
            -15.162896691020093
        ]
    ],
    "quadrupole moment normalized": [
        [
            -0.004976664215916733,
            -0.00022023881097265078,
            -0.00022265471865859517
        ],
        [
            -0.00022023881097265078,
            -0.00428509171818661,
            0.0004906839467990337
        ],
        [
            -0.00022265471865859517,
            0.0004906839467990337,
            -0.00432142417656556
        ]
    ]
}