{
    "Material": "Cr(PO3)3",
    "steinhart_vector": [
        [
            0.062354814951131765,
            6.247129656561448e-05,
            0.0012745583306727098,
            0.0020838377353455,
            0.047479360109657406,
            0.002591945374490352,
            0.02210605181620094,
            0.004248312277059617,
            0.04431158044062034,
            0.004594866947408862,
            0.025632295943418114
        ],
        "Cr(PO3)3"
    ],
    "steinhart_parameter_sum": 0.21674009522257126,
    "band_gap": 3.3019,
    "oxidation_state": 3.0,
    "possible_species": [
        "P5+",
        "Cr3+",
        "O2-"
    ],
    "density": 2.618687265422706,
    "quadrupole moment": [
        [
            -16.49646994847889,
            0.12052530915796536,
            -0.03778415443664329
        ],
        [
            0.12052530915796536,
            -16.276733658164282,
            -0.08142738782912712
        ],
        [
            -0.03778415443664329,
            -0.08142738782912712,
            -15.450813691812316
        ]
    ],
    "quadrupole moment normalized": [
        [
            -0.12726302082974217,
            0.0008915659351205454,
            -0.0008332409905222188
        ],
        [
            0.0008915659351205454,
            -0.1263841149183253,
            -0.000674294405296113
        ],
        [
            -0.0008332409905222188,
            -0.000674294405296113,
            -0.11961326917594116
        ]
    ]
}