{
    "Material": "SrCrF4",
    "steinhart_vector": [
        [
            0.05647312340343108,
            7.268661407542026e-18,
            0.028275937603582612,
            1.201154783369638e-17,
            0.0467656643001855,
            1.846469740568174e-17,
            0.03325658475566596,
            2.2267666277686667e-17,
            0.04490104300718305,
            3.09990673950143e-17,
            0.03495857327471132
        ],
        "SrCrF4"
    ],
    "steinhart_parameter_sum": 0.24463092634475958,
    "band_gap": 3.6107,
    "oxidation_state": 2.0,
    "possible_species": [
        "Cr2+",
        "Sr2+",
        "F-"
    ],
    "density": 4.070182318454753,
    "quadrupole moment": [
        [
            -5.88954162135374,
            2.598630808648799,
            2.248652957389202
        ],
        [
            2.598630808648799,
            -4.745309319941957,
            2.797569816145523
        ],
        [
            2.248652957389202,
            2.797569816145523,
            -4.8494411778892
        ]
    ],
    "quadrupole moment normalized": [
        [
            -0.04366930263941668,
            0.019268120089269782,
            0.01667313228099359
        ],
        [
            0.019268120089269782,
            -0.035185140395112516,
            0.020743197146822313
        ],
        [
            0.01667313228099359,
            0.020743197146822313,
            -0.035957248975280354
        ]
    ]
}