{
    "Material": "RbV2CrO7",
    "steinhart_vector": [
        [
            0.06689266675656406,
            0.0023111087028099223,
            0.005884311166067238,
            0.033614469139725316,
            0.0397152490922977,
            0.025272671215698466,
            0.019880458668563295,
            0.038544147487709284,
            0.026023599814469518,
            0.028537444966515974,
            0.033364064657159985
        ],
        "RbV2CrO7"
    ],
    "steinhart_parameter_sum": 0.3200401916675808,
    "band_gap": 1.8638,
    "oxidation_state": 5.0,
    "possible_species": [
        "O2-",
        "Rb+",
        "V5+",
        "Cr3+"
    ],
    "density": 3.963569385949925,
    "quadrupole moment": [
        [
            -12.268857030123469,
            -0.7382875190870255,
            3.3133219497073076
        ],
        [
            -0.7382875190870255,
            -14.243612677059827,
            -0.34673524941248424
        ],
        [
            3.3133219497073076,
            -0.34673524941248424,
            -9.25640632604464
        ]
    ],
    "quadrupole moment normalized": [
        [
            -0.12853602188864702,
            0.0015831583912674883,
            0.006646575192911487
        ],
        [
            0.0015831583912674883,
            -0.12061408452904604,
            -0.001472368405019537
        ],
        [
            0.006646575192911487,
            -0.001472368405019537,
            -0.11180502926417005
        ]
    ]
}