{
    "Material": "BaCaCrF7",
    "steinhart_vector": [
        [
            0.05706806374134436,
            0.0019411059424272487,
            0.0027139224064896945,
            0.003151204465977714,
            0.042942779510425605,
            0.00617558308576499,
            0.020534575089086182,
            0.0069544633296655545,
            0.03896244824656008,
            0.010442373888113187,
            0.02356812953642351
        ],
        "BaCaCrF7"
    ],
    "steinhart_parameter_sum": 0.21445464924227808,
    "band_gap": 3.8013,
    "oxidation_state": 3.0,
    "possible_species": [
        "F-",
        "Ba2+",
        "Ca2+",
        "Cr3+"
    ],
    "density": 4.064051441508353,
    "quadrupole moment": [
        [
            -7.32758384528837,
            -0.3993737567696043,
            0.0911409544688857
        ],
        [
            -0.3993737567696043,
            -7.305614681010633,
            -0.02939869459315836
        ],
        [
            0.0911409544688857,
            -0.02939869459315836,
            -8.120686659497055
        ]
    ],
    "quadrupole moment normalized": [
        [
            -0.05652354891524875,
            -0.002800400207873902,
            0.001130048748334292
        ],
        [
            -0.002800400207873902,
            -0.0563792393302534,
            -0.0004317579468831479
        ],
        [
            0.001130048748334292,
            -0.0004317579468831479,
            -0.0629863712485318
        ]
    ]
}