{
    "Material": "CsCrP2O7",
    "steinhart_vector": [
        [
            0.06182564039711621,
            0.0014727883020703705,
            0.0003238309516896504,
            0.005072276863520024,
            0.04650892808867172,
            0.007300306812900327,
            0.021209118923169124,
            0.010291373186506593,
            0.04204201621709487,
            0.012493298079919711,
            0.023576641514428422
        ],
        "CsCrP2O7"
    ],
    "steinhart_parameter_sum": 0.232116219337087,
    "band_gap": 2.6765999999999996,
    "oxidation_state": 3.0,
    "possible_species": [
        "Cr3+",
        "Cs+",
        "O2-",
        "P5+"
    ],
    "density": 3.7203882683319827,
    "quadrupole moment": [
        [
            -16.469559700051818,
            0.05217567106215526,
            0.04295973983136614
        ],
        [
            0.05217567106215526,
            -16.423265740676136,
            -0.048660385866542644
        ],
        [
            0.04295973983136614,
            -0.048660385866542644,
            -16.18048450913069
        ]
    ],
    "quadrupole moment normalized": [
        [
            -0.12272976327119646,
            -0.0008467280907892283,
            -0.00040787770295872515
        ],
        [
            -0.0008467280907892283,
            -0.12105869334009596,
            0.0008960695336470755
        ],
        [
            -0.00040787770295872515,
            0.0008960695336470755,
            -0.12321356933417166
        ]
    ]
}