{
    "Material": "MgCrF6",
    "steinhart_vector": [
        [
            0.060798848823010565,
            2.9159932408138437e-08,
            0.0002239996074052206,
            6.215543268247813e-08,
            0.0464345371474111,
            9.6367478394101e-08,
            0.02150074445432141,
            1.3084525551876456e-07,
            0.04365407848688734,
            1.6542269438980773e-07,
            0.025023236052292765
        ],
        "MgCrF6"
    ],
    "steinhart_parameter_sum": 0.1976359285221218,
    "band_gap": 1.6140999999999999,
    "oxidation_state": 4.0,
    "possible_species": [
        "F-",
        "Mg2+",
        "Cr4+"
    ],
    "density": 3.3345714158430098,
    "quadrupole moment": [
        [
            -6.670184248888971,
            -0.01038608366899818,
            -0.027869815773608475
        ],
        [
            -0.01038608366899818,
            -6.662102136248362,
            -0.019183365259213686
        ],
        [
            -0.027869815773608475,
            -0.019183365259213686,
            -6.706689328527234
        ]
    ],
    "quadrupole moment normalized": [
        [
            -0.06643989652264262,
            -0.00010212021725590145,
            -0.0002771588443270384
        ],
        [
            -0.00010212021725590145,
            -0.06636353271892745,
            -0.00019150195029803314
        ],
        [
            -0.0002771588443270384,
            -0.00019150195029803314,
            -0.06680757175601537
        ]
    ]
}