{
    "Material": "NaCrO2",
    "steinhart_vector": [
        [
            0.061972459312730134,
            1.3763279917554067e-17,
            0.006155012626685193,
            2.5127553442702637e-17,
            0.04633272236072391,
            5.234076867258081e-17,
            0.025316935528656437,
            5.421519824440738e-17,
            0.041772547940904986,
            1.0453712296469534e-16,
            0.03104150435775882
        ],
        "NaCrO2"
    ],
    "steinhart_parameter_sum": 0.21259118212745973,
    "band_gap": 3.0364999999999998,
    "oxidation_state": 3.0,
    "possible_species": [
        "Cr3+",
        "Na+",
        "O2-"
    ],
    "density": 4.364803715788051,
    "quadrupole moment": [
        [
            -17.544658344870136,
            0.20977852062073543,
            1.2290365483020498
        ],
        [
            0.20977852062073543,
            -17.7623319971412,
            0.7469230676449431
        ],
        [
            1.2290365483020498,
            0.7469230676449431,
            -13.513688064479615
        ]
    ],
    "quadrupole moment normalized": [
        [
            -0.1324980630666047,
            0.0015842209068650907,
            0.00928176333655675
        ],
        [
            0.0015842209068650907,
            -0.1341421211327233,
            0.005640741250575738
        ],
        [
            0.00928176333655675,
            0.005640741250575738,
            -0.10205604427441274
        ]
    ]
}