{
    "Material": "CrHg6As4Br7",
    "steinhart_vector": [
        [
            0.011309225606178171,
            3.7715511071582486e-19,
            0.00017054299503006687,
            1.721715588488548e-18,
            0.00863335474954759,
            2.5224289195962873e-18,
            0.004014284827473212,
            5.318534517581353e-18,
            0.008109073693601615,
            5.1695816450444854e-18,
            0.004680964523532316
        ],
        "CrHg6As4Br7"
    ],
    "steinhart_parameter_sum": 0.036917446395362985,
    "band_gap": 0.0,
    "oxidation_state": 3.0,
    "possible_species": [
        "Hg2+",
        "Cr3+",
        "Br-",
        "As2-"
    ],
    "density": 7.002535640947163,
    "quadrupole moment": [
        [
            -12.765216099902633,
            -0.19249931531069087,
            -0.1924993153106902
        ],
        [
            -0.19249931531069087,
            -12.765216099902633,
            0.1924993153106882
        ],
        [
            -0.1924993153106902,
            0.1924993153106882,
            -12.76521609990263
        ]
    ],
    "quadrupole moment normalized": [
        [
            -0.008952900866800523,
            -0.00013500964444438485,
            -0.00013500964444438453
        ],
        [
            -0.00013500964444438485,
            -0.008952900866800525,
            0.00013500964444438336
        ],
        [
            -0.00013500964444438453,
            0.00013500964444438336,
            -0.008952900866800527
        ]
    ]
}