{
    "Material": "CrBr2",
    "steinhart_vector": [
        [
            0.010460222068520325,
            8.625867391236884e-19,
            0.0008646162119639515,
            1.8892434353036874e-18,
            0.00797927788255313,
            4.169230543331919e-18,
            0.0038589277454579426,
            5.7713385687306426e-18,
            0.007460182272279532,
            7.109101022193346e-18,
            0.004521264871529907
        ],
        "CrBr2"
    ],
    "steinhart_parameter_sum": 0.035144491052304806,
    "band_gap": 0.0,
    "oxidation_state": 2.0,
    "possible_species": [
        "Cr2+",
        "Br-"
    ],
    "density": 3.9664918496390764,
    "quadrupole moment": [
        [
            -17.595378951898393,
            -2.0589251763068384,
            -3.1472355260916443
        ],
        [
            -2.0589251763068384,
            -14.424156589461361,
            -1.5486167660089372
        ],
        [
            -3.1472355260916443,
            -1.5486167660089372,
            -14.370973512707078
        ]
    ],
    "quadrupole moment normalized": [
        [
            -0.007410326104201803,
            0.0008473693380483191,
            0.001362361768073301
        ],
        [
            0.0008473693380483191,
            -0.008715471441674633,
            0.0006703585600496476
        ],
        [
            0.001362361768073301,
            0.0006703585600496476,
            -0.007097987894507395
        ]
    ]
}