{
    "Material": "CrSbF10",
    "steinhart_vector": [
        [
            0.06177754485633148,
            0.003119582502319028,
            0.0006781439813942123,
            0.012591964228132664,
            0.043476244253086445,
            0.014872745434111182,
            0.02070086040099948,
            0.019893095286212716,
            0.03512051578569615,
            0.01867058585577732,
            0.027110559491072814
        ],
        "CrSbF10"
    ],
    "steinhart_parameter_sum": 0.2580118420751335,
    "band_gap": 2.1481,
    "oxidation_state": 5.0,
    "possible_species": [
        "Sb5+",
        "Cr5+",
        "F-"
    ],
    "density": 3.7298482507661945,
    "quadrupole moment": [
        [
            -6.953767259935475,
            0.5227072543710376,
            0.26949629407132725
        ],
        [
            0.5227072543710376,
            -6.127819862486123,
            0.6720692172938407
        ],
        [
            0.26949629407132725,
            0.6720692172938407,
            -6.800419366000657
        ]
    ],
    "quadrupole moment normalized": [
        [
            -0.06778044332321888,
            -0.0014195392970715124,
            -0.00037645517636861626
        ],
        [
            -0.0014195392970715124,
            -0.07120994302402972,
            -0.003618363667173899
        ],
        [
            -0.00037645517636861626,
            -0.003618363667173899,
            -0.06861767753533306
        ]
    ]
}