{
    "Material": "K2NaCrF6",
    "steinhart_vector": [
        [
            0.05699676295513262,
            1.6736641113713285e-18,
            5.165362386805005e-18,
            1.1061065595578938e-17,
            0.043531996768225015,
            1.6478009153234627e-17,
            0.020151398795628234,
            1.8706431400596926e-17,
            0.04092768443070465,
            2.7380948686754072e-17,
            0.02344991416665575
        ],
        "K2NaCrF6"
    ],
    "steinhart_parameter_sum": 0.1850577571163463,
    "band_gap": 4.2057,
    "oxidation_state": 3.0,
    "possible_species": [
        "K+",
        "Na+",
        "F-",
        "Cr3+"
    ],
    "density": 2.9610031075486702,
    "quadrupole moment": [
        [
            -7.600542542607955,
            -4.440892098500626e-16,
            -8.881784197001252e-16
        ],
        [
            -4.440892098500626e-16,
            -7.600542542607953,
            -4.440892098500626e-16
        ],
        [
            -8.881784197001252e-16,
            -4.440892098500626e-16,
            -7.600542542607953
        ]
    ],
    "quadrupole moment normalized": [
        [
            -0.05847535777254441,
            1.3877787807814457e-17,
            -6.938893903907228e-18
        ],
        [
            1.3877787807814457e-17,
            -0.058475357772544416,
            -3.469446951953614e-18
        ],
        [
            -6.938893903907228e-18,
            -3.469446951953614e-18,
            -0.05847535777254443
        ]
    ]
}