{
    "Material": "CsMnCr(CN)6",
    "steinhart_vector": [
        [
            0.06486021490343566,
            3.788918280086474e-18,
            9.362613767454891e-18,
            2.5081040786938245e-17,
            0.0495378073976828,
            1.914643263017741e-17,
            0.02293154889371806,
            3.848109731776671e-17,
            0.04657419597258821,
            4.597340938666412e-17,
            0.026685137777275263
        ],
        "CsMnCr(CN)6"
    ],
    "steinhart_parameter_sum": 0.21058890494470012,
    "band_gap": 0.0,
    "oxidation_state": 2.0,
    "possible_species": [
        "C2+",
        "Cr3+",
        "N3-",
        "Cs+",
        "Mn2+"
    ],
    "density": 2.066299495902474,
    "quadrupole moment": [
        [
            -29.107064197594287,
            0.0,
            -4.440892098500626e-15
        ],
        [
            0.0,
            -29.107064197594287,
            -3.552713678800501e-15
        ],
        [
            -4.440892098500626e-15,
            -3.552713678800501e-15,
            -29.107064197594294
        ]
    ],
    "quadrupole moment normalized": [
        [
            -0.1766875940474341,
            -1.3877787807814457e-17,
            -4.163336342344337e-17
        ],
        [
            -1.3877787807814457e-17,
            -0.17668759404743406,
            0.0
        ],
        [
            -4.163336342344337e-17,
            0.0,
            -0.1766875940474341
        ]
    ]
}