{
    "Material": "Na2CrF4",
    "steinhart_vector": [
        [
            0.05256348208763285,
            1.3558228902535993e-18,
            0.005476955778406269,
            7.494036809594391e-18,
            0.0396558295782116,
            1.0113349172562313e-17,
            0.020765131029984795,
            1.528640024670253e-17,
            0.03635165613191483,
            1.386975298439219e-17,
            0.02492118210306037
        ],
        "Na2CrF4"
    ],
    "steinhart_parameter_sum": 0.17973423670921077,
    "band_gap": 1.1081000000000003,
    "oxidation_state": 2.0,
    "possible_species": [
        "Na+",
        "F-",
        "Cr2+"
    ],
    "density": 3.299656455349538,
    "quadrupole moment": [
        [
            -11.497408612821985,
            1.6209716274336574,
            -0.5198149613278868
        ],
        [
            1.6209716274336574,
            -8.564722678126422,
            -0.2498594912363975
        ],
        [
            -0.5198149613278868,
            -0.2498594912363975,
            -7.528764931910491
        ]
    ],
    "quadrupole moment normalized": [
        [
            -0.05117737021291451,
            -0.009623334453688629,
            0.0033277967961467736
        ],
        [
            -0.009623334453688629,
            -0.046294517807805385,
            -0.0071432991971634415
        ],
        [
            0.0033277967961467736,
            -0.0071432991971634415,
            -0.05302719711887165
        ]
    ]
}