{
    "Material": "Li2CrF6",
    "steinhart_vector": [
        [
            0.06063223737391946,
            4.65928369732043e-18,
            0.0028392004910120137,
            1.7994733520850817e-17,
            0.046096335331296735,
            2.6213567266322005e-17,
            0.022218552426845926,
            3.388699927633676e-17,
            0.04295869022226611,
            3.846384586885964e-17,
            0.026267432084154493
        ],
        "Li2CrF6"
    ],
    "steinhart_parameter_sum": 0.20101244792949485,
    "band_gap": 1.2088999999999999,
    "oxidation_state": 4.0,
    "possible_species": [
        "Cr4+",
        "Li+",
        "F-"
    ],
    "density": 3.308625426883522,
    "quadrupole moment": [
        [
            -6.418484488500957,
            -0.19148447511409472,
            0.0655153388071501
        ],
        [
            -0.19148447511409472,
            -6.413997947435516,
            -0.0706085663558329
        ],
        [
            0.0655153388071501,
            -0.0706085663558329,
            -7.321133370533879
        ]
    ],
    "quadrupole moment normalized": [
        [
            -0.06382988014536753,
            -0.003457243078498899,
            -0.000772859456686566
        ],
        [
            -0.003457243078498899,
            -0.06377701830514342,
            0.0007176355322568127
        ],
        [
            -0.000772859456686566,
            0.0007176355322568127,
            -0.07092580854472148
        ]
    ]
}