{
    "Material": "CrS",
    "steinhart_vector": [
        [
            0.025763860434176243,
            3.2410366152430956e-18,
            0.0006675140382983506,
            6.60816994701227e-18,
            0.0196491703602264,
            1.3014394188351308e-17,
            0.009215070800647618,
            1.32533205843054e-17,
            0.01842135872850382,
            2.1599215743163717e-17,
            0.010786810301348478
        ],
        "CrS"
    ],
    "steinhart_parameter_sum": 0.08450378466320096,
    "band_gap": 0.0,
    "oxidation_state": 2.0,
    "possible_species": [
        "Cr2+",
        "S2-"
    ],
    "density": 4.893697272358381,
    "quadrupole moment": [
        [
            -22.929664236371394,
            -1.5767807575173265e-06,
            -8.881784197001252e-16
        ],
        [
            -1.5767807575173265e-06,
            -22.929666057080695,
            -1.7763568394002505e-15
        ],
        [
            -8.881784197001252e-16,
            -1.7763568394002505e-15,
            -24.759318731052016
        ]
    ],
    "quadrupole moment normalized": [
        [
            -0.041381040444859546,
            -9.976868888331158e-10,
            2.7156185980481418e-09
        ],
        [
            -9.976868888331158e-10,
            -0.04138104159688896,
            -1.567863255023949e-09
        ],
        [
            2.7156185980481418e-09,
            -1.567863255023949e-09,
            -0.04468300681682034
        ]
    ]
}