{
    "Material": "SrCrO4",
    "steinhart_vector": [
        [
            0.07592156528547135,
            0.0009546141597567382,
            0.00337330778604457,
            0.056406394568503056,
            0.03858219130409566,
            0.006837537257493883,
            0.047392722160649936,
            0.04593915226740458,
            0.01861071824286774,
            0.0393348728272059,
            0.04815996572865721
        ],
        "SrCrO4"
    ],
    "steinhart_parameter_sum": 0.3815130415881506,
    "band_gap": 2.6186000000000003,
    "oxidation_state": 6.0,
    "possible_species": [
        "Sr2+",
        "Cr6+",
        "O2-"
    ],
    "density": 3.926545563854614,
    "quadrupole moment": [
        [
            -6.919444696025197,
            -0.07509276907515261,
            0.2051338703268053
        ],
        [
            -0.07509276907515261,
            -7.594152110306427,
            -0.38733494297864846
        ],
        [
            0.2051338703268053,
            -0.38733494297864846,
            -7.173758951554863
        ]
    ],
    "quadrupole moment normalized": [
        [
            -0.11609460282789058,
            0.00010503698256699584,
            0.0028626993262654355
        ],
        [
            0.00010503698256699584,
            -0.1297319987541701,
            -0.005965945807772927
        ],
        [
            0.0028626993262654355,
            -0.005965945807772927,
            -0.12308237968931598
        ]
    ]
}