{
    "Material": "CrCuSe2",
    "steinhart_vector": [
        [
            0.011590868066499347,
            0.001965470629790329,
            0.0011923198329441258,
            0.002126062700519041,
            0.0067479404261968105,
            0.0011839399102406161,
            0.005122474317957071,
            0.0022737729744769677,
            0.007057073312313008,
            0.0027463268440388604,
            0.0036015500825380222
        ],
        "CrCuSe2"
    ],
    "steinhart_parameter_sum": 0.045607799097514196,
    "band_gap": 0.08099999999999952,
    "oxidation_state": 3.0,
    "possible_species": [
        "Cu+",
        "Se2-",
        "Cr3+"
    ],
    "density": 5.85943263464577,
    "quadrupole moment": [
        [
            -27.18266322800165,
            0.5603822926133308,
            -3.1676015571357112
        ],
        [
            0.5603822926133308,
            -27.759958854334208,
            -1.93151770071274
        ],
        [
            -3.1676015571357112,
            -1.93151770071274,
            -17.18355951637154
        ]
    ],
    "quadrupole moment normalized": [
        [
            -0.018280198598177328,
            0.00036535919650274777,
            -0.0020652194780835537
        ],
        [
            0.00036535919650274777,
            -0.018656584984688213,
            -0.0012593149440746423
        ],
        [
            -0.0020652194780835537,
            -0.0012593149440746423,
            -0.01176096270155492
        ]
    ]
}