{
    "Material": "CrHgF6",
    "steinhart_vector": [
        [
            0.06071452869676316,
            4.120919960216414e-18,
            0.0002905310954467956,
            7.135014262976807e-18,
            0.04636926046402086,
            1.148298902713781e-17,
            0.02147430115070468,
            1.8910859634902007e-17,
            0.043591073960825934,
            2.1205696765495335e-17,
            0.02499448236605702
        ],
        "CrHgF6"
    ],
    "steinhart_parameter_sum": 0.1974341777338185,
    "band_gap": 0.0,
    "oxidation_state": 4.0,
    "possible_species": [
        "Cr4+",
        "F-",
        "Hg2+"
    ],
    "density": 5.69840598894483,
    "quadrupole moment": [
        [
            -6.697169588619754,
            -0.011947273100568312,
            -0.03972603183679069
        ],
        [
            -0.011947273100568312,
            -6.675109046519521,
            -0.031132251662864117
        ],
        [
            -0.03972603183679069,
            -0.031132251662864117,
            -6.722446296395684
        ]
    ],
    "quadrupole moment normalized": [
        [
            -0.06608607820615323,
            -0.00010555748547986946,
            -0.0003444370009364128
        ],
        [
            -0.00010555748547986946,
            -0.06614781029166861,
            -0.00014714742522824902
        ],
        [
            -0.0003444370009364128,
            -0.00014714742522824902,
            -0.06682399388864427
        ]
    ]
}