{
    "Material": "CrHg3(PbO4)2",
    "steinhart_vector": [
        [
            0.07469724793395881,
            0.00041972021603540604,
            0.0020747562330721597,
            0.05561091548338203,
            0.038001518707657285,
            0.004121382290704572,
            0.04683597056387779,
            0.045514654300230425,
            0.016830242956874148,
            0.038705471989365435,
            0.04812091594358923
        ],
        "CrHg3(PbO4)2"
    ],
    "steinhart_parameter_sum": 0.37093279661874734,
    "band_gap": 1.5460000000000003,
    "oxidation_state": 6.0,
    "possible_species": [
        "O2-",
        "Pb2+",
        "Cr6+",
        "Hg2+"
    ],
    "density": 7.953539364707387,
    "quadrupole moment": [
        [
            -7.514157921756971,
            0.1154496287187114,
            0.1298615248131075
        ],
        [
            0.1154496287187114,
            -7.595804095787988,
            -0.24187023153043308
        ],
        [
            0.1298615248131075,
            -0.24187023153043308,
            -7.294363794439376
        ]
    ],
    "quadrupole moment normalized": [
        [
            -0.12017347958466641,
            0.0016062503031533783,
            0.00029363796914873546
        ],
        [
            0.0016062503031533783,
            -0.12064495378678447,
            -0.005204324828325953
        ],
        [
            0.00029363796914873546,
            -0.005204324828325953,
            -0.11628954872552125
        ]
    ]
}