{
    "Material": "SrLi2CrN3",
    "steinhart_vector": [
        [
            0.07941543790465411,
            0.003467614013241638,
            0.007943901607754811,
            0.05833862856519792,
            0.03985808183933637,
            0.015528056946741616,
            0.0489513779014772,
            0.04558479186459009,
            0.025028261472357257,
            0.04293650048196561,
            0.04632230718994483
        ],
        "SrLi2CrN3"
    ],
    "steinhart_parameter_sum": 0.4133749597872614,
    "band_gap": 0.6200999999999999,
    "oxidation_state": 5.0,
    "possible_species": [
        "N3-",
        "Sr2+",
        "Li+",
        "Cr5+"
    ],
    "density": 3.6459252091953673,
    "quadrupole moment": [
        [
            -12.928727099087377,
            -0.18727148181847483,
            -0.8875894648785807
        ],
        [
            -0.18727148181847483,
            -13.022876593146304,
            -0.8822154073488631
        ],
        [
            -0.8875894648785807,
            -0.8822154073488631,
            -13.106594733486647
        ]
    ],
    "quadrupole moment normalized": [
        [
            -0.1817994627638705,
            0.020520562877911246,
            -0.018189141131701364
        ],
        [
            0.020520562877911246,
            -0.1915824012390506,
            -0.018107992187566826
        ],
        [
            -0.018189141131701364,
            -0.018107992187566826,
            -0.15742563851626062
        ]
    ]
}