{
    "Material": "Cr(OF)2",
    "steinhart_vector": [
        [
            0.07025066769774832,
            0.01383746059923469,
            0.008703984468341279,
            0.046940893949847275,
            0.042055428461498894,
            0.02113606801226617,
            0.030893528625275436,
            0.04707380759023291,
            0.03238934560639542,
            0.02155788291661084,
            0.043431586744547314
        ],
        "Cr(OF)2"
    ],
    "steinhart_parameter_sum": 0.3782706546719985,
    "band_gap": 2.7,
    "oxidation_state": 6.0,
    "possible_species": [
        "Cr6+",
        "F-",
        "O2-"
    ],
    "density": 2.8078074580720176,
    "quadrupole moment": [
        [
            -6.255104177349734,
            -0.41857219159861125,
            -0.1488154219047677
        ],
        [
            -0.41857219159861125,
            -4.46969770477916,
            0.10667035506068817
        ],
        [
            -0.1488154219047677,
            0.10667035506068817,
            -5.817499784920199
        ]
    ],
    "quadrupole moment normalized": [
        [
            -0.11193220231745434,
            -0.006808895980641657,
            -0.027014243466783827
        ],
        [
            -0.006808895980641657,
            -0.08261529188038547,
            -0.004366473849753434
        ],
        [
            -0.027014243466783827,
            -0.004366473849753434,
            -0.0738128228832606
        ]
    ]
}