{
    "Material": "Li2Cr(PO3)4",
    "steinhart_vector": [
        [
            0.055295256480946915,
            0.0011989523718290934,
            0.01008599285721798,
            0.004162217254728972,
            0.039214040139134314,
            0.006541752113743732,
            0.025780456550204067,
            0.008627897072943284,
            0.033058766493355034,
            0.010556152467801887,
            0.028167868755004405
        ],
        "Li2Cr(PO3)4"
    ],
    "steinhart_parameter_sum": 0.2226893525569097,
    "band_gap": 2.8225999999999996,
    "oxidation_state": 2.0,
    "possible_species": [
        "P5+",
        "Li+",
        "Cr2+",
        "O2-"
    ],
    "density": 2.8050336255768227,
    "quadrupole moment": [
        [
            -14.679858232825744,
            -0.7696877339434138,
            0.4072094467257579
        ],
        [
            -0.7696877339434138,
            -30.046145355219124,
            0.3210086704710271
        ],
        [
            0.4072094467257579,
            0.3210086704710271,
            -17.87365384463299
        ]
    ],
    "quadrupole moment normalized": [
        [
            -0.0897908376528111,
            -0.004579255609653951,
            0.032080757864333044
        ],
        [
            -0.004579255609653951,
            -0.11259944931614023,
            0.00233839373362435
        ],
        [
            0.032080757864333044,
            0.00233839373362435,
            -0.09330379394572264
        ]
    ]
}