{
    "Material": "CrP2H15N2O11",
    "steinhart_vector": [
        [
            0.06454417341258256,
            0.0009189787551035567,
            0.002331152343196332,
            0.0035296430252544603,
            0.04894364289507173,
            0.004927966536714289,
            0.0227794247421593,
            0.007195531288036057,
            0.045165270342190846,
            0.008588464816982572,
            0.02605730382474509
        ],
        "CrP2H15N2O11"
    ],
    "steinhart_parameter_sum": 0.2349815519820368,
    "band_gap": 3.4958,
    "oxidation_state": 3.0,
    "possible_species": [
        "N3-",
        "O2-",
        "Cr3+",
        "P5+",
        "H+"
    ],
    "density": 1.8716685329930576,
    "quadrupole moment": [
        [
            -18.859442338823253,
            -2.2414165202717546,
            -3.9584058754595217
        ],
        [
            -2.2414165202717546,
            -18.65736990468853,
            -3.7839925811799215
        ],
        [
            -3.9584058754595217,
            -3.7839925811799215,
            -20.598982000203286
        ]
    ],
    "quadrupole moment normalized": [
        [
            -0.14592611532649782,
            -0.014782473835403695,
            -0.02665390428598518
        ],
        [
            -0.014782473835403695,
            -0.1445934177027243,
            -0.025479493324049106
        ],
        [
            -0.02665390428598518,
            -0.025479493324049106,
            -0.1566424342607478
        ]
    ]
}