{
    "Material": "Al2CrCl8",
    "steinhart_vector": [
        [
            0.022857632420917772,
            3.644912215303118e-05,
            0.002104954362447858,
            0.00010980117521629862,
            0.017339008666358426,
            0.00015800935160014675,
            0.008728026275544086,
            0.00021139191131662593,
            0.01604630752455545,
            0.000281138911322842,
            0.010383526519473165
        ],
        "Al2CrCl8"
    ],
    "steinhart_parameter_sum": 0.0782562462409057,
    "band_gap": 0.8876,
    "oxidation_state": 2.0,
    "possible_species": [
        "Cl-",
        "Al3+",
        "Cr2+"
    ],
    "density": 1.9290166753457045,
    "quadrupole moment": [
        [
            -13.996138439813386,
            -1.2835686011814635,
            1.9284018191821102
        ],
        [
            -1.2835686011814635,
            -12.279395690529626,
            2.6563826082666164
        ],
        [
            1.9284018191821102,
            2.6563826082666164,
            -14.672568818967699
        ]
    ],
    "quadrupole moment normalized": [
        [
            -0.017755433766821663,
            0.002127561740377676,
            -0.0039284216572477056
        ],
        [
            0.002127561740377676,
            -0.01833192608095059,
            -0.00027018287467944356
        ],
        [
            -0.0039284216572477056,
            -0.00027018287467944356,
            -0.017689727977393738
        ]
    ]
}