{
    "Material": "CrH9C6(S2O)3",
    "steinhart_vector": [
        [
            0.025574287269300267,
            6.670626136210264e-05,
            0.0025158514648035432,
            0.006006464310601496,
            0.017266434209407766,
            0.0056205519491677085,
            0.008777993668726322,
            0.01153339804492859,
            0.011843257104803767,
            0.007936924556884384,
            0.008737453281900997
        ],
        "CrH9C6(S2O)3"
    ],
    "steinhart_parameter_sum": 0.10587932212188693,
    "band_gap": 2.612,
    "oxidation_state": 3.0,
    "possible_species": [
        "H+",
        "Cr3+",
        "O2-",
        "C+",
        "S2-"
    ],
    "density": 1.633639675859974,
    "quadrupole moment": [
        [
            -25.698484134344547,
            0.5481014385656029,
            -1.6616889634401644
        ],
        [
            0.5481014385656029,
            -25.68690850537448,
            -1.9340581973066628
        ],
        [
            -1.6616889634401644,
            -1.9340581973066628,
            -20.285061975655438
        ]
    ],
    "quadrupole moment normalized": [
        [
            -0.04505920165431091,
            0.0010455385889960268,
            -0.003133188014224092
        ],
        [
            0.0010455385889960268,
            -0.044912608501761694,
            -0.0032653807034810764
        ],
        [
            -0.003133188014224092,
            -0.0032653807034810764,
            -0.03560524392303082
        ]
    ]
}