{
    "Material": "CsCrCl3",
    "steinhart_vector": [
        [
            0.02343772901950633,
            7.157221754188192e-06,
            0.0016501242724770268,
            4.227857091589634e-05,
            0.017710723977789156,
            4.170966552828755e-05,
            0.008966629516896736,
            8.552624530456023e-05,
            0.01630493848388606,
            7.176319795314572e-05,
            0.01079392079851784
        ],
        "CsCrCl3"
    ],
    "steinhart_parameter_sum": 0.07911250097052923,
    "band_gap": 0.0,
    "oxidation_state": 2.0,
    "possible_species": [
        "Cr2+",
        "Cl-",
        "Cs+"
    ],
    "density": 3.3092631291709464,
    "quadrupole moment": [
        [
            -11.71100802501785,
            1.3837584003084658e-06,
            -4.440892098500626e-16
        ],
        [
            1.3837584003084658e-06,
            -11.711006427190842,
            -6.661338147750939e-16
        ],
        [
            -4.440892098500626e-16,
            -6.661338147750939e-16,
            -14.372011403510417
        ]
    ],
    "quadrupole moment normalized": [
        [
            -0.017362199847446597,
            7.801173769472758e-10,
            -1.991804009920939e-09
        ],
        [
            7.801173769472758e-10,
            -0.0173621989466444,
            1.149968426907011e-09
        ],
        [
            -1.991804009920939e-09,
            1.149968426907011e-09,
            -0.02130700429944455
        ]
    ]
}