{
    "Material": "ThCr(IO5)2",
    "steinhart_vector": [
        [
            0.07485702793921972,
            0.0009717700414095739,
            0.0011180668277947722,
            0.055763827871687044,
            0.03812070837658803,
            0.0026378610536721514,
            0.046988917214580775,
            0.04574240543198379,
            0.016351850039047613,
            0.03875360207961309,
            0.04848945649056975
        ],
        "ThCr(IO5)2"
    ],
    "steinhart_parameter_sum": 0.3697954933661663,
    "band_gap": 2.492,
    "oxidation_state": 6.0,
    "possible_species": [
        "O2-",
        "Th4+",
        "I5+",
        "Cr6+"
    ],
    "density": 5.418352762535627,
    "quadrupole moment": [
        [
            -7.5155166129593525,
            -0.16265507646639543,
            -0.054090884912945336
        ],
        [
            -0.16265507646639543,
            -7.282776049222496,
            0.1826819933926377
        ],
        [
            -0.054090884912945336,
            0.1826819933926377,
            -7.514852558942796
        ]
    ],
    "quadrupole moment normalized": [
        [
            -0.11710499498121962,
            -0.0008256906380282522,
            0.0003809604034391012
        ],
        [
            -0.0008256906380282522,
            -0.11856490321739387,
            0.0007611057360079176
        ],
        [
            0.0003809604034391012,
            0.0007611057360079176,
            -0.12299089293579109
        ]
    ]
}