{
    "Material": "Cr(InS2)2",
    "steinhart_vector": [
        [
            0.025335828405533587,
            3.611490265874344e-18,
            0.002343371495451815,
            6.1923704163870396e-18,
            0.019000873674631328,
            1.2353270573570861e-17,
            0.010146376997760349,
            1.5033182610966744e-17,
            0.01727596314652864,
            1.7828469473588347e-17,
            0.012282458556459742
        ],
        "Cr(InS2)2"
    ],
    "steinhart_parameter_sum": 0.08638487227636552,
    "band_gap": 0.0,
    "oxidation_state": 2.0,
    "possible_species": [
        "In3+",
        "S2-",
        "Cr2+"
    ],
    "density": 4.370901726222723,
    "quadrupole moment": [
        [
            -21.6987767640693,
            0.7254646234583042,
            1.2656305555870346
        ],
        [
            0.7254646234583042,
            -28.25241341501571,
            -1.2223414128335888
        ],
        [
            1.2656305555870346,
            -1.2223414128335888,
            -23.080438115230542
        ]
    ],
    "quadrupole moment normalized": [
        [
            -0.036367474490706854,
            0.0007348852913177488,
            0.002637692753969744
        ],
        [
            0.0007348852913177488,
            -0.047634998950071096,
            -0.0012381402679525315
        ],
        [
            0.002637692753969744,
            -0.0012381402679525315,
            -0.039246929193854946
        ]
    ]
}