{
    "Material": "Li3V4CrO8",
    "steinhart_vector": [
        [
            0.05809919549933448,
            1.1412867625303275e-17,
            0.00497185580105204,
            1.7759349732263334e-17,
            0.04368035256815373,
            3.5953654814522567e-17,
            0.022965716616452598,
            4.6367385383164636e-17,
            0.039817044977769334,
            6.201455873288754e-17,
            0.027920793874178614
        ],
        "Li3V4CrO8"
    ],
    "steinhart_parameter_sum": 0.19745495933694096,
    "band_gap": 0.5800999999999998,
    "oxidation_state": 2.0,
    "possible_species": [
        "V2+",
        "V3+",
        "O2-",
        "Li+",
        "Cr3+"
    ],
    "density": 4.2367605100484855,
    "quadrupole moment": [
        [
            -17.72722847301336,
            -0.63095112165103,
            -1.655277437534573
        ],
        [
            -0.63095112165103,
            -17.30272734012803,
            -1.1895946461121483
        ],
        [
            -1.655277437534573,
            -1.1895946461121483,
            -20.522854407464884
        ]
    ],
    "quadrupole moment normalized": [
        [
            -0.10521538314520726,
            -0.006143528985287236,
            -0.009766126730263114
        ],
        [
            -0.006143528985287236,
            -0.10108204392973211,
            -0.0070186011167273805
        ],
        [
            -0.009766126730263114,
            -0.0070186011167273805,
            -0.1177634127117964
        ]
    ]
}