{
    "Material": "Li3VCrP2(HO5)2",
    "steinhart_vector": [
        [
            0.05710323579458708,
            0.0014831598149876132,
            0.0031203325144622,
            0.003985144398925033,
            0.04284599494904767,
            0.005968156629131057,
            0.020748919299541643,
            0.008082784901476526,
            0.03865291896898542,
            0.010043911850356992,
            0.023946217487991067
        ],
        "Li3VCrP2(HO5)2"
    ],
    "steinhart_parameter_sum": 0.21598077660949233,
    "band_gap": 1.1033000000000004,
    "oxidation_state": 2.0,
    "possible_species": [
        "Li+",
        "V2+",
        "H+",
        "O2-",
        "Cr3+",
        "P5+"
    ],
    "density": 3.023037621277486,
    "quadrupole moment": [
        [
            -20.9785094366525,
            -0.6566054220942378,
            0.3903649594390801
        ],
        [
            -0.6566054220942378,
            -18.90968112197853,
            -0.040566704819287924
        ],
        [
            0.3903649594390801,
            -0.040566704819287924,
            -17.682074268285056
        ]
    ],
    "quadrupole moment normalized": [
        [
            -0.11430211628281237,
            -0.0015168461138385832,
            0.0008143872571237977
        ],
        [
            -0.0015168461138385832,
            -0.10405883654414595,
            0.0010731926618602582
        ],
        [
            0.0008143872571237977,
            0.0010731926618602582,
            -0.09479661046911647
        ]
    ]
}