{
    "Material": "LiCrSnO4",
    "steinhart_vector": [
        [
            0.06199802891816632,
            1.4791260403201803e-07,
            0.00504995901142016,
            1.149909131519365e-06,
            0.046679839390068936,
            1.850906320158709e-06,
            0.024283248420023475,
            2.1564009151032426e-06,
            0.04267299840804585,
            3.3891956176573265e-06,
            0.029447244353715426
        ],
        "LiCrSnO4"
    ],
    "steinhart_parameter_sum": 0.21014001282602862,
    "band_gap": 2.3777,
    "oxidation_state": 3.0,
    "possible_species": [
        "Sn4+",
        "Li+",
        "O2-",
        "Cr3+"
    ],
    "density": 5.092909925735783,
    "quadrupole moment": [
        [
            -17.66035541736132,
            -3.3950759059217574e-06,
            1.7446637138418428
        ],
        [
            -3.3950759059217574e-06,
            -14.69363155195174,
            2.1496235428344936e-05
        ],
        [
            1.7446637138418428,
            2.1496235428344936e-05,
            -16.427987959935187
        ]
    ],
    "quadrupole moment normalized": [
        [
            -0.1348198071951448,
            4.267035421032993e-08,
            0.01315838258261136
        ],
        [
            4.267035421032993e-08,
            -0.11217806296403542,
            1.6108198756018812e-07
        ],
        [
            0.01315838258261136,
            1.6108198756018812e-07,
            -0.1220065829881867
        ]
    ]
}