{
    "Material": "Li4CrNi3(PO4)4",
    "steinhart_vector": [
        [
            0.057681312915344576,
            0.005831983728423039,
            0.003905024565833238,
            0.014183809792118205,
            0.037096136683983066,
            0.021480081425293267,
            0.015099260070802055,
            0.02102531275129334,
            0.03114150084271132,
            0.022971353250145828,
            0.017390209793100873
        ],
        "Li4CrNi3(PO4)4"
    ],
    "steinhart_parameter_sum": 0.24780598581904878,
    "band_gap": 1.2002999999999995,
    "oxidation_state": 2.0,
    "possible_species": [
        "Ni2+",
        "P5+",
        "O2-",
        "Cr2+",
        "Li+"
    ],
    "density": 3.6277216407818247,
    "quadrupole moment": [
        [
            -19.481412950235953,
            -8.881784197001252e-16,
            2.6645352591003757e-15
        ],
        [
            -8.881784197001252e-16,
            -17.425501137272988,
            -1.9841414401162556
        ],
        [
            2.6645352591003757e-15,
            -1.9841414401162556,
            -19.967203279525492
        ]
    ],
    "quadrupole moment normalized": [
        [
            -0.1112784611522031,
            -6.938893903907228e-18,
            1.5612511283791264e-17
        ],
        [
            -6.938893903907228e-18,
            -0.09137444356428989,
            0.00672685930411375
        ],
        [
            1.5612511283791264e-17,
            0.00672685930411375,
            -0.11768006669759185
        ]
    ]
}