{
    "Material": "CrH14N4Cl3O",
    "steinhart_vector": [
        [
            0.060490583870527845,
            0.007942568785184288,
            0.006627931364272178,
            0.0068487122496913855,
            0.04634143460246271,
            0.008548072555325028,
            0.02222876870908607,
            0.006947565919268803,
            0.043493016025466846,
            0.009234159841596989,
            0.02548173957723521
        ],
        "CrH14N4Cl3O"
    ],
    "steinhart_parameter_sum": 0.24418455350011736,
    "band_gap": 3.0091,
    "oxidation_state": 3.0,
    "possible_species": [
        "N3-",
        "O2-",
        "H+",
        "Cr3+",
        "Cl-"
    ],
    "density": 1.7839202966420913,
    "quadrupole moment": [
        [
            -19.676233695014375,
            -5.662137425588298e-15,
            -1.5742696469045643
        ],
        [
            -5.662137425588298e-15,
            -25.813646774048216,
            6.938893903907228e-18
        ],
        [
            -1.5742696469045643,
            6.938893903907228e-18,
            -19.55216025817825
        ]
    ],
    "quadrupole moment normalized": [
        [
            -0.13513003799452972,
            -3.946495907847236e-17,
            -0.02400872539521515
        ],
        [
            -3.946495907847236e-17,
            -0.19905006568458194,
            -1.6263032587282567e-19
        ],
        [
            -0.02400872539521515,
            -1.6263032587282567e-19,
            -0.13756985138019676
        ]
    ]
}