{
    "Material": "ZnCrH15N5Cl4F",
    "steinhart_vector": [
        [
            0.025598887685696438,
            0.0011057870182938471,
            0.0017948576921614833,
            0.018880795143853595,
            0.012997532483265458,
            0.003985035323262216,
            0.015747913050774658,
            0.015134758019875919,
            0.007622452948094837,
            0.01333097728354975,
            0.015417553578799115
        ],
        "ZnCrH15N5Cl4F"
    ],
    "steinhart_parameter_sum": 0.13161655022762733,
    "band_gap": 3.8246,
    "oxidation_state": 2.0,
    "possible_species": [
        "Zn2+",
        "Cr3+",
        "F-",
        "N3-",
        "H+",
        "Cl-"
    ],
    "density": 1.8692283741943978,
    "quadrupole moment": [
        [
            -7.3948506165147565,
            0.010887227959260004,
            0.09743004093892704
        ],
        [
            0.010887227959260004,
            -7.376068509776678,
            -0.044627277368251894
        ],
        [
            0.09743004093892704,
            -0.044627277368251894,
            -6.368696154100352
        ]
    ],
    "quadrupole moment normalized": [
        [
            -0.01607263947317552,
            0.00010825025404110396,
            -0.0004656900034308671
        ],
        [
            0.00010825025404110396,
            -0.015885891493484888,
            0.00021330666343205313
        ],
        [
            -0.0004656900034308671,
            0.00021330666343205313,
            -0.012614753022160918
        ]
    ]
}