{
    "Material": "CrH10C2(NO4)2",
    "steinhart_vector": [
        [
            0.05884781325456161,
            0.005006825113228055,
            0.01553673462834012,
            0.01855297105293728,
            0.0404710807880558,
            0.018406717081097444,
            0.02442134117004832,
            0.022519245386241567,
            0.031274995334080236,
            0.028272239954326525,
            0.020329405154718143
        ],
        "CrH10C2(NO4)2"
    ],
    "steinhart_parameter_sum": 0.28363936891763514,
    "band_gap": 1.7187,
    "oxidation_state": 2.0,
    "possible_species": [
        "O2-",
        "H+",
        "C3+",
        "N-",
        "Cr2+"
    ],
    "density": 1.5235027585228342,
    "quadrupole moment": [
        [
            -18.928057427715423,
            0.4498530600767374,
            -0.8449285167277032
        ],
        [
            0.4498530600767374,
            -10.848086308133096,
            4.289902392373147
        ],
        [
            -0.8449285167277032,
            4.289902392373147,
            -15.548884378854623
        ]
    ],
    "quadrupole moment normalized": [
        [
            -0.11991887435160278,
            0.010057923229516917,
            0.0007953760430289107
        ],
        [
            0.010057923229516917,
            -0.0664627001205358,
            0.03382485545883061
        ],
        [
            0.0007953760430289107,
            0.03382485545883061,
            -0.09106491224233698
        ]
    ]
}