{
    "Material": "Na5CrO4",
    "steinhart_vector": [
        [
            0.06495959687091617,
            0.0026192210180181305,
            0.008810978866855534,
            0.04698271522839119,
            0.03237548849391355,
            0.01745100160112219,
            0.03858837612739638,
            0.035552971834382746,
            0.026068065997648632,
            0.034462371181069526,
            0.0336613298792341
        ],
        "Na5CrO4"
    ],
    "steinhart_parameter_sum": 0.3415321170989482,
    "band_gap": 0.5424000000000002,
    "oxidation_state": 3.0,
    "possible_species": [
        "Cr3+",
        "Na+",
        "O2-"
    ],
    "density": 2.632352838215401,
    "quadrupole moment": [
        [
            -9.602339115375257,
            -1.6231284980778455,
            -0.17602681316968408
        ],
        [
            -1.6231284980778455,
            -11.686069352301342,
            -0.10376637447737311
        ],
        [
            -0.17602681316968408,
            -0.10376637447737311,
            -8.342017493284454
        ]
    ],
    "quadrupole moment normalized": [
        [
            -0.0900776889858624,
            -0.016247727024854157,
            -0.0021116186318783908
        ],
        [
            -0.016247727024854157,
            -0.10324727143745238,
            -0.0015973085546063016
        ],
        [
            -0.0021116186318783908,
            -0.0015973085546063016,
            -0.07676251569432394
        ]
    ]
}