{
    "Material": "CrP4O11",
    "steinhart_vector": [
        [
            0.057670011114210454,
            0.002493992488016308,
            0.0018708827433554316,
            0.00849946691324514,
            0.041826891205128766,
            0.011768804130886526,
            0.01933616686569552,
            0.01554967332839235,
            0.03504947844741773,
            0.017506264893695042,
            0.022284651321739117
        ],
        "CrP4O11"
    ],
    "steinhart_parameter_sum": 0.23385628345178233,
    "band_gap": 2.4494,
    "oxidation_state": 2.0,
    "possible_species": [
        "P5+",
        "O2-",
        "Cr2+"
    ],
    "density": 2.563255394076546,
    "quadrupole moment": [
        [
            -18.39463804987518,
            -0.09518766553996771,
            0.5136731606381368
        ],
        [
            -0.09518766553996771,
            -18.938158886297263,
            -1.308839121090391
        ],
        [
            0.5136731606381368,
            -1.308839121090391,
            -19.170496953378393
        ]
    ],
    "quadrupole moment normalized": [
        [
            -0.10477523378735878,
            -0.007037571526727033,
            0.0007078896066777876
        ],
        [
            -0.007037571526727033,
            -0.10893392466150667,
            0.0039393765051525705
        ],
        [
            0.0007078896066777876,
            0.0039393765051525705,
            -0.10580567266279146
        ]
    ]
}