{
    "Material": "Li4CrFe3O8",
    "steinhart_vector": [
        [
            0.061094081905927786,
            3.846242538382476e-18,
            0.0032931558918512403,
            6.430549027250199e-18,
            0.046370954762240006,
            1.8419042665206387e-17,
            0.022662573615948107,
            1.9086949574891172e-17,
            0.043064258212992756,
            2.6074341265627293e-17,
            0.026966837891780646
        ],
        "Li4CrFe3O8"
    ],
    "steinhart_parameter_sum": 0.20345186228074058,
    "band_gap": 1.4288000000000003,
    "oxidation_state": 3.0,
    "possible_species": [
        "Fe3+",
        "Li+",
        "O2-",
        "Cr3+"
    ],
    "density": 4.127947074178632,
    "quadrupole moment": [
        [
            -17.446385278456322,
            0.12132783107004386,
            -0.7017642285928831
        ],
        [
            0.12132783107004386,
            -17.570440578063536,
            -0.4293854075201571
        ],
        [
            -0.7017642285928831,
            -0.4293854075201571,
            -15.217825199258769
        ]
    ],
    "quadrupole moment normalized": [
        [
            -0.12440067519464172,
            0.0007704203815159889,
            -0.005230241719595048
        ],
        [
            0.0007704203815159889,
            -0.1251884147463139,
            -0.0032002051126206604
        ],
        [
            -0.005230241719595048,
            -0.0032002051126206604,
            -0.10872975808573929
        ]
    ]
}