{
    "Material": "TbCrO3",
    "steinhart_vector": [
        [
            0.06279337312994886,
            3.450346956494754e-18,
            0.001346373519610294,
            5.6535953247302065e-18,
            0.0479130767866521,
            8.081294245839566e-18,
            0.022375601701267428,
            1.3354599938837637e-17,
            0.044961185223481845,
            1.3171253821805425e-17,
            0.026142198755866795
        ],
        "TbCrO3"
    ],
    "steinhart_parameter_sum": 0.20553180911682734,
    "band_gap": 2.4854000000000003,
    "oxidation_state": 3.0,
    "possible_species": [
        "O2-",
        "Tb3+",
        "Cr3+"
    ],
    "density": 7.801541691124652,
    "quadrupole moment": [
        [
            -15.734190723945716,
            -0.16790531306269108,
            -0.11683682055411393
        ],
        [
            -0.16790531306269108,
            -16.16360107370971,
            0.4986193704829305
        ],
        [
            -0.11683682055411393,
            0.4986193704829305,
            -15.657310488031575
        ]
    ],
    "quadrupole moment normalized": [
        [
            -0.12473487011296,
            -0.00033391738068469165,
            6.383281610613991e-05
        ],
        [
            -0.00033391738068469165,
            -0.12685847722263208,
            0.0046487369760034244
        ],
        [
            6.383281610613991e-05,
            0.0046487369760034244,
            -0.12694221452821025
        ]
    ]
}