{
    "Material": "LiCrFeO4",
    "steinhart_vector": [
        [
            0.06385090138061089,
            5.9949139547752195e-18,
            0.005988217854003023,
            1.5024323547867474e-17,
            0.04785683014638816,
            2.3445005843983517e-17,
            0.025705800111618295,
            3.295130821608936e-17,
            0.04338042711814796,
            5.170023699522399e-17,
            0.03135342687931736
        ],
        "LiCrFeO4"
    ],
    "steinhart_parameter_sum": 0.21813560349008584,
    "band_gap": 0.16900000000000004,
    "oxidation_state": 4.0,
    "possible_species": [
        "Cr4+",
        "Fe3+",
        "O2-",
        "Li+"
    ],
    "density": 3.9699107575776575,
    "quadrupole moment": [
        [
            -14.590840675729796,
            0.8948419657949755,
            1.581047634277282
        ],
        [
            0.8948419657949755,
            -15.0829760548493,
            -1.5134507159716293
        ],
        [
            1.581047634277282,
            -1.5134507159716293,
            -16.330065612248276
        ]
    ],
    "quadrupole moment normalized": [
        [
            -0.12274401274927066,
            0.00494373972975112,
            0.01650495789850098
        ],
        [
            0.00494373972975112,
            -0.12778029262439222,
            -0.00836143136158235
        ],
        [
            0.01650495789850098,
            -0.00836143136158235,
            -0.1409002964491079
        ]
    ]
}