{
    "Material": "Li4TiCrO6",
    "steinhart_vector": [
        [
            0.06342297172281743,
            0.00039568448612738595,
            0.0019611350475765054,
            0.005662362382193883,
            0.047605024216951834,
            0.00687363751475469,
            0.022082063761808844,
            0.011459953372964113,
            0.04282486648792271,
            0.011860604152771301,
            0.02463917247747117
        ],
        "Li4TiCrO6"
    ],
    "steinhart_parameter_sum": 0.2387874756233599,
    "band_gap": 1.1303,
    "oxidation_state": 4.0,
    "possible_species": [
        "O2-",
        "Li+",
        "Cr4+",
        "Ti4+"
    ],
    "density": 3.4578394259204397,
    "quadrupole moment": [
        [
            -16.10636181402812,
            0.19300476284451085,
            -0.14445047824828539
        ],
        [
            0.19300476284451085,
            -15.85607382736054,
            -0.265819569732605
        ],
        [
            -0.14445047824828539,
            -0.265819569732605,
            -14.657707705787493
        ]
    ],
    "quadrupole moment normalized": [
        [
            -0.13187293051902088,
            0.0008555453587946512,
            -0.0025524021440285587
        ],
        [
            0.0008555453587946512,
            -0.1307634619121347,
            -0.004696962224964409
        ],
        [
            -0.0025524021440285587,
            -0.004696962224964409,
            -0.12354041106639456
        ]
    ]
}