{
    "Material": "LiCrP2HO7",
    "steinhart_vector": [
        [
            0.05630870747428027,
            0.0016440970694011107,
            0.007172803180126216,
            0.005263420848566182,
            0.041123640582654206,
            0.008316739277006716,
            0.022624259312822956,
            0.010504104937548211,
            0.035129483864375886,
            0.013854658604050182,
            0.0253267616602339
        ],
        "LiCrP2HO7"
    ],
    "steinhart_parameter_sum": 0.22726867681106583,
    "band_gap": 2.6551,
    "oxidation_state": 2.0,
    "possible_species": [
        "Li+",
        "P5+",
        "O2-",
        "H+",
        "Cr2+"
    ],
    "density": 2.80539997459992,
    "quadrupole moment": [
        [
            -24.044082893485268,
            1.2182943839873777,
            -5.480136606241839
        ],
        [
            1.2182943839873777,
            -17.077928693141534,
            0.6775322359985152
        ],
        [
            -5.480136606241839,
            0.6775322359985152,
            -19.85560672897963
        ]
    ],
    "quadrupole moment normalized": [
        [
            -0.07104805109263657,
            -0.001071828838613109,
            -0.010065232620331254
        ],
        [
            -0.001071828838613109,
            -0.11605217637567372,
            -0.00174132547648223
        ],
        [
            -0.010065232620331254,
            -0.00174132547648223,
            -0.12009448230709417
        ]
    ]
}