{
    "Material": "Mn3CrO8",
    "steinhart_vector": [
        [
            0.06441099251396463,
            1.3827920529515184e-06,
            0.00848493752022835,
            0.00014582300290386473,
            0.047368186112195024,
            0.0002132494699640219,
            0.028589289880296135,
            0.00021546486914318232,
            0.04135705700482922,
            0.00039515903558241924,
            0.03548310208507089
        ],
        "Mn3CrO8"
    ],
    "steinhart_parameter_sum": 0.22666464428623068,
    "band_gap": 0.7959,
    "oxidation_state": 4.0,
    "possible_species": [
        "O2-",
        "Mn4+",
        "Cr4+"
    ],
    "density": 4.076817494485528,
    "quadrupole moment": [
        [
            -15.099585525382961,
            -2.003270531362741,
            -1.9746313624503655
        ],
        [
            -2.003270531362741,
            -15.099585525382963,
            -1.9746313624503657
        ],
        [
            -1.9746313624503655,
            -1.9746313624503657,
            -14.995378521222692
        ]
    ],
    "quadrupole moment normalized": [
        [
            -0.13266992946126896,
            -0.017607105082404782,
            -0.01743063502611003
        ],
        [
            -0.017607105082404782,
            -0.13266992946126893,
            -0.01743063502611003
        ],
        [
            -0.01743063502611003,
            -0.01743063502611003,
            -0.1329440893832942
        ]
    ]
}