{
    "Material": "Li4CrGa3O8",
    "steinhart_vector": [
        [
            0.06490824994698281,
            0.003725814098089682,
            0.005154287547924948,
            0.047530877064461595,
            0.03331401231124411,
            0.01183703888265881,
            0.038854180248607734,
            0.03871839348729603,
            0.02179473820018315,
            0.031658234386891054,
            0.039014265997653154
        ],
        "Li4CrGa3O8"
    ],
    "steinhart_parameter_sum": 0.33651009217199307,
    "band_gap": 1.1265999999999998,
    "oxidation_state": 3.0,
    "possible_species": [
        "Li+",
        "O2-",
        "Ga3+",
        "Cr3+"
    ],
    "density": 3.811793491663406,
    "quadrupole moment": [
        [
            -10.506122012250461,
            -0.8278764687752492,
            0.7145035410226238
        ],
        [
            -0.8278764687752492,
            -9.903956485947361,
            0.682692635470505
        ],
        [
            0.7145035410226238,
            0.682692635470505,
            -9.261615932656868
        ]
    ],
    "quadrupole moment normalized": [
        [
            -0.09516569411118865,
            -0.006485683815371604,
            0.005324303959064894
        ],
        [
            -0.006485683815371604,
            -0.09096077202391872,
            0.00655494420713975
        ],
        [
            0.005324303959064894,
            0.00655494420713975,
            -0.08351737976955592
        ]
    ]
}