{
    "Material": "V2Cr(PO4)3",
    "steinhart_vector": [
        [
            0.06289229199782125,
            0.00487899678535446,
            0.00171613674508634,
            0.010615397978034173,
            0.04455735458200938,
            0.01556830309291452,
            0.019654579073564923,
            0.021921590105295326,
            0.03432222801471982,
            0.023364529890220052,
            0.019554992546721703
        ],
        "V2Cr(PO4)3"
    ],
    "steinhart_parameter_sum": 0.25904640081174196,
    "band_gap": 0.0,
    "oxidation_state": 3.0,
    "possible_species": [
        "P5+",
        "O2-",
        "V3+",
        "Cr3+"
    ],
    "density": 3.2486729333695292,
    "quadrupole moment": [
        [
            -15.623699249006345,
            -0.30137037286723745,
            -0.7342319118530978
        ],
        [
            -0.30137037286723745,
            -15.411541437024962,
            -0.5199471118943222
        ],
        [
            -0.7342319118530978,
            -0.5199471118943222,
            -16.464873413134352
        ]
    ],
    "quadrupole moment normalized": [
        [
            -0.1256982933705783,
            -0.0013828356491048695,
            -0.003369007344668839
        ],
        [
            -0.0013828356491048695,
            -0.12472481653849468,
            -0.002385772359277342
        ],
        [
            -0.003369007344668839,
            -0.002385772359277342,
            -0.12955800940455617
        ]
    ]
}