{
    "Material": "CrOF",
    "steinhart_vector": [
        [
            0.05876330742347673,
            0.003504694052129369,
            0.003038582577983452,
            0.008931943374305562,
            0.04289525086028157,
            0.010832015914225453,
            0.020237935545588802,
            0.016181620332704656,
            0.0359513327869352,
            0.0173871261454494,
            0.021992618086686216
        ],
        "CrOF"
    ],
    "steinhart_parameter_sum": 0.23971642709976637,
    "band_gap": 1.2153000000000005,
    "oxidation_state": 3.0,
    "possible_species": [
        "O2-",
        "F-",
        "Cr3+"
    ],
    "density": 4.358846078939407,
    "quadrupole moment": [
        [
            -11.200389738437813,
            0.6039410461701171,
            0.29418267300666345
        ],
        [
            0.6039410461701171,
            -12.010091155764123,
            0.6394779849584364
        ],
        [
            0.29418267300666345,
            0.6394779849584364,
            -12.433975834687233
        ]
    ],
    "quadrupole moment normalized": [
        [
            -0.08734720684083772,
            0.006191255191346423,
            0.0004562592930232208
        ],
        [
            0.006191255191346423,
            -0.09476861025464298,
            0.00693059300316737
        ],
        [
            0.0004562592930232208,
            0.00693059300316737,
            -0.09460757422390435
        ]
    ]
}