{
    "Material": "Na3CrBAsO7",
    "steinhart_vector": [
        [
            0.061313246996905844,
            0.005997021504003384,
            0.00522369345022783,
            0.008898812392326198,
            0.042954675588635846,
            0.016193828571529723,
            0.02120286208267578,
            0.01717720801185235,
            0.0353852775091042,
            0.021394209270483057,
            0.02263108565924056
        ],
        "Na3CrBAsO7"
    ],
    "steinhart_parameter_sum": 0.25837192103698475,
    "band_gap": 2.178,
    "oxidation_state": 3.0,
    "possible_species": [
        "O2-",
        "As5+",
        "B3+",
        "Na+",
        "Cr3+"
    ],
    "density": 3.2124569870659916,
    "quadrupole moment": [
        [
            -16.40439145130934,
            0.49272097678364357,
            -1.241820448247077
        ],
        [
            0.49272097678364357,
            -16.040076691591022,
            -1.781211131661733
        ],
        [
            -1.241820448247077,
            -1.781211131661733,
            -17.461165910516446
        ]
    ],
    "quadrupole moment normalized": [
        [
            -0.11750296035159306,
            0.000384089913509654,
            -0.009938144755421385
        ],
        [
            0.000384089913509654,
            -0.11722843002447884,
            -0.01425851222060802
        ],
        [
            -0.009938144755421385,
            -0.01425851222060802,
            -0.12623483818767445
        ]
    ]
}