{
    "Material": "Na3CrPCO7",
    "steinhart_vector": [
        [
            0.058063912615014125,
            0.009387584956478892,
            0.013218015249267814,
            0.01504524458536321,
            0.043074621622399646,
            0.013887400979826825,
            0.022876651722721953,
            0.020536977980992046,
            0.036529628501354036,
            0.0189884116821873,
            0.024901418585940267
        ],
        "Na3CrPCO7"
    ],
    "steinhart_parameter_sum": 0.27650986848154613,
    "band_gap": 2.4999000000000002,
    "oxidation_state": 2.0,
    "possible_species": [
        "O2-",
        "Na+",
        "Cr2+",
        "C4+",
        "P5+"
    ],
    "density": 2.8317546703626766,
    "quadrupole moment": [
        [
            -15.667353011845567,
            2.333941795787392,
            1.8417569548064177
        ],
        [
            2.333941795787392,
            -14.584830825095715,
            2.3212613943708087
        ],
        [
            1.8417569548064177,
            2.3212613943708087,
            -16.405198045631632
        ]
    ],
    "quadrupole moment normalized": [
        [
            -0.08969083462928437,
            0.0254149688395696,
            0.01700296037150708
        ],
        [
            0.0254149688395696,
            -0.07785871460550708,
            0.021410923209084227
        ],
        [
            0.01700296037150708,
            0.021410923209084227,
            -0.10271704539771923
        ]
    ]
}