{
    "Material": "Li2CrO3",
    "steinhart_vector": [
        [
            0.06374530782733064,
            0.0021851716299703186,
            0.0035235037852977265,
            0.007641037773857885,
            0.04700924525301583,
            0.009825909387131718,
            0.022455641233606268,
            0.014971255621465581,
            0.04044191615922867,
            0.016335639678994825,
            0.024820275235754436
        ],
        "Li2CrO3"
    ],
    "steinhart_parameter_sum": 0.2529549035856539,
    "band_gap": 0.23229999999999995,
    "oxidation_state": 4.0,
    "possible_species": [
        "Cr4+",
        "O2-",
        "Li+"
    ],
    "density": 3.5573328250525114,
    "quadrupole moment": [
        [
            -15.941519167863968,
            -0.5996333969756522,
            -0.06912851616237603
        ],
        [
            -0.5996333969756522,
            -16.492330423417616,
            0.5639117980728217
        ],
        [
            -0.06912851616237603,
            0.5639117980728217,
            -14.005490233843808
        ]
    ],
    "quadrupole moment normalized": [
        [
            -0.13457299250496307,
            -0.003297203178410705,
            -0.0071154728390319735
        ],
        [
            -0.003297203178410705,
            -0.13514258723642494,
            0.006982487108740495
        ],
        [
            -0.0071154728390319735,
            0.006982487108740495,
            -0.12125785044827775
        ]
    ]
}