{
    "Material": "LiVCrP2(HO5)2",
    "steinhart_vector": [
        [
            0.0634440352605992,
            4.508905941557688e-18,
            0.0036793762172909186,
            1.6624718249224038e-17,
            0.04815202227372193,
            2.4521368927829656e-17,
            0.02358332042954789,
            2.975308965003894e-17,
            0.04472056210058531,
            3.576630221168003e-17,
            0.0280166664932853
        ],
        "LiVCrP2(HO5)2"
    ],
    "steinhart_parameter_sum": 0.21159598277503067,
    "band_gap": 1.406,
    "oxidation_state": 4.0,
    "possible_species": [
        "Li+",
        "P5+",
        "O2-",
        "H+",
        "Cr3+",
        "V4+"
    ],
    "density": 3.1092689830222042,
    "quadrupole moment": [
        [
            -15.70568446943353,
            -0.66650148411827,
            -0.9814766618496884
        ],
        [
            -0.66650148411827,
            -14.467580795076334,
            -0.9562106435598638
        ],
        [
            -0.9814766618496884,
            -0.9562106435598638,
            -16.50677668792163
        ]
    ],
    "quadrupole moment normalized": [
        [
            -0.13459243999209544,
            0.007263063554824359,
            -0.004582012717999138
        ],
        [
            0.007263063554824359,
            -0.12658497520804957,
            -0.010915109428915682
        ],
        [
            -0.004582012717999138,
            -0.010915109428915682,
            -0.12551315627063384
        ]
    ]
}