{
    "Material": "CrO3",
    "steinhart_vector": [
        [
            0.07456923484443634,
            0.0031007223612509933,
            0.0015411080363767495,
            0.055552446310352346,
            0.038114126335347304,
            0.0029603880318416448,
            0.046778352450942084,
            0.04569320396840975,
            0.01644654025968752,
            0.03852422169350028,
            0.04840735614046455
        ],
        "CrO3"
    ],
    "steinhart_parameter_sum": 0.3716877004326095,
    "band_gap": 1.3593000000000002,
    "oxidation_state": 6.0,
    "possible_species": [
        "Cr6+",
        "O2-"
    ],
    "density": 2.5816445847221887,
    "quadrupole moment": [
        [
            -7.605705664266435,
            -0.18362191926845228,
            0.06500029139264725
        ],
        [
            -0.18362191926845228,
            -8.453495616620897,
            -0.007341540707554051
        ],
        [
            0.06500029139264725,
            -0.007341540707554051,
            -6.61217087004607
        ]
    ],
    "quadrupole moment normalized": [
        [
            -0.12020665608962917,
            0.0020584273439393924,
            2.8701627675703956e-05
        ],
        [
            0.0020584273439393924,
            -0.10819313211515345,
            0.00041705929084990883
        ],
        [
            2.8701627675703956e-05,
            0.00041705929084990883,
            -0.1284799279970074
        ]
    ]
}