{
    "Material": "Li2CrSiO4",
    "steinhart_vector": [
        [
            0.05932795733424559,
            0.008139214557947893,
            0.010897008311841028,
            0.03907383410293554,
            0.034556281506509016,
            0.020051372744465463,
            0.02470509505169988,
            0.039221695326819864,
            0.02850582099410717,
            0.01629046275861263,
            0.036405049162411156
        ],
        "Li2CrSiO4"
    ],
    "steinhart_parameter_sum": 0.31717379185159533,
    "band_gap": 1.2517,
    "oxidation_state": 2.0,
    "possible_species": [
        "Cr2+",
        "O2-",
        "Si4+",
        "Li+"
    ],
    "density": 3.01758773459568,
    "quadrupole moment": [
        [
            -11.21121858315727,
            -2.886579864025407e-15,
            0.5473640388112622
        ],
        [
            -2.886579864025407e-15,
            -14.804916908259022,
            -4.440892098500626e-16
        ],
        [
            0.5473640388112622,
            -4.440892098500626e-16,
            -9.588146521553567
        ]
    ],
    "quadrupole moment normalized": [
        [
            -0.06301095930167624,
            -5.204170427930421e-18,
            0.002488602434748511
        ],
        [
            -5.204170427930421e-18,
            -0.10513596223934366,
            1.3877787807814457e-17
        ],
        [
            0.002488602434748511,
            1.3877787807814457e-17,
            -0.057311966242859176
        ]
    ]
}