{
    "Material": "CrHSe3O8",
    "steinhart_vector": [
        [
            0.06168292417684648,
            0.0019364196226014049,
            0.002772109716118967,
            0.005299182953886576,
            0.04610674780609641,
            0.007707884947044063,
            0.021789893020789087,
            0.011115289950187976,
            0.04110902533355108,
            0.012810779114998012,
            0.024509555925557234
        ],
        "CrHSe3O8"
    ],
    "steinhart_parameter_sum": 0.23683981256767728,
    "band_gap": 2.1499,
    "oxidation_state": 3.0,
    "possible_species": [
        "O2-",
        "Cr3+",
        "Se4+",
        "H+"
    ],
    "density": 3.686533807670361,
    "quadrupole moment": [
        [
            -16.344209630707727,
            1.048885732401211,
            -0.31200868428363143
        ],
        [
            1.048885732401211,
            -15.993885356067176,
            0.6389339122871842
        ],
        [
            -0.31200868428363143,
            0.6389339122871842,
            -16.968392591107587
        ]
    ],
    "quadrupole moment normalized": [
        [
            -0.12559331151258177,
            0.003922105118340208,
            -0.005798119008244035
        ],
        [
            0.003922105118340208,
            -0.11438537325794955,
            0.0028931961971654374
        ],
        [
            -0.005798119008244035,
            0.0028931961971654374,
            -0.12534704019323958
        ]
    ]
}