{
    "Material": "Li24Ti11CrO36",
    "steinhart_vector": [
        [
            0.06309077276859215,
            0.00013286663098536578,
            0.002297309313144651,
            0.0057106518806478174,
            0.04731784413432075,
            0.0067111840537150596,
            0.022113197779738466,
            0.011529562324559912,
            0.04250040056680087,
            0.011548235895603444,
            0.024770553850651644
        ],
        "Li24Ti11CrO36"
    ],
    "steinhart_parameter_sum": 0.2377225791987601,
    "band_gap": 1.4433999999999998,
    "oxidation_state": 4.0,
    "possible_species": [
        "Li+",
        "Ti4+",
        "Cr4+",
        "O2-"
    ],
    "density": 3.3545742837660675,
    "quadrupole moment": [
        [
            -16.140478758477645,
            0.047053704933328167,
            -0.4966652081552261
        ],
        [
            0.047053704933328167,
            -16.168032890220253,
            -0.3717316068129375
        ],
        [
            -0.4966652081552261,
            -0.3717316068129375,
            -14.818107362588862
        ]
    ],
    "quadrupole moment normalized": [
        [
            -0.13082387712583818,
            3.09819486553637e-05,
            -0.00325010937292056
        ],
        [
            3.09819486553637e-05,
            -0.13218661101641724,
            -0.001891492225970185
        ],
        [
            -0.00325010937292056,
            -0.001891492225970185,
            -0.11917013766625767
        ]
    ]
}