{
    "Material": "BeCrO4",
    "steinhart_vector": [
        [
            0.07607873698941593,
            0.00024883434421329044,
            0.0004953839352038686,
            0.056701114906344496,
            0.03873674175767342,
            0.0010569581664538086,
            0.04780938239341233,
            0.0465454029663129,
            0.016253469076997738,
            0.03940060471019432,
            0.04943469569675242
        ],
        "BeCrO4"
    ],
    "steinhart_parameter_sum": 0.37276132494297454,
    "band_gap": 2.1140999999999996,
    "oxidation_state": 6.0,
    "possible_species": [
        "Cr6+",
        "Be2+",
        "O2-"
    ],
    "density": 2.5809131839568384,
    "quadrupole moment": [
        [
            -7.145044759288453,
            0.0350422731494795,
            0.0012218911087595596
        ],
        [
            0.0350422731494795,
            -7.250570839673495,
            -0.020858200615553546
        ],
        [
            0.0012218911087595596,
            -0.020858200615553546,
            -7.201120617296096
        ]
    ],
    "quadrupole moment normalized": [
        [
            -0.12221434644616413,
            0.0005740486311532692,
            0.0008550510824108786
        ],
        [
            0.0005740486311532692,
            -0.12443688019167101,
            -5.9971996468089275e-05
        ],
        [
            0.0008550510824108786,
            -5.9971996468089275e-05,
            -0.12378045939611579
        ]
    ]
}