{
    "Material": "TaCrO4",
    "steinhart_vector": [
        [
            0.06266960801985284,
            6.0744576929565976e-05,
            0.0056251997242811646,
            0.0010126110606871184,
            0.04703539681330163,
            0.0011627630788187163,
            0.024870726157307847,
            0.001883143435096969,
            0.042873083146484796,
            0.002116154723439982,
            0.029856803395895703
        ],
        "TaCrO4"
    ],
    "steinhart_parameter_sum": 0.2191662341320963,
    "band_gap": 2.2018,
    "oxidation_state": 3.0,
    "possible_species": [
        "Cr3+",
        "O2-",
        "Ta5+"
    ],
    "density": 7.540295819655173,
    "quadrupole moment": [
        [
            -15.761284531994537,
            1.4748287047582522,
            0.013612038644993163
        ],
        [
            1.4748287047582522,
            -16.221227387396542,
            -1.9994285924560027
        ],
        [
            0.013612038644993163,
            -1.9994285924560027,
            -15.769281750137818
        ]
    ],
    "quadrupole moment normalized": [
        [
            -0.12565976954015187,
            0.011518188240634166,
            -0.0017021604447238284
        ],
        [
            0.011518188240634166,
            -0.1268028245199962,
            -0.01561564969827994
        ],
        [
            -0.0017021604447238284,
            -0.01561564969827994,
            -0.12460485568395832
        ]
    ]
}