{
    "Material": "VCrO4",
    "steinhart_vector": [
        [
            0.07116762256638953,
            0.005085040169921569,
            0.003355617345152719,
            0.052342739356210824,
            0.03684482635952751,
            0.010342590547794331,
            0.04291609189254276,
            0.04331271958753867,
            0.021929322684189494,
            0.03440189831265044,
            0.04429981621558883
        ],
        "VCrO4"
    ],
    "steinhart_parameter_sum": 0.36599828503750664,
    "band_gap": 1.6277000000000001,
    "oxidation_state": 5.0,
    "possible_species": [
        "Cr3+",
        "V5+",
        "O2-"
    ],
    "density": 3.9283129588461834,
    "quadrupole moment": [
        [
            -9.364088933711827,
            -0.02553748190353855,
            -1.1494448909660986
        ],
        [
            -0.02553748190353855,
            -7.36049499654831,
            0.043692172587151745
        ],
        [
            -1.1494448909660986,
            0.043692172587151745,
            -8.069547121806583
        ]
    ],
    "quadrupole moment normalized": [
        [
            -0.11039902001682672,
            0.002969821881273923,
            -0.00329438297937586
        ],
        [
            0.002969821881273923,
            -0.1075646986442031,
            -0.005085581932639371
        ],
        [
            -0.00329438297937586,
            -0.005085581932639371,
            -0.10668383804539143
        ]
    ]
}