{
    "Material": "V3CrO8",
    "steinhart_vector": [
        [
            0.06393674497231905,
            0.0041711116561100586,
            0.0017589725658756945,
            0.01575776063070525,
            0.042384971837122566,
            0.01988679343263996,
            0.020547145207027228,
            0.025178623386593962,
            0.029785733512967694,
            0.0250847488122619,
            0.027478167494061987
        ],
        "V3CrO8"
    ],
    "steinhart_parameter_sum": 0.27597077350768534,
    "band_gap": 0.04459999999999997,
    "oxidation_state": 5.0,
    "possible_species": [
        "V5+",
        "Cr3+",
        "O2-",
        "V4+"
    ],
    "density": 3.82938002914758,
    "quadrupole moment": [
        [
            -14.576351524623224,
            0.033028599060645286,
            -0.23094079316339444
        ],
        [
            0.033028599060645286,
            -14.66584477146483,
            -0.07600084885213476
        ],
        [
            -0.23094079316339444,
            -0.07600084885213476,
            -17.09362037718899
        ]
    ],
    "quadrupole moment normalized": [
        [
            -0.13918092951120323,
            -0.005106435885320786,
            -0.002112845788479348
        ],
        [
            -0.005106435885320786,
            -0.1253446924268868,
            -0.0006953213904677177
        ],
        [
            -0.002112845788479348,
            -0.0006953213904677177,
            -0.1293303765981618
        ]
    ]
}