{
    "Material": "KCaCrH10C6O17",
    "steinhart_vector": [
        [
            0.06221218699319547,
            0.0011618531639661165,
            0.0034115945187833652,
            0.0074870039156106636,
            0.0458361837604617,
            0.009395788459380952,
            0.02189780047772248,
            0.014837390345941608,
            0.03940457554792814,
            0.015596777594807671,
            0.024238099406499746
        ],
        "KCaCrH10C6O17"
    ],
    "steinhart_parameter_sum": 0.24547925418429792,
    "band_gap": 3.3606,
    "oxidation_state": 3.0,
    "possible_species": [
        "Cr3+",
        "Ca2+",
        "C3+",
        "H+",
        "K+",
        "O2-"
    ],
    "density": 1.8838131041413853,
    "quadrupole moment": [
        [
            -17.402111545412357,
            -0.2932221137204394,
            -0.040800231394600095
        ],
        [
            -0.2932221137204394,
            -16.401472217985475,
            -0.538941760212277
        ],
        [
            -0.040800231394600095,
            -0.538941760212277,
            -14.647116840475832
        ]
    ],
    "quadrupole moment normalized": [
        [
            -0.1341070524394567,
            -0.0018960298317001294,
            -0.0015443174755439253
        ],
        [
            -0.0018960298317001294,
            -0.12450733106090484,
            -0.0046470964008292655
        ],
        [
            -0.0015443174755439253,
            -0.0046470964008292655,
            -0.1129539761457675
        ]
    ]
}