{
    "Material": "MnCrO4",
    "steinhart_vector": [
        [
            0.056761807329772124,
            0.005802758889686308,
            0.00787743528561799,
            0.013966131286447057,
            0.033512844857866396,
            0.02609072669850138,
            0.014097734621220112,
            0.02323417368117013,
            0.023546209770310654,
            0.02517620416138942,
            0.02182965459350656
        ],
        "MnCrO4"
    ],
    "steinhart_parameter_sum": 0.2518956811754881,
    "band_gap": 1.0037000000000003,
    "oxidation_state": 2.0,
    "possible_species": [
        "Cr6+",
        "O2-",
        "Mn2+"
    ],
    "density": 3.6795323570881933,
    "quadrupole moment": [
        [
            -16.131333299862206,
            -1.8529371600562183,
            3.252853553033567
        ],
        [
            -1.8529371600562183,
            -20.96502788670901,
            2.014526710385742
        ],
        [
            3.252853553033567,
            2.014526710385742,
            -21.545231995042574
        ]
    ],
    "quadrupole moment normalized": [
        [
            -0.08659576981350722,
            -0.017661340890460016,
            0.010031317302709404
        ],
        [
            -0.017661340890460016,
            -0.10822662292440133,
            -0.0013869017750852662
        ],
        [
            0.010031317302709404,
            -0.0013869017750852662,
            -0.11523193141711986
        ]
    ]
}