{
    "Material": "LiCrPO4",
    "steinhart_vector": [
        [
            0.06071737196513052,
            0.020013699448268796,
            0.034590183167729875,
            0.023097089444057854,
            0.049770203740171916,
            0.02484146622550338,
            0.03527773820700098,
            0.02952172784947271,
            0.0437948611611169,
            0.031543151939500344,
            0.03152900306642054
        ],
        "LiCrPO4"
    ],
    "steinhart_parameter_sum": 0.38469649621437385,
    "band_gap": 2.2924999999999995,
    "oxidation_state": 2.0,
    "possible_species": [
        "Li+",
        "P5+",
        "O2-",
        "Cr2+"
    ],
    "density": 3.2165159257466676,
    "quadrupole moment": [
        [
            -8.036773033820971,
            2.3157547584738105,
            1.051841078050204
        ],
        [
            2.3157547584738105,
            -9.654937042225141,
            7.768831006035612
        ],
        [
            1.051841078050204,
            7.768831006035612,
            -7.74300808583843
        ]
    ],
    "quadrupole moment normalized": [
        [
            -0.05392845692948989,
            0.016453165071159966,
            0.0061308432258655315
        ],
        [
            0.016453165071159966,
            -0.06839849165977459,
            0.05521144532154217
        ],
        [
            0.0061308432258655315,
            0.05521144532154217,
            -0.054640865702822033
        ]
    ]
}