{
    "Material": "TiMnCr(PO4)3",
    "steinhart_vector": [
        [
            0.06332969223094159,
            0.003824822606301067,
            0.0020217991990942865,
            0.010975153289126202,
            0.045148742330173,
            0.014403289616634993,
            0.020108518333756677,
            0.02184804506098416,
            0.03538550216648031,
            0.022131793456570903,
            0.02014889973416558
        ],
        "TiMnCr(PO4)3"
    ],
    "steinhart_parameter_sum": 0.25932625802422876,
    "band_gap": 2.3007,
    "oxidation_state": 4.0,
    "possible_species": [
        "O2-",
        "Cr3+",
        "P5+",
        "Mn2+",
        "Ti4+"
    ],
    "density": 3.2117886425902276,
    "quadrupole moment": [
        [
            -15.39974309826221,
            -0.38761556076667025,
            -0.9545860355274646
        ],
        [
            -0.38761556076667025,
            -15.124451483732141,
            -0.6740051968574059
        ],
        [
            -0.9545860355274646,
            -0.6740051968574059,
            -16.510660229875
        ]
    ],
    "quadrupole moment normalized": [
        [
            -0.1275182999135695,
            -0.0015054220179011937,
            -0.003707456189415776
        ],
        [
            -0.0015054220179011937,
            -0.12644908824057838,
            -0.0026177188020218315
        ],
        [
            -0.003707456189415776,
            -0.0026177188020218315,
            -0.13183291943959655
        ]
    ]
}