{
    "Material": "Li5V3CrO8",
    "steinhart_vector": [
        [
            0.06007006178980021,
            0.0004535063730272428,
            0.0025222181680434864,
            0.00238194213757235,
            0.04557027313566552,
            0.00290180927378304,
            0.021732858822112334,
            0.004953628938808726,
            0.042203735801633196,
            0.005035450694874142,
            0.025372387038187345
        ],
        "Li5V3CrO8"
    ],
    "steinhart_parameter_sum": 0.21319787217350758,
    "band_gap": 0.23819999999999997,
    "oxidation_state": 3.0,
    "possible_species": [
        "Cr2+",
        "O2-",
        "Li+",
        "V3+"
    ],
    "density": 4.05120891180016,
    "quadrupole moment": [
        [
            -17.509305965620598,
            0.7174967939283512,
            -0.7665274299341289
        ],
        [
            0.7174967939283512,
            -16.680812008678352,
            0.4425548119488134
        ],
        [
            -0.7665274299341289,
            0.4425548119488134,
            -17.78382676709065
        ]
    ],
    "quadrupole moment normalized": [
        [
            -0.11759263015878016,
            0.006333459782382422,
            -0.0029557368563568032
        ],
        [
            0.006333459782382422,
            -0.1102793805378145,
            0.001706495446285046
        ],
        [
            -0.0029557368563568032,
            0.001706495446285046,
            -0.11856210991083727
        ]
    ]
}