{
    "Material": "CrSb3(PO4)6",
    "steinhart_vector": [
        [
            0.06324342389057665,
            0.0016587811495310167,
            0.000684319021788973,
            0.0022461943963241926,
            0.04807482876949356,
            0.004474917637147383,
            0.022196872900170146,
            0.005586340912663865,
            0.044652010059983226,
            0.007328647877385102,
            0.02547049499475078
        ],
        "CrSb3(PO4)6"
    ],
    "steinhart_parameter_sum": 0.22561683160981494,
    "band_gap": 1.2841000000000002,
    "oxidation_state": 3.0,
    "possible_species": [
        "O2-",
        "Sb5+",
        "P5+",
        "Cr3+"
    ],
    "density": 3.456810652287468,
    "quadrupole moment": [
        [
            -15.566959466780423,
            -0.07172736066501151,
            -0.18559755869462613
        ],
        [
            -0.07172736066501151,
            -15.51401727234553,
            -0.12933826100735302
        ],
        [
            -0.18559755869462613,
            -0.12933826100735302,
            -15.7987024437836
        ]
    ],
    "quadrupole moment normalized": [
        [
            -0.12747833319688961,
            -0.0006191069979229104,
            -0.0016019707956428791
        ],
        [
            -0.0006191069979229104,
            -0.12702136691156599,
            -0.0011163704008186753
        ],
        [
            -0.0016019707956428791,
            -0.0011163704008186753,
            -0.12947860113662918
        ]
    ]
}