{
    "Material": "CrBiO4",
    "steinhart_vector": [
        [
            0.07221678629977726,
            0.00534129190887545,
            0.009970696841821225,
            0.05219341920301937,
            0.03528647394369524,
            0.019821368456003827,
            0.04457738131223019,
            0.03798552227960588,
            0.025278875576498973,
            0.0422803373652697,
            0.03895720791263718
        ],
        "CrBiO4"
    ],
    "steinhart_parameter_sum": 0.3839093610994343,
    "band_gap": 0.8826999999999998,
    "oxidation_state": 5.0,
    "possible_species": [
        "O2-",
        "Cr5+",
        "Bi3+"
    ],
    "density": 6.255406884400063,
    "quadrupole moment": [
        [
            -9.571563847923674,
            0.2803413270685189,
            -0.2911226424667841
        ],
        [
            0.2803413270685189,
            -6.632751110186329,
            -0.5331964990256164
        ],
        [
            -0.2911226424667841,
            -0.5331964990256164,
            -7.829205267586069
        ]
    ],
    "quadrupole moment normalized": [
        [
            -0.12860414037310494,
            0.005322927658083856,
            -0.005004489726593451
        ],
        [
            0.005322927658083856,
            -0.08479430784737509,
            -0.014775774962553459
        ],
        [
            -0.005004489726593451,
            -0.014775774962553459,
            -0.12068161350618345
        ]
    ]
}