{
    "Material": "Li3CrNi3O8",
    "steinhart_vector": [
        [
            0.06352531247150688,
            5.325566591606506e-18,
            0.005417141966260584,
            1.3182239479845144e-17,
            0.047782820383321774,
            1.635494148123481e-17,
            0.02497717722049518,
            3.265994827797881e-17,
            0.043723422011092805,
            3.0045213553234364e-17,
            0.02999853530405312
        ],
        "Li3CrNi3O8"
    ],
    "steinhart_parameter_sum": 0.2154244093567304,
    "band_gap": 0.0,
    "oxidation_state": 3.0,
    "possible_species": [
        "Cr3+",
        "O2-",
        "Ni4+",
        "Li+",
        "Ni3+"
    ],
    "density": 4.43752124443939,
    "quadrupole moment": [
        [
            -15.991523054120488,
            1.4194428275704296,
            -0.189838289925635
        ],
        [
            1.4194428275704296,
            -17.074301535817394,
            -0.13077166295654852
        ],
        [
            -0.189838289925635,
            -0.13077166295654852,
            -13.41383512531516
        ]
    ],
    "quadrupole moment normalized": [
        [
            -0.13724385404152714,
            0.005962250416599708,
            -0.0016976338946645686
        ],
        [
            0.005962250416599708,
            -0.14179197414061742,
            -0.0011694290313279503
        ],
        [
            -0.0016976338946645686,
            -0.0011694290313279503,
            -0.10841549393465606
        ]
    ]
}