{
    "Material": "Mn3Cr(PO4)6",
    "steinhart_vector": [
        [
            0.06581944204409843,
            0.002302007994178449,
            0.0007221574194343102,
            0.004720704932454882,
            0.04958117648815543,
            0.007593068371797954,
            0.02267625937647162,
            0.0103832909155783,
            0.04497041556520783,
            0.012635583518887699,
            0.025269215298395698
        ],
        "Mn3Cr(PO4)6"
    ],
    "steinhart_parameter_sum": 0.24667332192466063,
    "band_gap": 0.06729999999999992,
    "oxidation_state": 4.0,
    "possible_species": [
        "O2-",
        "Mn4+",
        "Cr6+",
        "P5+"
    ],
    "density": 2.9666424019692372,
    "quadrupole moment": [
        [
            -14.361510721784832,
            -0.08647754810329777,
            -0.22308957780295047
        ],
        [
            -0.08647754810329777,
            -14.297824690917592,
            -0.15558643029279626
        ],
        [
            -0.22308957780295047,
            -0.15558643029279626,
            -14.638899264822797
        ]
    ],
    "quadrupole moment normalized": [
        [
            -0.13813722724831803,
            -0.0006215288311552034,
            -0.0016034036237739767
        ],
        [
            -0.0006215288311552034,
            -0.13767953437765568,
            -0.0011182534728516567
        ],
        [
            -0.0016034036237739767,
            -0.0011182534728516567,
            -0.14013093544594027
        ]
    ]
}