{
    "Material": "Na3CrAsCO7",
    "steinhart_vector": [
        [
            0.05823125510446275,
            0.01006381208563442,
            0.012992185282632936,
            0.0152367483173965,
            0.04281488694911886,
            0.015348211418776524,
            0.022573318839511504,
            0.02108101899905138,
            0.03589094396014198,
            0.02005053293747067,
            0.02511954196924232
        ],
        "Na3CrAsCO7"
    ],
    "steinhart_parameter_sum": 0.2794024558634398,
    "band_gap": 1.5635000000000003,
    "oxidation_state": 2.0,
    "possible_species": [
        "As5+",
        "Na+",
        "Cr2+",
        "C4+",
        "O2-"
    ],
    "density": 3.101451449232949,
    "quadrupole moment": [
        [
            -17.206645442144712,
            0.003456475272975882,
            2.3378446675687306
        ],
        [
            0.003456475272975882,
            -17.35062826956881,
            0.006804946161422746
        ],
        [
            2.3378446675687306,
            0.006804946161422746,
            -11.761462892236196
        ]
    ],
    "quadrupole moment normalized": [
        [
            -0.10843242750803747,
            4.354454648200341e-05,
            0.02119112247365363
        ],
        [
            4.354454648200341e-05,
            -0.10979016914362293,
            2.939780311089772e-05
        ],
        [
            0.02119112247365363,
            2.939780311089772e-05,
            -0.05348007798978669
        ]
    ]
}