{
    "Material": "Li3CrSi2O7",
    "steinhart_vector": [
        [
            0.061297422983866645,
            3.7424267245280695e-18,
            0.0052626408273240164,
            1.1150582474024679e-17,
            0.04611938546742707,
            2.4776158697381225e-17,
            0.024154457436228634,
            2.81487030977695e-17,
            0.0421019148022105,
            4.665923167551885e-17,
            0.029302761297964896
        ],
        "Li3CrSi2O7"
    ],
    "steinhart_parameter_sum": 0.2082385828150219,
    "band_gap": 2.3964,
    "oxidation_state": 3.0,
    "possible_species": [
        "O2-",
        "Cr3+",
        "Si4+",
        "Li+"
    ],
    "density": 2.874205766050718,
    "quadrupole moment": [
        [
            -14.746909470635819,
            -0.025731035752548426,
            -0.5133022428114651
        ],
        [
            -0.025731035752548426,
            -16.036124108795622,
            -1.2461331200589774
        ],
        [
            -0.5133022428114651,
            -1.2461331200589774,
            -19.22227340292167
        ]
    ],
    "quadrupole moment normalized": [
        [
            -0.11571947526256146,
            -0.010238417820445746,
            -0.011021257912424047
        ],
        [
            -0.010238417820445746,
            -0.11287870747403228,
            -0.005071160928649059
        ],
        [
            -0.011021257912424047,
            -0.005071160928649059,
            -0.13235979588149277
        ]
    ]
}