{
    "Material": "LiMn3CrO8",
    "steinhart_vector": [
        [
            0.06350745393343915,
            3.211900960428974e-08,
            0.007304541929415801,
            7.857891619315899e-08,
            0.047138558073974206,
            1.2422589744360393e-07,
            0.02696015529835961,
            1.697171569335692e-07,
            0.04193033923361958,
            2.1515149393070763e-07,
            0.033230393087481706
        ],
        "LiMn3CrO8"
    ],
    "steinhart_parameter_sum": 0.22007206134876414,
    "band_gap": 0.5277000000000001,
    "oxidation_state": 4.0,
    "possible_species": [
        "Li+",
        "Mn4+",
        "O2-",
        "Cr3+"
    ],
    "density": 3.866819554704907,
    "quadrupole moment": [
        [
            -16.249288640398266,
            0.22061856149979953,
            -2.262716463790563
        ],
        [
            0.22061856149979953,
            -16.415847097891994,
            -1.5644271913902987
        ],
        [
            -2.262716463790563,
            -1.5644271913902987,
            -13.83463210855295
        ]
    ],
    "quadrupole moment normalized": [
        [
            -0.132173874152724,
            0.006384752677550936,
            -0.018882450253267156
        ],
        [
            0.006384752677550936,
            -0.13699411479894344,
            -0.01305520116594683
        ],
        [
            -0.018882450253267156,
            -0.01305520116594683,
            -0.1180480496506111
        ]
    ]
}