{
    "Material": "Li2MnCrO4",
    "steinhart_vector": [
        [
            0.060681819748598174,
            4.860801964490675e-06,
            0.0046288020473200155,
            1.6100437048808055e-05,
            0.04601490248885859,
            1.9685379476217937e-05,
            0.022925434361682335,
            2.960836907610084e-05,
            0.042617413896839325,
            3.5105278863966787e-05,
            0.027306257631423827
        ],
        "Li2MnCrO4"
    ],
    "steinhart_parameter_sum": 0.20427999044115186,
    "band_gap": 0.7585999999999995,
    "oxidation_state": 3.0,
    "possible_species": [
        "Mn3+",
        "Cr3+",
        "Li+",
        "O2-"
    ],
    "density": 4.088150534550501,
    "quadrupole moment": [
        [
            -15.226677433251027,
            -0.8907848548863719,
            1.0406180157099687
        ],
        [
            -0.8907848548863719,
            -19.051845182418376,
            2.5582190300245697
        ],
        [
            1.0406180157099687,
            2.5582190300245697,
            -17.330154953387932
        ]
    ],
    "quadrupole moment normalized": [
        [
            -0.11204085945624906,
            0.007339294262972642,
            -0.01332064353319096
        ],
        [
            0.007339294262972642,
            -0.1319109560130563,
            -0.010771996521568478
        ],
        [
            -0.01332064353319096,
            -0.010771996521568478,
            -0.11103878510552273
        ]
    ]
}