{
    "Material": "Cr(PO3)5",
    "steinhart_vector": [
        [
            0.06163022291281957,
            7.796131230777329e-05,
            0.001283779823150572,
            0.000589080367003789,
            0.04703515698502656,
            0.0008286730246362632,
            0.02190165032779631,
            0.0011600595512296955,
            0.044146373293057595,
            0.001498791223802605,
            0.025531991685755227
        ],
        "Cr(PO3)5"
    ],
    "steinhart_parameter_sum": 0.20568374050658594,
    "band_gap": 0.0,
    "oxidation_state": 5.0,
    "possible_species": [
        "O2-",
        "P5+",
        "Cr5+"
    ],
    "density": 2.3719319072942935,
    "quadrupole moment": [
        [
            -16.270371086846428,
            -0.43376748076446536,
            -0.11234000252683529
        ],
        [
            -0.43376748076446536,
            -15.904262528778712,
            -0.17625344912530538
        ],
        [
            -0.11234000252683529,
            -0.17625344912530538,
            -17.23285657234426
        ]
    ],
    "quadrupole moment normalized": [
        [
            -0.12322561342502114,
            0.001474670014103638,
            0.003576687574916495
        ],
        [
            0.001474670014103638,
            -0.12254371540946662,
            -0.004275661958554133
        ],
        [
            0.003576687574916495,
            -0.004275661958554133,
            -0.11897221672046134
        ]
    ]
}