{
    "Material": "Li2Ti3CrO8",
    "steinhart_vector": [
        [
            0.06231636635666763,
            0.00016710420484080592,
            0.006511040247883928,
            0.0006121544583698119,
            0.04647395722183792,
            0.0007723834923495531,
            0.02577509797529467,
            0.0012634663869645587,
            0.041691567661554706,
            0.0013470727890185685,
            0.031666912690174236
        ],
        "Li2Ti3CrO8"
    ],
    "steinhart_parameter_sum": 0.21859712348495638,
    "band_gap": 0.0,
    "oxidation_state": 4.0,
    "possible_species": [
        "O2-",
        "Li+",
        "Cr2+",
        "Ti4+"
    ],
    "density": 3.7255544007040666,
    "quadrupole moment": [
        [
            -16.11180840110916,
            -1.7483976122193052,
            -1.6471476653399055
        ],
        [
            -1.7483976122193052,
            -16.11180840110915,
            -1.6471476653399038
        ],
        [
            -1.6471476653399055,
            -1.6471476653399038,
            -16.061205373655795
        ]
    ],
    "quadrupole moment normalized": [
        [
            -0.12424287835317062,
            -0.013494562766540805,
            -0.012721281152512807
        ],
        [
            -0.013494562766540805,
            -0.12424287835317067,
            -0.0127212811525128
        ],
        [
            -0.012721281152512807,
            -0.0127212811525128,
            -0.12431776573867506
        ]
    ]
}