{
    "Material": "Li3CrSiBO7",
    "steinhart_vector": [
        [
            0.06435359331055097,
            0.00392800373681342,
            0.004702433514366783,
            0.008840403717743474,
            0.04661110362007085,
            0.011450722037107728,
            0.022254060137010468,
            0.018756979921486686,
            0.03925536492331713,
            0.017554539298158887,
            0.02251139986412852
        ],
        "Li3CrSiBO7"
    ],
    "steinhart_parameter_sum": 0.2602186040807549,
    "band_gap": 0.6769000000000001,
    "oxidation_state": 4.0,
    "possible_species": [
        "O2-",
        "Li+",
        "Si4+",
        "B3+",
        "Cr4+"
    ],
    "density": 2.786899805820588,
    "quadrupole moment": [
        [
            -17.589996033234474,
            0.0005714114609427137,
            -0.4863809553090803
        ],
        [
            0.0005714114609427137,
            -14.456585324561631,
            0.00011430022853420535
        ],
        [
            -0.4863809553090803,
            0.00011430022853420535,
            -13.31547628855752
        ]
    ],
    "quadrupole moment normalized": [
        [
            -0.14133162533813268,
            -9.24880249112185e-06,
            -0.012821386758814772
        ],
        [
            -9.24880249112185e-06,
            -0.13695955136648855,
            1.1637322617587444e-05
        ],
        [
            -0.012821386758814772,
            1.1637322617587444e-05,
            -0.1195276031103563
        ]
    ]
}