{
    "Material": "Na3CrH14(C3O8)2",
    "steinhart_vector": [
        [
            0.062018204303510766,
            1.3822183649205871e-17,
            0.0042086308269468865,
            7.450429771474409e-18,
            0.0469049377144088,
            3.258885676372122e-17,
            0.023573349558135955,
            2.682604243965234e-17,
            0.04328776447022095,
            4.664835082996398e-17,
            0.028225698265498242
        ],
        "Na3CrH14(C3O8)2"
    ],
    "steinhart_parameter_sum": 0.20821858513872168,
    "band_gap": 3.2625,
    "oxidation_state": 3.0,
    "possible_species": [
        "H+",
        "Cr3+",
        "Na+",
        "C2+",
        "O2-"
    ],
    "density": 1.7985245700809924,
    "quadrupole moment": [
        [
            -14.817606686418895,
            0.6783916260683683,
            -0.46449609748609966
        ],
        [
            0.6783916260683683,
            -17.669314089702752,
            -0.9639375938040942
        ],
        [
            -0.46449609748609966,
            -0.9639375938040942,
            -16.266304280844324
        ]
    ],
    "quadrupole moment normalized": [
        [
            -0.11196507044249297,
            0.0031635363262786037,
            -0.002702499968761641
        ],
        [
            0.0031635363262786037,
            -0.13639934518550137,
            -0.006490576603854851
        ],
        [
            -0.002702499968761641,
            -0.006490576603854851,
            -0.12088783325417368
        ]
    ]
}