{
    "Material": "Li2CrP4(H4O5)4",
    "steinhart_vector": [
        [
            0.05733144386090489,
            6.373123063815691e-18,
            0.003484509897694,
            1.3891700187507388e-17,
            0.04362028381359864,
            2.733272513836494e-17,
            0.02109370603212479,
            2.592517513579607e-17,
            0.040664696875395014,
            4.7510238222528865e-17,
            0.02491132345677828
        ],
        "Li2CrP4(H4O5)4"
    ],
    "steinhart_parameter_sum": 0.19110596393649573,
    "band_gap": 0.3256999999999999,
    "oxidation_state": 2.0,
    "possible_species": [
        "O2-",
        "Li+",
        "H+",
        "Cr2+",
        "P5+"
    ],
    "density": 2.0936704785734777,
    "quadrupole moment": [
        [
            -18.90680914206721,
            0.46862845293798694,
            2.7861197417693484
        ],
        [
            0.46862845293798694,
            -18.804163505433884,
            -1.3940264409440668
        ],
        [
            2.7861197417693484,
            -1.3940264409440668,
            -19.928342411310606
        ]
    ],
    "quadrupole moment normalized": [
        [
            -0.09699989522681993,
            -0.011988173406124536,
            -0.005050844419813329
        ],
        [
            -0.011988173406124536,
            -0.11197308421729697,
            0.0070305553177012065
        ],
        [
            -0.005050844419813329,
            0.0070305553177012065,
            -0.10760100849015249
        ]
    ]
}