{
    "Material": "Li6VCrP2(CO7)2",
    "steinhart_vector": [
        [
            0.057810932121081786,
            0.0058236619254968675,
            0.007900056913034293,
            0.011422512027819203,
            0.038929816911923924,
            0.01493906623081397,
            0.01938996141678516,
            0.021049835539731228,
            0.031879839482128566,
            0.021686911022995026,
            0.016258581155927692
        ],
        "Li6VCrP2(CO7)2"
    ],
    "steinhart_parameter_sum": 0.24709117474773773,
    "band_gap": 1.9883000000000002,
    "oxidation_state": 2.0,
    "possible_species": [
        "O2-",
        "C4+",
        "V2+",
        "Cr2+",
        "Li+",
        "P5+"
    ],
    "density": 2.7092465224251865,
    "quadrupole moment": [
        [
            -17.049954925569647,
            -2.0221146372478023e-15,
            4.808053084247316e-17
        ],
        [
            -2.0221146372478023e-15,
            -14.763807577640499,
            -1.1946621797325503
        ],
        [
            4.808053084247316e-17,
            -1.1946621797325503,
            -24.44997256340254
        ]
    ],
    "quadrupole moment normalized": [
        [
            -0.11410016135134105,
            -1.468834848335816e-17,
            2.9321092998525122e-18
        ],
        [
            -1.468834848335816e-17,
            -0.08140356115829754,
            -0.009969538737570942
        ],
        [
            2.9321092998525122e-18,
            -0.009969538737570942,
            -0.12564804532636517
        ]
    ]
}