{
    "Material": "LiCrB3(HO3)3",
    "steinhart_vector": [
        [
            0.07224676249883763,
            0.0020074414645960856,
            0.002998242456260779,
            0.05367672775836093,
            0.03679183069823337,
            0.006324777069728925,
            0.04506406216814982,
            0.043822368847015306,
            0.0177075254127533,
            0.03729742177290135,
            0.0459469454321437
        ],
        "LiCrB3(HO3)3"
    ],
    "steinhart_parameter_sum": 0.3638841055789812,
    "band_gap": 1.4087,
    "oxidation_state": 5.0,
    "possible_species": [
        "O2-",
        "B3+",
        "H+",
        "Cr5+",
        "Li+"
    ],
    "density": 2.0823474811036466,
    "quadrupole moment": [
        [
            -7.8165221359530275,
            0.17930378418935766,
            0.11630110471226152
        ],
        [
            0.17930378418935766,
            -7.939447889229063,
            0.24934732074855637
        ],
        [
            0.11630110471226152,
            0.24934732074855637,
            -8.244473489633304
        ]
    ],
    "quadrupole moment normalized": [
        [
            -0.10205724594465206,
            0.0015647012654170494,
            0.0015847469601929856
        ],
        [
            0.0015647012654170494,
            -0.12169266633957973,
            -0.0033194122528245537
        ],
        [
            0.0015847469601929856,
            -0.0033194122528245537,
            -0.11055691660883857
        ]
    ]
}