{
    "Material": "Ti3CrFe2(PO4)6",
    "steinhart_vector": [
        [
            0.06270243501617495,
            0.00409303613791565,
            0.0009170733041747956,
            0.011023252056798764,
            0.044475617788733046,
            0.015451629166297111,
            0.01950334922293152,
            0.021676634094293833,
            0.034242464055811155,
            0.023790970816922087,
            0.01973354189263408
        ],
        "Ti3CrFe2(PO4)6"
    ],
    "steinhart_parameter_sum": 0.257610003552687,
    "band_gap": 0.10719999999999974,
    "oxidation_state": 3.0,
    "possible_species": [
        "Cr3+",
        "O2-",
        "Fe2+",
        "Ti3+",
        "Ti4+",
        "P5+"
    ],
    "density": 3.232609872030983,
    "quadrupole moment": [
        [
            -15.805709392505285,
            -0.260633574496532,
            -0.6216939641231878
        ],
        [
            -0.260633574496532,
            -15.625459518067784,
            -0.4428366639971795
        ],
        [
            -0.6216939641231878,
            -0.4428366639971795,
            -16.4961287974102
        ]
    ],
    "quadrupole moment normalized": [
        [
            -0.1256854732841565,
            -0.0005106265905887655,
            -0.0012179888759003363
        ],
        [
            -0.0005106265905887655,
            -0.12533235515689936,
            -0.0008675981101007183
        ],
        [
            -0.0012179888759003363,
            -0.0008675981101007183,
            -0.12703812916063964
        ]
    ]
}