{
    "Material": "Ti3CrCu2(PO4)6",
    "steinhart_vector": [
        [
            0.06375481197094453,
            0.0030937003358690366,
            0.001810348886126345,
            0.008302355213875016,
            0.046741271851374645,
            0.01164741475603108,
            0.021175554620431147,
            0.01713449382215042,
            0.039467312708225406,
            0.018782429512871013,
            0.022222550502012703
        ],
        "Ti3CrCu2(PO4)6"
    ],
    "steinhart_parameter_sum": 0.25413224417991137,
    "band_gap": 0.0,
    "oxidation_state": 4.0,
    "possible_species": [
        "O2-",
        "Cr3+",
        "Cu2+",
        "Cu+",
        "Ti4+",
        "P5+"
    ],
    "density": 3.277498561612761,
    "quadrupole moment": [
        [
            -15.216830460868161,
            -0.2740180014752569,
            -0.6707367725119178
        ],
        [
            -0.2740180014752569,
            -15.023181051339392,
            -0.47437439576714846
        ],
        [
            -0.6707367725119178,
            -0.47437439576714846,
            -15.990543017384713
        ]
    ],
    "quadrupole moment normalized": [
        [
            -0.12906849075817708,
            -0.0015537265897890892,
            -0.0038031893014293244
        ],
        [
            -0.0015537265897890892,
            -0.12797047137576067,
            -0.002689778853980423
        ],
        [
            -0.0038031893014293244,
            -0.002689778853980423,
            -0.1334555541584018
        ]
    ]
}