{
    "Material": "Mn7CrO16",
    "steinhart_vector": [
        [
            0.06435814737894051,
            3.403094173386799e-18,
            0.008364945830035253,
            1.1445774159099329e-17,
            0.047377974083474314,
            1.583363190130913e-17,
            0.02843478395586422,
            2.106900738194552e-17,
            0.041448489460534726,
            2.0525900620944117e-17,
            0.03527860172185702
        ],
        "Mn7CrO16"
    ],
    "steinhart_parameter_sum": 0.2252629424307061,
    "band_gap": 0.5307000000000002,
    "oxidation_state": 4.0,
    "possible_species": [
        "O2-",
        "Mn4+",
        "Cr5+",
        "Mn3+"
    ],
    "density": 4.114499835582651,
    "quadrupole moment": [
        [
            -13.1566000015079,
            -1.3322676295501878e-15,
            -7.771561172376096e-16
        ],
        [
            -1.3322676295501878e-15,
            -16.983600326190707,
            2.8067896539983597
        ],
        [
            -7.771561172376096e-16,
            2.8067896539983597,
            -15.128164680228734
        ]
    ],
    "quadrupole moment normalized": [
        [
            -0.11578819156400257,
            -1.3877787807814457e-17,
            -7.37257477290143e-18
        ],
        [
            -1.3877787807814457e-17,
            -0.14946270766206904,
            0.024634178075640147
        ],
        [
            -7.37257477290143e-18,
            0.024634178075640147,
            -0.13237851412888307
        ]
    ]
}