{
    "Material": "CrCo5O12",
    "steinhart_vector": [
        [
            0.0646833966667139,
            6.002626158327067e-18,
            0.008210342393254747,
            1.066499965226167e-17,
            0.04769988728564622,
            2.0557703246072457e-17,
            0.028351572777344063,
            2.700444756790818e-17,
            0.04187022467822993,
            3.358171057624374e-17,
            0.03514987976071973
        ],
        "CrCo5O12"
    ],
    "steinhart_parameter_sum": 0.22596530356190864,
    "band_gap": 0.4535999999999999,
    "oxidation_state": 4.0,
    "possible_species": [
        "Cr4+",
        "Co4+",
        "O2-"
    ],
    "density": 4.351045122799205,
    "quadrupole moment": [
        [
            -16.856649794206042,
            0.0391878416091564,
            -0.011291020416938302
        ],
        [
            0.0391878416091564,
            -16.81130703990757,
            -0.01957662187543468
        ],
        [
            -0.011291020416938302,
            -0.01957662187543468,
            -11.146250759569455
        ]
    ],
    "quadrupole moment normalized": [
        [
            -0.1510271980771966,
            0.00025694532443066247,
            -0.00016376326180794418
        ],
        [
            0.00025694532443066247,
            -0.15072989645926113,
            -0.0002839363790975949
        ],
        [
            -0.00016376326180794418,
            -0.0002839363790975949,
            -0.09990134480689652
        ]
    ]
}