{
    "Material": "TiV2CrO10",
    "steinhart_vector": [
        [
            0.06788578028686021,
            1.1504538717435172e-17,
            0.004437577120876029,
            0.05025948454769018,
            0.034460344707966654,
            0.0086922888508328,
            0.04196632414434405,
            0.040741002419374665,
            0.018808869609797177,
            0.0347449558191169,
            0.04213603773464533
        ],
        "TiV2CrO10"
    ],
    "steinhart_parameter_sum": 0.344132665241504,
    "band_gap": 1.137,
    "oxidation_state": 4.0,
    "possible_species": [
        "O2-",
        "Ti4+",
        "Cr6+",
        "V5+"
    ],
    "density": 3.048922600829853,
    "quadrupole moment": [
        [
            -9.632319832918604,
            -1.3782743325236881e-15,
            -8.881784197001252e-16
        ],
        [
            -1.3782743325236881e-15,
            -9.6323198329186,
            0.0
        ],
        [
            -8.881784197001252e-16,
            0.0,
            -7.8592759515121315
        ]
    ],
    "quadrupole moment normalized": [
        [
            -0.10474085441257906,
            -1.4987213226672582e-17,
            -2.7755575615628914e-17
        ],
        [
            -1.4987213226672582e-17,
            -0.10474085441257912,
            0.0
        ],
        [
            -2.7755575615628914e-17,
            0.0,
            -0.08546095774481668
        ]
    ]
}