{
    "Material": "CrH12(ClO2)3",
    "steinhart_vector": [
        [
            0.06254857219199837,
            4.277267949425001e-18,
            0.0006053508662884945,
            1.7242671616740585e-17,
            0.04776267274590833,
            2.946830837141588e-17,
            0.022150468443169,
            3.433997163578573e-17,
            0.044887508451750636,
            4.5521495744255795e-17,
            0.025798183583925
        ],
        "CrH12(ClO2)3"
    ],
    "steinhart_parameter_sum": 0.20375275628303996,
    "band_gap": 1.7364,
    "oxidation_state": 3.0,
    "possible_species": [
        "Cr3+",
        "O2-",
        "Cl-",
        "H+"
    ],
    "density": 1.7499583334431497,
    "quadrupole moment": [
        [
            -15.968334931474992,
            -0.17366845057058877,
            -0.12862870030082352
        ],
        [
            -0.17366845057058877,
            -16.024638137137373,
            -0.15115835935638988
        ],
        [
            -0.12862870030082352,
            -0.15115835935638988,
            -15.932506926125823
        ]
    ],
    "quadrupole moment normalized": [
        [
            -0.12514088068249768,
            -0.0013610132199767498,
            -0.0010080345151721043
        ],
        [
            -0.0013610132199767498,
            -0.12558211490182541,
            -0.0011845971056574003
        ],
        [
            -0.0010080345151721043,
            -0.0011845971056574003,
            -0.12486009720840974
        ]
    ]
}