{
    "Material": "Li2CrFe3O8",
    "steinhart_vector": [
        [
            0.06119033580965732,
            0.0043859187585110915,
            0.003871168890181339,
            0.007025776285747894,
            0.04462189836038135,
            0.010912636545802587,
            0.021407862420653005,
            0.016774447252292005,
            0.03739562176146814,
            0.01617945051370196,
            0.022758134794294272
        ],
        "Li2CrFe3O8"
    ],
    "steinhart_parameter_sum": 0.246523251392691,
    "band_gap": 0.0,
    "oxidation_state": 5.0,
    "possible_species": [
        "Fe3+",
        "Cr5+",
        "O2-",
        "Li+"
    ],
    "density": 4.142657386453798,
    "quadrupole moment": [
        [
            -15.589885378616726,
            -0.15247211638873365,
            -0.018157809054760672
        ],
        [
            -0.15247211638873365,
            -15.762777568775496,
            0.0105783572765068
        ],
        [
            -0.018157809054760672,
            0.0105783572765068,
            -18.7296554972345
        ]
    ],
    "quadrupole moment normalized": [
        [
            -0.11192672882806683,
            -0.00044503579232090277,
            0.0009038335306097755
        ],
        [
            -0.00044503579232090277,
            -0.11243136675568138,
            -0.0005265543864046152
        ],
        [
            0.0009038335306097755,
            -0.0005265543864046152,
            -0.13510409380718688
        ]
    ]
}