{
    "Material": "CrP4O11",
    "steinhart_vector": [
        [
            0.05745816600026122,
            0.0007459529530543703,
            0.003732775519632338,
            0.0026847326356880517,
            0.04344421108435036,
            0.00378976876835148,
            0.021153123792683422,
            0.005479319667417306,
            0.03989514653658978,
            0.006639371092482094,
            0.024701321980713127
        ],
        "CrP4O11"
    ],
    "steinhart_parameter_sum": 0.20972389003122355,
    "band_gap": 2.6607999999999996,
    "oxidation_state": 2.0,
    "possible_species": [
        "P5+",
        "O2-",
        "Cr2+"
    ],
    "density": 2.6006719548274577,
    "quadrupole moment": [
        [
            -18.05350152908618,
            0.484464085594961,
            -0.9883355029321228
        ],
        [
            0.484464085594961,
            -17.857288844466268,
            2.305369964058232
        ],
        [
            -0.9883355029321228,
            2.305369964058232,
            -21.435885711344888
        ]
    ],
    "quadrupole moment normalized": [
        [
            -0.10901579000600733,
            0.001395851734618606,
            0.01376122790774716
        ],
        [
            0.001395851734618606,
            -0.11220507135753312,
            0.004345820466222373
        ],
        [
            0.01376122790774716,
            0.004345820466222373,
            -0.09668203291864612
        ]
    ]
}