{
    "Material": "Cr(SbO3)2",
    "steinhart_vector": [
        [
            0.06085548885577279,
            4.183392861681503e-06,
            0.006998411035721859,
            0.00015410064348176614,
            0.045205312033548176,
            0.000145512208891095,
            0.025543907032049867,
            0.0002795772060112178,
            0.04066000111936227,
            0.0002775502773281373,
            0.030570344937074417
        ],
        "Cr(SbO3)2"
    ],
    "steinhart_parameter_sum": 0.21069438874210328,
    "band_gap": 0.0,
    "oxidation_state": 2.0,
    "possible_species": [
        "Sb5+",
        "O2-",
        "Cr2+"
    ],
    "density": 5.9430059445612775,
    "quadrupole moment": [
        [
            -15.245970388701318,
            -0.015198417403628373,
            -1.782829184312101
        ],
        [
            -0.015198417403628373,
            -20.140167977108554,
            -0.006525284960962274
        ],
        [
            -1.782829184312101,
            -0.006525284960962274,
            -15.244985056760415
        ]
    ],
    "quadrupole moment normalized": [
        [
            -0.10646811149596352,
            -5.552506446610331e-05,
            -0.011041363715411449
        ],
        [
            -5.552506446610331e-05,
            -0.14268629919679454,
            -9.590498566109523e-05
        ],
        [
            -0.011041363715411449,
            -9.590498566109523e-05,
            -0.10637538836302347
        ]
    ]
}