{
    "Material": "Li3VCr(P2O7)2",
    "steinhart_vector": [
        [
            0.057476783804601,
            0.0018493058158363127,
            0.0031877981764070642,
            0.008971024177782965,
            0.04146153899287878,
            0.011140014264656953,
            0.019718302598191358,
            0.016925887988119063,
            0.03411984050395571,
            0.017063004693134785,
            0.0218438056728903
        ],
        "Li3VCr(P2O7)2"
    ],
    "steinhart_parameter_sum": 0.23375730668845432,
    "band_gap": 0.6295999999999999,
    "oxidation_state": 2.0,
    "possible_species": [
        "O2-",
        "Cr3+",
        "Li+",
        "V2+",
        "P5+"
    ],
    "density": 2.810898874000083,
    "quadrupole moment": [
        [
            -18.66912316645457,
            1.3079171252552393,
            -0.8165283318305985
        ],
        [
            1.3079171252552393,
            -17.847219049023515,
            0.4263678606541159
        ],
        [
            -0.8165283318305985,
            0.4263678606541159,
            -20.338654550925426
        ]
    ],
    "quadrupole moment normalized": [
        [
            -0.10298242634932385,
            0.006366597283667119,
            -0.003338424274607732
        ],
        [
            0.006366597283667119,
            -0.1017039229814222,
            0.0029170234628645795
        ],
        [
            -0.003338424274607732,
            0.0029170234628645795,
            -0.11263917985397992
        ]
    ]
}