{
    "Material": "Li3CrFe3O8",
    "steinhart_vector": [
        [
            0.0629662437263916,
            0.0045562720812370545,
            0.0015034430908129725,
            0.008109149491343145,
            0.0457952609746008,
            0.013224864288581563,
            0.020454534327174093,
            0.017985981560874567,
            0.0378877976132065,
            0.020414421611986686,
            0.02083966148548735
        ],
        "Li3CrFe3O8"
    ],
    "steinhart_parameter_sum": 0.2537376302516963,
    "band_gap": 0.28439999999999976,
    "oxidation_state": 4.0,
    "possible_species": [
        "Cr4+",
        "Li+",
        "Fe3+",
        "O2-"
    ],
    "density": 4.243545091284015,
    "quadrupole moment": [
        [
            -15.323836824094489,
            7.409005065017737e-07,
            -5.946368356823939e-06
        ],
        [
            7.409005065017737e-07,
            -15.323835968576176,
            3.4331371763229868e-06
        ],
        [
            -5.946368356823939e-06,
            3.4331371763229868e-06,
            -16.65983449537575
        ]
    ],
    "quadrupole moment normalized": [
        [
            -0.12404091788665678,
            7.432236584677121e-08,
            -4.5113601455232244e-08
        ],
        [
            7.432236584677121e-08,
            -0.12404083206657125,
            2.6046348515496032e-08
        ],
        [
            -4.5113601455232244e-08,
            2.6046348515496032e-08,
            -0.13257621662812022
        ]
    ]
}