{
    "Material": "Li2VCrO4",
    "steinhart_vector": [
        [
            0.06068428257525314,
            4.750545327085598e-05,
            0.004300662267485719,
            0.00010205613832727166,
            0.04585500250390428,
            0.00019660650853567583,
            0.023223575797420935,
            0.00020524122778270933,
            0.0422146868683391,
            0.00034929605784648387,
            0.02794943807461736
        ],
        "Li2VCrO4"
    ],
    "steinhart_parameter_sum": 0.20512835347278352,
    "band_gap": 1.5322,
    "oxidation_state": 3.0,
    "possible_species": [
        "Li+",
        "V3+",
        "Cr3+",
        "O2-"
    ],
    "density": 3.971860814487177,
    "quadrupole moment": [
        [
            -14.672584574217348,
            0.4540390127834884,
            -0.11728607205284325
        ],
        [
            0.4540390127834884,
            -17.581489285100012,
            -0.017881191852834766
        ],
        [
            -0.11728607205284325,
            -0.017881191852834766,
            -18.675497037658864
        ]
    ],
    "quadrupole moment normalized": [
        [
            -0.1020038994956568,
            0.003645679102372496,
            0.0034938587683425275
        ],
        [
            0.003645679102372496,
            -0.12536077592405928,
            0.000532666478209732
        ],
        [
            0.0034938587683425275,
            0.000532666478209732,
            -0.1261957966937388
        ]
    ]
}