{
    "Material": "Li2VCrO4",
    "steinhart_vector": [
        [
            0.060803273672620804,
            2.458648124751638e-05,
            0.004161436842233341,
            0.0005353353787351972,
            0.04596894689203816,
            0.0005393200061210547,
            0.023160912835723618,
            0.0010441987074962518,
            0.04235978742092702,
            0.0009575603291452563,
            0.02782656101923919
        ],
        "Li2VCrO4"
    ],
    "steinhart_parameter_sum": 0.20738191958552743,
    "band_gap": 1.3675000000000002,
    "oxidation_state": 3.0,
    "possible_species": [
        "O2-",
        "Li+",
        "V3+",
        "Cr3+"
    ],
    "density": 3.994523606633591,
    "quadrupole moment": [
        [
            -15.634810362930319,
            1.66837765046365,
            0.001366204550849015
        ],
        [
            1.66837765046365,
            -17.310656473269592,
            0.0008426729323041116
        ],
        [
            0.001366204550849015,
            0.0008426729323041116,
            -17.775665716644628
        ]
    ],
    "quadrupole moment normalized": [
        [
            -0.10903096457457477,
            0.01103125342440124,
            -0.0015032911453223515
        ],
        [
            0.01103125342440124,
            -0.12011159918887339,
            -0.0009272277396139561
        ],
        [
            -0.0015032911453223515,
            -0.0009272277396139561,
            -0.1257843788083207
        ]
    ]
}