{
    "Material": "Li4Cr(WO4)3",
    "steinhart_vector": [
        [
            0.06186805302839921,
            0.002405748008318785,
            0.003325393192471416,
            0.006748950158709498,
            0.04573821767502693,
            0.008977851853774123,
            0.02175698132358073,
            0.01432973836141353,
            0.039697941303807216,
            0.014430683619530689,
            0.023883669173264205
        ],
        "Li4Cr(WO4)3"
    ],
    "steinhart_parameter_sum": 0.2431632276982963,
    "band_gap": 2.2378,
    "oxidation_state": 2.0,
    "possible_species": [
        "Li+",
        "Cr2+",
        "W6+",
        "O2-"
    ],
    "density": 6.1225898265150445,
    "quadrupole moment": [
        [
            -16.705418604708907,
            -1.7763568394002505e-15,
            4.440892098500626e-16
        ],
        [
            -1.7763568394002505e-15,
            -14.908482906248905,
            0.62928296039034
        ],
        [
            4.440892098500626e-16,
            0.62928296039034,
            -17.397977018882862
        ]
    ],
    "quadrupole moment normalized": [
        [
            -0.12253633206644773,
            0.0,
            -5.204170427930421e-18
        ],
        [
            0.0,
            -0.11055488550464262,
            0.0004199767306914924
        ],
        [
            -5.204170427930421e-18,
            0.0004199767306914924,
            -0.1344288301353274
        ]
    ]
}