{
    "Material": "Li3Cr(Si2O5)3",
    "steinhart_vector": [
        [
            0.06200313807989411,
            0.0001767347948393056,
            0.0016402307320602372,
            0.006827528489770058,
            0.04614745534498344,
            0.008729204318703465,
            0.021142394319036438,
            0.01337020386121015,
            0.0406022754173032,
            0.014995438723535684,
            0.023053345355662905
        ],
        "Li3Cr(Si2O5)3"
    ],
    "steinhart_parameter_sum": 0.238687949436999,
    "band_gap": 3.5054000000000003,
    "oxidation_state": 3.0,
    "possible_species": [
        "Si4+",
        "O2-",
        "Li+",
        "Cr3+"
    ],
    "density": 2.601851747816485,
    "quadrupole moment": [
        [
            -16.27562837813824,
            0.7142973367691785,
            -0.13933972560911956
        ],
        [
            0.7142973367691785,
            -15.998556267774674,
            -0.16896077169506496
        ],
        [
            -0.13933972560911956,
            -0.16896077169506496,
            -16.500256347346607
        ]
    ],
    "quadrupole moment normalized": [
        [
            -0.12232146167996674,
            0.004784922202368733,
            3.3489845209538904e-05
        ],
        [
            0.004784922202368733,
            -0.12046541599102117,
            4.060916630787767e-05
        ],
        [
            3.3489845209538904e-05,
            4.060916630787767e-05,
            -0.12627969758811727
        ]
    ]
}