{
    "Material": "CrFe3Co2(PO4)6",
    "steinhart_vector": [
        [
            0.0633147050634061,
            0.005232577224388242,
            0.0011891453155734714,
            0.010742163037039613,
            0.04468267958444693,
            0.016456939074881716,
            0.01953598649911463,
            0.022139951589322842,
            0.03400447021072982,
            0.024640613462686145,
            0.01949275506115182
        ],
        "CrFe3Co2(PO4)6"
    ],
    "steinhart_parameter_sum": 0.2614319861227413,
    "band_gap": 0.0,
    "oxidation_state": 5.0,
    "possible_species": [
        "Cr5+",
        "O2-",
        "Fe3+",
        "P5+",
        "Co2+"
    ],
    "density": 3.436192549610822,
    "quadrupole moment": [
        [
            -15.472375242685247,
            -0.23468995295679096,
            -0.5465424790719488
        ],
        [
            -0.23468995295679096,
            -15.313431443086639,
            -0.391954479321849
        ],
        [
            -0.5465424790719488,
            -0.391954479321849,
            -16.057892339782008
        ]
    ],
    "quadrupole moment normalized": [
        [
            -0.12776095338718532,
            -0.0009639321820912043,
            -0.0022447911363658053
        ],
        [
            -0.0009639321820912043,
            -0.12710809771108839,
            -0.0016098554591650674
        ],
        [
            -0.0022447911363658053,
            -0.0016098554591650674,
            -0.1301657907713068
        ]
    ]
}