{
    "Material": "Ti3Mn2Cr(PO4)6",
    "steinhart_vector": [
        [
            0.0631813175748627,
            0.003849859665463665,
            0.0017516148142492837,
            0.010908841608874963,
            0.045045453429737065,
            0.014556712886292452,
            0.0199767988417049,
            0.02166394282693161,
            0.03527542899463558,
            0.02243212301817489,
            0.02005933214039836
        ],
        "Ti3Mn2Cr(PO4)6"
    ],
    "steinhart_parameter_sum": 0.2587014258013255,
    "band_gap": 0.040400000000000436,
    "oxidation_state": 3.0,
    "possible_species": [
        "Mn2+",
        "Ti3+",
        "P5+",
        "Cr3+",
        "O2-",
        "Ti4+"
    ],
    "density": 3.175614753829132,
    "quadrupole moment": [
        [
            -15.49688890071138,
            -0.3572858014224769,
            -0.8732503367800033
        ],
        [
            -0.3572858014224769,
            -15.244703506702994,
            -0.6178511122010881
        ],
        [
            -0.8732503367800033,
            -0.6178511122010881,
            -16.502016309738796
        ]
    ],
    "quadrupole moment normalized": [
        [
            -0.12709550402528583,
            -0.001269142340471454,
            -0.003101941243170668
        ],
        [
            -0.001269142340471454,
            -0.1261996944211879,
            -0.0021947196687077744
        ],
        [
            -0.003101941243170668,
            -0.0021947196687077744,
            -0.13066589899408396
        ]
    ]
}