{
    "Material": "Na2CrO4",
    "steinhart_vector": [
        [
            0.07498994181891051,
            0.0008243405405332444,
            0.0015733132278946864,
            0.055845916570866384,
            0.03817610654380216,
            0.0033848151745081907,
            0.04704074758259265,
            0.04577211142273508,
            0.01663214717818702,
            0.038816530409495294,
            0.04845939740421608
        ],
        "Na2CrO4"
    ],
    "steinhart_parameter_sum": 0.3715153678737413,
    "band_gap": 2.6276,
    "oxidation_state": 6.0,
    "possible_species": [
        "Na+",
        "Cr6+",
        "O2-"
    ],
    "density": 2.182264639447309,
    "quadrupole moment": [
        [
            -7.6323297557655865,
            -0.09944156153045736,
            -0.11645757554366676
        ],
        [
            -0.09944156153045736,
            -7.409635276295827,
            -0.1029938675597113
        ],
        [
            -0.11645757554366676,
            -0.1029938675597113,
            -7.188614131858921
        ]
    ],
    "quadrupole moment normalized": [
        [
            -0.12444719179227788,
            0.0008075126454247204,
            -0.000568527775372956
        ],
        [
            0.0008075126454247204,
            -0.1189469780486863,
            -0.0016518182624277455
        ],
        [
            -0.000568527775372956,
            -0.0016518182624277455,
            -0.11652221166135854
        ]
    ]
}