{
    "Material": "Ti3Nb2Cr(PO4)6",
    "steinhart_vector": [
        [
            0.06255303357563158,
            0.0036819916596334662,
            0.0009468452869529424,
            0.009631967798430357,
            0.04510004713889605,
            0.013866105664185698,
            0.019970935001257295,
            0.01938510181283617,
            0.03631902297018162,
            0.02190220928377453,
            0.020420949374064204
        ],
        "Ti3Nb2Cr(PO4)6"
    ],
    "steinhart_parameter_sum": 0.25377820956584396,
    "band_gap": 0.1064999999999996,
    "oxidation_state": 4.0,
    "possible_species": [
        "Cr3+",
        "P5+",
        "Nb2+",
        "O2-",
        "Ti4+",
        "Ti3+"
    ],
    "density": 3.4236057652511076,
    "quadrupole moment": [
        [
            -15.875408237261121,
            -0.21171995287060774,
            -0.510659100268358
        ],
        [
            -0.21171995287060774,
            -15.727602751655438,
            -0.36262492846936134
        ],
        [
            -0.510659100268358,
            -0.36262492846936134,
            -16.451892924041076
        ]
    ],
    "quadrupole moment normalized": [
        [
            -0.12488364663486405,
            -0.0006623775035406072,
            -0.0015976353229890826
        ],
        [
            -0.0006623775035406072,
            -0.12442125995138008,
            -0.001134486081948177
        ],
        [
            -0.0015976353229890826,
            -0.001134486081948177,
            -0.12668725435065067
        ]
    ]
}