{
    "Material": "Li6CrNiP2(CO7)2",
    "steinhart_vector": [
        [
            0.05779068515974771,
            0.006276945454087814,
            0.0077177064568366375,
            0.01278875160222965,
            0.03812256858423931,
            0.01675583267688767,
            0.01827186951078062,
            0.02177011837970603,
            0.03142435061817596,
            0.02259796486920289,
            0.016226063279730772
        ],
        "Li6CrNiP2(CO7)2"
    ],
    "steinhart_parameter_sum": 0.24974285659162504,
    "band_gap": 1.8454999999999995,
    "oxidation_state": 2.0,
    "possible_species": [
        "C4+",
        "P5+",
        "Cr2+",
        "O2-",
        "Ni2+",
        "Li+"
    ],
    "density": 2.8092918584073137,
    "quadrupole moment": [
        [
            -16.373783697775103,
            -2.349120616860926e-15,
            -1.943632323454073e-15
        ],
        [
            -2.349120616860926e-15,
            -14.73999106801821,
            -0.21105106597397238
        ],
        [
            -1.943632323454073e-15,
            -0.21105106597397238,
            -25.56870784487185
        ]
    ],
    "quadrupole moment normalized": [
        [
            -0.11810432188567595,
            -1.2944024867618247e-17,
            -1.5884649532128603e-17
        ],
        [
            -1.2944024867618247e-17,
            -0.08144470005820305,
            -0.011478686407089569
        ],
        [
            -1.5884649532128603e-17,
            -0.011478686407089569,
            -0.12204108724396819
        ]
    ]
}