{
    "Material": "Li2VCrP2(O4F)2",
    "steinhart_vector": [
        [
            0.0596775793633556,
            4.1568129938732035e-07,
            0.004764262033442028,
            1.5572842441155875e-06,
            0.045175892113840516,
            2.0889108242871055e-06,
            0.02278326105774042,
            2.966590217878678e-06,
            0.04171061497665404,
            3.729899813288281e-06,
            0.027242483976726208
        ],
        "Li2VCrP2(O4F)2"
    ],
    "steinhart_parameter_sum": 0.20136485188815775,
    "band_gap": 2.0572,
    "oxidation_state": 3.0,
    "possible_species": [
        "Cr3+",
        "V3+",
        "F-",
        "O2-",
        "P5+",
        "Li+"
    ],
    "density": 3.1656489240222383,
    "quadrupole moment": [
        [
            -17.333131242657345,
            0.38186745027672764,
            0.7043430984690238
        ],
        [
            0.38186745027672764,
            -14.756927674982656,
            1.5298180004724504
        ],
        [
            0.7043430984690238,
            1.5298180004724504,
            -8.525103212245234
        ]
    ],
    "quadrupole moment normalized": [
        [
            -0.12596999964014166,
            0.009397181136871484,
            0.004963699260480937
        ],
        [
            0.009397181136871484,
            -0.11847476716136095,
            0.015158762628638273
        ],
        [
            0.004963699260480937,
            0.015158762628638273,
            -0.05695201201408144
        ]
    ]
}