{
    "Material": "Li2CrO3",
    "steinhart_vector": [
        [
            0.06522844758636441,
            8.268494247149918e-05,
            0.002380744174925153,
            0.006135963569600123,
            0.048878631210721835,
            0.007271997577406142,
            0.022783635912224456,
            0.012214370119960348,
            0.04379806589909668,
            0.012536064016289233,
            0.025433824985657685
        ],
        "Li2CrO3"
    ],
    "steinhart_parameter_sum": 0.24674442999471752,
    "band_gap": 0.0,
    "oxidation_state": 4.0,
    "possible_species": [
        "O2-",
        "Cr4+",
        "Li+"
    ],
    "density": 3.7971346813577735,
    "quadrupole moment": [
        [
            -15.691864253223645,
            -0.3245231416125245,
            5.287616035953846e-05
        ],
        [
            -0.3245231416125245,
            -13.700136361931898,
            2.155406089565659e-05
        ],
        [
            5.287616035953846e-05,
            2.155406089565659e-05,
            -14.75092521375492
        ]
    ],
    "quadrupole moment normalized": [
        [
            -0.14010144652446416,
            0.005852584228531826,
            7.053828713016533e-07
        ],
        [
            0.005852584228531826,
            -0.12737583229283891,
            4.532788669278989e-08
        ],
        [
            7.053828713016533e-07,
            4.532788669278989e-08,
            -0.14121338026017954
        ]
    ]
}