{
    "Material": "Li2VCrO4",
    "steinhart_vector": [
        [
            0.06053841898426128,
            8.696613827099269e-18,
            0.004234167129984193,
            9.070354009978391e-18,
            0.045761478979658536,
            1.7053107407817476e-17,
            0.02311615203127037,
            1.9985005482457196e-17,
            0.04215876633358899,
            2.937285750357898e-17,
            0.027796437120333996
        ],
        "Li2VCrO4"
    ],
    "steinhart_parameter_sum": 0.20360542057909742,
    "band_gap": 1.5932999999999997,
    "oxidation_state": 3.0,
    "possible_species": [
        "Cr3+",
        "Li+",
        "O2-",
        "V3+"
    ],
    "density": 4.0065888469861,
    "quadrupole moment": [
        [
            -15.903882963477134,
            -0.3464704569003638,
            -0.004455289535918006
        ],
        [
            -0.3464704569003638,
            -19.38169059383473,
            0.6054746599964735
        ],
        [
            -0.004455289535918006,
            0.6054746599964735,
            -15.898688745741815
        ]
    ],
    "quadrupole moment normalized": [
        [
            -0.1112699635156294,
            0.000518587614987305,
            -0.003412358057934897
        ],
        [
            0.000518587614987305,
            -0.13335479452105464,
            -0.0009059597052488502
        ],
        [
            -0.003412358057934897,
            -0.0009059597052488502,
            -0.10725832888345341
        ]
    ]
}