{
    "Material": "CrFe2O5",
    "steinhart_vector": [
        [
            0.06351975726551344,
            0.0027660615104436958,
            0.004735975668481859,
            0.017021718464472698,
            0.04042242960961745,
            0.019912813174554483,
            0.0261829808696937,
            0.019111195332869303,
            0.0295031480002737,
            0.023649821537883864,
            0.03401839712526404
        ],
        "CrFe2O5"
    ],
    "steinhart_parameter_sum": 0.28084429855906823,
    "band_gap": 0.0,
    "oxidation_state": 4.0,
    "possible_species": [
        "Cr4+",
        "Fe3+",
        "O2-"
    ],
    "density": 4.356137535969046,
    "quadrupole moment": [
        [
            -14.614863960064808,
            0.13617018103874945,
            -3.1086244689504383e-15
        ],
        [
            0.13617018103874945,
            -14.30782629137942,
            -4.440892098500626e-16
        ],
        [
            -3.1086244689504383e-15,
            -4.440892098500626e-16,
            -17.752142293869973
        ]
    ],
    "quadrupole moment normalized": [
        [
            -0.12601017684876806,
            0.005091485235409242,
            2.42861286636753e-17
        ],
        [
            0.005091485235409242,
            -0.114529853147199,
            -2.2551405187698492e-17
        ],
        [
            2.42861286636753e-17,
            -2.2551405187698492e-17,
            -0.1473748639817631
        ]
    ]
}