{
    "Material": "CrO3",
    "steinhart_vector": [
        [
            0.07468329354012194,
            0.003790519146001483,
            0.000775888023699562,
            0.05555216489121565,
            0.03827019228215236,
            0.004394421867221609,
            0.04664415098115785,
            0.04572880325735976,
            0.017324254949345034,
            0.038364662317043254,
            0.048203094045320805
        ],
        "CrO3"
    ],
    "steinhart_parameter_sum": 0.3737314453006393,
    "band_gap": 1.2356,
    "oxidation_state": 6.0,
    "possible_species": [
        "O2-",
        "Cr6+"
    ],
    "density": 2.594979694244802,
    "quadrupole moment": [
        [
            -7.410644204230801,
            0.07922964421022183,
            -7.335850170697713e-16
        ],
        [
            0.07922964421022183,
            -8.640544769207349,
            -1.3967382775135205e-15
        ],
        [
            -7.335850170697713e-16,
            -1.3967382775135205e-15,
            -6.54009620652587
        ]
    ],
    "quadrupole moment normalized": [
        [
            -0.11938109675133071,
            0.0007316468000824472,
            -9.210917396288176e-18
        ],
        [
            0.0007316468000824472,
            -0.11123007512725591,
            -1.7537491359624175e-17
        ],
        [
            -9.210917396288176e-18,
            -1.7537491359624175e-17,
            -0.1273057073121403
        ]
    ]
}