{
    "Material": "LiCr(PO3)4",
    "steinhart_vector": [
        [
            0.0620346857358239,
            0.0010631407844210563,
            0.002053489688133521,
            0.004272577290292664,
            0.046811914272869015,
            0.005689939753665033,
            0.021926845702681816,
            0.008486922483450284,
            0.04276866092699385,
            0.009576670162824838,
            0.025108843194266334
        ],
        "LiCr(PO3)4"
    ],
    "steinhart_parameter_sum": 0.2297936899954223,
    "band_gap": 1.5274999999999999,
    "oxidation_state": 3.0,
    "possible_species": [
        "P5+",
        "O2-",
        "Li+",
        "Cr3+"
    ],
    "density": 2.9229603948559486,
    "quadrupole moment": [
        [
            -16.635155323720987,
            -0.2719009860934811,
            0.5494553449420239
        ],
        [
            -0.2719009860934811,
            -16.515854698065485,
            0.4419813709791809
        ],
        [
            0.5494553449420239,
            0.4419813709791809,
            -15.61783561815627
        ]
    ],
    "quadrupole moment normalized": [
        [
            -0.12438792483679258,
            0.001039737796792806,
            0.005302473108530638
        ],
        [
            0.001039737796792806,
            -0.12484412535102106,
            0.004265304461340474
        ],
        [
            0.005302473108530638,
            0.004265304461340474,
            -0.12032308977644558
        ]
    ]
}