{
    "Material": "Cr(PO3)4",
    "steinhart_vector": [
        [
            0.06455197725519,
            0.0003366716336257539,
            0.0006642011977929696,
            0.002176297878028914,
            0.04919409510935393,
            0.0026686799898811477,
            0.02276942098678747,
            0.004151840156059154,
            0.04599489147513691,
            0.004763323855882947,
            0.02635139278284106
        ],
        "Cr(PO3)4"
    ],
    "steinhart_parameter_sum": 0.22362279232058024,
    "band_gap": 0.2695,
    "oxidation_state": 4.0,
    "possible_species": [
        "O2-",
        "Cr4+",
        "P5+"
    ],
    "density": 2.508766821529352,
    "quadrupole moment": [
        [
            -15.152878254801237,
            0.0,
            0.0
        ],
        [
            0.0,
            -14.735417779560269,
            0.15496913500867882
        ],
        [
            0.0,
            0.15496913500867882,
            -15.13964213858374
        ]
    ],
    "quadrupole moment normalized": [
        [
            -0.13588711830262068,
            0.0,
            0.0
        ],
        [
            0.0,
            -0.13080788690593198,
            -0.0006032760848817716
        ],
        [
            0.0,
            -0.0006032760848817716,
            -0.13342587047464033
        ]
    ]
}