{
    "Material": "Li3CrPCO7",
    "steinhart_vector": [
        [
            0.05776547225505714,
            0.004695180455236926,
            0.01435489171303939,
            0.022077662409124232,
            0.0365292985418855,
            0.021570680647963483,
            0.023842778552730003,
            0.023106363283854507,
            0.03105812669072786,
            0.02103392047405576,
            0.029220542386819096
        ],
        "Li3CrPCO7"
    ],
    "steinhart_parameter_sum": 0.2852549174104939,
    "band_gap": 2.7651,
    "oxidation_state": 2.0,
    "possible_species": [
        "O2-",
        "Cr2+",
        "Li+",
        "P5+",
        "C4+"
    ],
    "density": 2.744416276715914,
    "quadrupole moment": [
        [
            -20.554626447853384,
            0.2230274596808446,
            0.06520315307780988
        ],
        [
            0.2230274596808446,
            -13.380906234489103,
            -3.385932888185296
        ],
        [
            0.06520315307780988,
            -3.385932888185296,
            -13.507321880810013
        ]
    ],
    "quadrupole moment normalized": [
        [
            -0.11332389030356563,
            0.018547021769647055,
            -0.009035258123863193
        ],
        [
            0.018547021769647055,
            -0.07436432266221495,
            -0.029649006119885454
        ],
        [
            -0.009035258123863193,
            -0.029649006119885454,
            -0.08028475380908498
        ]
    ]
}