{
    "Material": "CrFe2(PO4)3",
    "steinhart_vector": [
        [
            0.060009355974762986,
            1.0749302384564805e-17,
            0.014653177916666394,
            1.868772510037326e-17,
            0.04001507303748456,
            2.8669166916244706e-17,
            0.035054779782904506,
            4.07294965894426e-17,
            0.029387266161502595,
            5.286467734390996e-17,
            0.041379958365295844
        ],
        "CrFe2(PO4)3"
    ],
    "steinhart_parameter_sum": 0.22049961123861703,
    "band_gap": 1.6569,
    "oxidation_state": 3.0,
    "possible_species": [
        "O2-",
        "P5+",
        "Cr3+",
        "Fe3+"
    ],
    "density": 3.4173932275832786,
    "quadrupole moment": [
        [
            -16.05636661148165,
            -2.103721651694362,
            -4.9294923598131
        ],
        [
            -2.103721651694362,
            -14.62378808930404,
            -3.5289729979966644
        ],
        [
            -4.9294923598131,
            -3.5289729979966644,
            -21.386939419246836
        ]
    ],
    "quadrupole moment normalized": [
        [
            -0.1066088159953172,
            -0.013967990351512312,
            -0.03273015736575291
        ],
        [
            -0.013967990351512312,
            -0.09709697324968714,
            -0.023431175740722343
        ],
        [
            -0.03273015736575291,
            -0.023431175740722343,
            -0.1420019999875548
        ]
    ]
}