{
    "Material": "LiCrP2O7",
    "steinhart_vector": [
        [
            0.06289218206830524,
            0.006710378941843298,
            0.01410164020512543,
            0.023054077916371277,
            0.04030015316175359,
            0.028037429344172728,
            0.019277447643785913,
            0.019941243864975266,
            0.04126332120752988,
            0.019920835942461624,
            0.028452427299080575
        ],
        "LiCrP2O7"
    ],
    "steinhart_parameter_sum": 0.3039511375954048,
    "band_gap": 1.7696999999999998,
    "oxidation_state": 3.0,
    "possible_species": [
        "Cr3+",
        "P5+",
        "O2-",
        "Li+"
    ],
    "density": 2.8133535636449998,
    "quadrupole moment": [
        [
            -15.76322033381977,
            -1.914885775399116,
            2.7566154629846418
        ],
        [
            -1.914885775399116,
            -11.278589361166858,
            -3.259697280731304
        ],
        [
            2.7566154629846418,
            -3.259697280731304,
            -12.48068160162117
        ]
    ],
    "quadrupole moment normalized": [
        [
            -0.12480358207311815,
            -0.017906891171776646,
            0.022440944317027228
        ],
        [
            -0.017906891171776646,
            -0.09305854800103787,
            -0.023406150196246044
        ],
        [
            0.022440944317027228,
            -0.023406150196246044,
            -0.09862474509866247
        ]
    ]
}