{
    "Material": "Li2CrSiO4",
    "steinhart_vector": [
        [
            0.06026476435092156,
            0.0053822881854656175,
            0.012729594740649936,
            0.04059582552589145,
            0.0321928294242106,
            0.022430867950345185,
            0.02924554151563452,
            0.03546629513929249,
            0.028846851732785856,
            0.02483543892511211,
            0.034640125123736716
        ],
        "Li2CrSiO4"
    ],
    "steinhart_parameter_sum": 0.32663042261404596,
    "band_gap": 1.5289000000000001,
    "oxidation_state": 2.0,
    "possible_species": [
        "O2-",
        "Si4+",
        "Li+",
        "Cr2+"
    ],
    "density": 2.833360138914176,
    "quadrupole moment": [
        [
            -9.708566199056731,
            2.000323603877625,
            1.562721634784944
        ],
        [
            2.000323603877625,
            -14.122322449037119,
            1.5059466245112718
        ],
        [
            1.562721634784944,
            1.5059466245112718,
            -10.64936660155211
        ]
    ],
    "quadrupole moment normalized": [
        [
            -0.0620493186627738,
            0.013617300424243785,
            0.00675196240511521
        ],
        [
            0.013617300424243785,
            -0.09782413981425961,
            0.017602366343485134
        ],
        [
            0.00675196240511521,
            0.017602366343485134,
            -0.0727053126560475
        ]
    ]
}