{
    "Material": "Ca3Y9Al18CrSiO48",
    "steinhart_vector": [
        [
            0.06555127166006325,
            0.0007821094278626365,
            0.0015769531539568161,
            0.003683030524275427,
            0.049708211720615715,
            0.004591903948530038,
            0.02312405480500439,
            0.007362117726949241,
            0.04590774533199968,
            0.008004038157789106,
            0.026525102359157678
        ],
        "Ca3Y9Al18CrSiO48"
    ],
    "steinhart_parameter_sum": 0.23681653881620396,
    "band_gap": 0.5981999999999998,
    "oxidation_state": 5.0,
    "possible_species": [
        "Al3+",
        "Y3+",
        "Si4+",
        "Ca2+",
        "Cr5+",
        "O2-"
    ],
    "density": 4.1872734656542985,
    "quadrupole moment": [
        [
            -14.51912157785026,
            -0.45678822780121164,
            -0.16058214491474132
        ],
        [
            -0.45678822780121164,
            -14.840516711666188,
            -0.31373951158103064
        ],
        [
            -0.16058214491474132,
            -0.31373951158103064,
            -14.3253214376828
        ]
    ],
    "quadrupole moment normalized": [
        [
            -0.13685000868985897,
            -0.0037792466373563517,
            -0.0008140669278468918
        ],
        [
            -0.0037792466373563517,
            -0.14074295005266105,
            -0.002983025449790778
        ],
        [
            -0.0008140669278468918,
            -0.002983025449790778,
            -0.13507220258144653
        ]
    ]
}