{
    "Material": "CrHSe3O8",
    "steinhart_vector": [
        [
            0.06187609420324728,
            9.541353448279878e-18,
            0.0024151955057926827,
            9.640284267278121e-18,
            0.04710557247736986,
            2.2602718731555456e-17,
            0.022445420280849292,
            2.7333054040520647e-17,
            0.0440070374699918,
            3.470831573173466e-17,
            0.026444719931611294
        ],
        "CrHSe3O8"
    ],
    "steinhart_parameter_sum": 0.2042940398688623,
    "band_gap": 2.5572999999999997,
    "oxidation_state": 3.0,
    "possible_species": [
        "Se4+",
        "H+",
        "O2-",
        "Cr3+"
    ],
    "density": 3.48823675318433,
    "quadrupole moment": [
        [
            -16.87819843216086,
            0.04678218236538134,
            0.867309466792415
        ],
        [
            0.04678218236538134,
            -16.433843367492056,
            0.3380917491044353
        ],
        [
            0.867309466792415,
            0.3380917491044353,
            -15.663348591182633
        ]
    ],
    "quadrupole moment normalized": [
        [
            -0.1265280772699366,
            0.00010993061857655397,
            0.00501265588500608
        ],
        [
            0.00010993061857655397,
            -0.12420380900986681,
            0.004337714013114492
        ],
        [
            0.00501265588500608,
            0.004337714013114492,
            -0.11682492621891433
        ]
    ]
}