{
    "Material": "CrNi3(PO4)4",
    "steinhart_vector": [
        [
            0.0626993590444479,
            0.003777142649189691,
            0.0019512200365173612,
            0.01402176457187066,
            0.042323024617646976,
            0.02021183808445065,
            0.016864415345551803,
            0.023492342259040126,
            0.032469102359108035,
            0.027593139363010742,
            0.014587123306714739
        ],
        "CrNi3(PO4)4"
    ],
    "steinhart_parameter_sum": 0.2599904716375486,
    "band_gap": 0.0,
    "oxidation_state": 5.0,
    "possible_species": [
        "Cr5+",
        "Ni3+",
        "Ni2+",
        "O2-",
        "P5+"
    ],
    "density": 3.6953761372250993,
    "quadrupole moment": [
        [
            -16.64658319165153,
            -2.6645352591003757e-15,
            4.440892098500626e-16
        ],
        [
            -2.6645352591003757e-15,
            -15.07601113399643,
            -0.559498904194287
        ],
        [
            4.440892098500626e-16,
            -0.559498904194287,
            -16.014010387249794
        ]
    ],
    "quadrupole moment normalized": [
        [
            -0.1282682297318963,
            0.0,
            2.0816681711721685e-17
        ],
        [
            0.0,
            -0.1179366563447762,
            0.0036442699454616555
        ],
        [
            2.0816681711721685e-17,
            0.0036442699454616555,
            -0.1313001983207106
        ]
    ]
}