{
    "Material": "Li6CrS4",
    "steinhart_vector": [
        [
            0.026046944366641032,
            4.0643865221064165e-18,
            0.00440277586835738,
            0.018465234781971956,
            0.01325791548618405,
            0.00825797662082569,
            0.01415177410494662,
            0.01471836114708917,
            0.012512334562255372,
            0.011069030809155432,
            0.013511481128282717
        ],
        "Li6CrS4"
    ],
    "steinhart_parameter_sum": 0.13639382887570944,
    "band_gap": 0.0,
    "oxidation_state": 2.0,
    "possible_species": [
        "Li+",
        "Cr2+",
        "S2-"
    ],
    "density": 1.9623495361240384,
    "quadrupole moment": [
        [
            -17.949060708062394,
            -3.762886163309886e-15,
            -1.7763568394002505e-15
        ],
        [
            -3.762886163309886e-15,
            -17.94906070806239,
            -8.881784197001252e-16
        ],
        [
            -1.7763568394002505e-15,
            -8.881784197001252e-16,
            -10.163206775554876
        ]
    ],
    "quadrupole moment normalized": [
        [
            -0.03383987920814026,
            -7.094277261160085e-18,
            -8.673617379884035e-18
        ],
        [
            -7.094277261160085e-18,
            -0.03383987920814028,
            -1.734723475976807e-18
        ],
        [
            -8.673617379884035e-18,
            -1.734723475976807e-18,
            -0.019160985371097797
        ]
    ]
}