{
    "Material": "Li5CrS4",
    "steinhart_vector": [
        [
            0.02478195572197614,
            2.097303818105239e-18,
            0.0018704257332345746,
            3.744592820727503e-18,
            0.018708015997673712,
            5.689445323868488e-18,
            0.009538127383635154,
            5.303447975669505e-18,
            0.017216587221014056,
            9.18848802000763e-18,
            0.01142570951202101
        ],
        "Li5CrS4"
    ],
    "steinhart_parameter_sum": 0.08354082156955467,
    "band_gap": 0.9084999999999996,
    "oxidation_state": 3.0,
    "possible_species": [
        "S2-",
        "Cr3+",
        "Li+"
    ],
    "density": 2.155829289517171,
    "quadrupole moment": [
        [
            -22.68190485176549,
            0.12243901323646367,
            2.1229235376779494
        ],
        [
            0.12243901323646367,
            -27.834662206693366,
            -0.24614941711378613
        ],
        [
            2.1229235376779494,
            -0.24614941711378613,
            -25.893816499429324
        ]
    ],
    "quadrupole moment normalized": [
        [
            -0.03576205755309017,
            0.0009733242632313488,
            0.0010326475520160043
        ],
        [
            0.0009733242632313488,
            -0.044872286760991836,
            -0.0019567552347119314
        ],
        [
            0.0010326475520160043,
            -0.0019567552347119314,
            -0.03732441842577682
        ]
    ]
}