{
    "Material": "Na5CrO4",
    "steinhart_vector": [
        [
            0.06403934733604835,
            0.005161431806496125,
            0.008705761216332429,
            0.04564399539558743,
            0.03287797538171068,
            0.018787093885870028,
            0.03578564012076346,
            0.03606021558103006,
            0.02900354328482028,
            0.02975771417976393,
            0.033147001401492474
        ],
        "Na5CrO4"
    ],
    "steinhart_parameter_sum": 0.3389697195899153,
    "band_gap": 0.5252000000000003,
    "oxidation_state": 3.0,
    "possible_species": [
        "O2-",
        "Cr3+",
        "Na+"
    ],
    "density": 2.5929716106235596,
    "quadrupole moment": [
        [
            -9.019125717122389,
            0.2230043536790287,
            1.164149577371469
        ],
        [
            0.2230043536790287,
            -9.14831718132015,
            -0.8576967395225408
        ],
        [
            1.164149577371469,
            -0.8576967395225408,
            -12.315746486089772
        ]
    ],
    "quadrupole moment normalized": [
        [
            -0.07721724819004261,
            0.0022680843961304167,
            0.00904668099712888
        ],
        [
            0.0022680843961304167,
            -0.07924991270373377,
            -0.009096271854688235
        ],
        [
            0.00904668099712888,
            -0.009096271854688235,
            -0.10600813481157077
        ]
    ]
}