{
    "Material": "Na2CrPCO7",
    "steinhart_vector": [
        [
            0.061451594390748335,
            0.006956682251427429,
            0.004468216693498113,
            0.012641289307338705,
            0.04150438365634023,
            0.017199648683820217,
            0.02049952093509589,
            0.02141698139638168,
            0.033949744427251544,
            0.020274129222117097,
            0.02335341781135071
        ],
        "Na2CrPCO7"
    ],
    "steinhart_parameter_sum": 0.2637156087753699,
    "band_gap": 2.6488,
    "oxidation_state": 3.0,
    "possible_species": [
        "O2-",
        "C4+",
        "Na+",
        "Cr3+",
        "P5+"
    ],
    "density": 2.7205729514153307,
    "quadrupole moment": [
        [
            -14.536975089217394,
            0.03005858302033193,
            -0.08495242773129741
        ],
        [
            0.03005858302033193,
            -17.18449721660043,
            1.145899186759423
        ],
        [
            -0.08495242773129741,
            1.145899186759423,
            -17.930941105426136
        ]
    ],
    "quadrupole moment normalized": [
        [
            -0.10588134939507515,
            0.00018134976124550145,
            -0.0006103123601943379
        ],
        [
            0.00018134976124550145,
            -0.12589341650659025,
            0.007409868570693989
        ],
        [
            -0.0006103123601943379,
            0.007409868570693989,
            -0.1307513883764748
        ]
    ]
}