{
    "Material": "LiAlCrO4",
    "steinhart_vector": [
        [
            0.06407477760007121,
            0.003138881996923057,
            0.003213509816475262,
            0.008558609590224494,
            0.04676330022195438,
            0.011730298531077757,
            0.021989501506390258,
            0.017057256702959562,
            0.039375563679193065,
            0.018284267065946224,
            0.024067807748151728
        ],
        "LiAlCrO4"
    ],
    "steinhart_parameter_sum": 0.258253774459367,
    "band_gap": 0.6509,
    "oxidation_state": 4.0,
    "possible_species": [
        "Cr4+",
        "Li+",
        "O2-",
        "Al3+"
    ],
    "density": 3.6376001737332295,
    "quadrupole moment": [
        [
            -16.609300409682,
            -1.7763568394002505e-15,
            0.0
        ],
        [
            -1.7763568394002505e-15,
            -15.739748084552529,
            0.12437687465576719
        ],
        [
            0.0,
            0.12437687465576719,
            -13.51501166299753
        ]
    ],
    "quadrupole moment normalized": [
        [
            -0.1386167269613496,
            6.938893903907228e-18,
            -2.7755575615628914e-17
        ],
        [
            6.938893903907228e-18,
            -0.13440348576796815,
            -0.0075467745238481255
        ],
        [
            -2.7755575615628914e-17,
            -0.0075467745238481255,
            -0.12166643777482772
        ]
    ]
}