{
    "Material": "Nb2CrSe4",
    "steinhart_vector": [
        [
            0.011305384478905616,
            5.4133205265189725e-19,
            0.0005892987706453975,
            1.51461087848061e-18,
            0.008585552319527314,
            1.8317138708285806e-18,
            0.004176518456175797,
            3.147045166982797e-18,
            0.007984600179230437,
            4.790787693968873e-18,
            0.004952420833683138
        ],
        "Nb2CrSe4"
    ],
    "steinhart_parameter_sum": 0.037593775038167715,
    "band_gap": 0.0,
    "oxidation_state": 2.0,
    "possible_species": [
        "Se2-",
        "Cr2+",
        "Nb3+"
    ],
    "density": 6.587088526695788,
    "quadrupole moment": [
        [
            -25.292479001217743,
            0.16337772465061673,
            -1.158345804524597
        ],
        [
            0.16337772465061673,
            -26.457147372776724,
            0.6339323260612012
        ],
        [
            -1.158345804524597,
            0.6339323260612012,
            -29.488520192847915
        ]
    ],
    "quadrupole moment normalized": [
        [
            -0.01582510267670877,
            8.416834277304223e-05,
            -0.0007257060599569053
        ],
        [
            8.416834277304223e-05,
            -0.017872477284061675,
            0.00032658695623728187
        ],
        [
            -0.0007257060599569053,
            0.00032658695623728187,
            -0.01845393124929269
        ]
    ]
}