{
    "Material": "Li4CrSb(TeO6)2",
    "steinhart_vector": [
        [
            0.061495296958940036,
            0.002776266929246723,
            0.0013695810511325265,
            0.005087063881967489,
            0.04597271753791251,
            0.009131345511761174,
            0.021031400766883313,
            0.01102697190899952,
            0.04089023300719916,
            0.015234437379775654,
            0.023054223537879035
        ],
        "Li4CrSb(TeO6)2"
    ],
    "steinhart_parameter_sum": 0.23706953847169718,
    "band_gap": 1.2358000000000002,
    "oxidation_state": 3.0,
    "possible_species": [
        "Sb5+",
        "Te6+",
        "Li+",
        "Cr3+",
        "O2-"
    ],
    "density": 5.161609975490951,
    "quadrupole moment": [
        [
            -16.6404080287035,
            0.008803931277839933,
            -0.39620496621237766
        ],
        [
            0.008803931277839933,
            -16.33391315394898,
            -0.4494685458212196
        ],
        [
            -0.39620496621237766,
            -0.4494685458212196,
            -16.639170292990286
        ]
    ],
    "quadrupole moment normalized": [
        [
            -0.12483732261792145,
            -0.0009551968681318767,
            -0.0002638703643497581
        ],
        [
            -0.0009551968681318767,
            -0.12110945946010984,
            -0.0035481511827287603
        ],
        [
            -0.0002638703643497581,
            -0.0035481511827287603,
            -0.11717293455010244
        ]
    ]
}