{
    "Material": "V3CrO10",
    "steinhart_vector": [
        [
            0.06780483484741101,
            0.0033736753622112146,
            0.0064476403154803755,
            0.03205262910230379,
            0.04285474893682073,
            0.024153646587450252,
            0.017543166612207797,
            0.0387674381867217,
            0.028272483480406282,
            0.03148478971516329,
            0.028470169623552907
        ],
        "V3CrO10"
    ],
    "steinhart_parameter_sum": 0.3212252227697294,
    "band_gap": 0.0,
    "oxidation_state": 5.0,
    "possible_species": [
        "O2-",
        "Cr5+",
        "V5+"
    ],
    "density": 3.059644836276669,
    "quadrupole moment": [
        [
            -12.740147746868448,
            2.115351938380069,
            1.6159663526486239
        ],
        [
            2.115351938380069,
            -10.26324667735139,
            2.8259876329131903
        ],
        [
            1.6159663526486239,
            2.8259876329131903,
            -11.439686653741813
        ]
    ],
    "quadrupole moment normalized": [
        [
            -0.12602640416452876,
            0.004996449097787285,
            0.004413978878232935
        ],
        [
            0.004996449097787285,
            -0.11984830574950661,
            0.007968457967996282
        ],
        [
            0.004413978878232935,
            0.007968457967996282,
            -0.12379566742472464
        ]
    ]
}