{
    "Material": "Li24Ti11CrO36",
    "steinhart_vector": [
        [
            0.06312170264960465,
            7.405565092863828e-05,
            0.0021652650124438164,
            0.0054998817680203494,
            0.04740036628877103,
            0.006534470918606981,
            0.02210989963705354,
            0.011159911503419905,
            0.04270398350082608,
            0.011268198435969356,
            0.02480374777799487
        ],
        "Li24Ti11CrO36"
    ],
    "steinhart_parameter_sum": 0.23684148314363923,
    "band_gap": 1.4958999999999998,
    "oxidation_state": 4.0,
    "possible_species": [
        "O2-",
        "Li+",
        "Ti4+",
        "Cr4+"
    ],
    "density": 3.3399333678524505,
    "quadrupole moment": [
        [
            -15.901042366916943,
            0.19022759163854008,
            -0.6300450213821351
        ],
        [
            0.19022759163854008,
            -16.034140821891697,
            -0.4412268044021501
        ],
        [
            -0.6300450213821351,
            -0.4412268044021501,
            -15.126751172062741
        ]
    ],
    "quadrupole moment normalized": [
        [
            -0.12875525372418575,
            0.002042752613827234,
            -0.005262072848090819
        ],
        [
            0.002042752613827234,
            -0.13020754703546183,
            -0.0036608954357917264
        ],
        [
            -0.005262072848090819,
            -0.0036608954357917264,
            -0.12354236608018984
        ]
    ]
}