{
    "Material": "Li2Cr(Si2O5)2",
    "steinhart_vector": [
        [
            0.058153059036289534,
            0.010042595585946546,
            0.014915756013725837,
            0.01064568593377909,
            0.044314825881510714,
            0.01030075089272165,
            0.02666632444885444,
            0.011748203598286698,
            0.04015138435965609,
            0.010961350463968771,
            0.03072861219794335
        ],
        "Li2Cr(Si2O5)2"
    ],
    "steinhart_parameter_sum": 0.26862854841268274,
    "band_gap": 2.6140000000000003,
    "oxidation_state": 2.0,
    "possible_species": [
        "Cr2+",
        "Li+",
        "Si4+",
        "O2-"
    ],
    "density": 2.642087171243199,
    "quadrupole moment": [
        [
            -19.044168661697842,
            -0.8063320658966842,
            1.5184947418529418
        ],
        [
            -0.8063320658966842,
            -13.066203235342417,
            -1.6564583428341981
        ],
        [
            1.5184947418529418,
            -1.6564583428341981,
            -14.74267779837657
        ]
    ],
    "quadrupole moment normalized": [
        [
            -0.12666196637667612,
            -0.004610014202196799,
            0.009316250519883437
        ],
        [
            -0.004610014202196799,
            -0.05179341636168839,
            -0.02320158658100771
        ],
        [
            0.009316250519883437,
            -0.02320158658100771,
            -0.09318865149820055
        ]
    ]
}