{
    "Material": "LiCrPO5",
    "steinhart_vector": [
        [
            0.06554197379988821,
            0.002979983157783469,
            0.007342615671291521,
            0.030997133938378586,
            0.04093496446674605,
            0.023448178590729295,
            0.018251180694654985,
            0.03762781084743015,
            0.02605369615112052,
            0.029972810731648012,
            0.029006080893543056
        ],
        "LiCrPO5"
    ],
    "steinhart_parameter_sum": 0.3121564289432138,
    "band_gap": 0.8471,
    "oxidation_state": 4.0,
    "possible_species": [
        "P5+",
        "O2-",
        "Li+",
        "Cr4+"
    ],
    "density": 3.1152142346073104,
    "quadrupole moment": [
        [
            -14.868663086146302,
            -1.2032323929695794,
            -0.15206692446621894
        ],
        [
            -1.2032323929695794,
            -14.534916720850696,
            0.1106264225312816
        ],
        [
            -0.15206692446621894,
            0.1106264225312816,
            -7.381876149278471
        ]
    ],
    "quadrupole moment normalized": [
        [
            -0.12095460357848142,
            -0.009923318259472146,
            -0.002787700369865453
        ],
        [
            -0.009923318259472146,
            -0.12251289376031987,
            0.0018871891126900754
        ],
        [
            -0.002787700369865453,
            0.0018871891126900754,
            -0.10165029074429031
        ]
    ]
}