{
    "Material": "Ta2CrNO5",
    "steinhart_vector": [
        [
            0.062380414549804065,
            0.0018100778447922208,
            0.005977769026130814,
            0.001191525067821248,
            0.04679054327818469,
            0.0022077802903718875,
            0.02495318275459802,
            0.0014985214048832515,
            0.042604383174687274,
            0.0026668951061476673,
            0.02997242034668245
        ],
        "Ta2CrNO5"
    ],
    "steinhart_parameter_sum": 0.2220535128441036,
    "band_gap": 1.2980000000000005,
    "oxidation_state": 3.0,
    "possible_species": [
        "Cr3+",
        "N3-",
        "Ta5+",
        "O2-"
    ],
    "density": 8.03947273123004,
    "quadrupole moment": [
        [
            -16.47782651918973,
            -1.5053485703711273,
            0.6008613461059147
        ],
        [
            -1.5053485703711273,
            -21.757270734202212,
            -1.3624264177227552
        ],
        [
            0.6008613461059147,
            -1.3624264177227552,
            -16.444333843953284
        ]
    ],
    "quadrupole moment normalized": [
        [
            -0.11825459432783862,
            -0.015778850304304443,
            -0.0008800154717211635
        ],
        [
            -0.015778850304304443,
            -0.16307221076236875,
            -0.014682567730962489
        ],
        [
            -0.0008800154717211635,
            -0.014682567730962489,
            -0.1179917465278682
        ]
    ]
}