{
    "Material": "LiVCr(P2O7)2",
    "steinhart_vector": [
        [
            0.06389396497194505,
            0.0014048173352082941,
            0.0008712716049363942,
            0.007790262706791721,
            0.0473292076617194,
            0.010036614809857394,
            0.02152308438697032,
            0.014603783727362428,
            0.041399024157913585,
            0.016166279786510477,
            0.02390913219889127
        ],
        "LiVCr(P2O7)2"
    ],
    "steinhart_parameter_sum": 0.24892744334810632,
    "band_gap": 1.4875,
    "oxidation_state": 4.0,
    "possible_species": [
        "V4+",
        "P5+",
        "Cr3+",
        "Li+",
        "O2-"
    ],
    "density": 2.888860803582537,
    "quadrupole moment": [
        [
            -14.969298623075051,
            0.309801993743161,
            -0.12674488605504797
        ],
        [
            0.309801993743161,
            -15.23764064702205,
            0.13184503869063602
        ],
        [
            -0.12674488605504797,
            0.13184503869063602,
            -15.817312069929542
        ]
    ],
    "quadrupole moment normalized": [
        [
            -0.12958270901353502,
            0.002134209243610282,
            -0.0008190705326707841
        ],
        [
            0.002134209243610282,
            -0.13040991607290622,
            2.4463959767857812e-05
        ],
        [
            -0.0008190705326707841,
            2.4463959767857812e-05,
            -0.13219192114943623
        ]
    ]
}