{
    "Material": "Li4Cr(WO4)3",
    "steinhart_vector": [
        [
            0.06178750109763701,
            0.0015962191966931326,
            0.0005996437315543666,
            0.002919807571333129,
            0.046879309613252484,
            0.005093939087338748,
            0.02159033788093654,
            0.006564115168763133,
            0.043325783044581824,
            0.008573638057883392,
            0.024615376311506402
        ],
        "Li4Cr(WO4)3"
    ],
    "steinhart_parameter_sum": 0.22354567076148016,
    "band_gap": 1.3714000000000004,
    "oxidation_state": 2.0,
    "possible_species": [
        "Cr2+",
        "W6+",
        "Li+",
        "O2-"
    ],
    "density": 6.430053703075797,
    "quadrupole moment": [
        [
            -16.31755298747038,
            0.05595772865091586,
            0.25517707503875176
        ],
        [
            0.05595772865091586,
            -16.48673180753282,
            -0.04834367305151699
        ],
        [
            0.25517707503875176,
            -0.04834367305151699,
            -16.31535052528836
        ]
    ],
    "quadrupole moment normalized": [
        [
            -0.12259898185877895,
            0.0006301719734196388,
            0.00126169733205359
        ],
        [
            0.0006301719734196388,
            -0.12347594158062711,
            -0.0003867031258910072
        ],
        [
            0.00126169733205359,
            -0.0003867031258910072,
            -0.12043941816669164
        ]
    ]
}