{
    "Material": "Li2CrFeO4",
    "steinhart_vector": [
        [
            0.061286290661864695,
            3.3992278793103973e-18,
            0.0036790025111822205,
            1.5108051172936255e-17,
            0.04644689251774341,
            1.9885706694528477e-17,
            0.022979654165110844,
            2.562343422977799e-17,
            0.043007623240956964,
            3.740185810354614e-17,
            0.02746022114609951
        ],
        "Li2CrFeO4"
    ],
    "steinhart_parameter_sum": 0.20485968424295775,
    "band_gap": 1.6024000000000003,
    "oxidation_state": 3.0,
    "possible_species": [
        "O2-",
        "Cr3+",
        "Fe3+",
        "Li+"
    ],
    "density": 4.145131795997775,
    "quadrupole moment": [
        [
            -16.41414819257613,
            0.40266165155018796,
            -1.1688187102452372
        ],
        [
            0.40266165155018796,
            -15.907838534104215,
            0.844004601402824
        ],
        [
            -1.1688187102452372,
            0.844004601402824,
            -17.598036846385178
        ]
    ],
    "quadrupole moment normalized": [
        [
            -0.11863256268495162,
            0.0029940640375717177,
            -0.008555964217765655
        ],
        [
            0.0029940640375717177,
            -0.11489958938038987,
            0.005943163303709649
        ],
        [
            -0.008555964217765655,
            0.005943163303709649,
            -0.12704480313689046
        ]
    ]
}