{
    "Material": "Ti3CrSn2(PO4)6",
    "steinhart_vector": [
        [
            0.06268537134618744,
            0.002697600474178218,
            0.001760913399976825,
            0.0070597704206803,
            0.04644214621906224,
            0.009817643123506649,
            0.021201592351357927,
            0.01480646547094349,
            0.04035494866126995,
            0.0159836024365629,
            0.02272238416937779
        ],
        "Ti3CrSn2(PO4)6"
    ],
    "steinhart_parameter_sum": 0.24553243807310376,
    "band_gap": 0.025699999999999612,
    "oxidation_state": 4.0,
    "possible_species": [
        "O2-",
        "Sn2+",
        "Ti4+",
        "P5+",
        "Ti3+",
        "Cr3+"
    ],
    "density": 3.435379791335668,
    "quadrupole moment": [
        [
            -15.718793776596085,
            -0.2504252632231809,
            -0.6621962395512855
        ],
        [
            -0.2504252632231809,
            -15.530983373265943,
            -0.45890963414485597
        ],
        [
            -0.6621962395512855,
            -0.45890963414485597,
            -16.57093197294348
        ]
    ],
    "quadrupole moment normalized": [
        [
            -0.12462573856561933,
            -0.0013663739259285983,
            -0.0036131135222683105
        ],
        [
            -0.0013663739259285983,
            -0.12360098623594949,
            -0.0025039244579006456
        ],
        [
            -0.0036131135222683105,
            -0.0025039244579006456,
            -0.1292752268362035
        ]
    ]
}