{
    "Material": "Li5CrO4",
    "steinhart_vector": [
        [
            0.06499190366171412,
            0.008399030582418712,
            0.011559941518910004,
            0.043987776458937845,
            0.03473275603757025,
            0.02519116850107119,
            0.030710930856369844,
            0.03627655014839439,
            0.03617865258555209,
            0.024447330042531086,
            0.030881560535713008
        ],
        "Li5CrO4"
    ],
    "steinhart_parameter_sum": 0.34735760092918255,
    "band_gap": 1.305,
    "oxidation_state": 3.0,
    "possible_species": [
        "Cr3+",
        "O2-",
        "Li+"
    ],
    "density": 2.524107261685392,
    "quadrupole moment": [
        [
            -8.414959907519425,
            0.40214932487227895,
            -1.3378637192912424
        ],
        [
            0.40214932487227895,
            -8.941981901184928,
            1.5858001080240052
        ],
        [
            -1.3378637192912424,
            1.5858001080240052,
            -12.24144012810469
        ]
    ],
    "quadrupole moment normalized": [
        [
            -0.07721047805705586,
            0.005199255488687788,
            -0.013659450116238253
        ],
        [
            0.005199255488687788,
            -0.08107758795029965,
            0.014385542336155063
        ],
        [
            -0.013659450116238253,
            0.014385542336155063,
            -0.11206047539016539
        ]
    ]
}