{
    "Material": "MnCrO4",
    "steinhart_vector": [
        [
            0.05746944892032577,
            2.586585577258032e-06,
            0.006113580106079082,
            4.519420919294359e-06,
            0.042874228829456934,
            7.198635263340584e-06,
            0.023633365899566966,
            1.0461961108547705e-05,
            0.03878149708882837,
            1.2102077740532845e-05,
            0.02834155311209704
        ],
        "MnCrO4"
    ],
    "steinhart_parameter_sum": 0.19725054263696312,
    "band_gap": 0.0,
    "oxidation_state": 2.0,
    "possible_species": [
        "Mn2+",
        "O2-",
        "Cr6+"
    ],
    "density": 3.506653001435615,
    "quadrupole moment": [
        [
            -17.4755504085185,
            -1.1079290327159734,
            0.6940514877810049
        ],
        [
            -1.1079290327159734,
            -16.516503215556366,
            0.4559181715892251
        ],
        [
            0.6940514877810049,
            0.4559181715892251,
            -22.825956820170433
        ]
    ],
    "quadrupole moment normalized": [
        [
            -0.10298893569723756,
            -0.012418606829302629,
            0.001786353074932497
        ],
        [
            -0.012418606829302629,
            -0.0922378669165408,
            0.001172125355574715
        ],
        [
            0.001786353074932497,
            0.001172125355574715,
            -0.12192469658526155
        ]
    ]
}