{
    "Material": "CrH18(O3F)3",
    "steinhart_vector": [
        [
            0.062400480204647675,
            0.00028881937350315153,
            0.0011224095089778705,
            0.0004766938177871455,
            0.04761745287039051,
            0.0008886552449832862,
            0.02217789165109061,
            0.001100352507425352,
            0.044686482911821715,
            0.001507148092279952,
            0.0258671399938661
        ],
        "CrH18(O3F)3"
    ],
    "steinhart_parameter_sum": 0.20813352617677333,
    "band_gap": 4.2569,
    "oxidation_state": 3.0,
    "possible_species": [
        "F-",
        "O2-",
        "H+",
        "Cr3+"
    ],
    "density": 1.6055170743225813,
    "quadrupole moment": [
        [
            -15.869978168330892,
            0.19185546629026345,
            -0.3898723049798335
        ],
        [
            0.19185546629026345,
            -16.257278418337428,
            -0.15436718640659125
        ],
        [
            -0.3898723049798335,
            -0.15436718640659125,
            -16.02609847274665
        ]
    ],
    "quadrupole moment normalized": [
        [
            -0.12319979615859476,
            0.0014855255024855722,
            -0.003022258225326583
        ],
        [
            0.0014855255024855722,
            -0.12620571570557249,
            -0.0011953117190655997
        ],
        [
            -0.003022258225326583,
            -0.0011953117190655997,
            -0.12440152942025029
        ]
    ]
}