{
    "Material": "Li3CrB4O9",
    "steinhart_vector": [
        [
            0.06534943733290753,
            0.003033978327361946,
            0.01432363086788137,
            0.045258565964995154,
            0.031017389095332644,
            0.026601314986200525,
            0.03679018039824427,
            0.029728218484906758,
            0.03334006255109259,
            0.03667935340149506,
            0.026270984616666077
        ],
        "Li3CrB4O9"
    ],
    "steinhart_parameter_sum": 0.34839311602708395,
    "band_gap": 1.7649000000000001,
    "oxidation_state": 3.0,
    "possible_species": [
        "Li+",
        "B3+",
        "Cr3+",
        "O2-"
    ],
    "density": 2.630141963293301,
    "quadrupole moment": [
        [
            -7.575629444122154,
            0.0,
            0.0
        ],
        [
            0.0,
            -10.923734392999073,
            -3.0692482437521007
        ],
        [
            0.0,
            -3.0692482437521007,
            -10.794943786559957
        ]
    ],
    "quadrupole moment normalized": [
        [
            -0.06736029546959925,
            0.0,
            0.0
        ],
        [
            0.0,
            -0.09934898373499482,
            -0.028083430415627372
        ],
        [
            0.0,
            -0.028083430415627372,
            -0.1066824434319904
        ]
    ]
}