{
    "Material": "Li8Cr(FeO4)3",
    "steinhart_vector": [
        [
            0.06415842578335956,
            0.001810425540613206,
            0.0007245103947129449,
            0.0052078733347853,
            0.048233192901282085,
            0.00772919007201441,
            0.02201526733820695,
            0.010861168279984226,
            0.04352576486584856,
            0.013145508315132039,
            0.02437575322540322
        ],
        "Li8Cr(FeO4)3"
    ],
    "steinhart_parameter_sum": 0.24178708005134247,
    "band_gap": 0.0,
    "oxidation_state": 5.0,
    "possible_species": [
        "Fe3+",
        "Li+",
        "O2-",
        "Cr5+",
        "Fe4+"
    ],
    "density": 3.6702285599930202,
    "quadrupole moment": [
        [
            -14.91215376585069,
            -1.3322676295501878e-15,
            -8.881784197001252e-16
        ],
        [
            -1.3322676295501878e-15,
            -15.39236401785778,
            0.1556684129564112
        ],
        [
            -8.881784197001252e-16,
            0.1556684129564112,
            -15.250800819216797
        ]
    ],
    "quadrupole moment normalized": [
        [
            -0.12928717578550192,
            -1.3877787807814457e-17,
            0.0
        ],
        [
            -1.3877787807814457e-17,
            -0.13324202861582898,
            0.001482364416312519
        ],
        [
            0.0,
            0.001482364416312519,
            -0.13264966512245646
        ]
    ]
}