{
    "Material": "LiCrP2O7",
    "steinhart_vector": [
        [
            0.06213999234846131,
            0.0024760444892988056,
            0.00131203812861261,
            0.005893239095326471,
            0.04640290921787103,
            0.008688820456002434,
            0.021250249758120697,
            0.012186003606733147,
            0.041336025111197515,
            0.01383215782712727,
            0.02359540062617545
        ],
        "LiCrP2O7"
    ],
    "steinhart_parameter_sum": 0.23911288066492675,
    "band_gap": 2.8553,
    "oxidation_state": 3.0,
    "possible_species": [
        "Cr3+",
        "Li+",
        "P5+",
        "O2-"
    ],
    "density": 3.0446616152649333,
    "quadrupole moment": [
        [
            -16.112045799756206,
            0.13847461937085948,
            -0.28410160111509253
        ],
        [
            0.13847461937085948,
            -16.829464934441425,
            -0.37307538512310057
        ],
        [
            -0.28410160111509253,
            -0.37307538512310057,
            -15.671452914351224
        ]
    ],
    "quadrupole moment normalized": [
        [
            -0.1236174376668057,
            0.0019753367747272696,
            -4.359101007937738e-05
        ],
        [
            0.0019753367747272696,
            -0.12577368996570912,
            -0.0031684912186237812
        ],
        [
            -4.359101007937738e-05,
            -0.0031684912186237812,
            -0.12144313010030015
        ]
    ]
}