{
    "Material": "CrO3",
    "steinhart_vector": [
        [
            0.0745173878598976,
            0.0026996076102682154,
            0.0023123757884175398,
            0.05552712208514114,
            0.03802826274381281,
            0.003328883895357845,
            0.04678856421450525,
            0.045604946479980465,
            0.016437241162228628,
            0.038575390351154856,
            0.048331220257864786
        ],
        "CrO3"
    ],
    "steinhart_parameter_sum": 0.37215100244862914,
    "band_gap": 2.0419,
    "oxidation_state": 6.0,
    "possible_species": [
        "O2-",
        "Cr6+"
    ],
    "density": 2.6878667847748887,
    "quadrupole moment": [
        [
            -6.810108388353351,
            0.37724637838476416,
            -4.440892098500626e-16
        ],
        [
            0.37724637838476416,
            -7.527309423187594,
            -1.3322676295501878e-15
        ],
        [
            -4.440892098500626e-16,
            -1.3322676295501878e-15,
            -8.373875875225
        ]
    ],
    "quadrupole moment normalized": [
        [
            -0.12547169934821606,
            -0.005205564051896195,
            -2.7755575615628914e-17
        ],
        [
            -0.005205564051896195,
            -0.12521660516047253,
            6.938893903907228e-18
        ],
        [
            -2.7755575615628914e-17,
            6.938893903907228e-18,
            -0.10574266290950773
        ]
    ]
}