{
    "Material": "Li4Mn3CrCo2(PO4)6",
    "steinhart_vector": [
        [
            0.05778351720601296,
            0.008013979936100776,
            0.003723830905423164,
            0.012864186900248856,
            0.0365614843245208,
            0.02258366453783803,
            0.01812666063695303,
            0.02261514567796237,
            0.022112427025816877,
            0.028832874707251935,
            0.021788992817239658
        ],
        "Li4Mn3CrCo2(PO4)6"
    ],
    "steinhart_parameter_sum": 0.2550067646753685,
    "band_gap": 0.3939999999999997,
    "oxidation_state": 2.0,
    "possible_species": [
        "Mn2+",
        "Co2+",
        "Li+",
        "O2-",
        "Mn3+",
        "Cr3+",
        "P5+"
    ],
    "density": 3.2964999552177154,
    "quadrupole moment": [
        [
            -19.343555910152052,
            1.5068773331201686,
            -0.7428006919285628
        ],
        [
            1.5068773331201686,
            -18.890103675645967,
            0.27772500688719814
        ],
        [
            -0.7428006919285628,
            0.27772500688719814,
            -18.14481354451098
        ]
    ],
    "quadrupole moment normalized": [
        [
            -0.11783029620325851,
            0.004415979235721689,
            -0.001750348096559563
        ],
        [
            0.004415979235721689,
            -0.10190329785263359,
            0.008664404635049661
        ],
        [
            -0.001750348096559563,
            0.008664404635049661,
            -0.10123961221366243
        ]
    ]
}