{
    "Material": "Li4Ti3CrO8",
    "steinhart_vector": [
        [
            0.06068098470311912,
            7.249654828925504e-18,
            0.0011992630737973217,
            1.8603286408139078e-17,
            0.04630723543655237,
            3.7103565448172644e-17,
            0.021599466448706313,
            3.9240475217051656e-17,
            0.04346552389242542,
            6.168380133927875e-17,
            0.025222127165408954
        ],
        "Li4Ti3CrO8"
    ],
    "steinhart_parameter_sum": 0.19847460072000966,
    "band_gap": 0.0,
    "oxidation_state": 3.0,
    "possible_species": [
        "Cr3+",
        "Ti3+",
        "Li+",
        "O2-"
    ],
    "density": 3.940942064158822,
    "quadrupole moment": [
        [
            -17.179520815490882,
            0.16790761930749465,
            0.25062517251466077
        ],
        [
            0.16790761930749465,
            -17.30238265182026,
            0.17517814008463037
        ],
        [
            0.25062517251466077,
            0.17517814008463037,
            -16.439378769211046
        ]
    ],
    "quadrupole moment normalized": [
        [
            -0.11872549004098001,
            0.0019193051107305563,
            0.001760414094438685
        ],
        [
            0.0019193051107305563,
            -0.12012988938481724,
            0.0012304672501502294
        ],
        [
            0.001760414094438685,
            0.0012304672501502294,
            -0.11463497694782138
        ]
    ]
}