{
    "Material": "Li7CrFe3(PO4)6",
    "steinhart_vector": [
        [
            0.06281842123639193,
            0.0034783751813331487,
            0.0014473580140954498,
            0.007439262239898907,
            0.04623862711949669,
            0.01127969865723268,
            0.02086549163828075,
            0.016017482747362508,
            0.03947541514813095,
            0.017995547067838933,
            0.02190291059767919
        ],
        "Li7CrFe3(PO4)6"
    ],
    "steinhart_parameter_sum": 0.24895858964774115,
    "band_gap": 2.4489,
    "oxidation_state": 3.0,
    "possible_species": [
        "Fe3+",
        "Cr3+",
        "O2-",
        "Li+",
        "P5+",
        "Fe2+"
    ],
    "density": 2.879711781442593,
    "quadrupole moment": [
        [
            -15.700869212465047,
            -0.22602147683954077,
            -0.5483125471634491
        ],
        [
            -0.22602147683954077,
            -15.542317338784537,
            -0.3887438627879525
        ],
        [
            -0.5483125471634491,
            -0.3887438627879525,
            -16.325131199288926
        ]
    ],
    "quadrupole moment normalized": [
        [
            -0.12546581664306553,
            -0.0012501904246029292,
            -0.003032876871655903
        ],
        [
            -0.0012501904246029292,
            -0.1245888121381502,
            -0.002150246421621673
        ],
        [
            -0.003032876871655903,
            -0.002150246421621673,
            -0.12891878637309587
        ]
    ]
}