{
    "Material": "Li2CrSiO4",
    "steinhart_vector": [
        [
            0.056261001528561116,
            0.005948237210537331,
            0.00944977330975115,
            0.02730273439477255,
            0.032037184467925674,
            0.021873637673551428,
            0.02035194870770038,
            0.030331277423870217,
            0.024747552892038782,
            0.022213784530911204,
            0.02546535529780434
        ],
        "Li2CrSiO4"
    ],
    "steinhart_parameter_sum": 0.27598248743742415,
    "band_gap": 1.1657000000000002,
    "oxidation_state": 2.0,
    "possible_species": [
        "Li+",
        "O2-",
        "Si4+",
        "Cr2+"
    ],
    "density": 2.921372732734902,
    "quadrupole moment": [
        [
            -23.38229716163123,
            -1.4766128183777854,
            0.47455377702142487
        ],
        [
            -1.4766128183777854,
            -15.319097923051052,
            0.005828025837393211
        ],
        [
            0.47455377702142487,
            0.005828025837393211,
            -12.24209928586827
        ]
    ],
    "quadrupole moment normalized": [
        [
            -0.08999887865734812,
            -0.004093950440630424,
            0.006401072540154984
        ],
        [
            -0.004093950440630424,
            -0.10944241512499309,
            -0.003169942523751389
        ],
        [
            0.006401072540154984,
            -0.003169942523751389,
            -0.05620392629080629
        ]
    ]
}