{
    "Material": "Li4CrNi3O8",
    "steinhart_vector": [
        [
            0.06401235495173753,
            1.7736842749426697e-06,
            0.001190882591415449,
            5.9004106491408805e-06,
            0.04885399034187672,
            8.142861710473274e-06,
            0.022768292181848473,
            1.1719137286343842e-05,
            0.04586422859597022,
            1.4395621741063424e-05,
            0.02657739487367005
        ],
        "Li4CrNi3O8"
    ],
    "steinhart_parameter_sum": 0.2093090752521804,
    "band_gap": 0.0,
    "oxidation_state": 3.0,
    "possible_species": [
        "Li+",
        "Cr3+",
        "O2-",
        "Ni3+"
    ],
    "density": 4.53584747186433,
    "quadrupole moment": [
        [
            -15.537344785278718,
            -0.001914176510672938,
            0.007491218150647017
        ],
        [
            -0.001914176510672938,
            -15.535889289661688,
            0.011208231078860376
        ],
        [
            0.007491218150647017,
            0.011208231078860376,
            -14.685478295527583
        ]
    ],
    "quadrupole moment normalized": [
        [
            -0.13362575439313265,
            8.826626241737259e-05,
            -1.5539953076791277e-05
        ],
        [
            8.826626241737259e-05,
            -0.1334974051945503,
            -4.73592626702192e-05
        ],
        [
            -1.5539953076791277e-05,
            -4.73592626702192e-05,
            -0.12624471272363438
        ]
    ]
}