{
    "Material": "Li6CrFe3(PO4)6",
    "steinhart_vector": [
        [
            0.06221820817726717,
            0.005529191854995306,
            0.0023238855012873557,
            0.008909545609604922,
            0.04409001024518122,
            0.017281222479669595,
            0.019741243214197582,
            0.018283985573493915,
            0.034001467220550675,
            0.02695248129387777,
            0.019801444375919384
        ],
        "Li6CrFe3(PO4)6"
    ],
    "steinhart_parameter_sum": 0.2591326855460449,
    "band_gap": 2.3823,
    "oxidation_state": 3.0,
    "possible_species": [
        "Fe3+",
        "P5+",
        "O2-",
        "Li+",
        "Cr3+"
    ],
    "density": 2.9701107189542415,
    "quadrupole moment": [
        [
            -16.321245028758337,
            0.17727995585093792,
            0.5924847560647687
        ],
        [
            0.17727995585093792,
            -16.439569110123696,
            0.39753477303379636
        ],
        [
            0.5924847560647687,
            0.39753477303379636,
            -15.712490484660593
        ]
    ],
    "quadrupole moment normalized": [
        [
            -0.12563261815439628,
            0.002372109777453533,
            0.005735989748469268
        ],
        [
            0.002372109777453533,
            -0.12683482047541475,
            0.004271449993098399
        ],
        [
            0.005735989748469268,
            0.004271449993098399,
            -0.11925460998132095
        ]
    ]
}