{
    "Material": "Li4CrCo3(PO4)4",
    "steinhart_vector": [
        [
            0.05728509023322002,
            0.005954871216659281,
            0.0039489478347812385,
            0.014414325115012975,
            0.03654999927153281,
            0.02167274880026401,
            0.014762575936925775,
            0.020958755658798144,
            0.031121214358481013,
            0.022424152772040365,
            0.01755349588965786
        ],
        "Li4CrCo3(PO4)4"
    ],
    "steinhart_parameter_sum": 0.2466461770873735,
    "band_gap": 0.8765000000000001,
    "oxidation_state": 2.0,
    "possible_species": [
        "P5+",
        "Cr2+",
        "Li+",
        "Co2+",
        "O2-"
    ],
    "density": 3.551165885306155,
    "quadrupole moment": [
        [
            -17.726378281765562,
            2.107461386798077,
            -1.3322676295501878e-15
        ],
        [
            2.107461386798077,
            -20.255777304703155,
            -1.3322676295501878e-15
        ],
        [
            -1.3322676295501878e-15,
            -1.3322676295501878e-15,
            -19.70996401091466
        ]
    ],
    "quadrupole moment normalized": [
        [
            -0.08965780520259059,
            -0.0064926847416556435,
            1.0408340855860843e-17
        ],
        [
            -0.0064926847416556435,
            -0.1163629384047635,
            -2.0816681711721685e-17
        ],
        [
            1.0408340855860843e-17,
            -2.0816681711721685e-17,
            -0.10997454855696195
        ]
    ]
}