{
    "Material": "Li3Mn3CrO8",
    "steinhart_vector": [
        [
            0.06353179565737173,
            0.0006125220437858154,
            0.0026205280460778256,
            0.003492730481976453,
            0.04807472065507159,
            0.004120974332956731,
            0.022814273297440915,
            0.007313741768865484,
            0.044241170904578214,
            0.007059083380661492,
            0.02633931678950831
        ],
        "Li3Mn3CrO8"
    ],
    "steinhart_parameter_sum": 0.23022085735829456,
    "band_gap": 0.2604000000000002,
    "oxidation_state": 3.0,
    "possible_species": [
        "Li+",
        "Mn3+",
        "Mn4+",
        "O2-",
        "Cr3+"
    ],
    "density": 4.244411631726395,
    "quadrupole moment": [
        [
            -14.5804016232693,
            -0.24714370729737878,
            0.2580701357768387
        ],
        [
            -0.24714370729737878,
            -16.150119039292008,
            0.7698762040078544
        ],
        [
            0.2580701357768387,
            0.7698762040078544,
            -15.7362211034301
        ]
    ],
    "quadrupole moment normalized": [
        [
            -0.11993063739112439,
            0.0010105544636934936,
            -0.001591829258572923
        ],
        [
            0.0010105544636934936,
            -0.1361296760206107,
            0.004035799181476387
        ],
        [
            -0.001591829258572923,
            0.004035799181476387,
            -0.1314599376313597
        ]
    ]
}