{
    "Material": "Li2CrO2",
    "steinhart_vector": [
        [
            0.061148381082677145,
            0.0008343891211476668,
            0.030641507925152394,
            0.0013174538980281893,
            0.050536821575510385,
            0.002472895779100752,
            0.03606037341529043,
            0.003082521969283245,
            0.04830883822004693,
            0.004159168112062334,
            0.03789128109184134
        ],
        "Li2CrO2"
    ],
    "steinhart_parameter_sum": 0.27645363219014074,
    "band_gap": 1.4981,
    "oxidation_state": 2.0,
    "possible_species": [
        "O2-",
        "Li+",
        "Cr2+"
    ],
    "density": 3.102766073432044,
    "quadrupole moment": [
        [
            -12.858902317712294,
            -1.3697425196021795,
            -6.3641597233549705
        ],
        [
            -1.3697425196021795,
            -17.01834452506316,
            1.907501326877766
        ],
        [
            -6.3641597233549705,
            1.907501326877766,
            -3.553934043201603
        ]
    ],
    "quadrupole moment normalized": [
        [
            -0.09202000702571458,
            -0.009815378314336952,
            -0.04556656988990627
        ],
        [
            -0.009815378314336952,
            -0.12182597293354597,
            0.013657465604971391
        ],
        [
            -0.04556656988990627,
            0.013657465604971391,
            -0.025460124975847393
        ]
    ]
}