{
    "Material": "LiCrBO3",
    "steinhart_vector": [
        [
            0.0582054893557545,
            0.0013326537903017555,
            0.008570858890563878,
            0.02651536003503045,
            0.03654299197397003,
            0.018826674860853654,
            0.02624111319636268,
            0.01656041102353549,
            0.03615175446897937,
            0.021630480467927204,
            0.024885915742725456
        ],
        "LiCrBO3"
    ],
    "steinhart_parameter_sum": 0.2754637038060045,
    "band_gap": 1.8015999999999996,
    "oxidation_state": 2.0,
    "possible_species": [
        "O2-",
        "Cr2+",
        "Li+",
        "B3+"
    ],
    "density": 3.1543398128881766,
    "quadrupole moment": [
        [
            -13.716944990819648,
            0.8287287259833502,
            0.6275131446064051
        ],
        [
            0.8287287259833502,
            -14.199545702922642,
            1.1415263255502923
        ],
        [
            0.6275131446064051,
            1.1415263255502923,
            -18.305580384087193
        ]
    ],
    "quadrupole moment normalized": [
        [
            -0.0793240562466188,
            0.007482842930004438,
            0.004251994701082661
        ],
        [
            0.007482842930004438,
            -0.08267860695064363,
            0.017161681350686204
        ],
        [
            0.004251994701082661,
            0.017161681350686204,
            -0.10922260474205918
        ]
    ]
}