{
    "Material": "Na3CrBPO7",
    "steinhart_vector": [
        [
            0.06131706781764704,
            0.005465220504838135,
            0.004366311289726214,
            0.008917327819508972,
            0.043577768158571124,
            0.014159410796417318,
            0.02105169166407777,
            0.01776065045471988,
            0.03634998012018133,
            0.01876469114802737,
            0.02297743075494145
        ],
        "Na3CrBPO7"
    ],
    "steinhart_parameter_sum": 0.25470755052865657,
    "band_gap": 2.8333000000000004,
    "oxidation_state": 3.0,
    "possible_species": [
        "O2-",
        "Cr3+",
        "P5+",
        "B3+",
        "Na+"
    ],
    "density": 2.929497593321369,
    "quadrupole moment": [
        [
            -14.638923616306677,
            -0.164186226851154,
            0.002391229661381805
        ],
        [
            -0.164186226851154,
            -18.326963928685135,
            0.002866529046802735
        ],
        [
            0.002391229661381805,
            0.002866529046802735,
            -16.948099488570378
        ]
    ],
    "quadrupole moment normalized": [
        [
            -0.10704345753498976,
            -0.003035868811058804,
            1.4871601380179989e-05
        ],
        [
            -0.003035868811058804,
            -0.1369208050421417,
            2.3575947039283004e-05
        ],
        [
            1.4871601380179989e-05,
            2.3575947039283004e-05,
            -0.11708306499239216
        ]
    ]
}