{
    "Material": "Li3CrPCO7",
    "steinhart_vector": [
        [
            0.06023737959604713,
            0.002508740924775775,
            0.007999542445128287,
            0.028782750305143573,
            0.035897064251993384,
            0.022306019192315632,
            0.025406874679787146,
            0.023064524298152547,
            0.031420785909982374,
            0.029496550416251602,
            0.02018141192959912
        ],
        "Li3CrPCO7"
    ],
    "steinhart_parameter_sum": 0.28730164394917657,
    "band_gap": 2.4991999999999996,
    "oxidation_state": 2.0,
    "possible_species": [
        "O2-",
        "C4+",
        "Cr2+",
        "Li+",
        "P5+"
    ],
    "density": 2.784695716061376,
    "quadrupole moment": [
        [
            -15.638665039135962,
            -1.144474830254378,
            -0.5681757643148305
        ],
        [
            -1.144474830254378,
            -13.53216129305395,
            -1.1627235409577934
        ],
        [
            -0.5681757643148305,
            -1.1627235409577934,
            -14.07259957596021
        ]
    ],
    "quadrupole moment normalized": [
        [
            -0.12278238539048718,
            -0.008259012388370235,
            -0.004344337145613169
        ],
        [
            -0.008259012388370235,
            -0.0763413323410762,
            -0.004530457256741625
        ],
        [
            -0.004344337145613169,
            -0.004530457256741625,
            -0.09156269188431924
        ]
    ]
}