{
    "Material": "Li2Ti3CrO8",
    "steinhart_vector": [
        [
            0.06214012364902608,
            1.957199339739404e-05,
            0.00640874301089342,
            5.469515195238879e-05,
            0.04638039844145128,
            8.232864423275525e-05,
            0.025623569200841533,
            0.00011160204279475227,
            0.04167942033421281,
            0.00014462426849357873,
            0.03147734206391439
        ],
        "Li2Ti3CrO8"
    ],
    "steinhart_parameter_sum": 0.21412241880121038,
    "band_gap": 0.0,
    "oxidation_state": 4.0,
    "possible_species": [
        "Ti4+",
        "Cr2+",
        "Li+",
        "O2-"
    ],
    "density": 3.706967028413227,
    "quadrupole moment": [
        [
            -14.821126651116678,
            -0.19077987778034644,
            -1.2143548534243314
        ],
        [
            -0.19077987778034644,
            -14.65008202433498,
            -0.739960099610242
        ],
        [
            -1.2143548534243314,
            -0.739960099610242,
            -19.08819986229487
        ]
    ],
    "quadrupole moment normalized": [
        [
            -0.1136710314898094,
            -0.0009608637882562781,
            -0.010829569396680248
        ],
        [
            -0.0009608637882562781,
            -0.11255740410715949,
            -0.006457447610247137
        ],
        [
            -0.010829569396680248,
            -0.006457447610247137,
            -0.14447011640606172
        ]
    ]
}