{
    "Material": "Mn3CrCu2(PO4)6",
    "steinhart_vector": [
        [
            0.06397674169010503,
            0.004605405968881311,
            0.0019148515250040673,
            0.009631099980423823,
            0.0459721812921159,
            0.014377878614893591,
            0.020513416454929573,
            0.02042899379343256,
            0.0368161865407808,
            0.021961334142063048,
            0.02064948984073868
        ],
        "Mn3CrCu2(PO4)6"
    ],
    "steinhart_parameter_sum": 0.26084757984336837,
    "band_gap": 0.0,
    "oxidation_state": 4.0,
    "possible_species": [
        "O2-",
        "P5+",
        "Cr3+",
        "Cu+",
        "Cu2+",
        "Mn4+"
    ],
    "density": 3.46721636014799,
    "quadrupole moment": [
        [
            -15.08879256348445,
            -0.2798192242768138,
            -0.6879050049564162
        ],
        [
            -0.2798192242768138,
            -14.890343987641174,
            -0.4859419909277282
        ],
        [
            -0.6879050049564162,
            -0.4859419909277282,
            -15.887314102670897
        ]
    ],
    "quadrupole moment normalized": [
        [
            -0.1298476643431774,
            -0.0016551709659315128,
            -0.004069059124643632
        ],
        [
            -0.0016551709659315128,
            -0.12867381765381908,
            -0.0028744190213546962
        ],
        [
            -0.004069059124643632,
            -0.0028744190213546962,
            -0.13457104284002092
        ]
    ]
}