{
    "Material": "TaCrO4",
    "steinhart_vector": [
        [
            0.06065512027911638,
            0.0021985822701804524,
            0.003142413262445129,
            0.0043393893375429015,
            0.045447838403303215,
            0.006714022941276896,
            0.021829072180832503,
            0.00980525114606803,
            0.04081707966205645,
            0.010865071484141548,
            0.02488399622138203
        ],
        "TaCrO4"
    ],
    "steinhart_parameter_sum": 0.23069783718834555,
    "band_gap": 1.5556000000000005,
    "oxidation_state": 3.0,
    "possible_species": [
        "Cr3+",
        "O2-",
        "Ta5+"
    ],
    "density": 7.289769410751461,
    "quadrupole moment": [
        [
            -15.594942570718297,
            1.7727004051337758e-06,
            0.49004227264423683
        ],
        [
            1.7727004051337758e-06,
            -18.528909627425325,
            3.0543392047555074e-05
        ],
        [
            0.49004227264423683,
            3.0543392047555074e-05,
            -16.8441824188039
        ]
    ],
    "quadrupole moment normalized": [
        [
            -0.10828669113598086,
            -2.757370500122702e-07,
            0.003756707251617553
        ],
        [
            -2.757370500122702e-07,
            -0.12787138970686274,
            -3.872556419252937e-07
        ],
        [
            0.003756707251617553,
            -3.872556419252937e-07,
            -0.11703863762366916
        ]
    ]
}