{
    "Material": "LiCr(PO3)4",
    "steinhart_vector": [
        [
            0.060966804014130384,
            0.0017958784164375076,
            0.005212325873293245,
            0.01130212754083441,
            0.04221650376881544,
            0.017249676895642815,
            0.02038114352119197,
            0.018938398013976475,
            0.03213987713422803,
            0.02640879387224944,
            0.02027025946553836
        ],
        "LiCr(PO3)4"
    ],
    "steinhart_parameter_sum": 0.256881788516338,
    "band_gap": 2.2123,
    "oxidation_state": 3.0,
    "possible_species": [
        "P5+",
        "O2-",
        "Cr3+",
        "Li+"
    ],
    "density": 2.8752419773551763,
    "quadrupole moment": [
        [
            -14.96450092321577,
            1.2622376574714123,
            1.0521567859537624
        ],
        [
            1.2622376574714123,
            -19.113627307975726,
            1.6784864889726105
        ],
        [
            1.0521567859537624,
            1.6784864889726105,
            -16.708382496859283
        ]
    ],
    "quadrupole moment normalized": [
        [
            -0.10051048410302064,
            -0.0013664491791255014,
            0.00877943972985782
        ],
        [
            -0.0013664491791255014,
            -0.12555628573963334,
            0.0001817364973387206
        ],
        [
            0.00877943972985782,
            0.0001817364973387206,
            -0.1315021187606941
        ]
    ]
}