{
    "Material": "Li3CrPCO7",
    "steinhart_vector": [
        [
            0.0576725694643047,
            0.0043313514265325105,
            0.014176836573642321,
            0.02239385894382666,
            0.03622547179635499,
            0.021596505624443124,
            0.024284356495555184,
            0.02190098762591989,
            0.03214922989506578,
            0.019086816011461345,
            0.030040788599294963
        ],
        "Li3CrPCO7"
    ],
    "steinhart_parameter_sum": 0.2838587724564015,
    "band_gap": 2.191,
    "oxidation_state": 2.0,
    "possible_species": [
        "Cr2+",
        "Li+",
        "P5+",
        "C4+",
        "O2-"
    ],
    "density": 2.7451724089832745,
    "quadrupole moment": [
        [
            -20.810288860497582,
            0.20440264875837055,
            0.17184388389894867
        ],
        [
            0.20440264875837055,
            -13.304669653062922,
            3.3467252627271074
        ],
        [
            0.17184388389894867,
            3.3467252627271074,
            -13.381399990188255
        ]
    ],
    "quadrupole moment normalized": [
        [
            -0.11453189805830702,
            0.01880090318480285,
            0.008061894621467353
        ],
        [
            0.01880090318480285,
            -0.07450748657076568,
            0.027625060610932964
        ],
        [
            0.008061894621467353,
            0.027625060610932964,
            -0.07792769972763769
        ]
    ]
}