{
    "Material": "Li2V3CrO8",
    "steinhart_vector": [
        [
            0.06278817851352018,
            5.055740100513767e-18,
            0.0051973242022553,
            1.6633464424983244e-17,
            0.04727802420363857,
            1.9859991153811628e-17,
            0.02460417811540288,
            3.226734792859882e-17,
            0.04322859748150808,
            3.810541322681672e-17,
            0.029808516255934978
        ],
        "Li2V3CrO8"
    ],
    "steinhart_parameter_sum": 0.21290481877226008,
    "band_gap": 0.22889999999999988,
    "oxidation_state": 3.0,
    "possible_species": [
        "O2-",
        "V3+",
        "Li+",
        "V4+",
        "Cr3+"
    ],
    "density": 3.814144676692333,
    "quadrupole moment": [
        [
            -15.513320934458864,
            0.9898181431106696,
            -1.4797342147712018
        ],
        [
            0.9898181431106696,
            -16.87956037441376,
            -1.272338423934111
        ],
        [
            -1.4797342147712018,
            -1.272338423934111,
            -15.226974648617153
        ]
    ],
    "quadrupole moment normalized": [
        [
            -0.13031639833373976,
            -0.002428296859698543,
            -0.013237070713769155
        ],
        [
            -0.002428296859698543,
            -0.13394330528650775,
            -0.008350525061692305
        ],
        [
            -0.013237070713769155,
            -0.008350525061692305,
            -0.11436662009783868
        ]
    ]
}