{
    "Material": "CrS2",
    "steinhart_vector": [
        [
            0.02653068866455894,
            2.03599704537782e-08,
            0.0004199797219397586,
            7.773212898361105e-08,
            0.02025226766215957,
            1.050027613161366e-07,
            0.009421028369068624,
            1.5133140312023196e-07,
            0.019020538557291303,
            1.873162860076526e-07,
            0.01098790460410867
        ],
        "CrS2"
    ],
    "steinhart_parameter_sum": 0.08663294932167676,
    "band_gap": 0.0,
    "oxidation_state": 4.0,
    "possible_species": [
        "Cr4+",
        "S2-"
    ],
    "density": 3.628129825948234,
    "quadrupole moment": [
        [
            -22.550037768253762,
            0.00022354533100799046,
            -0.00020089691696334455
        ],
        [
            0.00022354533100799046,
            -22.54969743286749,
            0.00018296780115090172
        ],
        [
            -0.00020089691696334455,
            0.00018296780115090172,
            -21.495665184767333
        ]
    ],
    "quadrupole moment normalized": [
        [
            -0.04576103093678545,
            -2.3477191003068443e-07,
            5.428869809930709e-07
        ],
        [
            -2.3477191003068443e-07,
            -0.045761502406982166,
            -4.3099532570471666e-07
        ],
        [
            5.428869809930709e-07,
            -4.3099532570471666e-07,
            -0.04362193533802215
        ]
    ]
}