{
    "Material": "LiCrSiO4",
    "steinhart_vector": [
        [
            0.061899247649269254,
            0.0013480018049821432,
            0.0033238776895731827,
            0.004158438789989154,
            0.046496136677488364,
            0.006244051877897674,
            0.02249845193000472,
            0.00831278301270349,
            0.0420383323608502,
            0.010745492584657478,
            0.025997073861589216
        ],
        "LiCrSiO4"
    ],
    "steinhart_parameter_sum": 0.23306188823900487,
    "band_gap": 2.4723000000000006,
    "oxidation_state": 3.0,
    "possible_species": [
        "Si4+",
        "Li+",
        "O2-",
        "Cr3+"
    ],
    "density": 3.8370543411708398,
    "quadrupole moment": [
        [
            -17.66252848343478,
            3.6348564667817995e-06,
            4.1613840883414355e-05
        ],
        [
            3.6348564667817995e-06,
            -16.342749632865292,
            -0.7210128538056633
        ],
        [
            4.1613840883414355e-05,
            -0.7210128538056633,
            -14.967607968053347
        ]
    ],
    "quadrupole moment normalized": [
        [
            -0.13297436354323963,
            9.622151254668875e-08,
            -1.6659944866367904e-07
        ],
        [
            9.622151254668875e-08,
            -0.12164737014617169,
            -0.005689309910252848
        ],
        [
            -1.6659944866367904e-07,
            -0.005689309910252848,
            -0.11329611179517779
        ]
    ]
}