{
    "Material": "Li2CrO3",
    "steinhart_vector": [
        [
            0.06377742074765524,
            0.0022086852375737486,
            0.002312260075095529,
            0.006923919736422655,
            0.0474169846807411,
            0.009078136533878175,
            0.02184985259006197,
            0.014202990420865922,
            0.041658019519061326,
            0.014942440363651844,
            0.023702853112223518
        ],
        "Li2CrO3"
    ],
    "steinhart_parameter_sum": 0.24807356301723102,
    "band_gap": 0.23320000000000007,
    "oxidation_state": 4.0,
    "possible_species": [
        "Li+",
        "O2-",
        "Cr4+"
    ],
    "density": 3.6530270377557503,
    "quadrupole moment": [
        [
            -15.749262879898888,
            0.1918624494730059,
            0.773592199643006
        ],
        [
            0.1918624494730059,
            -14.588839017522524,
            0.6058424196072888
        ],
        [
            0.773592199643006,
            0.6058424196072888,
            -15.941935095338781
        ]
    ],
    "quadrupole moment normalized": [
        [
            -0.12173741880135565,
            0.004217426744355712,
            -0.0012482325285358663
        ],
        [
            0.004217426744355712,
            -0.12952340284686084,
            -0.0008673113139288811
        ],
        [
            -0.0012482325285358663,
            -0.0008673113139288811,
            -0.13973444776358057
        ]
    ]
}