{
    "Material": "LiCrCoO4",
    "steinhart_vector": [
        [
            0.06238977271257989,
            6.034481771453198e-18,
            0.009732995169410964,
            8.072440098198033e-18,
            0.04517721549927393,
            1.5337244826125926e-17,
            0.02949189112748396,
            2.1627850779183047e-17,
            0.038326432217172676,
            2.3576808392241482e-17,
            0.036592796505836495
        ],
        "LiCrCoO4"
    ],
    "steinhart_parameter_sum": 0.22171110323175797,
    "band_gap": 0.2351000000000001,
    "oxidation_state": 3.0,
    "possible_species": [
        "Li+",
        "Co4+",
        "O2-",
        "Cr3+"
    ],
    "density": 4.336918502500901,
    "quadrupole moment": [
        [
            -13.720539565412704,
            -0.20315084455144516,
            -0.26026618030732673
        ],
        [
            -0.20315084455144516,
            -21.045960942140987,
            0.35924317172068365
        ],
        [
            -0.26026618030732673,
            0.35924317172068365,
            -13.407288061280026
        ]
    ],
    "quadrupole moment normalized": [
        [
            -0.10728690794586315,
            -0.00022270779108672992,
            -0.003367663465360245
        ],
        [
            -0.00022270779108672992,
            -0.1631678249538551,
            0.0003934241395152742
        ],
        [
            -0.003367663465360245,
            0.0003934241395152742,
            -0.10323407607195303
        ]
    ]
}