{
    "Material": "Li2Mn3CrO8",
    "steinhart_vector": [
        [
            0.06414804083100371,
            0.0004876464376242711,
            0.006103035083370685,
            0.0029314612570022144,
            0.04785710687362332,
            0.003573475219496474,
            0.025730932677687467,
            0.005950931727083943,
            0.04285801322028659,
            0.006267374570931895,
            0.031070081522381388
        ],
        "Li2Mn3CrO8"
    ],
    "steinhart_parameter_sum": 0.23697809942049197,
    "band_gap": 0.5217,
    "oxidation_state": 4.0,
    "possible_species": [
        "Mn4+",
        "Li+",
        "O2-",
        "Cr3+",
        "Mn3+"
    ],
    "density": 4.0611901799196195,
    "quadrupole moment": [
        [
            -15.010127488220613,
            -1.3904807335487255,
            -1.412548523807897
        ],
        [
            -1.3904807335487255,
            -15.006549172381872,
            -1.5530009485207974
        ],
        [
            -1.412548523807897,
            -1.5530009485207974,
            -15.573220017922079
        ]
    ],
    "quadrupole moment normalized": [
        [
            -0.13343675192696827,
            -0.012288412458928467,
            -0.011745550178417982
        ],
        [
            -0.012288412458928467,
            -0.13226607901776627,
            -0.013388840306211132
        ],
        [
            -0.011745550178417982,
            -0.013388840306211132,
            -0.1294060118452603
        ]
    ]
}