{
    "Material": "Li4CrP6(H4O11)2",
    "steinhart_vector": [
        [
            0.05744987676504484,
            2.4797989896353597e-18,
            0.005144990407272094,
            5.4997099477772954e-18,
            0.043239698252608615,
            1.3794106388081792e-17,
            0.022662938308242245,
            9.796655309106017e-18,
            0.03949484033865703,
            1.6386688144235207e-17,
            0.027441803505323922
        ],
        "Li4CrP6(H4O11)2"
    ],
    "steinhart_parameter_sum": 0.1954341475771488,
    "band_gap": 2.7359999999999998,
    "oxidation_state": 2.0,
    "possible_species": [
        "O2-",
        "H+",
        "Cr2+",
        "Li+",
        "P5+"
    ],
    "density": 2.372871680695328,
    "quadrupole moment": [
        [
            -17.70022751818187,
            -2.265318987813246,
            0.7461241787754282
        ],
        [
            -2.265318987813246,
            -20.80318553163346,
            2.1362954129471627
        ],
        [
            0.7461241787754282,
            2.1362954129471627,
            -18.6624464548497
        ]
    ],
    "quadrupole moment normalized": [
        [
            -0.09007860734270402,
            0.008868080973943804,
            0.0038751286120188057
        ],
        [
            0.008868080973943804,
            -0.12100790167792744,
            0.005652674174445437
        ],
        [
            0.0038751286120188057,
            0.005652674174445437,
            -0.10641374267910851
        ]
    ]
}