{
    "Material": "Li2Cr(Si2O5)2",
    "steinhart_vector": [
        [
            0.06204210844475982,
            0.008652243844453282,
            0.029397785366799094,
            0.01310171916426961,
            0.04734315781366959,
            0.024115465057426382,
            0.026965156780240425,
            0.027382773430703004,
            0.036802251864184975,
            0.03482443251198601,
            0.01953258269330623
        ],
        "Li2Cr(Si2O5)2"
    ],
    "steinhart_parameter_sum": 0.33015967697179843,
    "band_gap": 2.7249,
    "oxidation_state": 2.0,
    "possible_species": [
        "Cr2+",
        "Li+",
        "Si4+",
        "O2-"
    ],
    "density": 2.4961530906889795,
    "quadrupole moment": [
        [
            -0.7334998583988657,
            0.6383824908435762,
            1.1948717408699616
        ],
        [
            0.6383824908435762,
            -16.133500483331282,
            0.7884828131681685
        ],
        [
            1.1948717408699616,
            0.7884828131681685,
            -15.611153252756226
        ]
    ],
    "quadrupole moment normalized": [
        [
            -0.00546729572827208,
            0.004602266256400308,
            0.008509397433621972
        ],
        [
            0.004602266256400308,
            -0.12328200687903773,
            0.005888011427426137
        ],
        [
            0.008509397433621972,
            0.005888011427426137,
            -0.11761126006157424
        ]
    ]
}