{
    "Material": "LiVCrP2(O4F)2",
    "steinhart_vector": [
        [
            0.06202837042570932,
            3.7541035913570344e-18,
            0.004784013144573236,
            1.100623912739101e-17,
            0.0471119230113296,
            1.9856722708968945e-17,
            0.023265169436825824,
            2.4694979908405626e-17,
            0.043757921466230344,
            3.086582549249699e-17,
            0.02756844090361369
        ],
        "LiVCrP2(O4F)2"
    ],
    "steinhart_parameter_sum": 0.2085158383882821,
    "band_gap": 1.1311,
    "oxidation_state": 4.0,
    "possible_species": [
        "Cr3+",
        "O2-",
        "F-",
        "Li+",
        "P5+",
        "V4+"
    ],
    "density": 3.1742755171565977,
    "quadrupole moment": [
        [
            -12.789979743584142,
            -1.3115972269448364,
            1.654518472949642
        ],
        [
            -1.3115972269448364,
            -12.587305565010613,
            -3.8127030472496584
        ],
        [
            1.654518472949642,
            -3.8127030472496584,
            -12.19766997050274
        ]
    ],
    "quadrupole moment normalized": [
        [
            -0.1313745551040177,
            -0.02601685536509061,
            0.017782247590489682
        ],
        [
            -0.02601685536509061,
            -0.10191996063326525,
            -0.02965191000022156
        ],
        [
            0.017782247590489682,
            -0.02965191000022156,
            -0.0941290952007391
        ]
    ]
}