{
    "Material": "Li4CrCo2Ni3(PO4)6",
    "steinhart_vector": [
        [
            0.062320050319889214,
            0.006524747528645735,
            0.0012731870183653933,
            0.010696843502066553,
            0.04300922838046486,
            0.019635891494448058,
            0.018606593937818525,
            0.02148383233430507,
            0.03090562046370759,
            0.029099771734292068,
            0.018527138825971692
        ],
        "Li4CrCo2Ni3(PO4)6"
    ],
    "steinhart_parameter_sum": 0.26208290553997476,
    "band_gap": 2.9872,
    "oxidation_state": 3.0,
    "possible_species": [
        "Ni3+",
        "P5+",
        "O2-",
        "Ni2+",
        "Co2+",
        "Cr3+",
        "Li+"
    ],
    "density": 3.4547462494758743,
    "quadrupole moment": [
        [
            -15.994441382719895,
            0.10760902923975102,
            0.2094463371014872
        ],
        [
            0.10760902923975102,
            -16.265841906999814,
            0.09793980682217418
        ],
        [
            0.2094463371014872,
            0.09793980682217418,
            -16.074660090168425
        ]
    ],
    "quadrupole moment normalized": [
        [
            -0.12603348776790257,
            0.001118367257008813,
            0.003734339564092781
        ],
        [
            0.001118367257008813,
            -0.12541505814973972,
            0.002572486450912955
        ],
        [
            0.003734339564092781,
            0.002572486450912955,
            -0.12154269105533969
        ]
    ]
}