{
    "Material": "LiCr(PO3)4",
    "steinhart_vector": [
        [
            0.06189903142468333,
            0.0012750938443996478,
            0.003940956723667059,
            0.0130279496961027,
            0.04187520203933358,
            0.02031222939990548,
            0.018624325572092086,
            0.021155735156562713,
            0.029595139074442178,
            0.03127859301046765,
            0.0168468657144723
        ],
        "LiCr(PO3)4"
    ],
    "steinhart_parameter_sum": 0.2598311216561287,
    "band_gap": 2.7592999999999996,
    "oxidation_state": 3.0,
    "possible_species": [
        "P5+",
        "Cr3+",
        "O2-",
        "Li+"
    ],
    "density": 2.636976243986803,
    "quadrupole moment": [
        [
            -15.90980933234557,
            -1.5060376364531276,
            -0.601594855236434
        ],
        [
            -1.5060376364531276,
            -16.717667557535314,
            -1.0111366333486789
        ],
        [
            -0.601594855236434,
            -1.0111366333486789,
            -16.331811127477447
        ]
    ],
    "quadrupole moment normalized": [
        [
            -0.11811860997226512,
            -0.010379957255769534,
            -0.004718635208077258
        ],
        [
            -0.010379957255769534,
            -0.12906585247495278,
            -0.0038745141343105513
        ],
        [
            -0.004718635208077258,
            -0.0038745141343105513,
            -0.12069665262649044
        ]
    ]
}