{
    "Material": "Li2CrFeO4",
    "steinhart_vector": [
        [
            0.06193884617556565,
            1.471811414779488e-05,
            0.004475611982765823,
            0.0008397242402143327,
            0.04676224017181253,
            0.0009351100086805496,
            0.023769768200852998,
            0.001744872778001258,
            0.042967262752434995,
            0.001638381794795798,
            0.028615767582656236
        ],
        "Li2CrFeO4"
    ],
    "steinhart_parameter_sum": 0.213702303801928,
    "band_gap": 1.7254999999999998,
    "oxidation_state": 3.0,
    "possible_species": [
        "Li+",
        "Cr3+",
        "Fe3+",
        "O2-"
    ],
    "density": 4.3257891953772445,
    "quadrupole moment": [
        [
            -14.944343110885198,
            1.6402087194651724,
            -0.06950266131334218
        ],
        [
            1.6402087194651724,
            -16.646014550158093,
            -0.04224382165895246
        ],
        [
            -0.06950266131334218,
            -0.04224382165895246,
            -17.283877858498023
        ]
    ],
    "quadrupole moment normalized": [
        [
            -0.11251126976603583,
            0.012191941969664546,
            -0.000913301941030847
        ],
        [
            0.012191941969664546,
            -0.12516007427051107,
            -0.0005551062878548611
        ],
        [
            -0.000913301941030847,
            -0.0005551062878548611,
            -0.13062643005502522
        ]
    ]
}