{
    "Material": "Li3CrS4",
    "steinhart_vector": [
        [
            0.029291136471205802,
            7.210851252776248e-18,
            6.9012868923112325e-18,
            0.021832324095946487,
            0.014914316674509142,
            1.9809184023693452e-17,
            0.018410632202177972,
            0.017924777836150086,
            0.006232028461005057,
            0.015170766964918548,
            0.01904373980953745
        ],
        "Li3CrS4"
    ],
    "steinhart_parameter_sum": 0.14281972251545058,
    "band_gap": 0.0,
    "oxidation_state": 5.0,
    "possible_species": [
        "S2-",
        "Li+",
        "Cr5+"
    ],
    "density": 1.5941353627731547,
    "quadrupole moment": [
        [
            -12.14105209045723,
            -2.6645352591003757e-15,
            -1.3322676295501878e-15
        ],
        [
            -2.6645352591003757e-15,
            -12.141052090457228,
            -1.3322676295501878e-15
        ],
        [
            -1.3322676295501878e-15,
            -1.3322676295501878e-15,
            -12.141052090457228
        ]
    ],
    "quadrupole moment normalized": [
        [
            -0.036606748833058235,
            -1.734723475976807e-18,
            1.734723475976807e-18
        ],
        [
            -1.734723475976807e-18,
            -0.036606748833058235,
            1.734723475976807e-18
        ],
        [
            1.734723475976807e-18,
            1.734723475976807e-18,
            -0.03660674883305824
        ]
    ]
}