{
    "Material": "LiTi3MnCr(PO4)6",
    "steinhart_vector": [
        [
            0.06412959790889856,
            0.0023457276095232905,
            0.0013530810557545448,
            0.005840156199000099,
            0.04794697579389652,
            0.008839317181454864,
            0.021934795731445175,
            0.012374674365775622,
            0.04264095722848921,
            0.014762742858612992,
            0.0240729474166123
        ],
        "LiTi3MnCr(PO4)6"
    ],
    "steinhart_parameter_sum": 0.2462409733494632,
    "band_gap": 2.1254,
    "oxidation_state": 4.0,
    "possible_species": [
        "P5+",
        "Li+",
        "Cr3+",
        "O2-",
        "Mn2+",
        "Ti4+"
    ],
    "density": 3.028849212786732,
    "quadrupole moment": [
        [
            -15.082831591871985,
            -0.1675646555092115,
            -0.4113244374002949
        ],
        [
            -0.1675646555092115,
            -14.964138378219836,
            -0.2906808994752321
        ],
        [
            -0.4113244374002949,
            -0.2906808994752321,
            -15.559267601364681
        ]
    ],
    "quadrupole moment normalized": [
        [
            -0.1307226180507976,
            -0.0012574863487536513,
            -0.0030867788695799333
        ],
        [
            -0.0012574863487536513,
            -0.12983189193723654,
            -0.0021814206357177283
        ],
        [
            -0.0030867788695799333,
            -0.0021814206357177283,
            -0.13429802677087022
        ]
    ]
}