{
    "Material": "Li2CrSiO4",
    "steinhart_vector": [
        [
            0.06027222676359731,
            0.005301198645948129,
            0.011809694087283398,
            0.04144522850566918,
            0.030945689637290733,
            0.022117577086096463,
            0.03162452734478847,
            0.033245177450517006,
            0.02881092444038986,
            0.02764099384094574,
            0.032688402881834853
        ],
        "Li2CrSiO4"
    ],
    "steinhart_parameter_sum": 0.3259016406843611,
    "band_gap": 1.7395999999999998,
    "oxidation_state": 2.0,
    "possible_species": [
        "Si4+",
        "Cr2+",
        "O2-",
        "Li+"
    ],
    "density": 2.9030831114050866,
    "quadrupole moment": [
        [
            -13.792051768749122,
            0.7654550090548562,
            -0.2899560076303125
        ],
        [
            0.7654550090548562,
            -13.292704698606336,
            -0.6351892307067577
        ],
        [
            -0.2899560076303125,
            -0.6351892307067577,
            -7.354995986273623
        ]
    ],
    "quadrupole moment normalized": [
        [
            -0.0966549520260118,
            0.009355662120521196,
            -0.004027694123857439
        ],
        [
            0.009355662120521196,
            -0.08615749178109515,
            -0.0032890162045125376
        ],
        [
            -0.004027694123857439,
            -0.0032890162045125376,
            -0.049751575670382554
        ]
    ]
}