{
    "Material": "Ti3CrNi2(PO4)6",
    "steinhart_vector": [
        [
            0.06296663307399962,
            0.004561377576416407,
            0.0016086657170740369,
            0.011599822762527995,
            0.04423881521232365,
            0.01612588321044701,
            0.019462754545614015,
            0.023020051401852454,
            0.03322992368793192,
            0.024197590246207736,
            0.019599361227225543
        ],
        "Ti3CrNi2(PO4)6"
    ],
    "steinhart_parameter_sum": 0.2606108786616204,
    "band_gap": 0.04949999999999921,
    "oxidation_state": 4.0,
    "possible_species": [
        "O2-",
        "Ni2+",
        "P5+",
        "Ti4+",
        "Ti3+",
        "Cr3+"
    ],
    "density": 3.3087624701400173,
    "quadrupole moment": [
        [
            -15.606571179999746,
            -0.3399927141646131,
            -0.8138090449825522
        ],
        [
            -0.3399927141646131,
            -15.37074361638733,
            -0.57912252643855
        ],
        [
            -0.8138090449825522,
            -0.57912252643855,
            -16.5149864277869
        ]
    ],
    "quadrupole moment normalized": [
        [
            -0.12626996266173832,
            -0.0011873541255776297,
            -0.002842061617641542
        ],
        [
            -0.0011873541255776297,
            -0.12544637598685482,
            -0.0020224633617331733
        ],
        [
            -0.002842061617641542,
            -0.0020224633617331733,
            -0.12944240952430502
        ]
    ]
}