{
    "Material": "Li4Ti4Cr(Fe2O9)2",
    "steinhart_vector": [
        [
            0.06288153202528689,
            0.004224166523664997,
            0.002882186516526048,
            0.010341846564701968,
            0.04472654025673969,
            0.014985909106006116,
            0.0207636601796835,
            0.019797291001708708,
            0.035430686745965036,
            0.02236253831617463,
            0.022707819385460935
        ],
        "Li4Ti4Cr(Fe2O9)2"
    ],
    "steinhart_parameter_sum": 0.26110417662191854,
    "band_gap": 0.27380000000000004,
    "oxidation_state": 4.0,
    "possible_species": [
        "Cr4+",
        "Li+",
        "O2-",
        "Ti4+",
        "Fe3+"
    ],
    "density": 3.7781004873344197,
    "quadrupole moment": [
        [
            -17.3416916738,
            -2.4424906541753444e-15,
            -2.6645352591003757e-15
        ],
        [
            -2.4424906541753444e-15,
            -14.576897190532378,
            0.4650084336457363
        ],
        [
            -2.6645352591003757e-15,
            0.4650084336457363,
            -15.74803023790434
        ]
    ],
    "quadrupole moment normalized": [
        [
            -0.1359846403509396,
            1.734723475976807e-18,
            3.122502256758253e-17
        ],
        [
            1.734723475976807e-18,
            -0.1253436058229674,
            0.005716081468523853
        ],
        [
            3.122502256758253e-17,
            0.005716081468523853,
            -0.11891034975390086
        ]
    ]
}