{
    "Material": "Li3CrFe3O8",
    "steinhart_vector": [
        [
            0.06409426880686872,
            0.001623916745194092,
            0.004334293456058157,
            0.002552060489270106,
            0.04821257583701755,
            0.005559634759257372,
            0.024010938324782984,
            0.0054602200078299155,
            0.0438919834862433,
            0.009507649659992389,
            0.028121389543908682
        ],
        "Li3CrFe3O8"
    ],
    "steinhart_parameter_sum": 0.2373689311164233,
    "band_gap": 0.28210000000000024,
    "oxidation_state": 4.0,
    "possible_species": [
        "Cr4+",
        "Li+",
        "Fe3+",
        "O2-"
    ],
    "density": 4.27822199346793,
    "quadrupole moment": [
        [
            -13.48863285504535,
            -0.7522524478379671,
            -0.028279616278042763
        ],
        [
            -0.7522524478379671,
            -16.752757702973575,
            0.42660319813348613
        ],
        [
            -0.028279616278042763,
            0.42660319813348613,
            -15.443576598749473
        ]
    ],
    "quadrupole moment normalized": [
        [
            -0.11554898843129831,
            -0.00013131992299977163,
            -0.0063174866064000905
        ],
        [
            -0.00013131992299977163,
            -0.14426642923847993,
            -0.0021620997022202895
        ],
        [
            -0.0063174866064000905,
            -0.0021620997022202895,
            -0.1346822834198678
        ]
    ]
}