{
    "Material": "Li2Cr(SiO3)2",
    "steinhart_vector": [
        [
            0.059349751428298535,
            0.0038564228227279005,
            0.007532554131176254,
            0.042492566576551,
            0.03113497576346347,
            0.014903401761143131,
            0.03277894538224368,
            0.036133799176311945,
            0.024394731579476806,
            0.024019898709231217,
            0.03591819220971642
        ],
        "Li2Cr(SiO3)2"
    ],
    "steinhart_parameter_sum": 0.31251523954034033,
    "band_gap": 1.2895000000000003,
    "oxidation_state": 2.0,
    "possible_species": [
        "Li+",
        "O2-",
        "Si4+",
        "Cr2+"
    ],
    "density": 2.724860271676517,
    "quadrupole moment": [
        [
            -13.435419480977039,
            -0.9391908213194688,
            0.01747097351854604
        ],
        [
            -0.9391908213194688,
            -11.231585232516995,
            -1.303754689335225
        ],
        [
            0.01747097351854604,
            -1.303754689335225,
            -10.855232415804256
        ]
    ],
    "quadrupole moment normalized": [
        [
            -0.09059142006868418,
            -0.009222410815764862,
            -0.0014205131414958992
        ],
        [
            -0.009222410815764862,
            -0.06915251294234803,
            -0.006646379829343224
        ],
        [
            -0.0014205131414958992,
            -0.006646379829343224,
            -0.06576328799014819
        ]
    ]
}