{
    "Material": "CrP3H18C6(SO)6",
    "steinhart_vector": [
        [
            0.025407563303838178,
            0.00015096726279460718,
            0.0004587732912435934,
            0.0039840430279622615,
            0.018446054055004615,
            0.0049957865933038205,
            0.00820018614460805,
            0.00763948072224019,
            0.015177283508396738,
            0.008255997129371225,
            0.00837256093267361
        ],
        "CrP3H18C6(SO)6"
    ],
    "steinhart_parameter_sum": 0.10108869597143688,
    "band_gap": 2.5998,
    "oxidation_state": 3.0,
    "possible_species": [
        "Cr3+",
        "O2-",
        "P5+",
        "C2-",
        "H+",
        "S2-"
    ],
    "density": 1.6123090363078236,
    "quadrupole moment": [
        [
            -24.55697467643346,
            -0.030097408934328218,
            0.36847495200685065
        ],
        [
            -0.030097408934328218,
            -24.54253676537956,
            0.29054598960485006
        ],
        [
            0.36847495200685065,
            0.29054598960485006,
            -23.516265931486046
        ]
    ],
    "quadrupole moment normalized": [
        [
            -0.04183621631537117,
            3.1220496048928485e-05,
            0.000717302126608396
        ],
        [
            3.1220496048928485e-05,
            -0.041851192978179456,
            0.0005655995206350929
        ],
        [
            0.000717302126608396,
            0.0005655995206350929,
            -0.040258586211248344
        ]
    ]
}