{
    "Material": "Mn5Cr(PO4)6",
    "steinhart_vector": [
        [
            0.05578202759262295,
            0.00017242470504259659,
            0.01818584662683115,
            0.0007055406329717508,
            0.03301569881419213,
            0.0008923908895694296,
            0.0375330414906184,
            0.0014001003546389996,
            0.02193744852382082,
            0.0017297623009570845,
            0.0390533708685382
        ],
        "Mn5Cr(PO4)6"
    ],
    "steinhart_parameter_sum": 0.2104076527998035,
    "band_gap": 0.0,
    "oxidation_state": 2.0,
    "possible_species": [
        "P5+",
        "Mn2+",
        "Mn3+",
        "Cr5+",
        "O2-"
    ],
    "density": 3.324803560586417,
    "quadrupole moment": [
        [
            -17.862711747686326,
            -3.0502577133064266,
            -7.5477487525216524
        ],
        [
            -3.0502577133064266,
            -15.68802974933222,
            -5.3223896219183
        ],
        [
            -7.5477487525216524,
            -5.3223896219183,
            -26.707156260052617
        ]
    ],
    "quadrupole moment normalized": [
        [
            -0.08855219376095332,
            -0.015119505824955982,
            -0.037412646262429204
        ],
        [
            -0.015119505824955982,
            -0.07777274510681402,
            -0.026381993980059262
        ],
        [
            -0.037412646262429204,
            -0.026381993980059262,
            -0.13239228020025184
        ]
    ]
}