{
    "Material": "Na3CrSiCO7",
    "steinhart_vector": [
        [
            0.06106552947253494,
            0.005792704065381724,
            0.0058908804572196174,
            0.013528165233566888,
            0.04110328483089363,
            0.01600744402637994,
            0.019621935431061645,
            0.02405428748802864,
            0.032458474001223085,
            0.021637818966931094,
            0.019498644857104994
        ],
        "Na3CrSiCO7"
    ],
    "steinhart_parameter_sum": 0.2606591688303262,
    "band_gap": 2.4022,
    "oxidation_state": 3.0,
    "possible_species": [
        "Na+",
        "Si4+",
        "Cr3+",
        "C4+",
        "O2-"
    ],
    "density": 2.9062162853485076,
    "quadrupole moment": [
        [
            -13.725816579763835,
            -0.5766602118612978,
            0.6961298634993565
        ],
        [
            -0.5766602118612978,
            -17.762873129019567,
            2.0093406423173494
        ],
        [
            0.6961298634993565,
            2.0093406423173494,
            -18.988547468611646
        ]
    ],
    "quadrupole moment normalized": [
        [
            -0.10126111086991857,
            -0.0020192525933172435,
            0.002153943428583747
        ],
        [
            -0.0020192525933172435,
            -0.12597765305309155,
            0.00857474352960098
        ],
        [
            0.002153943428583747,
            0.00857474352960098,
            -0.13119918164819774
        ]
    ]
}