{
    "Material": "Li4V3CrO8",
    "steinhart_vector": [
        [
            0.06068344894141602,
            0.00015622897433165524,
            0.003445240904094032,
            0.0007353895426669568,
            0.046013799278707176,
            0.0009794989834117109,
            0.02260701329636746,
            0.0015262979946732997,
            0.042641803149077305,
            0.0017246391600048991,
            0.02692543484281203
        ],
        "Li4V3CrO8"
    ],
    "steinhart_parameter_sum": 0.20743879506756255,
    "band_gap": 1.5881000000000003,
    "oxidation_state": 3.0,
    "possible_species": [
        "Li+",
        "V3+",
        "O2-",
        "Cr3+"
    ],
    "density": 3.9612352580224073,
    "quadrupole moment": [
        [
            -15.291803078086142,
            -0.788675545128023,
            -0.07077632905983222
        ],
        [
            -0.788675545128023,
            -17.634562224412164,
            -0.0955630476545899
        ],
        [
            -0.07077632905983222,
            -0.0955630476545899,
            -17.99059042070261
        ]
    ],
    "quadrupole moment normalized": [
        [
            -0.10636296827744542,
            -0.005789472910313925,
            -0.000819323513258835
        ],
        [
            -0.005789472910313925,
            -0.1225672365676318,
            -0.0005898036794634472
        ],
        [
            -0.000819323513258835,
            -0.0005898036794634472,
            -0.12458842116318578
        ]
    ]
}