{
    "Material": "Mn3CrCo2(PO4)6",
    "steinhart_vector": [
        [
            0.06432451313621905,
            0.004747639169050585,
            0.0010987234116123274,
            0.01057705476537286,
            0.045754558641126236,
            0.015874144886724166,
            0.020105924206158598,
            0.021602022102825597,
            0.035526012879670596,
            0.024253702108916156,
            0.020280629916626606
        ],
        "Mn3CrCo2(PO4)6"
    ],
    "steinhart_parameter_sum": 0.2641449252243028,
    "band_gap": 0.0,
    "oxidation_state": 4.0,
    "possible_species": [
        "Mn4+",
        "P5+",
        "Mn3+",
        "O2-",
        "Co2+",
        "Cr3+"
    ],
    "density": 3.4196110906461765,
    "quadrupole moment": [
        [
            -14.994097220343082,
            -0.20892853955427482,
            -0.5019377792933188
        ],
        [
            -0.20892853955427482,
            -14.84872540410552,
            -0.35682264201824243
        ],
        [
            -0.5019377792933188,
            -0.35682264201824243,
            -15.557448337885889
        ]
    ],
    "quadrupole moment normalized": [
        [
            -0.13192295296925566,
            -0.0008456664891081621,
            -0.0020316597038866936
        ],
        [
            -0.0008456664891081621,
            -0.13133455103877845,
            -0.001444290990884421
        ],
        [
            -0.0020316597038866936,
            -0.001444290990884421,
            -0.1342032018198935
        ]
    ]
}