{
    "Material": "ZnCrH28C6N12Cl5O8",
    "steinhart_vector": [
        [
            0.025590989864753614,
            0.0001776279810652766,
            0.0005143571653934331,
            0.019064507873321552,
            0.013026025926811317,
            0.0009715817253014953,
            0.0160669366025446,
            0.015630833607869276,
            0.00559932208350048,
            0.013255228765782504,
            0.01656922306628525
        ],
        "ZnCrH28C6N12Cl5O8"
    ],
    "steinhart_parameter_sum": 0.12646663466262878,
    "band_gap": 3.4335,
    "oxidation_state": 2.0,
    "possible_species": [
        "Cl-",
        "O2-",
        "C4+",
        "N3-",
        "Cr3+",
        "Zn2+",
        "H+"
    ],
    "density": 1.6271816576737763,
    "quadrupole moment": [
        [
            -6.820573712799354,
            0.07984834167251642,
            0.01250962018446744
        ],
        [
            0.07984834167251642,
            -7.2515896733688265,
            -0.16013174400294616
        ],
        [
            0.01250962018446744,
            -0.16013174400294616,
            -7.071126853222723
        ]
    ],
    "quadrupole moment normalized": [
        [
            -0.014647119089158118,
            -1.2061933449875398e-05,
            -0.00022186523975632755
        ],
        [
            -1.2061933449875398e-05,
            -0.015454074174600489,
            0.00015859069796780173
        ],
        [
            -0.00022186523975632755,
            0.00015859069796780173,
            -0.014438120248053889
        ]
    ]
}