{
    "Material": "Li3Mn4CrO8",
    "steinhart_vector": [
        [
            0.05787611073889329,
            1.0060491241394808e-18,
            0.0025877337133857195,
            2.012595384887006e-17,
            0.04405603189872808,
            2.356181641348672e-17,
            0.0210552003227824,
            3.710066865508197e-17,
            0.04114436434343763,
            4.162718983542131e-17,
            0.024807010961133334
        ],
        "Li3Mn4CrO8"
    ],
    "steinhart_parameter_sum": 0.1915264519783606,
    "band_gap": 0.0,
    "oxidation_state": 2.0,
    "possible_species": [
        "Mn2+",
        "Li+",
        "O2-",
        "Cr3+",
        "Mn3+"
    ],
    "density": 4.350207498566594,
    "quadrupole moment": [
        [
            -19.107880243340357,
            -1.575231153162166,
            -0.28041344975389926
        ],
        [
            -1.575231153162166,
            -17.81425538587327,
            -0.18799075824340528
        ],
        [
            -0.28041344975389926,
            -0.18799075824340528,
            -19.182849792201292
        ]
    ],
    "quadrupole moment normalized": [
        [
            -0.10050494054463828,
            0.0022966966673657607,
            -0.0007187497508604709
        ],
        [
            0.0022966966673657607,
            -0.1023910535084417,
            -0.00048185388671660744
        ],
        [
            -0.0007187497508604709,
            -0.00048185388671660744,
            -0.11891000734629648
        ]
    ]
}