{
    "Material": "CrSn(PO4)2",
    "steinhart_vector": [
        [
            0.05670401540811674,
            0.005725344561315934,
            0.0034407583132065995,
            0.015797862789965242,
            0.03572805172588903,
            0.021934355786689057,
            0.01259709857897279,
            0.01983983039840267,
            0.034097808989934295,
            0.018975148946748725,
            0.017716903800054848
        ],
        "CrSn(PO4)2"
    ],
    "steinhart_parameter_sum": 0.2425571792992959,
    "band_gap": 0.21289999999999942,
    "oxidation_state": 2.0,
    "possible_species": [
        "Sn4+",
        "O2-",
        "P5+",
        "Cr2+"
    ],
    "density": 3.798710143518486,
    "quadrupole moment": [
        [
            -20.55293143598965,
            -0.009016758372854206,
            0.0013303322899210768
        ],
        [
            -0.009016758372854206,
            -22.420886182292243,
            -1.1458285398723957
        ],
        [
            0.0013303322899210768,
            -1.1458285398723957,
            -16.680530046304032
        ]
    ],
    "quadrupole moment normalized": [
        [
            -0.10508947591041465,
            -1.363870458455027e-05,
            1.6125360276064704e-05
        ],
        [
            -1.363870458455027e-05,
            -0.08407006292397962,
            0.002438758830389305
        ],
        [
            1.6125360276064704e-05,
            0.002438758830389305,
            -0.12172207623378044
        ]
    ]
}