{
    "Material": "Li3CrPCO7",
    "steinhart_vector": [
        [
            0.05757134849752774,
            0.004538266617237342,
            0.014466216924643008,
            0.02192191469538739,
            0.03642924779982934,
            0.021454316826035727,
            0.023955799040203132,
            0.022818767263408722,
            0.031015535241163322,
            0.020848252573221017,
            0.029410435566575112
        ],
        "Li3CrPCO7"
    ],
    "steinhart_parameter_sum": 0.2844301010452318,
    "band_gap": 2.4109,
    "oxidation_state": 2.0,
    "possible_species": [
        "P5+",
        "C4+",
        "Cr2+",
        "Li+",
        "O2-"
    ],
    "density": 2.731223254135003,
    "quadrupole moment": [
        [
            -20.785192567749295,
            -0.15356692794776894,
            -0.05368726327152418
        ],
        [
            -0.15356692794776894,
            -13.413902456830506,
            -3.3597575456671276
        ],
        [
            -0.05368726327152418,
            -3.3597575456671276,
            -13.669143201348103
        ]
    ],
    "quadrupole moment normalized": [
        [
            -0.11217348535855887,
            -0.020138751677439212,
            0.00928598191319914
        ],
        [
            -0.020138751677439212,
            -0.0741246937593462,
            -0.029537498630685565
        ],
        [
            0.00928598191319914,
            -0.029537498630685565,
            -0.08003951817320465
        ]
    ]
}