{
    "Material": "Li6AlCrO6",
    "steinhart_vector": [
        [
            0.06009124463936139,
            4.873259452925504e-10,
            0.003726417149223815,
            0.01176411963256453,
            0.04229612344318722,
            0.012667258059648738,
            0.019791924006987874,
            0.02282339883724557,
            0.032147022750741716,
            0.0194620968626066,
            0.01992483316742894
        ],
        "Li6AlCrO6"
    ],
    "steinhart_parameter_sum": 0.24469443903632235,
    "band_gap": 2.6681,
    "oxidation_state": 3.0,
    "possible_species": [
        "Cr3+",
        "Li+",
        "Al3+",
        "O2-"
    ],
    "density": 2.9434604004762837,
    "quadrupole moment": [
        [
            -18.381769729505965,
            1.0426727583556783e-06,
            -1.3322676295501878e-15
        ],
        [
            1.0426727583556783e-06,
            -18.38176852553101,
            -1.3322676295501878e-15
        ],
        [
            -1.3322676295501878e-15,
            -1.3322676295501878e-15,
            -15.161744868241934
        ]
    ],
    "quadrupole moment normalized": [
        [
            -0.12271624843266726,
            2.0325117804087522e-09,
            3.3238868150931022e-09
        ],
        [
            2.0325117804087522e-09,
            -0.12271624608572453,
            5.757141232493046e-09
        ],
        [
            3.3238868150931022e-09,
            5.757141232493046e-09,
            -0.10121944298313604
        ]
    ]
}