{
    "Material": "K3CrPCO7",
    "steinhart_vector": [
        [
            0.05565719120196374,
            0.006267919268214716,
            0.008119105740522737,
            0.013754985584643175,
            0.03617243363194691,
            0.015209239210504552,
            0.018693819346634527,
            0.02038112268004647,
            0.03124963238282644,
            0.019688115749705103,
            0.018892215034309396
        ],
        "K3CrPCO7"
    ],
    "steinhart_parameter_sum": 0.24408577983131777,
    "band_gap": 2.6393,
    "oxidation_state": 2.0,
    "possible_species": [
        "C4+",
        "Cr2+",
        "P5+",
        "K+",
        "O2-"
    ],
    "density": 2.7759580500983105,
    "quadrupole moment": [
        [
            -25.94710604725101,
            -0.00327321504431218,
            -3.2290411506223187
        ],
        [
            -0.00327321504431218,
            -18.387150449411575,
            0.0005913057214116651
        ],
        [
            -3.2290411506223187,
            0.0005913057214116651,
            -17.455039994924217
        ]
    ],
    "quadrupole moment normalized": [
        [
            -0.12248233949167814,
            1.3916979589069161e-05,
            0.013483655021909586
        ],
        [
            1.3916979589069161e-05,
            -0.1055700110047844,
            4.028045517669072e-06
        ],
        [
            0.013483655021909586,
            4.028045517669072e-06,
            -0.07119462678999279
        ]
    ]
}