{
    "Material": "Li2CrP2O7",
    "steinhart_vector": [
        [
            0.058503471750845144,
            0.004134619457000352,
            0.01484754053049054,
            0.019439542447342122,
            0.04006388295942347,
            0.01939534672823906,
            0.02199933899504823,
            0.02477429716836344,
            0.029779923465885705,
            0.02955425113915069,
            0.018596127864482507
        ],
        "Li2CrP2O7"
    ],
    "steinhart_parameter_sum": 0.28108834250627124,
    "band_gap": 3.1186,
    "oxidation_state": 2.0,
    "possible_species": [
        "P5+",
        "O2-",
        "Cr2+",
        "Li+"
    ],
    "density": 2.7774546279424084,
    "quadrupole moment": [
        [
            -15.13146142507982,
            1.8486742357585833,
            4.277855382593047
        ],
        [
            1.8486742357585833,
            -15.68611042486176,
            2.1847346664908063
        ],
        [
            4.277855382593047,
            2.1847346664908063,
            -15.322075416254526
        ]
    ],
    "quadrupole moment normalized": [
        [
            -0.07214237056164377,
            0.025470188364620592,
            0.02702660986032371
        ],
        [
            0.025470188364620592,
            -0.10087127605473319,
            0.01568672972917808
        ],
        [
            0.02702660986032371,
            0.01568672972917808,
            -0.10166689472603449
        ]
    ]
}