{
    "Material": "Li4NbCr(WO6)2",
    "steinhart_vector": [
        [
            0.06159247602529824,
            0.001697650892389909,
            0.0006069975722317751,
            0.003227321001647566,
            0.04667275667079475,
            0.005576323042394549,
            0.021455664701864937,
            0.007138203715853006,
            0.04299222335444295,
            0.009413745009278631,
            0.024353011646261514
        ],
        "Li4NbCr(WO6)2"
    ],
    "steinhart_parameter_sum": 0.22472637363245787,
    "band_gap": 1.8451,
    "oxidation_state": 3.0,
    "possible_species": [
        "Li+",
        "W6+",
        "O2-",
        "Cr3+",
        "Nb5+"
    ],
    "density": 5.696544585086269,
    "quadrupole moment": [
        [
            -16.24658290139786,
            0.15970379421474723,
            -0.05239225272585152
        ],
        [
            0.15970379421474723,
            -16.825057939217128,
            0.13926798100748528
        ],
        [
            -0.05239225272585152,
            0.13926798100748528,
            -16.372932968895373
        ]
    ],
    "quadrupole moment normalized": [
        [
            -0.12210002426027282,
            -0.0012051999001023717,
            -0.0007252437345363506
        ],
        [
            -0.0012051999001023717,
            -0.11905175710000762,
            0.0016764623912121027
        ],
        [
            -0.0007252437345363506,
            0.0016764623912121027,
            -0.12308544739588319
        ]
    ]
}