{
    "Material": "LiAlCrO3",
    "steinhart_vector": [
        [
            0.060627213786195275,
            0.002035400247056272,
            0.027398986913301997,
            0.02129667597391604,
            0.04369620930587934,
            0.025435316279389674,
            0.020972856377485437,
            0.0343192348629874,
            0.03201604661302907,
            0.03323508812412694,
            0.019527304733981503
        ],
        "LiAlCrO3"
    ],
    "steinhart_parameter_sum": 0.32056033321734895,
    "band_gap": 1.9811,
    "oxidation_state": 2.0,
    "possible_species": [
        "O2-",
        "Al3+",
        "Li+",
        "Cr2+"
    ],
    "density": 3.188909126262297,
    "quadrupole moment": [
        [
            -5.799303837120717,
            0.10333718318103902,
            6.683741694133069
        ],
        [
            0.10333718318103902,
            -16.94580122048224,
            1.72671896743991
        ],
        [
            6.683741694133069,
            1.72671896743991,
            -11.26480310208751
        ]
    ],
    "quadrupole moment normalized": [
        [
            -0.03972099422736889,
            0.0004325214571988291,
            0.04605871145008212
        ],
        [
            0.0004325214571988291,
            -0.1174281481206399,
            0.011690105979394723
        ],
        [
            0.04605871145008212,
            0.011690105979394723,
            -0.07809857907313474
        ]
    ]
}