{
    "Material": "LiCrPO4",
    "steinhart_vector": [
        [
            0.05857541899697316,
            0.010587326698465663,
            0.01573584565906877,
            0.03475945403826574,
            0.034178889682600105,
            0.026207986854132122,
            0.024105073618476726,
            0.033991996882802376,
            0.027587940816033153,
            0.029924396378459676,
            0.030883114461783063
        ],
        "LiCrPO4"
    ],
    "steinhart_parameter_sum": 0.3265374440870606,
    "band_gap": 1.9259,
    "oxidation_state": 2.0,
    "possible_species": [
        "Cr2+",
        "Li+",
        "O2-",
        "P5+"
    ],
    "density": 3.348771787358231,
    "quadrupole moment": [
        [
            -13.835429401530558,
            -2.7126213704873354,
            -6.798118720642091e-05
        ],
        [
            -2.7126213704873354,
            -7.211804898644812,
            0.0001545583561277635
        ],
        [
            -6.798118720642091e-05,
            0.0001545583561277635,
            -15.645831124472256
        ]
    ],
    "quadrupole moment normalized": [
        [
            -0.06657591475820038,
            -0.01799071569460896,
            -4.9387337201763694e-08
        ],
        [
            -0.01799071569460896,
            -0.04640656105011255,
            9.667968795274256e-07
        ],
        [
            -4.9387337201763694e-08,
            9.667968795274256e-07,
            -0.10709391739094672
        ]
    ]
}