{
    "Material": "Li3CrBPO7",
    "steinhart_vector": [
        [
            0.062108338850811545,
            0.004510593099671292,
            0.005054837377518053,
            0.008906238567177007,
            0.04446470751681206,
            0.012451926246896393,
            0.02158781870662178,
            0.019121470683269002,
            0.036463231105401075,
            0.01890738132008369,
            0.021516793541348306
        ],
        "Li3CrBPO7"
    ],
    "steinhart_parameter_sum": 0.2550933370156102,
    "band_gap": 3.1695999999999995,
    "oxidation_state": 3.0,
    "possible_species": [
        "Cr3+",
        "O2-",
        "B3+",
        "P5+",
        "Li+"
    ],
    "density": 2.7926190210373605,
    "quadrupole moment": [
        [
            -18.493887096701442,
            -0.0010327688561727164,
            -0.8075362072842531
        ],
        [
            -0.0010327688561727164,
            -15.941085091339383,
            -0.0008788265277946462
        ],
        [
            -0.8075362072842531,
            -0.0008788265277946462,
            -14.192471949695069
        ]
    ],
    "quadrupole moment normalized": [
        [
            -0.1379932362652201,
            -7.747261884966946e-06,
            -0.010146239052105998
        ],
        [
            -7.747261884966946e-06,
            -0.12291079426983356,
            -6.5235304041272905e-06
        ],
        [
            -0.010146239052105998,
            -6.5235304041272905e-06,
            -0.10946232178470235
        ]
    ]
}