{
    "Material": "Mn2CrFe3(PO4)6",
    "steinhart_vector": [
        [
            0.055981296816737816,
            0.00039893619688022617,
            0.017819105286290243,
            0.002171378671166748,
            0.03351668100614501,
            0.001180362101721277,
            0.037128135347110125,
            0.0040349775553351185,
            0.022250340540176092,
            0.004197329321994077,
            0.03897593359149941
        ],
        "Mn2CrFe3(PO4)6"
    ],
    "steinhart_parameter_sum": 0.2176544764350561,
    "band_gap": 0.0,
    "oxidation_state": 2.0,
    "possible_species": [
        "Cr5+",
        "Fe3+",
        "O2-",
        "Mn2+",
        "P5+"
    ],
    "density": 3.291735418269524,
    "quadrupole moment": [
        [
            -17.85043833176058,
            -3.0220369053823273,
            -7.355612132974377
        ],
        [
            -3.0220369053823273,
            -15.72466043573014,
            -5.210239632042882
        ],
        [
            -7.355612132974377,
            -5.210239632042882,
            -26.265736161828265
        ]
    ],
    "quadrupole moment normalized": [
        [
            -0.08978052213334121,
            -0.015150911456873455,
            -0.03687718830760756
        ],
        [
            -0.015150911456873455,
            -0.07912299535399203,
            -0.026121424013434556
        ],
        [
            -0.03687718830760756,
            -0.026121424013434556,
            -0.13197041935433268
        ]
    ]
}