{
    "Material": "LiCrP2O7",
    "steinhart_vector": [
        [
            0.06311006240062336,
            0.006763071121359755,
            0.010462072650360846,
            0.025093858503854108,
            0.04219609910483645,
            0.022198872380459103,
            0.020031801299336488,
            0.027689619123568713,
            0.03596153860170039,
            0.02556593872353773,
            0.02516307625572855
        ],
        "LiCrP2O7"
    ],
    "steinhart_parameter_sum": 0.3042360101653655,
    "band_gap": 0.7164000000000001,
    "oxidation_state": 3.0,
    "possible_species": [
        "P5+",
        "Cr3+",
        "O2-",
        "Li+"
    ],
    "density": 3.07487523063483,
    "quadrupole moment": [
        [
            -15.354345701189605,
            -0.7414819802525039,
            0.06688840110231498
        ],
        [
            -0.7414819802525039,
            -13.499966359837424,
            -3.010965844532504
        ],
        [
            0.06688840110231498,
            -3.010965844532504,
            -10.387032269101784
        ]
    ],
    "quadrupole moment normalized": [
        [
            -0.12353950212463424,
            -0.0022507423167629804,
            0.00184373984874011
        ],
        [
            -0.0022507423167629804,
            -0.11024231961314833,
            -0.022389176483098416
        ],
        [
            0.00184373984874011,
            -0.022389176483098416,
            -0.0848781742186049
        ]
    ]
}