{
    "Material": "Li3CrCo3O8",
    "steinhart_vector": [
        [
            0.06477057291044393,
            2.8988712756997573e-18,
            0.004531005933930915,
            8.588091809320097e-18,
            0.04895083052129443,
            1.6302856421095054e-17,
            0.024756985033879898,
            2.247916478946519e-17,
            0.04507805795032744,
            2.5740538466699155e-17,
            0.029793266530183386
        ],
        "Li3CrCo3O8"
    ],
    "steinhart_parameter_sum": 0.21788071888006005,
    "band_gap": 0.0,
    "oxidation_state": 4.0,
    "possible_species": [
        "Li+",
        "Cr4+",
        "Co3+",
        "O2-"
    ],
    "density": 4.62134069075896,
    "quadrupole moment": [
        [
            -15.276385808058585,
            0.46319300345528536,
            1.1916307920142017
        ],
        [
            0.46319300345528536,
            -15.616790306125896,
            0.831663129633017
        ],
        [
            1.1916307920142017,
            0.831663129633017,
            -13.800470940827436
        ]
    ],
    "quadrupole moment normalized": [
        [
            -0.13765804577673868,
            0.004173877526430673,
            0.01073798096888234
        ],
        [
            0.004173877526430673,
            -0.14072546405331074,
            0.00749425318510406
        ],
        [
            0.01073798096888234,
            0.00749425318510406,
            -0.12435829322407659
        ]
    ]
}