{
    "Material": "La3AlCrS7",
    "steinhart_vector": [
        [
            0.024564804960124274,
            3.3991626545262084e-05,
            0.0007401576770044372,
            0.00015900797529121185,
            0.018723833063165062,
            0.00018490206996828288,
            0.008820176031146938,
            0.00031676054295799326,
            0.017533013929191002,
            0.0003238425303882755,
            0.010342289285017653
        ],
        "La3AlCrS7"
    ],
    "steinhart_parameter_sum": 0.0817427796908004,
    "band_gap": 0.04010000000000069,
    "oxidation_state": 2.0,
    "possible_species": [
        "Al3+",
        "S2-",
        "Cr2+",
        "La3+"
    ],
    "density": 4.375139491803844,
    "quadrupole moment": [
        [
            -25.112867019526753,
            1.2097140573708032e-06,
            0.0
        ],
        [
            1.2097140573708032e-06,
            -25.112865622669126,
            -3.552713678800501e-15
        ],
        [
            0.0,
            -3.552713678800501e-15,
            -27.45707264302674
        ]
    ],
    "quadrupole moment normalized": [
        [
            -0.03745674532690437,
            6.376329290957994e-10,
            -1.9777318845115577e-09
        ],
        [
            6.376329290957994e-10,
            -0.03745674459062915,
            2.3649735208380873e-10
        ],
        [
            -1.9777318845115577e-09,
            2.3649735208380873e-10,
            -0.04094591387454363
        ]
    ]
}