{
    "Material": "KCrCl3",
    "steinhart_vector": [
        [
            0.023508884619569757,
            3.03901625359539e-05,
            0.00031331822910826614,
            6.008992802458732e-05,
            0.01794804680281749,
            0.00010460141310075484,
            0.008337110632988478,
            0.00013151922837978974,
            0.0168608555140594,
            0.00018049885117530978,
            0.009716794830328628
        ],
        "KCrCl3"
    ],
    "steinhart_parameter_sum": 0.07719211021208841,
    "band_gap": 0.0,
    "oxidation_state": 2.0,
    "possible_species": [
        "K+",
        "Cl-",
        "Cr2+"
    ],
    "density": 2.679273311196968,
    "quadrupole moment": [
        [
            -12.576428872275276,
            0.07960125676701901,
            0.19299869749043408
        ],
        [
            0.07960125676701901,
            -12.632243182476152,
            0.13685309042819682
        ],
        [
            0.19299869749043408,
            0.13685309042819682,
            -12.356869611580372
        ]
    ],
    "quadrupole moment normalized": [
        [
            -0.018872643458357284,
            0.00011949680083655394,
            0.00028973184420212324
        ],
        [
            0.00011949680083655394,
            -0.018956432129322826,
            0.00020544439314651398
        ],
        [
            0.00028973184420212324,
            0.00020544439314651398,
            -0.01854303817002259
        ]
    ]
}