{
    "Material": "TlCrS2",
    "steinhart_vector": [
        [
            0.025621873437464276,
            5.061150440224566e-05,
            0.0022827765368214,
            0.0001343419592600074,
            0.01923507161900076,
            0.00023727503253324347,
            0.010212229518092947,
            0.0002489726038568026,
            0.01748192864744106,
            0.0004264908634326547,
            0.012444750592275426
        ],
        "TlCrS2"
    ],
    "steinhart_parameter_sum": 0.08837632231458081,
    "band_gap": 0.0,
    "oxidation_state": 3.0,
    "possible_species": [
        "S2-",
        "Tl+",
        "Cr3+"
    ],
    "density": 6.417426012106887,
    "quadrupole moment": [
        [
            -25.57834583939397,
            0.20571018027730759,
            1.4216622863511161
        ],
        [
            0.20571018027730759,
            -25.79795680885109,
            0.8526557857735146
        ],
        [
            1.4216622863511161,
            0.8526557857735146,
            -20.028320320927737
        ]
    ],
    "quadrupole moment normalized": [
        [
            -0.04515304839167172,
            0.0003632755845215316,
            0.0025108107171880265
        ],
        [
            0.0003632755845215316,
            -0.04554087218915869,
            0.0015058831521002859
        ],
        [
            0.0025108107171880265,
            0.0015058831521002859,
            -0.035350975008798635
        ]
    ]
}