{
    "Material": "NbCrSi",
    "steinhart_vector": [
        [
            0.0292359562175494,
            0.0015627383095487603,
            0.005851311512244635,
            0.020603685240141202,
            0.01371486301309499,
            0.010918486504064481,
            0.017432721406839678,
            0.013309547515751249,
            0.013386888943975451,
            0.01755929689664359,
            0.012285088607164703
        ],
        "NbCrSi"
    ],
    "steinhart_parameter_sum": 0.15586058416701815,
    "band_gap": 0.0,
    "oxidation_state": 2.0,
    "possible_species": [
        "Cr2+",
        "Nb2+",
        "Si4-"
    ],
    "density": 6.771817378035878,
    "quadrupole moment": [
        [
            -33.17442712711029,
            -6.387978051236047,
            -2.203469694569452e-15
        ],
        [
            -6.387978051236047,
            -40.55062763278745,
            -4.054507970576669e-15
        ],
        [
            -2.203469694569452e-15,
            -4.054507970576669e-15,
            -22.075314712418
        ]
    ],
    "quadrupole moment normalized": [
        [
            -0.06130931106525833,
            -0.016311301491891316,
            -5.800126260381149e-19
        ],
        [
            -0.016311301491891316,
            -0.08014397664296188,
            -5.39793259652056e-19
        ],
        [
            -5.800126260381149e-19,
            -5.39793259652056e-19,
            -0.05020529764991988
        ]
    ]
}