{
    "MP-ID": "mp-1183696",
    "Material": "CrCuO3",
    "steinhart_vector": [
        [
            0.010685562824702326,
            1.1070247542356113e-18,
            1.3700845622066006e-18,
            1.8374950444259493e-18,
            0.008161233414567426,
            1.3380989530614127e-18,
            0.0037779169670709477,
            2.717116048622646e-18,
            0.007672985632502546,
            2.1684304884893377e-18,
            0.004396311616133852
        ],
        "CrCuO3"
    ],
    "steinhart_parameter_sum": 0.03469401045497711,
    "band_gap": 0.0,
    "oxidation_state": 5.0,
    "possible_species": [
        "Cr5+",
        "O2-",
        "Cu+"
    ],
    "density": 5.366602669462742,
    "quadrupole moment": [
        [
            -13.680951295729002,
            -2.463880433012378e-15,
            -8.212934776707929e-16
        ],
        [
            -2.463880433012378e-15,
            -13.680951295729,
            -8.212934776707926e-16
        ],
        [
            -8.212934776707929e-16,
            -8.212934776707926e-16,
            -13.680951295729002
        ]
    ],
    "quadrupole moment normalized": [
        [
            -0.14618866457220492,
            -2.6327949159508537e-17,
            -8.775983053169511e-18
        ],
        [
            -2.6327949159508537e-17,
            -0.14618866457220495,
            -8.775983053169512e-18
        ],
        [
            -8.775983053169511e-18,
            -8.775983053169512e-18,
            -0.14618866457220492
        ]
    ]
}