{
    "MP-ID": "mp-1227861",
    "Material": "BaLaTiCrO6",
    "steinhart_vector": [
        [
            0.007656406218111188,
            1.3962612956058758e-18,
            1.2776731132333985e-08,
            1.902742875395588e-18,
            0.005847676840935952,
            2.774381549988858e-18,
            0.0027069483783045537,
            3.6811055348186695e-18,
            0.005497838145812951,
            4.508460161262507e-18,
            0.0031500397451416197
        ],
        "BaLaTiCrO6"
    ],
    "steinhart_parameter_sum": 0.024858922105037415,
    "band_gap": 2.2522,
    "oxidation_state": 3.0,
    "possible_species": [
        "O2-",
        "Cr3+",
        "Ba2+",
        "La3+",
        "Ti4+"
    ],
    "density": 6.205987747693818,
    "quadrupole moment": [
        [
            -16.162275824688628,
            3.303261301399348e-05,
            -6.75132612378502e-11
        ],
        [
            3.303261301399348e-05,
            -16.162275829081928,
            3.3032613017564165e-05
        ],
        [
            -6.75132612378502e-11,
            3.3032613017564165e-05,
            -16.16227582468862
        ]
    ],
    "quadrupole moment normalized": [
        [
            -0.12374494914643247,
            2.529111035849112e-07,
            -5.169089529504636e-13
        ],
        [
            2.529111035849112e-07,
            -0.12374494910969419,
            2.529111036122498e-07
        ],
        [
            -5.169089529504636e-13,
            2.529111036122498e-07,
            -0.12374494914643253
        ]
    ]
}