{
    "MP-ID": "mp-1041713",
    "Material": "AlCr(WO4)2",
    "steinhart_vector": [
        [
            0.005573828436577793,
            0.0001088180330513836,
            0.0017892810028471795,
            0.0005509165784771002,
            0.0038831149782178873,
            0.0009334282107513216,
            0.0030664259422089803,
            0.0008456662517504041,
            0.003198087063200936,
            0.001428118365709899,
            0.0031532232347651766
        ],
        "AlCr(WO4)2"
    ],
    "steinhart_parameter_sum": 0.024530908097558066,
    "band_gap": 1.8844999999999992,
    "oxidation_state": 2.0,
    "possible_species": [
        "O2-",
        "Cr2+",
        "W5+",
        "W6+",
        "Al3+"
    ],
    "density": 5.713668791354753,
    "quadrupole moment": [
        [
            -19.260470055477963,
            -4.129387465276892,
            -5.5348467257348775
        ],
        [
            -4.129387465276892,
            -26.11217296721386,
            -4.637639254363303
        ],
        [
            -5.5348467257348775,
            -4.637639254363303,
            -14.777330141712637
        ]
    ],
    "quadrupole moment normalized": [
        [
            -0.10515015286547992,
            0.020443591157147178,
            -0.02514691525234493
        ],
        [
            0.020443591157147178,
            -0.1171842878525525,
            -0.032381344669535336
        ],
        [
            -0.02514691525234493,
            -0.032381344669535336,
            -0.08902710402049856
        ]
    ]
}