{
    "MP-ID": "mp-1041862",
    "Material": "MgCr(SiO3)2",
    "steinhart_vector": [
        [
            0.005096159639478115,
            0.0007112571813713358,
            0.001271221907596225,
            0.0009755882937603179,
            0.0034123161962950734,
            0.0016671156788958914,
            0.0023035044401687184,
            0.0013245758352466322,
            0.002727691641036511,
            0.0020600972940989656,
            0.0024471472582577036
        ],
        "MgCr(SiO3)2"
    ],
    "steinhart_parameter_sum": 0.023996675366205488,
    "band_gap": 2.372,
    "oxidation_state": 2.0,
    "possible_species": [
        "Mg2+",
        "Cr2+",
        "Si4+",
        "O2-"
    ],
    "density": 3.371205449911839,
    "quadrupole moment": [
        [
            -20.342991179026725,
            -6.491712279255792,
            0.11947429463353298
        ],
        [
            -6.491712279255792,
            -24.734111920297977,
            -0.1110965810976614
        ],
        [
            0.11947429463353298,
            -0.1110965810976614,
            -17.582164972960253
        ]
    ],
    "quadrupole moment normalized": [
        [
            -0.11124675977212183,
            -0.013422394614166193,
            -0.025071856063624248
        ],
        [
            -0.013422394614166193,
            -0.10165576018297132,
            -0.010409566405484986
        ],
        [
            -0.025071856063624248,
            -0.010409566405484986,
            -0.08530509991599167
        ]
    ]
}