{
    "MP-ID": "mp-1522607",
    "Material": "Ba2SrCrO6",
    "steinhart_vector": [
        [
            0.010300892367182667,
            4.877354623023915e-18,
            1.8303098591446334e-05,
            1.0364269656883939e-17,
            0.007867383273450646,
            8.160221142083036e-18,
            0.0036421166333750745,
            1.6507563773820173e-17,
            0.00739661658135086,
            1.3719005346016801e-17,
            0.004238405043007914
        ],
        "Ba2SrCrO6"
    ],
    "steinhart_parameter_sum": 0.03346371699695866,
    "band_gap": 0.694199999999999,
    "oxidation_state": 6.0,
    "possible_species": [
        "Cr6+",
        "O2-",
        "Sr2+",
        "Ba2+"
    ],
    "density": 5.471821661827487,
    "quadrupole moment": [
        [
            -13.93405669235634,
            -0.024758671805124144,
            -0.02475867180512531
        ],
        [
            -0.024758671805124144,
            -13.934056692356332,
            -0.024758671805124144
        ],
        [
            -0.02475867180512531,
            -0.024758671805124144,
            -13.934056692356325
        ]
    ],
    "quadrupole moment normalized": [
        [
            -0.1435332182261839,
            -0.0002550364134189919,
            -0.00025503641341896816
        ],
        [
            -0.0002550364134189919,
            -0.14353321822618392,
            -0.0002550364134190049
        ],
        [
            -0.00025503641341896816,
            -0.0002550364134190049,
            -0.143533218226184
        ]
    ]
}