{
    "MP-ID": "mp-1328934",
    "Material": "ZnCrF5",
    "steinhart_vector": [
        [
            0.007754838355264198,
            0.00019667452627869828,
            0.0004440505757586564,
            0.0006536462791119605,
            0.005786187323575135,
            0.0009714152319879222,
            0.0028027130864114315,
            0.0012751824492301855,
            0.00515740851644464,
            0.0016257023876082859,
            0.0032027867590591133
        ],
        "ZnCrF5"
    ],
    "steinhart_parameter_sum": 0.02987060549073023,
    "band_gap": 3.2379000000000002,
    "oxidation_state": 3.0,
    "possible_species": [
        "F-",
        "Cr3+",
        "Zn2+"
    ],
    "density": 3.9166827775516353,
    "quadrupole moment": [
        [
            -7.992685007198207,
            -0.0539498272394594,
            0.6272071261763167
        ],
        [
            -0.0539498272394594,
            -7.493493267305922,
            0.03879349107520269
        ],
        [
            0.6272071261763167,
            0.03879349107520269,
            -7.227924577641051
        ]
    ],
    "quadrupole moment normalized": [
        [
            -0.06225712132266764,
            0.00015429929383958124,
            0.004679266729984113
        ],
        [
            0.00015429929383958124,
            -0.05825043220017788,
            0.000448233499530621
        ],
        [
            0.004679266729984113,
            0.000448233499530621,
            -0.055608553697903414
        ]
    ]
}