{
    "MP-ID": "mp-1247082",
    "Material": "Mg2CrIn3S8",
    "steinhart_vector": [
        [
            0.001679148495534786,
            1.8962816071571582e-07,
            5.201389865946636e-05,
            5.669744288908174e-07,
            0.0012798345365842624,
            3.579478315274541e-07,
            0.0006035256352636791,
            7.901048214541919e-07,
            0.0011984016281986105,
            6.726694372604998e-07,
            0.0007081469662607334
        ],
        "Mg2CrIn3S8"
    ],
    "steinhart_parameter_sum": 0.005523648485181386,
    "band_gap": 1.1668,
    "oxidation_state": 3.0,
    "possible_species": [
        "Mg2+",
        "Cr3+",
        "S2-",
        "In3+"
    ],
    "density": 3.7802317065451323,
    "quadrupole moment": [
        [
            -23.645624296720325,
            0.0033922944841142666,
            -0.004146866170415819
        ],
        [
            0.0033922944841142666,
            -25.915445251191997,
            0.006166576327310658
        ],
        [
            -0.004146866170415819,
            0.006166576327310658,
            -23.65000322602709
        ]
    ],
    "quadrupole moment normalized": [
        [
            -0.039711739645489005,
            -5.0124238507830154e-06,
            6.489564252904964e-06
        ],
        [
            -5.0124238507830154e-06,
            -0.043515881598131835,
            -9.553055821582418e-06
        ],
        [
            6.489564252904964e-06,
            -9.553055821582418e-06,
            -0.03970461568191264
        ]
    ]
}