{
    "MP-ID": "mp-1247540",
    "Material": "CrCoN2",
    "steinhart_vector": [
        [
            0.008807266488782835,
            5.885383994838649e-07,
            0.0005078604611604982,
            0.003466994120987527,
            0.0036502494163636553,
            0.005379809550026268,
            0.0019622998111365523,
            0.0011129351498969616,
            0.005020912418997607,
            0.0035157553733374887,
            0.0033690886819493443
        ],
        "CrCoN2"
    ],
    "steinhart_parameter_sum": 0.03679376001103822,
    "band_gap": 0.0,
    "oxidation_state": 3.0,
    "possible_species": [
        "N3-",
        "Cr3+",
        "Co3+"
    ],
    "density": 7.105303685040908,
    "quadrupole moment": [
        [
            -22.772802626426003,
            4.690594543887983e-06,
            -1.7763568394002505e-15
        ],
        [
            4.690594543887983e-06,
            -22.769770027444004,
            -3.552713678800501e-15
        ],
        [
            -1.7763568394002505e-15,
            -3.552713678800501e-15,
            -26.951570482636264
        ]
    ],
    "quadrupole moment normalized": [
        [
            -0.20054540081049788,
            1.1509966561608354e-05,
            -6.938893903907228e-18
        ],
        [
            1.1509966561608354e-05,
            -0.20056016422383244,
            6.938893903907228e-18
        ],
        [
            -6.938893903907228e-18,
            6.938893903907228e-18,
            -0.23736966353179095
        ]
    ]
}