{
    "MP-ID": "mp-1227067",
    "Material": "CaNdCrO4",
    "steinhart_vector": [
        [
            0.008223841892335276,
            0.00010932900439535873,
            0.000580877136265353,
            0.0007226282090766003,
            0.006223040328723905,
            0.000833850782945213,
            0.002867273027984333,
            0.0013194577632086822,
            0.005683279706274187,
            0.0014736077349220395,
            0.0031801674369144666
        ],
        "CaNdCrO4"
    ],
    "steinhart_parameter_sum": 0.031217353023045416,
    "band_gap": 2.1446,
    "oxidation_state": 3.0,
    "possible_species": [
        "Ca2+",
        "O2-",
        "Cr3+",
        "Nd3+"
    ],
    "density": 5.515098082190865,
    "quadrupole moment": [
        [
            -15.158122563927737,
            -0.1748578815277423,
            0.5205729565158013
        ],
        [
            -0.1748578815277423,
            -15.190974144388788,
            0.5717663217461504
        ],
        [
            0.5205729565158013,
            0.5717663217461504,
            -16.70113781094067
        ]
    ],
    "quadrupole moment normalized": [
        [
            -0.1314479772202173,
            0.0011413356710530892,
            -0.003397893635314772
        ],
        [
            0.0011413356710530892,
            -0.13123354776297425,
            -0.0037320439358812657
        ],
        [
            -0.003397893635314772,
            -0.0037320439358812657,
            -0.12137637895256127
        ]
    ]
}