{
    "MP-ID": "mp-1214059",
    "Material": "CaCrO2",
    "steinhart_vector": [
        [
            0.006438267700091948,
            4.694223535999851e-07,
            0.0033077673086228934,
            7.285677998029975e-07,
            0.00520412382083753,
            1.2598100327898914e-06,
            0.004079272446111737,
            1.643323061826964e-06,
            0.004792966823163895,
            2.09620178186687e-06,
            0.004477650836094163
        ],
        "CaCrO2"
    ],
    "steinhart_parameter_sum": 0.02830624625995205,
    "band_gap": 0.680299999999999,
    "oxidation_state": 2.0,
    "possible_species": [
        "Ca2+",
        "Cr2+",
        "O2-"
    ],
    "density": 3.926659801212481,
    "quadrupole moment": [
        [
            -13.76701272634034,
            4.435055833274896,
            -7.936197525085938
        ],
        [
            4.435055833274896,
            -11.647610857988942,
            -4.775247641172917
        ],
        [
            -7.936197525085938,
            -4.775247641172917,
            -9.835486700827735
        ]
    ],
    "quadrupole moment normalized": [
        [
            -0.08863193910606823,
            0.028546435941845135,
            -0.05109779892362427
        ],
        [
            0.028546435941845135,
            -0.07498870647261924,
            -0.030749251729501662
        ],
        [
            -0.05109779892362427,
            -0.030749251729501662,
            -0.06332899962074913
        ]
    ]
}