{
    "MP-ID": "mp-1520536",
    "Material": "CaPrZrCrO6",
    "steinhart_vector": [
        [
            0.00846160626780493,
            8.302685656767085e-19,
            2.149096896538347e-18,
            3.386341195792752e-18,
            0.006462658537188142,
            2.3789566561370437e-18,
            0.002991629585847729,
            4.079307160401055e-18,
            0.006076028411968031,
            5.9414350979215265e-18,
            0.0034813194715682294
        ],
        "CaPrZrCrO6"
    ],
    "steinhart_parameter_sum": 0.02747324227437708,
    "band_gap": 2.4468,
    "oxidation_state": 3.0,
    "possible_species": [
        "O2-",
        "Zr4+",
        "Cr3+",
        "Pr3+",
        "Ca2+"
    ],
    "density": 5.363709522661244,
    "quadrupole moment": [
        [
            -15.374060696068959,
            -8.881784197001252e-16,
            -1.3322676295501878e-15
        ],
        [
            -8.881784197001252e-16,
            -15.374060696068954,
            -8.881784197001252e-16
        ],
        [
            -1.3322676295501878e-15,
            -8.881784197001252e-16,
            -15.374060696068963
        ]
    ],
    "quadrupole moment normalized": [
        [
            -0.1300892483474705,
            -3.469446951953614e-18,
            -1.734723475976807e-17
        ],
        [
            -3.469446951953614e-18,
            -0.1300892483474705,
            -1.3877787807814457e-17
        ],
        [
            -1.734723475976807e-17,
            -1.3877787807814457e-17,
            -0.13008924834747054
        ]
    ]
}