{
    "MP-ID": "mp-1180782",
    "Material": "KCrF3",
    "steinhart_vector": [
        [
            0.0060857688242826075,
            1.7004184906776109e-18,
            0.0009213800431727265,
            1.0597169635760368e-18,
            0.004685959999422604,
            1.7892318132975534e-18,
            0.0023178889286909277,
            1.5299278933719445e-18,
            0.004416759578436703,
            3.514731233381108e-18,
            0.0026410133240918313
        ],
        "KCrF3"
    ],
    "steinhart_parameter_sum": 0.021068770698097414,
    "band_gap": 0.157399999999999,
    "oxidation_state": 2.0,
    "possible_species": [
        "K+",
        "Cr2+",
        "F-"
    ],
    "density": 3.405717547651045,
    "quadrupole moment": [
        [
            -8.175982731085668,
            -0.5943197746114508,
            -0.5255048150677242
        ],
        [
            -0.5943197746114508,
            -8.75750372404875,
            -0.8730124181344552
        ],
        [
            -0.5255048150677242,
            -0.8730124181344552,
            -9.21929750098575
        ]
    ],
    "quadrupole moment normalized": [
        [
            -0.05493398432992545,
            0.0033644646868444166,
            0.002647008902025157
        ],
        [
            0.0033644646868444166,
            -0.05129337942718236,
            0.004766282884131241
        ],
        [
            0.002647008902025157,
            0.004766282884131241,
            -0.04882157907293903
        ]
    ]
}