{
    "MP-ID": "mp-1037552",
    "Material": "Mg30CrFeO32",
    "steinhart_vector": [
        [
            0.005649287017400715,
            7.4703973802448585e-19,
            0.0005181553528555475,
            8.80799781554613e-19,
            0.004327658445811759,
            1.1563747084670356e-18,
            0.002055293123645088,
            9.822115734976236e-19,
            0.00407258302483004,
            1.5029869837503565e-18,
            0.0023717552136282875
        ],
        "Mg30CrFeO32"
    ],
    "steinhart_parameter_sum": 0.018994732178171443,
    "band_gap": 1.3011,
    "oxidation_state": 2.0,
    "possible_species": [
        "Mg2+",
        "Cr2+",
        "Fe2+",
        "O2-"
    ],
    "density": 3.603345165755611,
    "quadrupole moment": [
        [
            -19.742785108742837,
            -3.1748819901067972e-15,
            0.0
        ],
        [
            -3.1748819901067972e-15,
            -19.742785108742837,
            0.0
        ],
        [
            0.0,
            0.0,
            -17.295968163363106
        ]
    ],
    "quadrupole moment normalized": [
        [
            -0.10130282981778116,
            -1.6290737510631163e-17,
            0.0
        ],
        [
            -1.6290737510631163e-17,
            -0.10130282981778116,
            0.0
        ],
        [
            0.0,
            0.0,
            -0.11563388537199473
        ]
    ]
}