{
    "MP-ID": "mp-1049220",
    "Material": "LaZnCrCoO6",
    "steinhart_vector": [
        [
            0.008595337564676087,
            0.0005804075985086265,
            0.0006477890643169738,
            0.0014996683670024788,
            0.0063557124922624985,
            0.001462211576605083,
            0.002913886824736725,
            0.002387550692708934,
            0.005498543837535856,
            0.002343732580218775,
            0.003126694357883382
        ],
        "LaZnCrCoO6"
    ],
    "steinhart_parameter_sum": 0.03541153495645542,
    "band_gap": 0.0,
    "oxidation_state": 5.0,
    "possible_species": [
        "O2-",
        "Zn2+",
        "Cr5+",
        "La3+",
        "Co2+"
    ],
    "density": 6.123885959780015,
    "quadrupole moment": [
        [
            -14.474694529254348,
            -0.07911212171463866,
            -0.9997528025404887
        ],
        [
            -0.07911212171463866,
            -15.596543831325384,
            0.24041528935951417
        ],
        [
            -0.9997528025404887,
            0.24041528935951417,
            -16.354285534546335
        ]
    ],
    "quadrupole moment normalized": [
        [
            -0.13310594319865196,
            0.004880797152877217,
            0.0020283238215816866
        ],
        [
            0.004880797152877217,
            -0.12362176926903279,
            -0.0057110414185358865
        ],
        [
            0.0020283238215816866,
            -0.0057110414185358865,
            -0.1347879247946339
        ]
    ]
}