{
    "MP-ID": "mp-1247190",
    "Material": "ZrCrAgS4",
    "steinhart_vector": [
        [
            0.0017236536621791222,
            7.245622539589861e-05,
            0.00010528081055228498,
            8.780613457266019e-05,
            0.0012928304861410983,
            0.00019315853462348995,
            0.0006350722801177607,
            0.00020605893510707127,
            0.0011654110140242005,
            0.0003172885716903679,
            0.0007376737850284118
        ],
        "ZrCrAgS4"
    ],
    "steinhart_parameter_sum": 0.006536690439432367,
    "band_gap": 0.7057000000000001,
    "oxidation_state": 3.0,
    "possible_species": [
        "Ag+",
        "Zr4+",
        "Cr3+",
        "S2-"
    ],
    "density": 4.396881302111782,
    "quadrupole moment": [
        [
            -23.58403430400369,
            0.0,
            1.480712882187185
        ],
        [
            0.0,
            -26.409135696961997,
            -1.7763568394002505e-15
        ],
        [
            1.480712882187185,
            -1.7763568394002505e-15,
            -22.283571205774102
        ]
    ],
    "quadrupole moment normalized": [
        [
            -0.04050716267696507,
            0.0,
            0.0023473146028503283
        ],
        [
            0.0,
            -0.04564200606614001,
            -2.6020852139652106e-18
        ],
        [
            0.0023473146028503283,
            -2.6020852139652106e-18,
            -0.03839182500948693
        ]
    ]
}