{
    "MP-ID": "mp-1221077",
    "Material": "NaCaMgCr(SiO3)4",
    "steinhart_vector": [
        [
            0.007227859718096313,
            2.2804918544911872e-05,
            0.00020335477647928228,
            0.0009724474659032205,
            0.005369077443697935,
            0.00103705183463337,
            0.0024321287963413904,
            0.0017478428275197937,
            0.004695429629050724,
            0.0017914608224328002,
            0.002617273208128442
        ],
        "NaCaMgCr(SiO3)4"
    ],
    "steinhart_parameter_sum": 0.028116731440828185,
    "band_gap": 3.5919,
    "oxidation_state": 3.0,
    "possible_species": [
        "Mg2+",
        "Na+",
        "Cr3+",
        "O2-",
        "Ca2+",
        "Si4+"
    ],
    "density": 3.294319700155723,
    "quadrupole moment": [
        [
            -16.71502044958216,
            0.5760095142204074,
            -0.09140962125368823
        ],
        [
            0.5760095142204074,
            -16.771451591624846,
            -0.0872460811716036
        ],
        [
            -0.09140962125368823,
            -0.0872460811716036,
            -16.542286958109344
        ]
    ],
    "quadrupole moment normalized": [
        [
            -0.11900497264589403,
            0.0012560641206562076,
            0.0022372621502612182
        ],
        [
            0.0012560641206562076,
            -0.11912582448441711,
            0.002122563907464913
        ],
        [
            0.0022372621502612182,
            0.002122563907464913,
            -0.12226989057559651
        ]
    ]
}