{
    "MP-ID": "mp-1238830",
    "Material": "TiCrCuS4",
    "steinhart_vector": [
        [
            0.0020026688553814917,
            6.078396543433654e-05,
            7.016088487004495e-05,
            0.0005005383411020743,
            0.001378103943820783,
            0.0005504322794951483,
            0.0005987111219963163,
            0.0008090039389701119,
            0.0009946646657858548,
            0.0008621362791758184,
            0.0005745761080326011
        ],
        "TiCrCuS4"
    ],
    "steinhart_parameter_sum": 0.008401780384064582,
    "band_gap": 0.0,
    "oxidation_state": 3.0,
    "possible_species": [
        "Cu+",
        "Cr3+",
        "S2-",
        "Ti4+"
    ],
    "density": 4.312796850339103,
    "quadrupole moment": [
        [
            -22.949743403527997,
            -4.667606745119763e-15,
            9.170040118209803e-17
        ],
        [
            -4.667606745119763e-15,
            -23.387131672301585,
            0.6422629645221756
        ],
        [
            9.170040118209803e-17,
            0.6422629645221756,
            -21.252603017141414
        ]
    ],
    "quadrupole moment normalized": [
        [
            -0.0462207969186552,
            -1.4161800551414235e-18,
            5.878193337636954e-18
        ],
        [
            -1.4161800551414235e-18,
            -0.043714827574024354,
            0.0015521082039026057
        ],
        [
            5.878193337636954e-18,
            0.0015521082039026057,
            -0.043956320054113616
        ]
    ]
}