{
    "MP-ID": "mp-1245524",
    "Material": "CaCrN2",
    "steinhart_vector": [
        [
            0.010462265367738277,
            0.00021375501509417343,
            0.00042283272483388133,
            0.0060187868825347084,
            0.005152074152937896,
            0.004547561241307872,
            0.0046054427612990684,
            0.004796768265055135,
            0.004116460395077934,
            0.005267834393918357,
            0.005816324997954077
        ],
        "CaCrN2"
    ],
    "steinhart_parameter_sum": 0.05142010619775137,
    "band_gap": 0.0,
    "oxidation_state": 4.0,
    "possible_species": [
        "Ca2+",
        "N3-",
        "Cr4+"
    ],
    "density": 3.979072909179142,
    "quadrupole moment": [
        [
            -20.4547146264,
            -4.9197446116977514e-15,
            8.664277848438053e-16
        ],
        [
            -4.9197446116977514e-15,
            -20.454714626399998,
            0.0
        ],
        [
            8.664277848438053e-16,
            0.0,
            -15.09064303729295
        ]
    ],
    "quadrupole moment normalized": [
        [
            -0.19454403145910543,
            -4.6791508363240435e-17,
            -1.559319536195395e-17
        ],
        [
            -4.6791508363240435e-17,
            -0.19454403145910545,
            0.0
        ],
        [
            -1.559319536195395e-17,
            0.0,
            -0.18867961822720264
        ]
    ]
}