{
    "MP-ID": "mp-1031245",
    "Material": "KMg6CrO8",
    "steinhart_vector": [
        [
            0.0057249003397217306,
            1.4178864782738628e-18,
            0.0004632614571864354,
            1.2327416368796756e-18,
            0.004382678435108626,
            1.925857957965431e-18,
            0.002069926391920359,
            2.44481353021968e-18,
            0.0041235052503921935,
            3.2291087617694056e-18,
            0.0023929162055116005
        ],
        "KMg6CrO8"
    ],
    "steinhart_parameter_sum": 0.019157188079840955,
    "band_gap": 2.0429,
    "oxidation_state": 3.0,
    "possible_species": [
        "Mg2+",
        "K+",
        "O2-",
        "Cr3+"
    ],
    "density": 3.5566252749574163,
    "quadrupole moment": [
        [
            -17.340343872057495,
            -3.135260619592893e-15,
            -1.8492646757397188e-15
        ],
        [
            -3.135260619592893e-15,
            -19.496402343585764,
            -1.960863942329638e-15
        ],
        [
            -1.8492646757397188e-15,
            -1.960863942329638e-15,
            -19.496402343585764
        ]
    ],
    "quadrupole moment normalized": [
        [
            -0.11533796646460004,
            -1.6496609182931663e-17,
            -1.230024206719087e-17
        ],
        [
            -1.6496609182931663e-17,
            -0.1025830286405631,
            -1.031735796232307e-17
        ],
        [
            -1.230024206719087e-17,
            -1.031735796232307e-17,
            -0.1025830286405631
        ]
    ]
}