{
    "MP-ID": "mp-1042644",
    "Material": "CrBiO5",
    "steinhart_vector": [
        [
            0.016011026706151735,
            0.0016938714323750188,
            0.0021051172818758986,
            0.01199547333228247,
            0.008227331778715197,
            0.0022436878126851417,
            0.01018923019595384,
            0.009780790250597096,
            0.00407688695089838,
            0.008555251815314878,
            0.010327659128604444
        ],
        "CrBiO5"
    ],
    "steinhart_parameter_sum": 0.08520632668545411,
    "band_gap": 0.012999999999999,
    "oxidation_state": 5.0,
    "possible_species": [
        "Cr5+",
        "O2-",
        "Bi5+"
    ],
    "density": 3.9207705861801143,
    "quadrupole moment": [
        [
            -7.578756630336265,
            -0.71290141678516,
            0.17910599503001645
        ],
        [
            -0.71290141678516,
            -7.560615446591152,
            0.20774173647768235
        ],
        [
            0.17910599503001645,
            0.20774173647768235,
            -7.580319721113387
        ]
    ],
    "quadrupole moment normalized": [
        [
            -0.12992086687972126,
            0.008326941872869429,
            0.0003318286761008621
        ],
        [
            0.008326941872869429,
            -0.11080945381473886,
            -0.008799798635362635
        ],
        [
            0.0003318286761008621,
            -0.008799798635362635,
            -0.11527144495612979
        ]
    ]
}