{
    "MP-ID": "mp-1394379",
    "Material": "La2CrO6",
    "steinhart_vector": [
        [
            0.010851434041409667,
            3.348872920627362e-18,
            0.00020425879007529934,
            4.011747289629374e-18,
            0.00828162732133753,
            5.543052921132553e-18,
            0.0038602513982104324,
            5.950192686098283e-18,
            0.007774538287332524,
            6.856296027522199e-18,
            0.004506392285705288
        ],
        "La2CrO6"
    ],
    "steinhart_parameter_sum": 0.03547850212407076,
    "band_gap": 0.8387000000000001,
    "oxidation_state": 6.0,
    "possible_species": [
        "Cr6+",
        "O2-",
        "La3+"
    ],
    "density": 5.9515558245223374,
    "quadrupole moment": [
        [
            -13.643508852058089,
            0.13746008807480958,
            0.2998266748725851
        ],
        [
            0.13746008807480958,
            -13.731036440366866,
            0.21919835633960075
        ],
        [
            0.2998266748725851,
            0.21919835633960075,
            -13.353417293023444
        ]
    ],
    "quadrupole moment normalized": [
        [
            -0.14805163189513076,
            0.001491641568550632,
            0.0032535482906130278
        ],
        [
            0.001491641568550632,
            -0.14900143708329583,
            0.0023786187098419845
        ],
        [
            0.0032535482906130278,
            0.0023786187098419845,
            -0.1449037306585673
        ]
    ]
}