{
    "MP-ID": "mp-1191696",
    "Material": "LiCr(MoO4)2",
    "steinhart_vector": [
        [
            0.007735358116189443,
            0.00029386847700018693,
            0.0002836845515611406,
            0.0011974960955515046,
            0.005587679904698699,
            0.0015674197072964224,
            0.0026383162315695855,
            0.002103499005915786,
            0.004684652456243295,
            0.0022258159541211063,
            0.0031494745805871814
        ],
        "LiCr(MoO4)2"
    ],
    "steinhart_parameter_sum": 0.03146726508073435,
    "band_gap": 2.76,
    "oxidation_state": 3.0,
    "possible_species": [
        "Mo6+",
        "Cr3+",
        "Li+",
        "O2-"
    ],
    "density": 3.763411200064086,
    "quadrupole moment": [
        [
            -16.665231377623112,
            -0.6884204017828104,
            -0.6168456928404158
        ],
        [
            -0.6884204017828104,
            -15.622193112295395,
            0.27199839865930486
        ],
        [
            -0.6168456928404158,
            0.27199839865930486,
            -15.956103753257942
        ]
    ],
    "quadrupole moment normalized": [
        [
            -0.12846719224890768,
            -0.004925118856435498,
            -0.004706597036594588
        ],
        [
            -0.004925118856435498,
            -0.12201044579145022,
            0.002450661204685907
        ],
        [
            -0.004706597036594588,
            0.002450661204685907,
            -0.1226541033661254
        ]
    ]
}