{
    "MP-ID": "mp-1519362",
    "Material": "EuHfCrBiO6",
    "steinhart_vector": [
        [
            0.008243012710772326,
            6.385336237446652e-19,
            1.0834839094338017e-18,
            3.4855119860224925e-18,
            0.006295704950266218,
            1.9233853060562614e-18,
            0.0029143450925970082,
            4.2484671723605874e-18,
            0.00591906286415511,
            4.816306186732873e-18,
            0.0033913845369503877
        ],
        "EuHfCrBiO6"
    ],
    "steinhart_parameter_sum": 0.026763510154741064,
    "band_gap": 0.0,
    "oxidation_state": 3.0,
    "possible_species": [
        "O2-",
        "Cr3+",
        "Hf4+",
        "Bi3+",
        "Eu2+"
    ],
    "density": 8.770406657463925,
    "quadrupole moment": [
        [
            -15.576576525658474,
            -4.440892098500626e-16,
            -1.875158289144473e-15
        ],
        [
            -4.440892098500626e-16,
            -15.57657652565847,
            -1.0119186503154666e-15
        ],
        [
            -1.875158289144473e-15,
            -1.0119186503154666e-15,
            -15.576576525658476
        ]
    ],
    "quadrupole moment normalized": [
        [
            -0.12839791829132066,
            -1.0408340855860843e-17,
            -8.32687365866346e-18
        ],
        [
            -1.0408340855860843e-17,
            -0.12839791829132066,
            -2.2219046104632422e-17
        ],
        [
            -8.32687365866346e-18,
            -2.2219046104632422e-17,
            -0.12839791829132066
        ]
    ]
}