{
    "MP-ID": "mp-1111186",
    "Material": "Na2CrHgF6",
    "steinhart_vector": [
        [
            0.007920438294822547,
            9.700576536537833e-19,
            1.0334582426918272e-09,
            3.196899798822962e-18,
            0.006049334670541781,
            3.021669656115956e-18,
            0.0028002978141198395,
            5.30448752597899e-18,
            0.005687431746580566,
            4.7570673873073366e-18,
            0.003258669239201148
        ],
        "Na2CrHgF6"
    ],
    "steinhart_parameter_sum": 0.02571617279872414,
    "band_gap": 0.0,
    "oxidation_state": 3.0,
    "possible_species": [
        "Na+",
        "Cr3+",
        "Hg+",
        "F-"
    ],
    "density": 4.037880430797921,
    "quadrupole moment": [
        [
            -7.490902043891003,
            -8.787947680666264e-08,
            -6.526646458837604e-07
        ],
        [
            -8.787947680666264e-08,
            -7.490903604194527,
            1.54525850115661e-07
        ],
        [
            -6.526646458837604e-07,
            1.54525850115661e-07,
            -7.490901286621721
        ]
    ],
    "quadrupole moment normalized": [
        [
            -0.05933122475566041,
            3.0594547156120866e-09,
            -5.692146337610282e-10
        ],
        [
            3.0594547156120866e-09,
            -0.05933123976948658,
            -5.281718251995415e-09
        ],
        [
            -5.692146337610282e-10,
            -5.281718251995415e-09,
            -0.05933122406883116
        ]
    ]
}