{
    "MP-ID": "mp-1024044",
    "Material": "Mg3CrO4",
    "steinhart_vector": [
        [
            0.005768663155438959,
            3.3078691437594467e-19,
            3.0961506972744418e-19,
            6.313488462264337e-19,
            0.004405889261416974,
            8.105686844045849e-19,
            0.0020395304177959375,
            1.139826821530503e-18,
            0.004142305860399357,
            1.4157595582063867e-18,
            0.002373374360889236
        ],
        "Mg3CrO4"
    ],
    "steinhart_parameter_sum": 0.018729763055940464,
    "band_gap": 0.0,
    "oxidation_state": 2.0,
    "possible_species": [
        "Mg2+",
        "Cr2+",
        "O2-"
    ],
    "density": 3.904225964416531,
    "quadrupole moment": [
        [
            -18.61990272006696,
            -2.99430872989153e-15,
            -1.1401402133282552e-15
        ],
        [
            -2.99430872989153e-15,
            -18.61990272006696,
            -1.140140213328255e-15
        ],
        [
            -1.1401402133282552e-15,
            -1.140140213328255e-15,
            -18.61990272006696
        ]
    ],
    "quadrupole moment normalized": [
        [
            -0.10741194677910795,
            -1.7273158446134498e-17,
            -6.5770848406610224e-18
        ],
        [
            -1.7273158446134498e-17,
            -0.10741194677910795,
            -6.577084840661022e-18
        ],
        [
            -6.5770848406610224e-18,
            -6.577084840661022e-18,
            -0.10741194677910795
        ]
    ]
}