{
    "MP-ID": "mp-1097306",
    "Material": "Mn2CrSi",
    "steinhart_vector": [
        [
            0.0006784284022714136,
            6.2924335192289785e-19,
            0.0006784284022714135,
            6.164578057299295e-19,
            0.0006784284022714136,
            6.273169503841615e-19,
            0.0006784284022714136,
            6.481406695926419e-19,
            0.0006784284022714136,
            6.607044392363807e-19,
            0.0006784284022714135
        ],
        "Mn2CrSi"
    ],
    "steinhart_parameter_sum": 0.004070570413628484,
    "band_gap": 0.0,
    "oxidation_state": 2.0,
    "possible_species": [
        "Cr2+",
        "Si4-",
        "Mn+"
    ],
    "density": 0.461220408622934,
    "quadrupole moment": [
        [
            11.265156860780348,
            0.0,
            6.7893954619555
        ],
        [
            0.0,
            0.0,
            0.0
        ],
        [
            6.7893954619555,
            0.0,
            4.091899589903166
        ]
    ],
    "quadrupole moment normalized": [
        [
            0.007642602370396065,
            0.0,
            0.004606118715643256
        ],
        [
            0.0,
            0.0,
            0.0
        ],
        [
            0.004606118715643256,
            0.0,
            0.002776060901033057
        ]
    ]
}