{
    "MP-ID": "mp-1219755",
    "Material": "Rb2Cr(BrCl)2",
    "steinhart_vector": [
        [
            0.0011243978684045142,
            2.5863393604705443e-19,
            0.0002882313003846055,
            2.0140216567555885e-19,
            0.0008786932377524042,
            4.0207378107810825e-19,
            0.0004803460351424381,
            4.3039578203280663e-19,
            0.0008319364459240734,
            6.522835490991019e-19,
            0.0005320080781638242
        ],
        "Rb2Cr(BrCl)2"
    ],
    "steinhart_parameter_sum": 0.004135612965771861,
    "band_gap": 0.34240000000000004,
    "oxidation_state": 2.0,
    "possible_species": [
        "Br-",
        "Cr2+",
        "Rb+",
        "Cl-"
    ],
    "density": 3.349353109885737,
    "quadrupole moment": [
        [
            -13.633833981954805,
            0.1848950209972049,
            0.4150167468000372
        ],
        [
            0.1848950209972049,
            -13.276756473959113,
            0.9776714271811451
        ],
        [
            0.4150167468000372,
            0.9776714271811451,
            -13.14764861281303
        ]
    ],
    "quadrupole moment normalized": [
        [
            -0.009810794561867061,
            -0.0034777013238237097,
            -0.0005665052959834627
        ],
        [
            -0.0034777013238237097,
            -0.016527086409893796,
            -0.0013345390167994581
        ],
        [
            -0.0005665052959834627,
            -0.0013345390167994581,
            -0.017954245479188682
        ]
    ]
}