{
    "MP-ID": "mp-1223481",
    "Material": "KCrNiF6",
    "steinhart_vector": [
        [
            0.007787292735498747,
            1.6272564585464322e-18,
            0.0005566084345448199,
            1.989920141459216e-18,
            0.005890957249392962,
            2.5157376116681174e-18,
            0.0029663940216473252,
            3.858678151620169e-18,
            0.005433362529043458,
            4.131025931888458e-18,
            0.003561359306857807
        ],
        "KCrNiF6"
    ],
    "steinhart_parameter_sum": 0.026195974276985133,
    "band_gap": 3.1558,
    "oxidation_state": 3.0,
    "possible_species": [
        "K+",
        "Cr3+",
        "F-",
        "Ni2+"
    ],
    "density": 3.144344914744953,
    "quadrupole moment": [
        [
            -7.904443786759835,
            -0.30205633649548214,
            0.5239450617281776
        ],
        [
            -0.30205633649548214,
            -7.804405287777858,
            -0.4173840292811555
        ],
        [
            0.5239450617281776,
            -0.4173840292811555,
            -6.964952490056851
        ]
    ],
    "quadrupole moment normalized": [
        [
            -0.059092248985545784,
            -0.0015465677036621784,
            0.0050225615862973675
        ],
        [
            -0.0015465677036621784,
            -0.06202952524044324,
            -0.003141900715444519
        ],
        [
            0.0050225615862973675,
            -0.003141900715444519,
            -0.05534430077273296
        ]
    ]
}