{
    "MP-ID": "mp-1386418",
    "Material": "LaCrReO6",
    "steinhart_vector": [
        [
            0.029142331310815305,
            0.0016125250706865233,
            0.029122850848774917,
            0.0021190251425957907,
            0.029077447389320398,
            0.0028074339631447695,
            0.029006243292543976,
            0.0035715991954918635,
            0.028909431055277685,
            0.004368989751616731,
            0.02878727360429998
        ],
        "LaCrReO6"
    ],
    "steinhart_parameter_sum": 0.18852515062456793,
    "band_gap": 0.0,
    "oxidation_state": 3.0,
    "possible_species": [
        "Re6+",
        "O2-",
        "Cr3+",
        "La3+"
    ],
    "density": 6.735637717859524,
    "quadrupole moment": [
        [
            -1.8345183836955918,
            2.392517595084893,
            2.4721945935291023
        ],
        [
            2.392517595084893,
            -3.1263386375828457,
            -3.224280337358805
        ],
        [
            2.4721945935291023,
            -3.224280337358805,
            -3.3315288606375115
        ]
    ],
    "quadrupole moment normalized": [
        [
            -0.05329917449286778,
            0.0696683633380922,
            0.07182916918026977
        ],
        [
            0.0696683633380922,
            -0.09124260205144072,
            -0.09389296617652844
        ],
        [
            0.07182916918026977,
            -0.09389296617652844,
            -0.09680137989945126
        ]
    ]
}