{
    "MP-ID": "mp-1048114",
    "Material": "BaCrF7",
    "steinhart_vector": [
        [
            0.009837848440617754,
            0.00021885772620747155,
            0.000249835178548522,
            0.0006697791166251315,
            0.007452049364682554,
            0.0008598060761375047,
            0.003427700658601075,
            0.0012898190880957885,
            0.0068538860128037815,
            0.0014885542477370438,
            0.0038787549850192488
        ],
        "BaCrF7"
    ],
    "steinhart_parameter_sum": 0.03622689089507587,
    "band_gap": 0.0,
    "oxidation_state": 5.0,
    "possible_species": [
        "Cr5+",
        "F-",
        "Ba2+"
    ],
    "density": 3.8963238812303542,
    "quadrupole moment": [
        [
            -6.692821907764778,
            -0.09844387091341972,
            0.057515254395283044
        ],
        [
            -0.09844387091341972,
            -6.79492814516404,
            -0.10650871562148923
        ],
        [
            0.057515254395283044,
            -0.10650871562148923,
            -6.6959915371663055
        ]
    ],
    "quadrupole moment normalized": [
        [
            -0.06770065993417063,
            0.00019585332957917229,
            -8.366134916084483e-05
        ],
        [
            0.00019585332957917229,
            -0.06466305751557264,
            0.0003943308435341141
        ],
        [
            -8.366134916084483e-05,
            0.0003943308435341141,
            -0.06594361929598688
        ]
    ]
}