{
    "MP-ID": "mp-1181716",
    "Material": "CrCu3HgSe4",
    "steinhart_vector": [
        [
            0.0009111980102968753,
            3.3284791197540664e-19,
            2.3324228317838638e-19,
            0.000679166897328789,
            0.0004639593172531759,
            6.2953075945513785e-19,
            0.0005727238151863202,
            0.0005576097026951966,
            0.00019386792790930383,
            0.0004719370546342714,
            0.000592418728447773
        ],
        "CrCu3HgSe4"
    ],
    "steinhart_parameter_sum": 0.0044428814537517064,
    "band_gap": 0.0,
    "oxidation_state": 3.0,
    "possible_species": [
        "Hg2+",
        "Cu+",
        "Cr3+",
        "Se2-"
    ],
    "density": 6.180090550000619,
    "quadrupole moment": [
        [
            -15.150357899780388,
            -2.6645352591003757e-15,
            -8.881784197001252e-16
        ],
        [
            -2.6645352591003757e-15,
            -15.150357899780388,
            -1.3322676295501878e-15
        ],
        [
            -8.881784197001252e-16,
            -1.3322676295501878e-15,
            -15.150357899780387
        ]
    ],
    "quadrupole moment normalized": [
        [
            -0.013804975973565437,
            3.469446951953614e-18,
            -8.673617379884035e-19
        ],
        [
            3.469446951953614e-18,
            -0.01380497597356544,
            -1.3010426069826053e-18
        ],
        [
            -8.673617379884035e-19,
            -1.3010426069826053e-18,
            -0.013804975973565439
        ]
    ]
}