{
    "MP-ID": "mp-1111695",
    "Material": "K3CrF6",
    "steinhart_vector": [
        [
            0.008397890066270878,
            1.8630744206254145e-18,
            1.384064708054167e-07,
            2.70677088021819e-18,
            0.00641399448505622,
            3.306714744021595e-18,
            0.002969102509582347,
            5.039487856923627e-18,
            0.006030275698823411,
            5.704814318168208e-18,
            0.0034551050122152423
        ],
        "K3CrF6"
    ],
    "steinhart_parameter_sum": 0.02726650617841893,
    "band_gap": 4.3858,
    "oxidation_state": 3.0,
    "possible_species": [
        "K+",
        "Cr3+",
        "F-"
    ],
    "density": 2.844746347307318,
    "quadrupole moment": [
        [
            -7.274903340100305,
            -8.478165467051824e-05,
            4.4354552864386716e-11
        ],
        [
            -8.478165467051824e-05,
            -7.274843388950144,
            3.1363149242762805e-11
        ],
        [
            4.4354552864386716e-11,
            3.1363149242762805e-11,
            -7.274783442109096
        ]
    ],
    "quadrupole moment normalized": [
        [
            -0.06109283157166524,
            7.11971833818742e-07,
            3.724775851498955e-13
        ],
        [
            7.11971833818742e-07,
            -0.06109333502409828,
            2.6337039357674084e-13
        ],
        [
            3.724775851498955e-13,
            2.6337039357674084e-13,
            -0.061093838479861946
        ]
    ]
}