{
    "MP-ID": "mp-1227138",
    "Material": "CaSmCrO4",
    "steinhart_vector": [
        [
            0.007860579863908939,
            0.00020878064271901973,
            0.00048730531765468305,
            0.0002534767931424514,
            0.005994235054881694,
            0.00021437263335916627,
            0.0028574538401967436,
            0.000288858251623232,
            0.005609056949115126,
            0.00024441483703113715,
            0.003344761925182518
        ],
        "CaSmCrO4"
    ],
    "steinhart_parameter_sum": 0.02736329610881471,
    "band_gap": 2.4963,
    "oxidation_state": 3.0,
    "possible_species": [
        "Ca2+",
        "O2-",
        "Sm3+",
        "Cr3+"
    ],
    "density": 5.65063874863552,
    "quadrupole moment": [
        [
            -16.534009652666096,
            0.8428798066361942,
            -0.019545624942974182
        ],
        [
            0.8428798066361942,
            -15.08709333864375,
            0.008981706545360013
        ],
        [
            -0.019545624942974182,
            0.008981706545360013,
            -16.39215686027559
        ]
    ],
    "quadrupole moment normalized": [
        [
            -0.11970976000714767,
            -0.0008619234967717319,
            0.0033370076927785215
        ],
        [
            -0.0008619234967717319,
            -0.12118936737120978,
            -0.0015334390137747064
        ],
        [
            0.0033370076927785215,
            -0.0015334390137747064,
            -0.13485456749509453
        ]
    ]
}