{
    "MP-ID": "mp-1101893",
    "Material": "ErCrO4",
    "steinhart_vector": [
        [
            0.013824272202777446,
            1.1218527839469014e-13,
            0.0015968459585984469,
            0.010079452903018059,
            0.007001891413498414,
            0.003080397248916685,
            0.008191891850193648,
            0.008040584119019827,
            0.005180114699447693,
            0.006720627696759493,
            0.0078831453332678
        ],
        "ErCrO4"
    ],
    "steinhart_parameter_sum": 0.0715992234256097,
    "band_gap": 0.6012000000000001,
    "oxidation_state": 5.0,
    "possible_species": [
        "Cr5+",
        "O2-",
        "Er3+"
    ],
    "density": 6.625063459983809,
    "quadrupole moment": [
        [
            -8.61432314874769,
            0.3910965270095539,
            0.8101685375864499
        ],
        [
            0.3910965270095539,
            -8.482238833576062,
            0.9584467263945042
        ],
        [
            0.8101685375864499,
            0.9584467263945042,
            -6.959462396366656
        ]
    ],
    "quadrupole moment normalized": [
        [
            -0.11908674805056352,
            0.005406624847427786,
            0.011199990394023942
        ],
        [
            0.005406624847427786,
            -0.11726077852374908,
            0.013249828437896731
        ],
        [
            0.011199990394023942,
            0.013249828437896731,
            -0.09620950255335381
        ]
    ]
}