{
    "MP-ID": "mp-17642",
    "Material": "RbUCrO6",
    "steinhart_vector": [
        [
            0.011811565959985941,
            0.0010893272347882264,
            0.0009140971156286667,
            0.0069486297981059715,
            0.006247327441771303,
            0.004673503552963049,
            0.005157554717373779,
            0.006211992613212929,
            0.004558361989546512,
            0.005667104402502335,
            0.0066348103929212655
        ],
        "RbUCrO6"
    ],
    "steinhart_parameter_sum": 0.05991427521879999,
    "band_gap": 1.5963,
    "oxidation_state": 5.0,
    "possible_species": [
        "Cr5+",
        "O2-",
        "Rb+",
        "U6+"
    ],
    "density": 5.028631479083616,
    "quadrupole moment": [
        [
            -13.138727911895675,
            -0.6728709289940238,
            0.021446991149172145
        ],
        [
            -0.6728709289940238,
            -8.414287919023444,
            0.9777530750929712
        ],
        [
            0.021446991149172145,
            0.9777530750929712,
            -11.74817505610494
        ]
    ],
    "quadrupole moment normalized": [
        [
            -0.13246417549343267,
            -0.001472655267760574,
            0.0017118230823676105
        ],
        [
            -0.001472655267760574,
            -0.12619056440710444,
            0.0014303853729231153
        ],
        [
            0.0017118230823676105,
            0.0014303853729231153,
            -0.1223037219796228
        ]
    ]
}