{
    "MP-ID": "mp-1016059",
    "Material": "CrN2",
    "steinhart_vector": [
        [
            0.01588312879741778,
            0.0007379968961603932,
            0.0004941686351722616,
            0.01177363871961854,
            0.00812532693899903,
            0.0015864535898728043,
            0.00983926605964626,
            0.009634249799940434,
            0.004116636194755435,
            0.008118020441477481,
            0.010029465044153996
        ],
        "CrN2"
    ],
    "steinhart_parameter_sum": 0.08033835111721441,
    "band_gap": 0.0,
    "oxidation_state": 6.0,
    "possible_species": [
        "Cr6+",
        "N3-"
    ],
    "density": 1.569859093106881,
    "quadrupole moment": [
        [
            -12.059044147938165,
            -0.10285979796942835,
            -0.3455812548206816
        ],
        [
            -0.10285979796942835,
            -11.45969064052026,
            0.6227585901895472
        ],
        [
            -0.3455812548206816,
            0.6227585901895472,
            -12.47554738159962
        ]
    ],
    "quadrupole moment normalized": [
        [
            -0.18968814130895656,
            -0.000471067652425633,
            -0.006318926335293885
        ],
        [
            -0.000471067652425633,
            -0.18524975400204505,
            0.007404273835793049
        ],
        [
            -0.006318926335293885,
            0.007404273835793049,
            -0.19664213105182532
        ]
    ]
}