{
    "MP-ID": "mp-1388415",
    "Material": "CrF5",
    "steinhart_vector": [
        [
            0.010048137066383751,
            1.1347875614022454e-08,
            0.001035782553361933,
            1.5810276338195552e-08,
            0.0076859794369131635,
            2.1635799971399038e-08,
            0.0037256889504451605,
            2.7985769392022302e-08,
            0.007206533873815148,
            3.457240492210744e-08,
            0.004327459826943825
        ],
        "CrF5"
    ],
    "steinhart_parameter_sum": 0.03402969305998922,
    "band_gap": 0.7746999999999991,
    "oxidation_state": 5.0,
    "possible_species": [
        "Cr5+",
        "F-"
    ],
    "density": 2.652964590189428,
    "quadrupole moment": [
        [
            -6.657898949854548,
            0.1562730216938518,
            -0.22617436768479726
        ],
        [
            0.1562730216938518,
            -6.154610199859284,
            0.2863079606372242
        ],
        [
            -0.22617436768479726,
            0.2863079606372242,
            -7.300426968307647
        ]
    ],
    "quadrupole moment normalized": [
        [
            -0.07298576899378316,
            0.0010976393874703922,
            0.0007250266949879822
        ],
        [
            0.0010976393874703922,
            -0.06711658214435763,
            -0.000977726442677903
        ],
        [
            0.0007250266949879822,
            -0.000977726442677903,
            -0.059862711928976665
        ]
    ]
}