{
    "MP-ID": "mp-1045314",
    "Material": "MgCrF4",
    "steinhart_vector": [
        [
            0.006500199518699667,
            1.892608883799425e-18,
            0.0032838288509259017,
            1.3247362227246943e-18,
            0.005341734154594186,
            1.7035776026536924e-18,
            0.003928304788747133,
            2.1478106775006237e-18,
            0.005058097005563998,
            2.597034244637699e-18,
            0.004209380343488343
        ],
        "MgCrF4"
    ],
    "steinhart_parameter_sum": 0.028321544662019242,
    "band_gap": 3.4968999999999992,
    "oxidation_state": 2.0,
    "possible_species": [
        "Mg2+",
        "Cr2+",
        "F-"
    ],
    "density": 3.422663292460138,
    "quadrupole moment": [
        [
            -7.005154010496638,
            -1.7058166139709965,
            1.7080740611036516
        ],
        [
            -1.7058166139709965,
            -3.12206709843423,
            -3.6126891527977163
        ],
        [
            1.7080740611036516,
            -3.6126891527977163,
            -6.412663648352954
        ]
    ],
    "quadrupole moment normalized": [
        [
            -0.04494652474434472,
            -0.011328285504179934,
            0.010388690337979251
        ],
        [
            -0.011328285504179934,
            -0.020673237438713764,
            -0.023901980265760174
        ],
        [
            0.010388690337979251,
            -0.023901980265760174,
            -0.041873947900298296
        ]
    ]
}