{
    "MP-ID": "mp-1251690",
    "Material": "AlCrO3",
    "steinhart_vector": [
        [
            0.009280442188270446,
            8.949202818970624e-05,
            0.0008131252165002836,
            0.004968203740067013,
            0.005205188289125172,
            0.0033000204655068708,
            0.004627770308976494,
            0.0027163287516106726,
            0.005160184611400247,
            0.004495863866583148,
            0.003617677693968953
        ],
        "AlCrO3"
    ],
    "steinhart_parameter_sum": 0.044274297160199004,
    "band_gap": 1.1578,
    "oxidation_state": 3.0,
    "possible_species": [
        "O2-",
        "Cr3+",
        "Al3+"
    ],
    "density": 4.12787933393825,
    "quadrupole moment": [
        [
            -10.195960914649929,
            4.159691950889055e-07,
            1.1847939373389083
        ],
        [
            4.159691950889055e-07,
            -10.141820822198532,
            1.1102230246251565e-16
        ],
        [
            1.1847939373389083,
            1.1102230246251565e-16,
            -16.737724091907065
        ]
    ],
    "quadrupole moment normalized": [
        [
            -0.10683046842354431,
            -4.759307184465378e-11,
            0.015140216383818702
        ],
        [
            -4.759307184465378e-11,
            -0.10619511976233281,
            1.0153542243096503e-09
        ],
        [
            0.015140216383818702,
            1.0153542243096503e-09,
            -0.12644930841887064
        ]
    ]
}