{
    "MP-ID": "mp-12905",
    "Material": "Ba3CrN3",
    "steinhart_vector": [
        [
            0.01641014809081921,
            6.706174607991658e-08,
            0.008205074046256037,
            0.012973361176748356,
            0.006153805534527969,
            0.008581071836799339,
            0.012157119333876084,
            0.0070500699187171735,
            0.008748944261115022,
            0.011741370627753754,
            0.007481436642596965
        ],
        "Ba3CrN3"
    ],
    "steinhart_parameter_sum": 0.099502468530956,
    "band_gap": 0.0,
    "oxidation_state": 3.0,
    "possible_species": [
        "N3-",
        "Cr3+",
        "Ba2+"
    ],
    "density": 5.077528105056895,
    "quadrupole moment": [
        [
            -13.27722293851459,
            1.3857423843965933e-06,
            -2.0368888852289685e-15
        ],
        [
            1.3857423843965933e-06,
            -13.27722269724682,
            -4.0986377420224645e-15
        ],
        [
            -2.0368888852289685e-15,
            -4.0986377420224645e-15,
            -4.733165431326071e-30
        ]
    ],
    "quadrupole moment normalized": [
        [
            -0.2178802763955161,
            7.887693169190274e-07,
            -3.3424550625167217e-17
        ],
        [
            7.887693169190274e-07,
            -0.21788210894381016,
            -6.725981937421525e-17
        ],
        [
            -3.3424550625167217e-17,
            -6.725981937421525e-17,
            -7.767196565179377e-32
        ]
    ]
}