{
    "MP-ID": "mp-1224440",
    "Material": "HfCrCuSe4",
    "steinhart_vector": [
        [
            0.000659290308213904,
            2.0245925846978086e-19,
            3.5637646090590165e-05,
            3.2838427531611705e-19,
            0.0005004162988266943,
            3.9593003258593524e-19,
            0.00024441656594020286,
            5.645692764456067e-19,
            0.00046496521068518,
            7.495662435364423e-19,
            0.00029014538840890916
        ],
        "HfCrCuSe4"
    ],
    "steinhart_parameter_sum": 0.002194871418165483,
    "band_gap": 0.07929999999999901,
    "oxidation_state": 3.0,
    "possible_species": [
        "Cu+",
        "Cr3+",
        "Hf4+",
        "Se2-"
    ],
    "density": 6.5681910788003215,
    "quadrupole moment": [
        [
            -28.539233918798462,
            -0.6811656250281182,
            -1.38465504799803
        ],
        [
            -0.6811656250281182,
            -25.04544779064507,
            0.9160036635608675
        ],
        [
            -1.38465504799803,
            0.9160036635608675,
            -26.565575072754932
        ]
    ],
    "quadrupole moment normalized": [
        [
            -0.01879513999773868,
            -0.00047510955803882786,
            -0.0008779390771268933
        ],
        [
            -0.00047510955803882786,
            -0.016514201845919667,
            0.000648085690818269
        ],
        [
            -0.0008779390771268933,
            0.000648085690818269,
            -0.017532706108989243
        ]
    ]
}