{
    "MP-ID": "mp-1112287",
    "Material": "K2CrAgF6",
    "steinhart_vector": [
        [
            0.007912789404034112,
            2.0921350949383843e-19,
            6.604563214021454e-10,
            1.1567509893299351e-18,
            0.006043492733705114,
            1.5320838153343206e-18,
            0.002797593522846955,
            2.2445412397279014e-18,
            0.005681939305041956,
            2.3759136689754555e-18,
            0.003255522291494064
        ],
        "K2CrAgF6"
    ],
    "steinhart_parameter_sum": 0.02569133791757853,
    "band_gap": 2.8775,
    "oxidation_state": 3.0,
    "possible_species": [
        "K+",
        "Cr3+",
        "Ag+",
        "F-"
    ],
    "density": 3.587327924251497,
    "quadrupole moment": [
        [
            -7.494522476283788,
            -1.7606841140604956e-07,
            -2.2671940971385404e-07
        ],
        [
            -1.7606841140604956e-07,
            -7.49452122933998,
            3.0056321732345315e-07
        ],
        [
            -2.2671940971385404e-07,
            3.0056321732345315e-07,
            -7.494522216522375
        ]
    ],
    "quadrupole moment normalized": [
        [
            -0.05930257603997334,
            1.4333401236743537e-09,
            1.6442825851098401e-09
        ],
        [
            1.4333401236743537e-09,
            -0.05930256817183009,
            -2.484148046895357e-09
        ],
        [
            1.6442825851098401e-09,
            -2.484148046895357e-09,
            -0.0593025779818562
        ]
    ]
}