{
    "MP-ID": "mp-1044358",
    "Material": "CaCrBiO5",
    "steinhart_vector": [
        [
            0.013951678560686838,
            0.0006298914044370402,
            0.0010309324735427552,
            0.01029430452349345,
            0.007079499040106362,
            0.002178307482471446,
            0.008599701251221059,
            0.008247355367505378,
            0.00411102326796855,
            0.007294552138315306,
            0.008434964161288902
        ],
        "CaCrBiO5"
    ],
    "steinhart_parameter_sum": 0.07185220967103709,
    "band_gap": 1.0267,
    "oxidation_state": 5.0,
    "possible_species": [
        "Cr5+",
        "Ca2+",
        "O2-",
        "Bi3+"
    ],
    "density": 4.697243939498841,
    "quadrupole moment": [
        [
            -7.016882581491604,
            0.041304528581873945,
            -0.6043297156103775
        ],
        [
            0.041304528581873945,
            -8.158858237737812,
            0.09138086286572045
        ],
        [
            -0.6043297156103775,
            0.09138086286572045,
            -8.782179731379212
        ]
    ],
    "quadrupole moment normalized": [
        [
            -0.10031857398337109,
            0.003476030039617603,
            -0.008694566839041202
        ],
        [
            0.003476030039617603,
            -0.11312170740517126,
            0.003203571639306563
        ],
        [
            -0.008694566839041202,
            0.003203571639306563,
            -0.12058960582006825
        ]
    ]
}