{
    "MP-ID": "mp-1177396",
    "Material": "Li4Mn3V2Cr(PO4)6",
    "steinhart_vector": [
        [
            0.007417004590628905,
            0.0006055701281668388,
            0.0002617692195695908,
            0.001604317262751873,
            0.005023546483474522,
            0.0023866881318696936,
            0.002207418738302685,
            0.0028031895341281846,
            0.0034377230457691096,
            0.0035610804413407347,
            0.0022677209186651322
        ],
        "Li4Mn3V2Cr(PO4)6"
    ],
    "steinhart_parameter_sum": 0.03157602849466727,
    "band_gap": 0.5556000000000001,
    "oxidation_state": 3.0,
    "possible_species": [
        "O2-",
        "Cr3+",
        "V3+",
        "Mn2+",
        "V2+",
        "Li+",
        "P5+"
    ],
    "density": 3.213347100983271,
    "quadrupole moment": [
        [
            -16.529063119941885,
            0.023714230598167185,
            0.3017190862080428
        ],
        [
            0.023714230598167185,
            -16.535186615597535,
            0.04983826601907437
        ],
        [
            0.3017190862080428,
            0.04983826601907437,
            -16.31610504078953
        ]
    ],
    "quadrupole moment normalized": [
        [
            -0.12342428140120457,
            0.0014868883726003742,
            0.0035504211415508143
        ],
        [
            0.0014868883726003742,
            -0.12372636429621721,
            0.002579920677060449
        ],
        [
            0.0035504211415508143,
            0.002579920677060449,
            -0.11794523593004272
        ]
    ]
}