{
    "MP-ID": "mp-1035006",
    "Material": "Mg14CrCoO16",
    "steinhart_vector": [
        [
            0.0064173826175567905,
            2.860876562809451e-18,
            0.00021704664763872548,
            2.4879800515407784e-18,
            0.004903358915555543,
            3.0530088615636083e-18,
            0.002277953148960666,
            3.0753981494457404e-18,
            0.004610607293663895,
            3.8738982882146266e-18,
            0.0026476747993625514
        ],
        "Mg14CrCoO16"
    ],
    "steinhart_parameter_sum": 0.02107402342273819,
    "band_gap": 0.014700000000000001,
    "oxidation_state": 2.0,
    "possible_species": [
        "Mg2+",
        "Cr2+",
        "O2-",
        "Co2+"
    ],
    "density": 3.7646968542440122,
    "quadrupole moment": [
        [
            -17.362538181106963,
            -3.700895511424554e-15,
            -1.0631488404283175e-15
        ],
        [
            -3.700895511424554e-15,
            -17.362538181106963,
            -1.0631488404283173e-15
        ],
        [
            -1.0631488404283175e-15,
            -1.0631488404283173e-15,
            -18.282896301112128
        ]
    ],
    "quadrupole moment normalized": [
        [
            -0.11519053142681057,
            -2.4553329488425812e-17,
            -7.053385780196309e-18
        ],
        [
            -2.4553329488425812e-17,
            -0.11519053142681057,
            -7.053385780196308e-18
        ],
        [
            -7.053385780196309e-18,
            -7.053385780196308e-18,
            -0.10939185821878465
        ]
    ]
}