{
    "MP-ID": "mp-1077939",
    "Material": "Cr(Te2Rh)2",
    "steinhart_vector": [
        [
            0.00032518573879728563,
            4.196559800899785e-20,
            6.617425678466907e-05,
            1.5810129180502598e-19,
            0.00016192576132051416,
            1.495723911935619e-19,
            0.00016956386820115714,
            1.8154263288130161e-19,
            0.0001852516302592424,
            3.01631719889511e-19,
            0.00010436965063256837
        ],
        "Cr(Te2Rh)2"
    ],
    "steinhart_parameter_sum": 0.0010124709059954374,
    "band_gap": 0.0,
    "oxidation_state": 2.0,
    "possible_species": [
        "Cr2+",
        "Rh+",
        "Te-"
    ],
    "density": 7.87303396440328,
    "quadrupole moment": [
        [
            0.7381089412040902,
            6.453132682002897,
            -0.47046510079564746
        ],
        [
            6.453132682002897,
            -14.462849013996216,
            -0.17278374249457557
        ],
        [
            -0.47046510079564746,
            -0.17278374249457557,
            -16.88111467121146
        ]
    ],
    "quadrupole moment normalized": [
        [
            0.0006180418103244505,
            0.002208496529805677,
            -0.00020711093607701228
        ],
        [
            0.002208496529805677,
            -0.004584278449943646,
            -7.606388356207608e-05
        ],
        [
            -0.00020711093607701228,
            -7.606388356207608e-05,
            -0.005334000448350598
        ]
    ]
}