{
    "MP-ID": "mp-1032010",
    "Material": "Mg6CrCoO8",
    "steinhart_vector": [
        [
            0.006371377572797923,
            9.922710035974783e-19,
            0.00037950019501547145,
            1.3242208316410456e-18,
            0.004872381922771025,
            1.235484649520597e-18,
            0.002280421971951404,
            1.8140887629174405e-18,
            0.004582714728531803,
            1.8331871768029163e-18,
            0.0026440685871636665
        ],
        "Mg6CrCoO8"
    ],
    "steinhart_parameter_sum": 0.021130464978231303,
    "band_gap": 0.0151,
    "oxidation_state": 2.0,
    "possible_species": [
        "Mg2+",
        "Cr2+",
        "O2-",
        "Co2+"
    ],
    "density": 4.075054619838519,
    "quadrupole moment": [
        [
            -16.747836875212858,
            0.0,
            -1.0255092410935718e-15
        ],
        [
            0.0,
            -18.26978932142911,
            -1.1187019506792326e-15
        ],
        [
            -1.0255092410935718e-15,
            -1.1187019506792326e-15,
            -18.26978932142911
        ]
    ],
    "quadrupole moment normalized": [
        [
            -0.11941840698007043,
            0.0,
            -7.31226849337096e-18
        ],
        [
            0.0,
            -0.1094703373319225,
            -6.703124910755994e-18
        ],
        [
            -7.31226849337096e-18,
            -6.703124910755994e-18,
            -0.1094703373319225
        ]
    ]
}