{
    "MP-ID": "mp-1247622",
    "Material": "Ca8Mn7CrO22",
    "steinhart_vector": [
        [
            0.01033037437813136,
            0.001144650575204461,
            0.0015464249121510492,
            0.003876805144371509,
            0.007435475485124993,
            0.002404315916083646,
            0.0031224859611894916,
            0.005128856092128967,
            0.005867894477174251,
            0.0039453714305969865,
            0.0029604326108759195
        ],
        "Ca8Mn7CrO22"
    ],
    "steinhart_parameter_sum": 0.04776308698303264,
    "band_gap": 0.0,
    "oxidation_state": 3.0,
    "possible_species": [
        "O2-",
        "Cr3+",
        "Mn3+",
        "Mn4+",
        "Ca2+"
    ],
    "density": 4.077849057977735,
    "quadrupole moment": [
        [
            -13.811016995485879,
            -2.220980924550981e-15,
            2.220446049250313e-16
        ],
        [
            -2.220980924550981e-15,
            -13.811016995485879,
            2.220446049250313e-16
        ],
        [
            2.220446049250313e-16,
            2.220446049250313e-16,
            -7.190203723699847
        ]
    ],
    "quadrupole moment normalized": [
        [
            -0.1393469067472316,
            -2.2408691690260124e-17,
            0.0
        ],
        [
            -2.2408691690260124e-17,
            -0.1393469067472316,
            0.0
        ],
        [
            0.0,
            0.0,
            -0.08055793437616607
        ]
    ]
}