{
    "MP-ID": "mp-1216865",
    "Material": "TiCrN2",
    "steinhart_vector": [
        [
            0.007579853057672441,
            6.054821533685244e-19,
            0.0003052305070599067,
            2.3218594992443095e-18,
            0.005769095281165485,
            2.7525425707010976e-18,
            0.002754521887609444,
            4.208219230460355e-18,
            0.005386914282987584,
            5.023268894555834e-18,
            0.0032487279136976183
        ],
        "TiCrN2"
    ],
    "steinhart_parameter_sum": 0.025044342930192497,
    "band_gap": 0.0,
    "oxidation_state": 3.0,
    "possible_species": [
        "Ti3+",
        "N3-",
        "Cr3+"
    ],
    "density": 5.7487057446151635,
    "quadrupole moment": [
        [
            -27.096759133296118,
            -1.0760923676028181e-05,
            2.9285739756911172e-05
        ],
        [
            -1.0760923676028181e-05,
            -26.722421395771498,
            -1.01873113025915
        ],
        [
            2.9285739756911172e-05,
            -1.01873113025915,
            -24.324361345686405
        ]
    ],
    "quadrupole moment normalized": [
        [
            -0.20538962769032007,
            2.6314337654153906e-07,
            -8.212522684596137e-10
        ],
        [
            2.6314337654153906e-07,
            -0.20255202398975228,
            -0.007721598138107515
        ],
        [
            -8.212522684596137e-10,
            -0.007721598138107515,
            -0.18437491313535126
        ]
    ]
}