{
    "MP-ID": "mp-1096909",
    "Material": "CrN2",
    "steinhart_vector": [
        [
            0.016044054529620686,
            0.00034670738307498647,
            0.0004392008404071509,
            0.011934296458180161,
            0.008172675129580328,
            0.0010539102049775498,
            0.01003456324626837,
            0.009770146763843312,
            0.003728623729823175,
            0.008285485029498635,
            0.01029839425007205
        ],
        "CrN2"
    ],
    "steinhart_parameter_sum": 0.0801080575653464,
    "band_gap": 0.0,
    "oxidation_state": 6.0,
    "possible_species": [
        "Cr6+",
        "N3-"
    ],
    "density": 1.957989897520112,
    "quadrupole moment": [
        [
            -11.483680160629273,
            -0.24055474743906946,
            0.014828088211490575
        ],
        [
            -0.24055474743906946,
            -12.164961125527302,
            0.3509382506455254
        ],
        [
            0.014828088211490575,
            0.3509382506455254,
            -12.15985768609227
        ]
    ],
    "quadrupole moment normalized": [
        [
            -0.184126434824149,
            -0.0036013837982343637,
            0.001263697435238971
        ],
        [
            -0.0036013837982343637,
            -0.19621444758838114,
            0.0051093541769865955
        ],
        [
            0.001263697435238971,
            0.0051093541769865955,
            -0.19415331217879586
        ]
    ]
}