{
    "MP-ID": "mp-1238884",
    "Material": "TiCrAgS4",
    "steinhart_vector": [
        [
            0.0018051706425109147,
            3.661140243624781e-19,
            0.00020755589212587792,
            5.25605032932577e-19,
            0.0013601601644841874,
            8.212196237908703e-19,
            0.0007249593520117924,
            1.242290025427453e-18,
            0.00124132537058681,
            1.4403172015509766e-18,
            0.0008754120589981933
        ],
        "TiCrAgS4"
    ],
    "steinhart_parameter_sum": 0.006214583480717781,
    "band_gap": 0.45110000000000006,
    "oxidation_state": 3.0,
    "possible_species": [
        "Cr3+",
        "Ag+",
        "S2-",
        "Ti4+"
    ],
    "density": 4.268630060092177,
    "quadrupole moment": [
        [
            -19.72443880169917,
            -0.9855214675198303,
            -0.5491756104541845
        ],
        [
            -0.9855214675198303,
            -25.63751490861551,
            1.556239330272441
        ],
        [
            -0.5491756104541845,
            1.556239330272441,
            -25.547727376988767
        ]
    ],
    "quadrupole moment normalized": [
        [
            -0.03501042192044277,
            0.002176627708502023,
            0.0001633707364318334
        ],
        [
            0.002176627708502023,
            -0.047422203940749426,
            -0.000609028514422399
        ],
        [
            0.0001633707364318334,
            -0.000609028514422399,
            -0.04484577377348489
        ]
    ]
}