{
    "MP-ID": "mp-1029458",
    "Material": "Zn2CrN3",
    "steinhart_vector": [
        [
            0.013659849753597693,
            0.0006880922259438435,
            0.0011542220063427016,
            0.010195244895259274,
            0.0069484891303885745,
            0.0012989899406438692,
            0.008619020473345907,
            0.008313553436042688,
            0.0032128676179170954,
            0.007162282327953887,
            0.00879527040057793
        ],
        "Zn2CrN3"
    ],
    "steinhart_parameter_sum": 0.07004788220801347,
    "band_gap": 0.0,
    "oxidation_state": 5.0,
    "possible_species": [
        "Cr5+",
        "N3-",
        "Zn2+"
    ],
    "density": 5.488164780836998,
    "quadrupole moment": [
        [
            -12.815029008029716,
            -0.04874413970699529,
            0.26552456488425025
        ],
        [
            -0.04874413970699529,
            -12.870284923827919,
            0.45570785246461487
        ],
        [
            0.26552456488425025,
            0.45570785246461487,
            -13.314020092925926
        ]
    ],
    "quadrupole moment normalized": [
        [
            -0.1882616786578983,
            0.01095680420021673,
            -0.0005185039451836519
        ],
        [
            0.01095680420021673,
            -0.17584114453946104,
            -0.0008898849696150797
        ],
        [
            -0.0005185039451836519,
            -0.0008898849696150797,
            -0.16512274897102303
        ]
    ]
}