{
    "MP-ID": "mp-1238862",
    "Material": "TiCrCuS4",
    "steinhart_vector": [
        [
            0.0018391606229028014,
            5.2612567972878375e-05,
            0.00011694502381525093,
            7.395634559263728e-05,
            0.001392760820105147,
            0.00011088419854247241,
            0.0006812885668501554,
            0.0001241589912175574,
            0.0012848898879528994,
            0.0001836269550493864,
            0.0008025470977930167
        ],
        "TiCrCuS4"
    ],
    "steinhart_parameter_sum": 0.006662831077794203,
    "band_gap": 0.2021,
    "oxidation_state": 3.0,
    "possible_species": [
        "Cu+",
        "Cr3+",
        "S2-",
        "Ti4+"
    ],
    "density": 4.104719953837946,
    "quadrupole moment": [
        [
            -24.100028337546078,
            -3.552713678800501e-15,
            -2.1402938063310026
        ],
        [
            -3.552713678800501e-15,
            -23.581841263362,
            -1.5543122344752192e-15
        ],
        [
            -2.1402938063310026,
            -1.5543122344752192e-15,
            -22.381287537345578
        ]
    ],
    "quadrupole moment normalized": [
        [
            -0.044920108233653326,
            0.0,
            -0.0024197055271206313
        ],
        [
            0.0,
            -0.044807277342240534,
            -5.204170427930421e-18
        ],
        [
            -0.0024197055271206313,
            -5.204170427930421e-18,
            -0.038861708155397696
        ]
    ]
}