{
    "MP-ID": "mp-1217256",
    "Material": "Ti2CrIn3O6",
    "steinhart_vector": [
        [
            0.0073355828715602365,
            4.772110005447367e-19,
            0.007335582871560241,
            1.4737705736981853e-18,
            0.007335582871560236,
            2.3360327621429798e-18,
            0.007335582871560231,
            2.346954178147438e-18,
            0.007335582871560231,
            3.232013269830376e-18,
            0.007335582871560233
        ],
        "Ti2CrIn3O6"
    ],
    "steinhart_parameter_sum": 0.04401349722936142,
    "band_gap": 0.0,
    "oxidation_state": 2.0,
    "possible_species": [
        "Cr2+",
        "Ti2+",
        "O2-",
        "In2+"
    ],
    "density": 5.430270216782206,
    "quadrupole moment": [
        [
            -0.3820517499813857,
            -0.6947805876059268,
            2.3832175515156417
        ],
        [
            -0.6947805876059268,
            -1.263493924416145,
            4.334002634238607
        ],
        [
            2.3832175515156417,
            4.334002634238607,
            -14.866378437290072
        ]
    ],
    "quadrupole moment normalized": [
        [
            -0.0028025722732130673,
            -0.005096620577934593,
            0.01748228985009987
        ],
        [
            -0.005096620577934593,
            -0.009268464390267498,
            0.031792435489017674
        ],
        [
            0.01748228985009987,
            0.031792435489017674,
            -0.1090535510267175
        ]
    ]
}