{
    "MP-ID": "mp-1044888",
    "Material": "LaMgVCrO6",
    "steinhart_vector": [
        [
            0.007390567457162061,
            0.00036286015985734834,
            0.0004154758770722512,
            0.0006610386668607391,
            0.00550960673051013,
            0.0009718014738047413,
            0.0026430986623050324,
            0.0014021774742220315,
            0.004881828581339836,
            0.0015639484080308898,
            0.002961024749836711
        ],
        "LaMgVCrO6"
    ],
    "steinhart_parameter_sum": 0.028763428241001768,
    "band_gap": 1.3575,
    "oxidation_state": 3.0,
    "possible_species": [
        "Mg2+",
        "O2-",
        "V4+",
        "Cr3+",
        "La3+"
    ],
    "density": 5.318491586400374,
    "quadrupole moment": [
        [
            -16.170992667163144,
            -0.15323898635167366,
            1.3448001008173405
        ],
        [
            -0.15323898635167366,
            -17.07303390870694,
            0.2645199713626929
        ],
        [
            1.3448001008173405,
            0.2645199713626929,
            -16.16308473861721
        ]
    ],
    "quadrupole moment normalized": [
        [
            -0.1197755538350674,
            -0.003718894637971211,
            0.009188058466222167
        ],
        [
            -0.003718894637971211,
            -0.1274383526268975,
            0.0008048441402073898
        ],
        [
            0.009188058466222167,
            0.0008048441402073898,
            -0.11737934521576657
        ]
    ]
}