{
    "MP-ID": "mp-1239213",
    "Material": "HfCrCuS4",
    "steinhart_vector": [
        [
            0.0024501750254850574,
            0.0004496046864778889,
            0.00064672409821098,
            0.0014171114068807882,
            0.0015662679098984713,
            0.0009535555562794103,
            0.0008313048522943735,
            0.0016218147036325943,
            0.0011698074574256483,
            0.001015315089541054,
            0.0012806276223783035
        ],
        "HfCrCuS4"
    ],
    "steinhart_parameter_sum": 0.013402308408504572,
    "band_gap": 0.2871,
    "oxidation_state": 3.0,
    "possible_species": [
        "Cu+",
        "Cr3+",
        "Hf4+",
        "S2-"
    ],
    "density": 4.634093834214005,
    "quadrupole moment": [
        [
            -18.13342797703531,
            -1.5543122344752192e-15,
            -0.8416723143476919
        ],
        [
            -1.5543122344752192e-15,
            -10.380152998265896,
            8.881784197001252e-16
        ],
        [
            -0.8416723143476919,
            8.881784197001252e-16,
            -11.999379968082703
        ]
    ],
    "quadrupole moment normalized": [
        [
            -0.04767966010011411,
            -3.469446951953614e-18,
            -0.0035952350606559963
        ],
        [
            -3.469446951953614e-18,
            -0.023293350643253788,
            1.734723475976807e-18
        ],
        [
            -0.0035952350606559963,
            1.734723475976807e-18,
            -0.027937248079803828
        ]
    ]
}