{
    "MP-ID": "mp-1214115",
    "Material": "Ca2NbCrO6",
    "steinhart_vector": [
        [
            0.0075196775995099744,
            1.52714392501168e-06,
            0.00016040696069361568,
            3.3287303595747717e-06,
            0.00573779408166389,
            4.543520563997925e-06,
            0.0026792801980545927,
            6.241433951568842e-06,
            0.005384418835907412,
            7.869309571785097e-06,
            0.003130140243720521
        ],
        "Ca2NbCrO6"
    ],
    "steinhart_parameter_sum": 0.024635228057921947,
    "band_gap": 2.7637,
    "oxidation_state": 3.0,
    "possible_species": [
        "Ca2+",
        "O2-",
        "Nb5+",
        "Cr3+"
    ],
    "density": 4.464418512280445,
    "quadrupole moment": [
        [
            -16.17473273794804,
            0.4880108831153547,
            -0.10452508900882007
        ],
        [
            0.4880108831153547,
            -16.29331939540116,
            -0.29543118361843473
        ],
        [
            -0.10452508900882007,
            -0.29543118361843473,
            -16.457979046827184
        ]
    ],
    "quadrupole moment normalized": [
        [
            -0.12093251627240928,
            0.0034977058264674035,
            -0.0005832084860373093
        ],
        [
            0.0034977058264674035,
            -0.1227011303191861,
            -0.0021943126316403766
        ],
        [
            -0.0005832084860373093,
            -0.0021943126316403766,
            -0.12427055586540697
        ]
    ]
}