{
    "MP-ID": "mp-1179168",
    "Material": "SrCrCu3Se4",
    "steinhart_vector": [
        [
            0.0009508650804279485,
            2.4745194362210095e-06,
            4.530308453061542e-06,
            0.0007087035795654301,
            0.00048415324128689186,
            9.522149837098873e-06,
            0.0005975987633638532,
            0.0005818121160163904,
            0.00020273805112991166,
            0.0004924667330943332,
            0.0006180268748943563
        ],
        "SrCrCu3Se4"
    ],
    "steinhart_parameter_sum": 0.0046528914175054965,
    "band_gap": 0.060099999999999,
    "oxidation_state": 3.0,
    "possible_species": [
        "Cu+",
        "Sr2+",
        "Cr3+",
        "Se2-"
    ],
    "density": 4.893874521374225,
    "quadrupole moment": [
        [
            -14.90684738592316,
            -0.03124224361898742,
            -0.04645548579481673
        ],
        [
            -0.03124224361898742,
            -14.84526492821939,
            0.036665335740049265
        ],
        [
            -0.04645548579481673,
            0.036665335740049265,
            -14.740910087829818
        ]
    ],
    "quadrupole moment normalized": [
        [
            -0.014174475536677554,
            -2.9228536092767033e-05,
            -6.77916303472156e-05
        ],
        [
            -2.9228536092767033e-05,
            -0.014115588635593852,
            1.366402673334344e-05
        ],
        [
            -6.77916303472156e-05,
            1.366402673334344e-05,
            -0.014016689458408326
        ]
    ]
}