{
    "MP-ID": "mp-1221731",
    "Material": "Mn3CrP4",
    "steinhart_vector": [
        [
            0.0021956079149238984,
            0.00024380612328476535,
            0.000132630387758222,
            0.0006006920150282406,
            0.0013879903895810239,
            0.0007539012381956819,
            0.0005903940915239327,
            0.0010676569505614225,
            0.0008778614106452366,
            0.0009617687878074109,
            0.0005696157584131624
        ],
        "Mn3CrP4"
    ],
    "steinhart_parameter_sum": 0.009381925067722998,
    "band_gap": 0.0,
    "oxidation_state": 3.0,
    "possible_species": [
        "P3-",
        "Cr3+",
        "Mn3+"
    ],
    "density": 5.797064279163098,
    "quadrupole moment": [
        [
            -30.157662412599652,
            -3.308773085085651e-15,
            -3.122072737070748e-16
        ],
        [
            -3.308773085085651e-15,
            -32.57060017549258,
            -1.4347039703288003
        ],
        [
            -3.122072737070748e-16,
            -1.4347039703288003,
            -36.6426873756383
        ]
    ],
    "quadrupole moment normalized": [
        [
            -0.06539307881149606,
            -1.2916243801717493e-18,
            5.537540412322978e-18
        ],
        [
            -1.2916243801717493e-18,
            -0.07216179814097835,
            -0.0017137691753633978
        ],
        [
            5.537540412322978e-18,
            -0.0017137691753633978,
            -0.08008083744009577
        ]
    ]
}