{
    "MP-ID": "mp-19281",
    "Material": "LaCrO3",
    "steinhart_vector": [
        [
            0.008003518046243692,
            1.2959925674124076e-18,
            0.0001274180835605719,
            2.287438665191125e-18,
            0.006109485302046639,
            2.4767635699380404e-18,
            0.0028421315472820017,
            4.439235569132773e-18,
            0.005737881964767702,
            3.446766983311947e-18,
            0.0033148301546630033
        ],
        "LaCrO3"
    ],
    "steinhart_parameter_sum": 0.026135265098563627,
    "band_gap": 2.3706,
    "oxidation_state": 3.0,
    "possible_species": [
        "O2-",
        "Cr3+",
        "La3+"
    ],
    "density": 6.706217884389386,
    "quadrupole moment": [
        [
            -15.42974187006657,
            -0.12857164146935496,
            -0.08178633268150037
        ],
        [
            -0.12857164146935496,
            -16.11940635762437,
            0.20952567094089847
        ],
        [
            -0.08178633268150037,
            0.20952567094089847,
            -15.87462787652925
        ]
    ],
    "quadrupole moment normalized": [
        [
            -0.1234288128525204,
            -0.0008168578154220743,
            -0.0007021836185108297
        ],
        [
            -0.0008168578154220743,
            -0.12906067069797586,
            0.0016783797149715497
        ],
        [
            -0.0007021836185108297,
            0.0016783797149715497,
            -0.12706716428791212
        ]
    ]
}