{
    "MP-ID": "mp-1101604",
    "Material": "Li2CrP2O7",
    "steinhart_vector": [
        [
            0.006515804605550926,
            0.00031651551687359277,
            0.0032686677093129966,
            0.0005032327784250819,
            0.005300605073867941,
            0.0009458316780601041,
            0.0038045392060351143,
            0.0011385339551449646,
            0.004878163981106625,
            0.0015604519862269998,
            0.0038999450403230706
        ],
        "Li2CrP2O7"
    ],
    "steinhart_parameter_sum": 0.03213229153092742,
    "band_gap": 3.4997,
    "oxidation_state": 2.0,
    "possible_species": [
        "Cr2+",
        "P5+",
        "Li+",
        "O2-"
    ],
    "density": 2.785954849211951,
    "quadrupole moment": [
        [
            -11.91391481482096,
            7.009042000549868,
            0.16505317123511176
        ],
        [
            7.009042000549868,
            -4.231384166685543,
            0.1465880083773312
        ],
        [
            0.16505317123511176,
            0.1465880083773312,
            -18.898160793698352
        ]
    ],
    "quadrupole moment normalized": [
        [
            -0.07756001632935892,
            0.045739836895339704,
            3.201372299089719e-05
        ],
        [
            0.045739836895339704,
            -0.027670812385709544,
            0.0014878284799383686
        ],
        [
            3.201372299089719e-05,
            0.0014878284799383686,
            -0.12307328965649506
        ]
    ]
}