{
    "MP-ID": "mp-1517166",
    "Material": "Sr2DyCrO6",
    "steinhart_vector": [
        [
            0.009776592825171447,
            1.6706400743799193e-18,
            2.260276909640879e-18,
            3.094076651897836e-18,
            0.007466996110018388,
            2.8433932262382242e-18,
            0.0034565475417892393,
            3.230470959974272e-18,
            0.007020281244236449,
            3.7512048384601935e-18,
            0.004022338299687032
        ],
        "Sr2DyCrO6"
    ],
    "steinhart_parameter_sum": 0.031742756020902575,
    "band_gap": 0.0,
    "oxidation_state": 5.0,
    "possible_species": [
        "Cr5+",
        "O2-",
        "Sr2+",
        "Dy3+"
    ],
    "density": 5.898429722595051,
    "quadrupole moment": [
        [
            -14.302805531535167,
            -8.881784197001252e-16,
            -6.856543139830903e-16
        ],
        [
            -8.881784197001252e-16,
            -14.302805531535169,
            -4.848308149672534e-16
        ],
        [
            -6.856543139830903e-16,
            -4.848308149672534e-16,
            -14.30280553153517
        ]
    ],
    "quadrupole moment normalized": [
        [
            -0.13983270593942923,
            0.0,
            2.355308572722996e-19
        ],
        [
            0.0,
            -0.13983270593942926,
            -2.2087228226798942e-17
        ],
        [
            2.355308572722996e-19,
            -2.2087228226798942e-17,
            -0.13983270593942926
        ]
    ]
}