{
    "MP-ID": "mp-1018079",
    "Material": "CrGaP2",
    "steinhart_vector": [
        [
            0.0022131214994816446,
            6.127375585975554e-19,
            3.969056451824595e-05,
            0.0016487578226203573,
            0.0011265113003027507,
            7.823262592402221e-05,
            0.001389495665588905,
            0.0013520951693912276,
            0.0004829211282027439,
            0.0011458921166996976,
            0.0014335962810527046
        ],
        "CrGaP2"
    ],
    "steinhart_parameter_sum": 0.010910314173782302,
    "band_gap": 0.0,
    "oxidation_state": 3.0,
    "possible_species": [
        "P3-",
        "Ga3+",
        "Cr3+"
    ],
    "density": 3.7425289883301742,
    "quadrupole moment": [
        [
            -22.3476282951135,
            -3.59377272279265e-15,
            -3.012913212250224e-15
        ],
        [
            -3.59377272279265e-15,
            -22.3476282951135,
            -2.6645352591003757e-15
        ],
        [
            -3.012913212250224e-15,
            -2.6645352591003757e-15,
            -21.16645122732634
        ]
    ],
    "quadrupole moment normalized": [
        [
            -0.04945801664234002,
            -7.953455677063102e-18,
            7.671691361785526e-18
        ],
        [
            -7.953455677063102e-18,
            -0.04945801664234002,
            6.938893903907228e-18
        ],
        [
            7.671691361785526e-18,
            6.938893903907228e-18,
            -0.046843928278925584
        ]
    ]
}