{
    "MP-ID": "mp-1246373",
    "Material": "CrFeN2",
    "steinhart_vector": [
        [
            0.008769282418204932,
            1.6964672359654332e-07,
            0.000554455041514988,
            0.0034215180913717397,
            0.0036501417005497484,
            0.005384782398896338,
            0.0018894955140082504,
            0.0010044251519312124,
            0.005000314552661087,
            0.0035513955457376644,
            0.003399062695059596
        ],
        "CrFeN2"
    ],
    "steinhart_parameter_sum": 0.03662504275665915,
    "band_gap": 0.0,
    "oxidation_state": 3.0,
    "possible_species": [
        "Fe3+",
        "Cr3+",
        "N3-"
    ],
    "density": 6.839357878522299,
    "quadrupole moment": [
        [
            -22.688176587871084,
            -5.033528027865563e-06,
            -1.7764110495088747e-15
        ],
        [
            -5.033528027865563e-06,
            -22.683483524954777,
            -1.7763568394002505e-15
        ],
        [
            -1.7764110495088747e-15,
            -1.7763568394002505e-15,
            -27.27931722011541
        ]
    ],
    "quadrupole moment normalized": [
        [
            -0.19897946721730483,
            -1.0632193143842953e-05,
            1.3879481873708965e-17
        ],
        [
            -1.0632193143842953e-05,
            -0.19889742556369444,
            4.85722573273506e-17
        ],
        [
            1.3879481873708965e-17,
            4.85722573273506e-17,
            -0.23922003687899315
        ]
    ]
}