{
    "MP-ID": "mp-1228622",
    "Material": "Al9Cr(BO9)2",
    "steinhart_vector": [
        [
            0.007771999710313092,
            0.00015229845868172502,
            0.0009482626428100142,
            0.000817126196992779,
            0.005625454707055686,
            0.001084137805593529,
            0.003202868692102112,
            0.0016098021692102888,
            0.004685997024176088,
            0.00182776786026307,
            0.0037114364029988303
        ],
        "Al9Cr(BO9)2"
    ],
    "steinhart_parameter_sum": 0.03143715167019722,
    "band_gap": 3.946599999999999,
    "oxidation_state": 3.0,
    "possible_species": [
        "O2-",
        "Cr3+",
        "Al3+",
        "B3+"
    ],
    "density": 2.923707147273764,
    "quadrupole moment": [
        [
            -18.347404656351497,
            1.9107324726888566,
            0.8983600388530997
        ],
        [
            1.9107324726888566,
            -15.744830153661594,
            1.128767180456348
        ],
        [
            0.8983600388530997,
            1.128767180456348,
            -14.067494359895655
        ]
    ],
    "quadrupole moment normalized": [
        [
            -0.1478319912387844,
            0.012528549436480543,
            0.005674952121847722
        ],
        [
            0.012528549436480543,
            -0.11829305827738612,
            0.0055845811800027505
        ],
        [
            0.005674952121847722,
            0.0055845811800027505,
            -0.10781130324904649
        ]
    ]
}