{
    "MP-ID": "mp-1101796",
    "Material": "TbCrO4",
    "steinhart_vector": [
        [
            0.013646750726412232,
            4.879123984202655e-12,
            0.0016755907902470401,
            0.009919720508917792,
            0.006912408906105539,
            0.003222457229662893,
            0.008014844929888085,
            0.00790002852733716,
            0.005317108414222431,
            0.006551377828521243,
            0.007674105497872433
        ],
        "TbCrO4"
    ],
    "steinhart_parameter_sum": 0.07083439336406597,
    "band_gap": 0.6953,
    "oxidation_state": 5.0,
    "possible_species": [
        "Cr5+",
        "O2-",
        "Tb3+"
    ],
    "density": 6.216692288492068,
    "quadrupole moment": [
        [
            -8.707168673163334,
            0.4195340816187476,
            0.8672000991910744
        ],
        [
            0.4195340816187476,
            -8.565010010513092,
            1.0264832773649393
        ],
        [
            0.8672000991910744,
            1.0264832773649393,
            -6.9398045292987875
        ]
    ],
    "quadrupole moment normalized": [
        [
            -0.1188245604333294,
            0.005725277011964021,
            0.01183446357050659
        ],
        [
            0.005725277011964021,
            -0.11688455660769834,
            0.014008161395554691
        ],
        [
            0.01183446357050659,
            0.014008161395554691,
            -0.09470578245852249
        ]
    ]
}