{
    "MP-ID": "mp-1099808",
    "Material": "La7SmCrFe7O24",
    "steinhart_vector": [
        [
            0.008366664953905588,
            3.063055796762926e-05,
            3.7767480449635235e-05,
            9.477222968419806e-06,
            0.0063896937150535,
            5.656601451127207e-05,
            0.0029589489406237814,
            5.022059732734485e-05,
            0.006006488806138785,
            8.513206875758114e-05,
            0.003443613627120659
        ],
        "La7SmCrFe7O24"
    ],
    "steinhart_parameter_sum": 0.0274352039848242,
    "band_gap": 0.8649000000000001,
    "oxidation_state": 4.0,
    "possible_species": [
        "Fe3+",
        "O2-",
        "Sm2+",
        "La3+",
        "Cr4+"
    ],
    "density": 6.60193274140618,
    "quadrupole moment": [
        [
            -15.461097328528366,
            -0.06955408143671278,
            -0.06956435147923527
        ],
        [
            -0.06955408143671278,
            -15.461087100799658,
            -0.06955923704781464
        ],
        [
            -0.06956435147923527,
            -0.06955923704781464,
            -15.461107794525528
        ]
    ],
    "quadrupole moment normalized": [
        [
            -0.1293572238239877,
            -0.0005832315587260416,
            -0.0005833176666204508
        ],
        [
            -0.0005832315587260416,
            -0.12935713806145546,
            -0.0005832747805999684
        ],
        [
            -0.0005833176666204508,
            -0.0005832747805999684,
            -0.12935730764031098
        ]
    ]
}