{
    "MP-ID": "mp-1208150",
    "Material": "ThCrSb3",
    "steinhart_vector": [
        [
            0.00034531978277635726,
            4.260683724846049e-05,
            1.5937639554557087e-05,
            4.48536117589163e-05,
            0.00024231510926756402,
            0.00010785942355501726,
            0.00010840640788091258,
            9.942653722540788e-05,
            0.0001834710385584251,
            0.0001599757489939159,
            0.00010986371252068812
        ],
        "ThCrSb3"
    ],
    "steinhart_parameter_sum": 0.001460035849340222,
    "band_gap": 0.0,
    "oxidation_state": 3.0,
    "possible_species": [
        "Th4+",
        "Cr3+",
        "Sb2-",
        "Sb3-"
    ],
    "density": 8.502014497377205,
    "quadrupole moment": [
        [
            -28.829925600047996,
            2.1557023108764373,
            0.0
        ],
        [
            2.1557023108764373,
            -32.445932643091055,
            1.7763568394002505e-15
        ],
        [
            0.0,
            1.7763568394002505e-15,
            -29.341781355522983
        ]
    ],
    "quadrupole moment normalized": [
        [
            -0.009955543645667114,
            0.00022808237194526138,
            2.168404344971009e-19
        ],
        [
            0.00022808237194526138,
            -0.011297762889217317,
            4.336808689942018e-19
        ],
        [
            2.168404344971009e-19,
            4.336808689942018e-19,
            -0.009950206210153346
        ]
    ]
}