{
    "MP-ID": "mp-1191060",
    "Material": "CrPb6(Cl3O4)2",
    "steinhart_vector": [
        [
            0.010548056225672285,
            3.1746282118732005e-18,
            4.744151813330348e-05,
            2.8838070420355535e-18,
            0.008055861797700736,
            6.184541648746196e-18,
            0.0037306209231330973,
            8.074437816480204e-18,
            0.007573271241239733,
            9.624473826595998e-18,
            0.004342076763842554
        ],
        "CrPb6(Cl3O4)2"
    ],
    "steinhart_parameter_sum": 0.03429732846972174,
    "band_gap": 0.0,
    "oxidation_state": 6.0,
    "possible_species": [
        "Cr6+",
        "Pb2.67+",
        "Cl-",
        "O2-"
    ],
    "density": 5.929235848846027,
    "quadrupole moment": [
        [
            -13.751564480673109,
            -0.07223500762446361,
            -0.031429340053637234
        ],
        [
            -0.07223500762446361,
            -13.827415162899221,
            -0.051999072759160825
        ],
        [
            -0.031429340053637234,
            -0.051999072759160825,
            -13.730529495871538
        ]
    ],
    "quadrupole moment normalized": [
        [
            -0.1450522762628148,
            -0.0007619394761878796,
            -0.0003315174901629258
        ],
        [
            -0.0007619394761878796,
            -0.14585234459949986,
            -0.0005484962104539172
        ],
        [
            -0.0003315174901629258,
            -0.0005484962104539172,
            -0.14483040419546167
        ]
    ]
}