{
    "MP-ID": "mp-1218260",
    "Material": "SrLiTi4CrO11",
    "steinhart_vector": [
        [
            0.007254641854447028,
            0.00025738547131781773,
            0.0007013923278162163,
            0.0006215992297493746,
            0.005394149270663903,
            0.0007003789103931192,
            0.0028065850188783376,
            0.0012597832382910713,
            0.004768280444029086,
            0.0011213468870643391,
            0.003268948619120736
        ],
        "SrLiTi4CrO11"
    ],
    "steinhart_parameter_sum": 0.028154491271771033,
    "band_gap": 1.8287,
    "oxidation_state": 3.0,
    "possible_species": [
        "O2-",
        "Sr2+",
        "Cr3+",
        "Li+",
        "Ti4+"
    ],
    "density": 4.178664714038567,
    "quadrupole moment": [
        [
            -15.295292131942373,
            -2.6645352591003757e-15,
            8.881784197001252e-16
        ],
        [
            -2.6645352591003757e-15,
            -18.54678308326065,
            -1.8907104365577387
        ],
        [
            8.881784197001252e-16,
            -1.8907104365577387,
            -16.105496498711044
        ]
    ],
    "quadrupole moment normalized": [
        [
            -0.10505358265992142,
            -2.0816681711721685e-17,
            6.938893903907228e-18
        ],
        [
            -2.0816681711721685e-17,
            -0.13930273025924225,
            -0.005529971361467663
        ],
        [
            6.938893903907228e-18,
            -0.005529971361467663,
            -0.1166781198460876
        ]
    ]
}