{
    "MP-ID": "mp-1280547",
    "Material": "Li2CrO3",
    "steinhart_vector": [
        [
            0.008581984754174685,
            0.00044901163878702905,
            0.0007458423912123357,
            0.001712872517598037,
            0.006335326037751214,
            0.0011674491479400295,
            0.003070950145011865,
            0.0025086308320644963,
            0.0054463705748609495,
            0.0020941396126775477,
            0.003370118433860767
        ],
        "Li2CrO3"
    ],
    "steinhart_parameter_sum": 0.03548269608593896,
    "band_gap": 1.0792,
    "oxidation_state": 4.0,
    "possible_species": [
        "O2-",
        "Li+",
        "Cr4+"
    ],
    "density": 3.568220361657857,
    "quadrupole moment": [
        [
            -16.93854999526152,
            0.4583653683132489,
            -0.5368637992654692
        ],
        [
            0.4583653683132489,
            -13.896838471472474,
            -0.09871992017316078
        ],
        [
            -0.5368637992654692,
            -0.09871992017316078,
            -15.638621576627727
        ]
    ],
    "quadrupole moment normalized": [
        [
            -0.13880523213278573,
            -0.0030695425490594773,
            0.0009149633596043857
        ],
        [
            -0.0030695425490594773,
            -0.12024944646255242,
            -0.010298932016013757
        ],
        [
            0.0009149633596043857,
            -0.010298932016013757,
            -0.1319630251382936
        ]
    ]
}