{
    "MP-ID": "mp-1275594",
    "Material": "Mg2CrSbO6",
    "steinhart_vector": [
        [
            0.0072464387524893365,
            1.067190033762303e-07,
            0.0004236361055387824,
            2.915543232776087e-07,
            0.0054968738715801746,
            1.8816939046001577e-07,
            0.002702198010073209,
            4.0026141730036865e-07,
            0.005099079934421822,
            3.468872654830766e-07,
            0.0032188057331853635
        ],
        "Mg2CrSbO6"
    ],
    "steinhart_parameter_sum": 0.024188365998688587,
    "band_gap": 2.485,
    "oxidation_state": 3.0,
    "possible_species": [
        "Mg2+",
        "Sb5+",
        "Cr3+",
        "O2-"
    ],
    "density": 4.97896856266768,
    "quadrupole moment": [
        [
            -16.463127130343114,
            -0.5268735713318795,
            -0.6925573157575307
        ],
        [
            -0.5268735713318795,
            -16.50421677706134,
            1.3968813842614822
        ],
        [
            -0.6925573157575307,
            1.3968813842614822,
            -16.879657332973164
        ]
    ],
    "quadrupole moment normalized": [
        [
            -0.11957044512346506,
            -0.004833984841842045,
            -0.006211998389744077
        ],
        [
            -0.004833984841842045,
            -0.12160287211509842,
            0.008939620085000401
        ],
        [
            -0.006211998389744077,
            0.008939620085000401,
            -0.11996773708528088
        ]
    ]
}