{
    "MP-ID": "mp-1188731",
    "Material": "ThCrSe3",
    "steinhart_vector": [
        [
            0.0006068699645003886,
            1.6034157826864235e-19,
            8.566351523337799e-05,
            8.311561203448878e-20,
            0.0004599961948881996,
            2.405239632770633e-19,
            0.0002446510396456807,
            1.4851094082502736e-19,
            0.000422750596804437,
            2.765454840368446e-19,
            0.00029152086142077773
        ],
        "ThCrSe3"
    ],
    "steinhart_parameter_sum": 0.0021114521724928626,
    "band_gap": 0.054999999999999,
    "oxidation_state": 2.0,
    "possible_species": [
        "Th4+",
        "Cr2+",
        "Se2-"
    ],
    "density": 7.300250733821811,
    "quadrupole moment": [
        [
            -26.949904106117426,
            -0.6900382512978176,
            -1.7743446118445787
        ],
        [
            -0.6900382512978176,
            -33.364304328990556,
            -0.4282771728500676
        ],
        [
            -1.7743446118445787,
            -0.4282771728500676,
            -24.196888711467874
        ]
    ],
    "quadrupole moment normalized": [
        [
            -0.016737240902180896,
            0.0014361881514758632,
            -0.0021027404177873755
        ],
        [
            0.0014361881514758632,
            -0.0169689998834131,
            -0.0014083668735828342
        ],
        [
            -0.0021027404177873755,
            -0.0014083668735828342,
            -0.016803879904394216
        ]
    ]
}