{
    "MP-ID": "mp-1247642",
    "Material": "Ca8Mn7CrO24",
    "steinhart_vector": [
        [
            0.009389434765076716,
            4.345038066473561e-19,
            5.039487349420911e-19,
            9.922528221908355e-19,
            0.007171299257302325,
            1.3366350605358105e-18,
            0.003319666496947232,
            1.8992656143016044e-18,
            0.006742274527945659,
            2.2625203092593997e-18,
            0.003863051652385725
        ],
        "Ca8Mn7CrO24"
    ],
    "steinhart_parameter_sum": 0.030485726699657663,
    "band_gap": 0.0,
    "oxidation_state": 4.0,
    "possible_species": [
        "Ca2+",
        "O2-",
        "Mn4+",
        "Cr4+"
    ],
    "density": 4.297963463956665,
    "quadrupole moment": [
        [
            -14.5947033956452,
            -2.3470073095849566e-15,
            -8.93667839899095e-16
        ],
        [
            -2.3470073095849566e-15,
            -14.5947033956452,
            -8.93667839899095e-16
        ],
        [
            -8.93667839899095e-16,
            -8.93667839899095e-16,
            -14.5947033956452
        ]
    ],
    "quadrupole moment normalized": [
        [
            -0.13703601544905422,
            -2.203707202650616e-17,
            -8.391035884379576e-18
        ],
        [
            -2.203707202650616e-17,
            -0.13703601544905422,
            -8.391035884379576e-18
        ],
        [
            -8.391035884379576e-18,
            -8.391035884379576e-18,
            -0.13703601544905422
        ]
    ]
}