{
    "MP-ID": "mp-1645095",
    "Material": "CaCr(GeO3)2",
    "steinhart_vector": [
        [
            0.005498150891966873,
            0.0001019380627137971,
            0.0008206228381909505,
            0.000659199615014672,
            0.0041259678618809584,
            0.0006674082228053346,
            0.002077248888356438,
            0.001151947633035095,
            0.0036661249965798588,
            0.0011488137289259756,
            0.0022989248615918017
        ],
        "CaCr(GeO3)2"
    ],
    "steinhart_parameter_sum": 0.022216347601061757,
    "band_gap": 0.690399999999999,
    "oxidation_state": 2.0,
    "possible_species": [
        "Ca2+",
        "Cr2+",
        "O2-",
        "Ge4+"
    ],
    "density": 4.262478569973958,
    "quadrupole moment": [
        [
            -17.968787314547203,
            1.5602378311371055,
            1.453493781799191
        ],
        [
            1.5602378311371055,
            -18.24398865039069,
            -0.46432597361629835
        ],
        [
            1.453493781799191,
            -0.46432597361629835,
            -22.20207137243179
        ]
    ],
    "quadrupole moment normalized": [
        [
            -0.10706450390241574,
            0.004737876093022432,
            -0.0002329843474582257
        ],
        [
            0.004737876093022432,
            -0.11217476364369246,
            0.012107131456424692
        ],
        [
            -0.0002329843474582257,
            0.012107131456424692,
            -0.09335249875360682
        ]
    ]
}