{
    "MP-ID": "mp-1178643",
    "Material": "ZnCrCu3Se4",
    "steinhart_vector": [
        [
            0.0008298382194171931,
            3.9324446589473236e-19,
            2.680624038597162e-19,
            0.0006185248896480765,
            0.0004225329394496289,
            6.449786315944755e-19,
            0.0005215859842112599,
            0.000507821392919386,
            0.00017655769029383835,
            0.0004297983541108718,
            0.0005395223619993711
        ],
        "ZnCrCu3Se4"
    ],
    "steinhart_parameter_sum": 0.004046181832049627,
    "band_gap": 0.0,
    "oxidation_state": 3.0,
    "possible_species": [
        "Cu+",
        "Cr3+",
        "Zn2+",
        "Se2-"
    ],
    "density": 5.574200426021943,
    "quadrupole moment": [
        [
            -15.875688072232208,
            -3.1086244689504383e-15,
            -1.3322676295501878e-15
        ],
        [
            -3.1086244689504383e-15,
            -15.875688072232208,
            -1.3322676295501878e-15
        ],
        [
            -1.3322676295501878e-15,
            -1.3322676295501878e-15,
            -15.875688072232206
        ]
    ],
    "quadrupole moment normalized": [
        [
            -0.013174252721883946,
            3.903127820947816e-18,
            2.168404344971009e-18
        ],
        [
            3.903127820947816e-18,
            -0.013174252721883948,
            2.168404344971009e-18
        ],
        [
            2.168404344971009e-18,
            2.168404344971009e-18,
            -0.013174252721883946
        ]
    ]
}