{
    "MP-ID": "mp-18754",
    "Material": "DyCrO4",
    "steinhart_vector": [
        [
            0.01503702958765351,
            5.8490028306621664e-08,
            0.0017007537362559637,
            0.011007292837880463,
            0.007504027096781805,
            0.0032938886940292052,
            0.009171988017339509,
            0.008485109770915262,
            0.005237741844386529,
            0.008080376580074872,
            0.00834657234381648
        ],
        "DyCrO4"
    ],
    "steinhart_parameter_sum": 0.07786483899916191,
    "band_gap": 0.29799999999999904,
    "oxidation_state": 5.0,
    "possible_species": [
        "Cr5+",
        "O2-",
        "Dy3+"
    ],
    "density": 5.865965620758981,
    "quadrupole moment": [
        [
            -7.228890201706072,
            -0.7769836824812038,
            0.5457666753236288
        ],
        [
            -0.7769836824812038,
            -8.291192284427726,
            1.034217935713313
        ],
        [
            0.5457666753236288,
            1.034217935713313,
            -7.545475561052683
        ]
    ],
    "quadrupole moment normalized": [
        [
            -0.1087010164911891,
            -0.01168347734676271,
            0.008207561748717083
        ],
        [
            -0.01168347734676271,
            -0.12467478643504044,
            0.015551192360291302
        ],
        [
            0.008207561748717083,
            0.015551192360291302,
            -0.11346167587171571
        ]
    ]
}