{
    "MP-ID": "mp-1049246",
    "Material": "LaZnCrWO6",
    "steinhart_vector": [
        [
            0.007185926803032216,
            0.00035986424921856223,
            0.0002152313130677854,
            0.0007195207607132974,
            0.005438543057362814,
            0.0006445309332825402,
            0.0025278296169303914,
            0.0010851970326648396,
            0.004996303998816698,
            0.0010544286646877697,
            0.002883395732709496
        ],
        "LaZnCrWO6"
    ],
    "steinhart_parameter_sum": 0.02711077216248641,
    "band_gap": 1.9409,
    "oxidation_state": 3.0,
    "possible_species": [
        "O2-",
        "Cr3+",
        "Zn2+",
        "La3+",
        "W4+"
    ],
    "density": 7.278857735655433,
    "quadrupole moment": [
        [
            -16.249708239061512,
            -0.23216288565958654,
            0.3033987501641408
        ],
        [
            -0.23216288565958654,
            -17.219970246555455,
            0.017577217059222328
        ],
        [
            0.3033987501641408,
            0.017577217059222328,
            -16.81207419170496
        ]
    ],
    "quadrupole moment normalized": [
        [
            -0.1174295030027552,
            -0.0018636217412905582,
            0.0028603733661093493
        ],
        [
            -0.0018636217412905582,
            -0.12094056819201772,
            -0.0030759291152962255
        ],
        [
            0.0028603733661093493,
            -0.0030759291152962255,
            -0.12072175057583297
        ]
    ]
}