{
    "MP-ID": "mp-1226245",
    "Material": "CrFeP2",
    "steinhart_vector": [
        [
            0.0021724394400401675,
            0.00025447006067821963,
            0.00020313804773609508,
            0.0005804246747295496,
            0.0013676294445395638,
            0.0007005291842285957,
            0.0006511481247183684,
            0.0010815837677213879,
            0.0008350213513450444,
            0.0008796684353080783,
            0.0006446635628334329
        ],
        "CrFeP2"
    ],
    "steinhart_parameter_sum": 0.009370716093878503,
    "band_gap": 0.0,
    "oxidation_state": 3.0,
    "possible_species": [
        "P3-",
        "Fe3+",
        "Cr3+"
    ],
    "density": 5.909923393125704,
    "quadrupole moment": [
        [
            -28.241572129203,
            -4.197632218899905e-15,
            -3.68868456752347e-15
        ],
        [
            -4.197632218899905e-15,
            -33.067999833219915,
            2.261819351994302
        ],
        [
            -3.68868456752347e-15,
            2.261819351994302,
            -38.51984763971362
        ]
    ],
    "quadrupole moment normalized": [
        [
            -0.06164898124020867,
            4.546416338905388e-19,
            -1.1587885384651624e-17
        ],
        [
            4.546416338905388e-19,
            -0.07194740335303268,
            0.005182267073834835
        ],
        [
            -1.1587885384651624e-17,
            0.005182267073834835,
            -0.08294114495692914
        ]
    ]
}