{
    "MP-ID": "mp-1033034",
    "Material": "Mg6AlCrO8",
    "steinhart_vector": [
        [
            0.005313918065679078,
            6.978672528775011e-19,
            0.0006798640519610759,
            8.297066367643804e-19,
            0.004082229294015281,
            1.5148714476332936e-18,
            0.0019834701634002783,
            1.8681489276515492e-18,
            0.003844991874366378,
            2.559412072445631e-18,
            0.002272399363356161
        ],
        "Mg6AlCrO8"
    ],
    "steinhart_parameter_sum": 0.018176872812778258,
    "band_gap": 0.08900000000000001,
    "oxidation_state": 2.0,
    "possible_species": [
        "Mg2+",
        "Cr2+",
        "O2-",
        "Al2+"
    ],
    "density": 3.642505091193844,
    "quadrupole moment": [
        [
            -22.489833136876726,
            -2.9375393355935943e-15,
            -2.1060241051936045e-15
        ],
        [
            -2.9375393355935943e-15,
            -18.266886149413285,
            -1.898027419677817e-15
        ],
        [
            -2.1060241051936045e-15,
            -1.898027419677817e-15,
            -18.266886149413285
        ]
    ],
    "quadrupole moment normalized": [
        [
            -0.08892907243142623,
            -1.7606970739545424e-17,
            -8.32761937597466e-18
        ],
        [
            -1.7606970739545424e-17,
            -0.10948773554732195,
            -1.1376362806855583e-17
        ],
        [
            -8.32761937597466e-18,
            -1.1376362806855583e-17,
            -0.10948773554732195
        ]
    ]
}