{
    "MP-ID": "mp-18906",
    "Material": "CrPO4",
    "steinhart_vector": [
        [
            0.007860143436221769,
            1.7874740544950212e-18,
            0.000905048795026411,
            2.9130072520517746e-18,
            0.0059131294776415735,
            2.605679617659831e-18,
            0.0031637889678268155,
            4.448182834102017e-18,
            0.00540449118693572,
            4.3652169257670054e-18,
            0.003773465293997387
        ],
        "CrPO4"
    ],
    "steinhart_parameter_sum": 0.027020067157649694,
    "band_gap": 1.8393000000000002,
    "oxidation_state": 3.0,
    "possible_species": [
        "O2-",
        "Cr3+",
        "P5+"
    ],
    "density": 3.9544293760455993,
    "quadrupole moment": [
        [
            -14.69131239021458,
            0.5901239401957097,
            0.7281953728944548
        ],
        [
            0.5901239401957097,
            -14.18440297804919,
            -0.4835202028149599
        ],
        [
            0.7281953728944548,
            -0.4835202028149599,
            -19.15525317746583
        ]
    ],
    "quadrupole moment normalized": [
        [
            -0.12439696181663526,
            0.015740579464037487,
            0.002403749690985814
        ],
        [
            0.015740579464037487,
            -0.11105679886822303,
            -0.0016068094887999422
        ],
        [
            0.002403749690985814,
            -0.0016068094887999422,
            -0.14021620479487368
        ]
    ]
}