{
    "MP-ID": "mp-1207733",
    "Material": "YCrGeO5",
    "steinhart_vector": [
        [
            0.007856240934102997,
            3.9919708716812404e-05,
            0.0004150808620662276,
            0.0005769847145189015,
            0.0059095539154721075,
            0.0007640501361434463,
            0.002823471556725434,
            0.0011369267368486562,
            0.005350970731134411,
            0.0013430954518604634,
            0.0032370247763324955
        ],
        "YCrGeO5"
    ],
    "steinhart_parameter_sum": 0.029453319523921957,
    "band_gap": 2.863,
    "oxidation_state": 3.0,
    "possible_species": [
        "Y3+",
        "Cr3+",
        "O2-",
        "Ge4+"
    ],
    "density": 5.314018196058346,
    "quadrupole moment": [
        [
            -16.86970857855394,
            -2.508952247348706e-15,
            -1.341158087364569e-16
        ],
        [
            -2.508952247348706e-15,
            -14.4901460583781,
            0.4225329386813015
        ],
        [
            -1.341158087364569e-16,
            0.4225329386813015,
            -16.53249641951825
        ]
    ],
    "quadrupole moment normalized": [
        [
            -0.13603898671750395,
            8.42628375928578e-18,
            1.568874424904415e-17
        ],
        [
            8.42628375928578e-18,
            -0.11519340796791877,
            -0.0003502539034407372
        ],
        [
            1.568874424904415e-17,
            -0.0003502539034407372,
            -0.12474801647270586
        ]
    ]
}