{
    "MP-ID": "mp-1209946",
    "Material": "NbCrS5",
    "steinhart_vector": [
        [
            0.0019347507011430692,
            1.519275149537965e-05,
            8.873029788463269e-05,
            0.00024003696354677457,
            0.0014458503701095821,
            0.00021255119618070252,
            0.0006831641743736184,
            0.0003989149357322777,
            0.0012891544023463579,
            0.0003808302133803159,
            0.0007660764500927712
        ],
        "NbCrS5"
    ],
    "steinhart_parameter_sum": 0.007455252456285481,
    "band_gap": 0.0,
    "oxidation_state": 3.0,
    "possible_species": [
        "Nb5+",
        "Cr3+",
        "S2-",
        "S-"
    ],
    "density": 3.708697602025733,
    "quadrupole moment": [
        [
            -23.193811617858003,
            0.0,
            -2.220446049250313e-16
        ],
        [
            0.0,
            -21.54483541181395,
            -1.3251717754100358
        ],
        [
            -2.220446049250313e-16,
            -1.3251717754100358,
            -23.66810906540519
        ]
    ],
    "quadrupole moment normalized": [
        [
            -0.04439156981743915,
            6.938893903907228e-18,
            8.673617379884035e-19
        ],
        [
            6.938893903907228e-18,
            -0.041280601770809375,
            -0.0022967504892251423
        ],
        [
            8.673617379884035e-19,
            -0.0022967504892251423,
            -0.046152892486170785
        ]
    ]
}