{
    "MP-ID": "mp-1037573",
    "Material": "Mg30ZnCrO32",
    "steinhart_vector": [
        [
            0.005644022020561674,
            1.3908028187302948e-18,
            0.00037891255793425096,
            1.5430222904534038e-18,
            0.004317626331030521,
            1.294912352895727e-18,
            0.002026697056003531,
            1.832598951134132e-18,
            0.004061375435287203,
            1.509461871033858e-18,
            0.0023476352989113716
        ],
        "Mg30ZnCrO32"
    ],
    "steinhart_parameter_sum": 0.018776268699728562,
    "band_gap": 1.6493000000000002,
    "oxidation_state": 2.0,
    "possible_species": [
        "Mg2+",
        "Cr2+",
        "Zn2+",
        "O2-"
    ],
    "density": 3.627175832778488,
    "quadrupole moment": [
        [
            -18.22262445041998,
            -2.9304215115271634e-15,
            0.0
        ],
        [
            -2.9304215115271634e-15,
            -18.22262445041998,
            0.0
        ],
        [
            0.0,
            0.0,
            -20.23156672634203
        ]
    ],
    "quadrupole moment normalized": [
        [
            -0.10975367491337978,
            -1.764973705134525e-17,
            0.0
        ],
        [
            -1.764973705134525e-17,
            -0.10975367491337978,
            0.0
        ],
        [
            0.0,
            0.0,
            -0.09885541871534582
        ]
    ]
}