{
    "MP-ID": "mp-1201096",
    "Material": "CaCrBi12(Mo2O17)2",
    "steinhart_vector": [
        [
            0.015991323486868096,
            0.00027019981585713434,
            0.0003723653363441182,
            0.011915337662768224,
            0.008143616489448583,
            0.0005905234183534183,
            0.010043334654814794,
            0.009774184840270273,
            0.0034885570938518835,
            0.008283151809070298,
            0.010365319880683743
        ],
        "CaCrBi12(Mo2O17)2"
    ],
    "steinhart_parameter_sum": 0.07923791448833056,
    "band_gap": 2.5855,
    "oxidation_state": 6.0,
    "possible_species": [
        "Cr6+",
        "O2-",
        "Bi3+",
        "Ca2+",
        "Mo6+"
    ],
    "density": 6.848253762190251,
    "quadrupole moment": [
        [
            -7.629814155617117,
            -4.440892098500626e-16,
            7.105427357601002e-15
        ],
        [
            -4.440892098500626e-16,
            -7.45352087087668,
            -0.17298376021474166
        ],
        [
            7.105427357601002e-15,
            -0.17298376021474166,
            -7.290271444019924
        ]
    ],
    "quadrupole moment normalized": [
        [
            -0.1219633212674359,
            -1.3877787807814457e-17,
            -1.691355389077387e-16
        ],
        [
            -1.3877787807814457e-17,
            -0.11581503966548858,
            -0.0022314685037880143
        ],
        [
            -1.691355389077387e-16,
            -0.0022314685037880143,
            -0.1198589344889602
        ]
    ]
}