{
    "MP-ID": "mp-1033645",
    "Material": "RbMg6CrO8",
    "steinhart_vector": [
        [
            0.006119985635596346,
            2.6427435918065638e-18,
            0.001246782755481418,
            2.8466639643092212e-18,
            0.004742994003933314,
            2.604678120717307e-18,
            0.0024580351618586154,
            3.120407493700625e-18,
            0.004479428469328611,
            2.9066317800786114e-18,
            0.0027624715406959622
        ],
        "RbMg6CrO8"
    ],
    "steinhart_parameter_sum": 0.021809697566894284,
    "band_gap": 0.051299999999999006,
    "oxidation_state": 3.0,
    "possible_species": [
        "Mg2+",
        "O2-",
        "Rb+",
        "Cr3+"
    ],
    "density": 3.807064381849027,
    "quadrupole moment": [
        [
            -15.237856501387192,
            0.0,
            -9.330496095145255e-16
        ],
        [
            0.0,
            -20.258521736354496,
            -1.2404766899941808e-15
        ],
        [
            -9.330496095145255e-16,
            -1.2404766899941808e-15,
            -20.258521736354496
        ]
    ],
    "quadrupole moment normalized": [
        [
            -0.13125205633862794,
            0.0,
            -8.036870533830439e-18
        ],
        [
            0.0,
            -0.0987238864724736,
            -6.0450945783950746e-18
        ],
        [
            -8.036870533830439e-18,
            -6.0450945783950746e-18,
            -0.0987238864724736
        ]
    ]
}