{
    "MP-ID": "mp-1228863",
    "Material": "CsMnCrF6",
    "steinhart_vector": [
        [
            0.007587460078759296,
            1.6541413007814592e-18,
            0.0003618861734705988,
            1.5584000482120592e-18,
            0.005773194396887938,
            2.7405179081690643e-18,
            0.0027707626266260106,
            2.1287873167365397e-18,
            0.0053863009363718985,
            2.875336328599441e-18,
            0.003271221634148856
        ],
        "CsMnCrF6"
    ],
    "steinhart_parameter_sum": 0.025150825846264605,
    "band_gap": 1.595799999999999,
    "oxidation_state": 3.0,
    "possible_species": [
        "Mn2+",
        "F-",
        "Cr3+",
        "Cs+"
    ],
    "density": 3.775565104075753,
    "quadrupole moment": [
        [
            -7.622652210414297,
            -0.13871311661802688,
            -0.3154999410624756
        ],
        [
            -0.13871311661802688,
            -8.085749316809856,
            0.23975089693335683
        ],
        [
            -0.3154999410624756,
            0.23975089693335683,
            -7.259883430591607
        ]
    ],
    "quadrupole moment normalized": [
        [
            -0.05897811800472699,
            -0.0015832564917548117,
            -0.002574002510657188
        ],
        [
            -0.0015832564917548117,
            -0.05919598069451587,
            0.002736490782181019
        ],
        [
            -0.002574002510657188,
            0.002736490782181019,
            -0.05601847324285606
        ]
    ]
}