{
    "MP-ID": "mp-1518505",
    "Material": "SrSmZrCrO6",
    "steinhart_vector": [
        [
            0.008358780735043935,
            1.4793240532240294e-19,
            1.2724551836249873e-18,
            1.5928821506275452e-18,
            0.006384124239312907,
            2.0195866897070798e-18,
            0.0029552752701005203,
            2.5380284822298283e-18,
            0.0060021924476418844,
            4.038369972839208e-18,
            0.0034390144389248125
        ],
        "SrSmZrCrO6"
    ],
    "steinhart_parameter_sum": 0.027139387131024068,
    "band_gap": 2.408699999999999,
    "oxidation_state": 4.0,
    "possible_species": [
        "O2-",
        "Zr4+",
        "Sr2+",
        "Sm2+",
        "Cr4+"
    ],
    "density": 6.050170905972822,
    "quadrupole moment": [
        [
            -15.46833365363493,
            -8.881784197001252e-16,
            -1.7763568394002505e-15
        ],
        [
            -8.881784197001252e-16,
            -15.468333653634932,
            -8.881784197001252e-16
        ],
        [
            -1.7763568394002505e-15,
            -8.881784197001252e-16,
            -15.46833365363493
        ]
    ],
    "quadrupole moment normalized": [
        [
            -0.12929640934723544,
            2.0816681711721685e-17,
            -1.3877787807814457e-17
        ],
        [
            2.0816681711721685e-17,
            -0.12929640934723544,
            -6.938893903907228e-18
        ],
        [
            -1.3877787807814457e-17,
            -6.938893903907228e-18,
            -0.12929640934723546
        ]
    ]
}