{
    "MP-ID": "mp-1043356",
    "Material": "CaCr(GeO3)2",
    "steinhart_vector": [
        [
            0.0054902580765197155,
            0.00012149779287353811,
            0.0006649527044868768,
            0.0006906964995258278,
            0.004096349905213031,
            0.0007045985311453313,
            0.00203213894852644,
            0.001183058580087957,
            0.003613585057718784,
            0.0012056352516494862,
            0.002267311610089941
        ],
        "CaCr(GeO3)2"
    ],
    "steinhart_parameter_sum": 0.022070082957836933,
    "band_gap": 0.336999999999999,
    "oxidation_state": 2.0,
    "possible_species": [
        "Ca2+",
        "Cr2+",
        "O2-",
        "Ge4+"
    ],
    "density": 4.270050311963065,
    "quadrupole moment": [
        [
            -19.665227615056807,
            -1.5620091490935017,
            0.00676675206964239
        ],
        [
            -1.5620091490935017,
            -17.15193586110138,
            0.008278117499496584
        ],
        [
            0.00676675206964239,
            0.008278117499496584,
            -21.113762324861213
        ]
    ],
    "quadrupole moment normalized": [
        [
            -0.11818460294255283,
            0.005922622578104704,
            -3.836142123066037e-05
        ],
        [
            0.005922622578104704,
            -0.09407458717153565,
            -5.12233790782822e-05
        ],
        [
            -3.836142123066037e-05,
            -5.12233790782822e-05,
            -0.10089358920384098
        ]
    ]
}