{
    "MP-ID": "mp-19076",
    "Material": "HoCrO4",
    "steinhart_vector": [
        [
            0.015066928855540822,
            1.6659637978016405e-06,
            0.0018456124891476958,
            0.010991371805810248,
            0.007503297146294036,
            0.0035621848774075944,
            0.009122655960488873,
            0.008409274179386679,
            0.0055214539519403165,
            0.00807419579107032,
            0.008168363814145376
        ],
        "HoCrO4"
    ],
    "steinhart_parameter_sum": 0.07826700483502975,
    "band_gap": 0.296799999999999,
    "oxidation_state": 5.0,
    "possible_species": [
        "Cr5+",
        "O2-",
        "Ho3+"
    ],
    "density": 6.001059832937755,
    "quadrupole moment": [
        [
            -7.447831176984404,
            -0.635941963092794,
            0.6521373712656513
        ],
        [
            -0.635941963092794,
            -8.314486520283895,
            1.23201832553681
        ],
        [
            0.6521373712656513,
            1.23201832553681,
            -7.280343441256157
        ]
    ],
    "quadrupole moment normalized": [
        [
            -0.11222371855942652,
            -0.00958999260385346,
            0.009805678812677632
        ],
        [
            -0.00958999260385346,
            -0.1252773781608167,
            0.01856700485791202
        ],
        [
            0.009805678812677632,
            0.01856700485791202,
            -0.10968103022395564
        ]
    ]
}