{
    "MP-ID": "mp-1372734",
    "Material": "CaCrF5",
    "steinhart_vector": [
        [
            0.008302737236152383,
            6.973793110263935e-05,
            0.000475469659304256,
            0.000781927774134469,
            0.006244532579329309,
            0.0007504462040773287,
            0.002985850977885159,
            0.0013433725481742582,
            0.005659759945748283,
            0.0013156725576443603,
            0.003421292591447379
        ],
        "CaCrF5"
    ],
    "steinhart_parameter_sum": 0.03135080000499983,
    "band_gap": 3.1383,
    "oxidation_state": 3.0,
    "possible_species": [
        "Ca2+",
        "Cr3+",
        "F-"
    ],
    "density": 3.200379509537344,
    "quadrupole moment": [
        [
            -7.539798159174936,
            -0.0336483743618233,
            0.5679719861750991
        ],
        [
            -0.0336483743618233,
            -7.187102074056268,
            0.036844042547127365
        ],
        [
            0.5679719861750991,
            0.036844042547127365,
            -7.272003433410611
        ]
    ],
    "quadrupole moment normalized": [
        [
            -0.06423368183171596,
            4.8584278208647154e-05,
            0.0032016174743195553
        ],
        [
            4.8584278208647154e-05,
            -0.06140470279971678,
            0.0003709230173788063
        ],
        [
            0.0032016174743195553,
            0.0003709230173788063,
            -0.056461119369264824
        ]
    ]
}