{
    "MP-ID": "mp-1221987",
    "Material": "Mn2CrSe3",
    "steinhart_vector": [
        [
            0.0005842781787794075,
            3.5090362177421587e-20,
            2.248699750723372e-05,
            6.885515329943112e-20,
            0.0004459567382165646,
            9.184679079938584e-20,
            0.00020899671306503576,
            1.3628717233342316e-19,
            0.0004184912639647746,
            2.10605218597933e-19,
            0.00024396136672933264
        ],
        "Mn2CrSe3"
    ],
    "steinhart_parameter_sum": 0.0019241712582623491,
    "band_gap": 0.0,
    "oxidation_state": 2.0,
    "possible_species": [
        "Se2-",
        "Cr2+",
        "Mn2+"
    ],
    "density": 5.690257085198115,
    "quadrupole moment": [
        [
            -28.94908943136644,
            0.25591462936249787,
            -0.8282074078189474
        ],
        [
            0.25591462936249787,
            -28.753877495564293,
            -0.5631865831494398
        ],
        [
            -0.8282074078189474,
            -0.5631865831494398,
            -27.502810010841753
        ]
    ],
    "quadrupole moment normalized": [
        [
            -0.01609931928557476,
            0.00015426876081720562,
            0.00011490935921204884
        ],
        [
            0.00015426876081720562,
            -0.017333221995547567,
            -0.00033949640357712127
        ],
        [
            0.00011490935921204884,
            -0.00033949640357712127,
            -0.01629998283876297
        ]
    ]
}