{
    "MP-ID": "mp-1246656",
    "Material": "V3CrO8",
    "steinhart_vector": [
        [
            0.007371001349616074,
            3.5760658097577924e-06,
            0.0014302178590468184,
            1.712040388313365e-05,
            0.005178196263740665,
            2.3993306363732396e-05,
            0.0038400316996676205,
            2.748955725269464e-05,
            0.004148965266791822,
            4.284723620632432e-05,
            0.0047176877162254036
        ],
        "V3CrO8"
    ],
    "steinhart_parameter_sum": 0.026801126724604045,
    "band_gap": 0.9460000000000001,
    "oxidation_state": 3.0,
    "possible_species": [
        "V5+",
        "V4+",
        "Cr3+",
        "O2-"
    ],
    "density": 3.74555662392007,
    "quadrupole moment": [
        [
            -13.208889279422758,
            -0.006220904213483536,
            -0.043012032423484614
        ],
        [
            -0.006220904213483536,
            -22.859446562332895,
            -0.19001469072003907
        ],
        [
            -0.043012032423484614,
            -0.19001469072003907,
            -13.35069149622524
        ]
    ],
    "quadrupole moment normalized": [
        [
            -0.0974033796103741,
            -0.00017663780730721446,
            -0.0010999632021715978
        ],
        [
            -0.00017663780730721446,
            -0.16848750515913705,
            4.1765162453563653e-05
        ],
        [
            -0.0010999632021715978,
            4.1765162453563653e-05,
            -0.09835314339836601
        ]
    ]
}