{
    "MP-ID": "mp-1226290",
    "Material": "CrFe3As4",
    "steinhart_vector": [
        [
            0.000789262948198535,
            7.192250822613467e-05,
            1.9817374448841637e-05,
            0.0001821442535953555,
            0.0005322573178718333,
            0.00024069737966883218,
            0.00022098073387586127,
            0.00033671930898238127,
            0.0003710491550591719,
            0.0003405825222596145,
            0.00019712339914646133
        ],
        "CrFe3As4"
    ],
    "steinhart_parameter_sum": 0.003302556901333023,
    "band_gap": 0.0,
    "oxidation_state": 3.0,
    "possible_species": [
        "As3-",
        "Fe3+",
        "Cr3+"
    ],
    "density": 7.678622673141639,
    "quadrupole moment": [
        [
            -35.79627530938801,
            -7.105427357601002e-15,
            -3.1086244689504383e-15
        ],
        [
            -7.105427357601002e-15,
            -36.29789702499475,
            -0.2265372332683242
        ],
        [
            -3.1086244689504383e-15,
            -0.2265372332683242,
            -39.711004969646524
        ]
    ],
    "quadrupole moment normalized": [
        [
            -0.028317459304277714,
            -8.673617379884035e-19,
            2.6020852139652106e-18
        ],
        [
            -8.673617379884035e-19,
            -0.028761309513363097,
            -0.00021876315881382002
        ],
        [
            2.6020852139652106e-18,
            -0.00021876315881382002,
            -0.030879410060108893
        ]
    ]
}