{
    "MP-ID": "mp-1030819",
    "Material": "NaMg6CrO8",
    "steinhart_vector": [
        [
            0.006350597798054912,
            5.344462629000686e-19,
            0.00030879908086875956,
            1.0723487191179517e-18,
            0.004854443249147683,
            1.7895575933112924e-18,
            0.0022637797623410068,
            2.4776111599940596e-18,
            0.0045652373842996995,
            3.1842781626550787e-18,
            0.0026279124952736333
        ],
        "NaMg6CrO8"
    ],
    "steinhart_parameter_sum": 0.0209707697699857,
    "band_gap": 3.0212,
    "oxidation_state": 3.0,
    "possible_species": [
        "Mg2+",
        "Na+",
        "O2-",
        "Cr3+"
    ],
    "density": 3.683408987571671,
    "quadrupole moment": [
        [
            -16.94161546798719,
            -2.925843148559341e-15,
            -1.827879790493803e-15
        ],
        [
            -2.925843148559341e-15,
            -18.19415421546157,
            -1.894245031941466e-15
        ],
        [
            -1.827879790493803e-15,
            -1.894245031941466e-15,
            -18.19415421546157
        ]
    ],
    "quadrupole moment normalized": [
        [
            -0.1180524964563853,
            -1.767735538165372e-17,
            -1.2737024571105152e-17
        ],
        [
            -1.767735538165372e-17,
            -0.10992541759926275,
            -1.1444647204020192e-17
        ],
        [
            -1.2737024571105152e-17,
            -1.1444647204020192e-17,
            -0.10992541759926275
        ]
    ]
}