{
    "MP-ID": "mp-1084823",
    "Material": "Sr2CrSbO6",
    "steinhart_vector": [
        [
            0.0073058872068046225,
            4.110932361106313e-06,
            0.00012278312267234307,
            7.457158798717426e-06,
            0.00557663584501617,
            4.3796929605062755e-06,
            0.0025956015663140893,
            9.332362487567792e-06,
            0.005236861125516962,
            6.434468929584249e-06,
            0.0030279751139389104
        ],
        "Sr2CrSbO6"
    ],
    "steinhart_parameter_sum": 0.023897458595800575,
    "band_gap": 1.6894,
    "oxidation_state": 3.0,
    "possible_species": [
        "Sb5+",
        "O2-",
        "Sr2+",
        "Cr3+"
    ],
    "density": 5.782504039660558,
    "quadrupole moment": [
        [
            -16.30151750838208,
            -0.12498052744811394,
            0.34836165868075275
        ],
        [
            -0.12498052744811394,
            -16.627705429194265,
            0.21842754130276765
        ],
        [
            0.34836165868075275,
            0.21842754130276765,
            -16.707281397845474
        ]
    ],
    "quadrupole moment normalized": [
        [
            -0.1189694591679071,
            -0.0007530000712205401,
            0.0026937015878367616
        ],
        [
            -0.0007530000712205401,
            -0.12159252156131756,
            0.001291805889177499
        ],
        [
            0.0026937015878367616,
            0.001291805889177499,
            -0.12207514276345577
        ]
    ]
}