{
    "MP-ID": "mp-1223155",
    "Material": "La2NbCrO6",
    "steinhart_vector": [
        [
            0.006088973243659173,
            1.132069586039491e-18,
            0.0008515751421371137,
            1.0227945873209232e-18,
            0.004682903900047063,
            2.818595292347192e-18,
            0.0022954263417450634,
            2.8845529934619507e-18,
            0.00441229678571771,
            4.1247513154196495e-18,
            0.0026226408927072726
        ],
        "La2NbCrO6"
    ],
    "steinhart_parameter_sum": 0.02095381630601341,
    "band_gap": 0.0,
    "oxidation_state": 2.0,
    "possible_species": [
        "Cr2+",
        "Nb4+",
        "La3+",
        "O2-"
    ],
    "density": 6.403607424307154,
    "quadrupole moment": [
        [
            -18.953441817868107,
            0.8343170141692964,
            -1.0140149703487273
        ],
        [
            0.8343170141692964,
            -18.35767466978152,
            -1.4388358223700326
        ],
        [
            -1.0140149703487273,
            -1.4388358223700326,
            -17.79272761616258
        ]
    ],
    "quadrupole moment normalized": [
        [
            -0.1061028429229305,
            -0.005329977528716268,
            0.006478207442259506
        ],
        [
            -0.005329977528716268,
            -0.10990877385047065,
            0.00919133640618572
        ],
        [
            0.006478207442259506,
            0.00919133640618572,
            -0.11351816868835507
        ]
    ]
}