{
    "MP-ID": "mp-19197",
    "Material": "Ba3CrO5",
    "steinhart_vector": [
        [
            0.0126765457778454,
            9.926637511332727e-07,
            0.0007589323497860026,
            0.009399640854798736,
            0.006423414917537863,
            0.0014888886955507319,
            0.007888862777153472,
            0.007596073029311407,
            0.0033326433854443875,
            0.006605834908318898,
            0.00789452389924503
        ],
        "Ba3CrO5"
    ],
    "steinhart_parameter_sum": 0.06406635325874305,
    "band_gap": 0.0,
    "oxidation_state": 4.0,
    "possible_species": [
        "O2-",
        "Cr4+",
        "Ba2+"
    ],
    "density": 5.719120029891686,
    "quadrupole moment": [
        [
            -7.872528806791667,
            -9.082882002076076e-07,
            -0.0005654233993985791
        ],
        [
            -9.082882002076076e-07,
            -9.376476514932154,
            -7.339863448940775e-05
        ],
        [
            -0.0005654233993985791,
            -7.339863448940775e-05,
            -7.8724347513158195
        ]
    ],
    "quadrupole moment normalized": [
        [
            -0.09979647166159748,
            -4.047792570221337e-06,
            4.452738474016588e-06
        ],
        [
            -4.047792570221337e-06,
            -0.11886133387533854,
            -3.600897292198313e-06
        ],
        [
            4.452738474016588e-06,
            -3.600897292198313e-06,
            -0.09979527708116354
        ]
    ]
}