{
    "MP-ID": "mp-1212155",
    "Material": "HoCrGeO5",
    "steinhart_vector": [
        [
            0.007934556786181872,
            3.0469359023493897e-05,
            0.00037857129133454825,
            0.0005762525854768051,
            0.00597138014476637,
            0.0007628378982261387,
            0.0028418045766581902,
            0.001135012510550587,
            0.005414226624129833,
            0.0013421469937417055,
            0.0032575235633864365
        ],
        "HoCrGeO5"
    ],
    "steinhart_parameter_sum": 0.029644782333475977,
    "band_gap": 2.9071,
    "oxidation_state": 3.0,
    "possible_species": [
        "O2-",
        "Ho3+",
        "Cr3+",
        "Ge4+"
    ],
    "density": 6.751293023789561,
    "quadrupole moment": [
        [
            -16.811939261399885,
            -1.1941402727755346e-15,
            1.177877240188252e-15
        ],
        [
            -1.1941402727755346e-15,
            -14.528366672397729,
            0.397074818714545
        ],
        [
            1.177877240188252e-15,
            0.397074818714545,
            -16.302142439519333
        ]
    ],
    "quadrupole moment normalized": [
        [
            -0.13590212506272256,
            -9.185225280025633e-18,
            8.890457814381136e-18
        ],
        [
            -9.185225280025633e-18,
            -0.11619968986628268,
            0.00048399233729992663
        ],
        [
            8.890457814381136e-18,
            0.00048399233729992663,
            -0.12578183799157927
        ]
    ]
}