{
    "MP-ID": "mp-1570812",
    "Material": "Li2V4CrCuO12",
    "steinhart_vector": [
        [
            0.007752465871651794,
            9.798264085709782e-05,
            0.0005264917330753697,
            0.0006436165243265342,
            0.005778823981608212,
            0.0009303298000452602,
            0.0028584693944933137,
            0.0012234073980556407,
            0.005130851947824187,
            0.0016472383563088994,
            0.0032683000315451636
        ],
        "Li2V4CrCuO12"
    ],
    "steinhart_parameter_sum": 0.029857977679791467,
    "band_gap": 0.648,
    "oxidation_state": 3.0,
    "possible_species": [
        "O2-",
        "V4+",
        "Cr3+",
        "Li+",
        "Cu+",
        "V5+"
    ],
    "density": 3.593076990113226,
    "quadrupole moment": [
        [
            -15.044591979014847,
            -1.1845503346158142,
            0.21746941564044908
        ],
        [
            -1.1845503346158142,
            -15.414968636559395,
            -0.1854146367231566
        ],
        [
            0.21746941564044908,
            -0.1854146367231566,
            -17.738833054873744
        ]
    ],
    "quadrupole moment normalized": [
        [
            -0.11735537883497149,
            -0.009696379901850245,
            0.00341054565902053
        ],
        [
            -0.009696379901850245,
            -0.12039238594023417,
            -0.0029110200931912415
        ],
        [
            0.00341054565902053,
            -0.0029110200931912415,
            -0.13577514831697368
        ]
    ]
}