{
    "MP-ID": "mp-1245851",
    "Material": "Ca7CrN6",
    "steinhart_vector": [
        [
            0.012561017868273579,
            7.601757830183016e-05,
            0.0001605918072919546,
            0.009362356360489469,
            0.006395203990532003,
            0.0002063216959147103,
            0.007895246358067912,
            0.007684597667754543,
            0.002682937117945658,
            0.006507847391135411,
            0.00816244702036521
        ],
        "Ca7CrN6"
    ],
    "steinhart_parameter_sum": 0.06169458485607228,
    "band_gap": 0.206599999999999,
    "oxidation_state": 4.0,
    "possible_species": [
        "Ca2+",
        "N3-",
        "Cr4+"
    ],
    "density": 3.089880120415217,
    "quadrupole moment": [
        [
            -13.467994764978117,
            -1.7763568394002505e-15,
            -0.003927023865915924
        ],
        [
            -1.7763568394002505e-15,
            -13.630176750823635,
            0.0
        ],
        [
            -0.003927023865915924,
            0.0,
            -13.37415071348951
        ]
    ],
    "quadrupole moment normalized": [
        [
            -0.1673316463377607,
            2.0816681711721685e-17,
            0.0017740948877497144
        ],
        [
            2.0816681711721685e-17,
            -0.1711629823074049,
            1.3877787807814457e-17
        ],
        [
            0.0017740948877497144,
            1.3877787807814457e-17,
            -0.16981913776054303
        ]
    ]
}