{
    "MP-ID": "mp-1232897",
    "Material": "CrN",
    "steinhart_vector": [
        [
            0.0077164174754883914,
            0.00025820374344277965,
            9.797052281798637e-05,
            0.0006211771919975387,
            0.0058005186952821445,
            0.0009530505789593454,
            0.0026506092709753814,
            0.001285215016342747,
            0.0052353716155085234,
            0.0015921191709115617,
            0.002955067474219255
        ],
        "CrN"
    ],
    "steinhart_parameter_sum": 0.029165720755945656,
    "band_gap": 0.0,
    "oxidation_state": 3.0,
    "possible_species": [
        "N3-",
        "Cr3+"
    ],
    "density": 6.165733313919825,
    "quadrupole moment": [
        [
            -25.790655529022924,
            0.006394516831616863,
            -0.0021729832805906808
        ],
        [
            0.006394516831616863,
            -25.87501923310036,
            0.006588263919892735
        ],
        [
            -0.0021729832805906808,
            0.006588263919892735,
            -25.799800649953614
        ]
    ],
    "quadrupole moment normalized": [
        [
            -0.19743079076990325,
            1.337069069126826e-05,
            1.5787799610325123e-05
        ],
        [
            1.337069069126826e-05,
            -0.20265401214528653,
            1.4152071704496178e-05
        ],
        [
            1.5787799610325123e-05,
            1.4152071704496178e-05,
            -0.1975007684174678
        ]
    ]
}