{
    "MP-ID": "mp-1245466",
    "Material": "CrBiN2",
    "steinhart_vector": [
        [
            0.01255968854801057,
            0.0017726294101713936,
            0.0016655729595848694,
            0.007704783698040334,
            0.006666469396664583,
            0.004997151916173232,
            0.005929224378090132,
            0.006718177860200314,
            0.004817568735752658,
            0.006322939131024621,
            0.007405927599441562
        ],
        "CrBiN2"
    ],
    "steinhart_parameter_sum": 0.06656013363315427,
    "band_gap": 0.0,
    "oxidation_state": 5.0,
    "possible_species": [
        "Cr5+",
        "N3-",
        "Bi+"
    ],
    "density": 7.092874404581224,
    "quadrupole moment": [
        [
            -20.093740381441496,
            -4.876140824450204e-15,
            -6.217248937900877e-15
        ],
        [
            -4.876140824450204e-15,
            -20.0937403814415,
            -5.329070518200751e-15
        ],
        [
            -6.217248937900877e-15,
            -5.329070518200751e-15,
            -12.42199694744118
        ]
    ],
    "quadrupole moment normalized": [
        [
            -0.2042187299967612,
            -4.955768650093125e-17,
            -6.938893903907228e-18
        ],
        [
            -4.955768650093125e-17,
            -0.20421872999676116,
            -2.0816681711721685e-17
        ],
        [
            -6.938893903907228e-18,
            -2.0816681711721685e-17,
            -0.21754604270033878
        ]
    ]
}