{
    "MP-ID": "mp-1216398",
    "Material": "VCrB2",
    "steinhart_vector": [
        [
            0.008387783335368715,
            0.0022062685177108104,
            0.000971218570449592,
            0.003500248029845168,
            0.0032558369508306428,
            0.0023598088300160265,
            0.00170090826846853,
            0.004206623673046116,
            0.0036274661260505166,
            0.0032399456612409896,
            0.00391892122194536
        ],
        "VCrB2"
    ],
    "steinhart_parameter_sum": 0.037375029184972465,
    "band_gap": 0.0,
    "oxidation_state": 3.0,
    "possible_species": [
        "Cr3+",
        "V3+",
        "B3-"
    ],
    "density": 6.017186565585572,
    "quadrupole moment": [
        [
            -37.54672010976635,
            -0.8383382496747718,
            -1.6999905057911129e-15
        ],
        [
            -0.8383382496747718,
            -39.45810209697302,
            -7.48557843454071e-15
        ],
        [
            -1.6999905057911129e-15,
            -7.48557843454071e-15,
            -25.721069019168965
        ]
    ],
    "quadrupole moment normalized": [
        [
            -0.298300306913832,
            -0.01631968397546589,
            1.4151086883495947e-17
        ],
        [
            -0.01631968397546589,
            -0.335508617520812,
            2.3926792826054633e-17
        ],
        [
            1.4151086883495947e-17,
            2.3926792826054633e-17,
            -0.22581742290315998
        ]
    ]
}