{
    "MP-ID": "mp-1378182",
    "Material": "LaCrFeO6",
    "steinhart_vector": [
        [
            0.010810111602197086,
            0.0006307204403969041,
            0.00023468228281046426,
            0.002383597285670699,
            0.007986578426596573,
            0.0015725547990461208,
            0.003613289130714288,
            0.003357264903686564,
            0.006913591547398722,
            0.0027141540404620407,
            0.0039745931302260975
        ],
        "LaCrFeO6"
    ],
    "steinhart_parameter_sum": 0.04419113758920556,
    "band_gap": 0.5343,
    "oxidation_state": 6.0,
    "possible_species": [
        "Cr6+",
        "Fe3+",
        "O2-",
        "La3+"
    ],
    "density": 5.066598218656993,
    "quadrupole moment": [
        [
            -14.100187500906115,
            -0.3290453094038934,
            -0.5545465556498508
        ],
        [
            -0.3290453094038934,
            -13.68185309166708,
            0.28059656669849686
        ],
        [
            -0.5545465556498508,
            0.28059656669849686,
            -13.814028652463243
        ]
    ],
    "quadrupole moment normalized": [
        [
            -0.1481220164206184,
            0.0005032548376365034,
            0.0022767040907107107
        ],
        [
            0.0005032548376365034,
            -0.14642825960095082,
            0.00040974625351389293
        ],
        [
            0.0022767040907107107,
            0.00040974625351389293,
            -0.14386961038539903
        ]
    ]
}