{
    "MP-ID": "mp-1413688",
    "Material": "CrS2",
    "steinhart_vector": [
        [
            0.0022182960914143095,
            7.123448391579305e-19,
            0.0002560265654406682,
            1.0119893220995513e-18,
            0.0016459530139326915,
            7.00051433061475e-19,
            0.0009436820115801453,
            1.3995269414387353e-18,
            0.0014621666271874844,
            1.3139935858818228e-18,
            0.0011656916290256434
        ],
        "CrS2"
    ],
    "steinhart_parameter_sum": 0.0076918159385809485,
    "band_gap": 0.0,
    "oxidation_state": 4.0,
    "possible_species": [
        "S2-",
        "Cr4+"
    ],
    "density": 3.082703653462657,
    "quadrupole moment": [
        [
            -19.054915818644865,
            -0.16200126866703313,
            -1.3817684369779628
        ],
        [
            -0.16200126866703313,
            -18.877436454399472,
            -0.8185975152757039
        ],
        [
            -1.3817684369779628,
            -0.8185975152757039,
            -25.763550559017574
        ]
    ],
    "quadrupole moment normalized": [
        [
            -0.04226943994877437,
            -0.0003593604056368119,
            -0.003065165536167841
        ],
        [
            -0.0003593604056368119,
            -0.04187574515334362,
            -0.0018158881218211988
        ],
        [
            -0.003065165536167841,
            -0.0018158881218211988,
            -0.05715118718934821
        ]
    ]
}