{
    "MP-ID": "mp-1518341",
    "Material": "Sr2CrSbO6",
    "steinhart_vector": [
        [
            0.007628075112492374,
            3.3078691437594467e-19,
            8.541415191883168e-19,
            1.1821996609055799e-18,
            0.0058260386016341795,
            1.512955123189587e-18,
            0.0026969318197218465,
            2.2477809040967065e-18,
            0.005477494419526256,
            3.0025710179597594e-18,
            0.0031383836093562037
        ],
        "Sr2CrSbO6"
    ],
    "steinhart_parameter_sum": 0.02476692356273087,
    "band_gap": 1.349999999999999,
    "oxidation_state": 3.0,
    "possible_species": [
        "Sb5+",
        "O2-",
        "Sr2+",
        "Cr3+"
    ],
    "density": 5.777652261184487,
    "quadrupole moment": [
        [
            -16.192261816214213,
            -8.881784197001252e-16,
            -1.7763568394002505e-15
        ],
        [
            -8.881784197001252e-16,
            -16.192261816214216,
            -1.3322676295501878e-15
        ],
        [
            -1.7763568394002505e-15,
            -1.3322676295501878e-15,
            -16.192261816214216
        ]
    ],
    "quadrupole moment normalized": [
        [
            -0.1235157893752242,
            -6.938893903907228e-18,
            -1.3877787807814457e-17
        ],
        [
            -6.938893903907228e-18,
            -0.12351578937522424,
            -1.0408340855860843e-17
        ],
        [
            -1.3877787807814457e-17,
            -1.0408340855860843e-17,
            -0.12351578937522423
        ]
    ]
}