{
    "MP-ID": "mp-1238901",
    "Material": "TiCrAgS4",
    "steinhart_vector": [
        [
            0.0018177069327129358,
            0.00011065959320127972,
            0.0001460837940721069,
            0.00014507959219813368,
            0.0013556873237877205,
            0.00022953838309454109,
            0.000686965008110095,
            0.0002607303500032267,
            0.0012081434028740601,
            0.00036190973960860553,
            0.0007997973316984667
        ],
        "TiCrAgS4"
    ],
    "steinhart_parameter_sum": 0.007122301451361172,
    "band_gap": 0.0,
    "oxidation_state": 3.0,
    "possible_species": [
        "Cr3+",
        "Ag+",
        "S2-",
        "Ti4+"
    ],
    "density": 4.417141541202778,
    "quadrupole moment": [
        [
            -24.247589483551998,
            -3.1051392247873897e-15,
            -1.6617951509834141e-15
        ],
        [
            -3.1051392247873897e-15,
            -24.31184024082952,
            -2.6366936347866923
        ],
        [
            -1.6617951509834141e-15,
            -2.6366936347866923,
            -22.040736524075506
        ]
    ],
    "quadrupole moment normalized": [
        [
            -0.04540082516006721,
            9.6512939628274e-18,
            -8.20367459488539e-18
        ],
        [
            9.6512939628274e-18,
            -0.044513732165556444,
            -0.003649685228418577
        ],
        [
            -8.20367459488539e-18,
            -0.003649685228418577,
            -0.03784488034641652
        ]
    ]
}