{
    "MP-ID": "mp-1226532",
    "Material": "CeMnCrSi2",
    "steinhart_vector": [
        [
            0.0021576625719233475,
            2.9707563278823715e-13,
            0.00011125360617940358,
            0.0016015789559481303,
            0.0010963073270095953,
            0.00021848817784841956,
            0.0013427171731869494,
            0.0013038601064900486,
            0.0005496125000030899,
            0.0011108748780279877,
            0.0013622157789790516
        ],
        "CeMnCrSi2"
    ],
    "steinhart_parameter_sum": 0.010854571075893098,
    "band_gap": 0.0,
    "oxidation_state": 3.0,
    "possible_species": [
        "Cr3+",
        "Mn2+",
        "Ce3+",
        "Si4-"
    ],
    "density": 6.067117044398756,
    "quadrupole moment": [
        [
            -31.787232913958803,
            0.5496855785620958,
            -1.3230338782961475
        ],
        [
            0.5496855785620958,
            -31.640513866340214,
            -1.5113325064934116
        ],
        [
            -1.3230338782961475,
            -1.5113325064934116,
            -28.63081819681348
        ]
    ],
    "quadrupole moment normalized": [
        [
            -0.06858612272785125,
            0.0011860359941718726,
            -0.002854660676388912
        ],
        [
            0.0011860359941718726,
            -0.06826955253155573,
            -0.003260945578197277
        ],
        [
            -0.002854660676388912,
            -0.003260945578197277,
            -0.061775644816682185
        ]
    ]
}