{
    "MP-ID": "mp-1105788",
    "Material": "SmCrO3",
    "steinhart_vector": [
        [
            0.007946799475185095,
            7.104221775162138e-19,
            0.0001453423883677223,
            1.3695879425518061e-18,
            0.0060668212205052295,
            2.3013016608447668e-18,
            0.0028216132305543496,
            2.7605816687399715e-18,
            0.005698600723164889,
            3.684969036174249e-18,
            0.0032896630441285758
        ],
        "SmCrO3"
    ],
    "steinhart_parameter_sum": 0.02596884008190587,
    "band_gap": 2.4802,
    "oxidation_state": 3.0,
    "possible_species": [
        "O2-",
        "Sm3+",
        "Cr3+"
    ],
    "density": 7.31736891568508,
    "quadrupole moment": [
        [
            -15.846598348746095,
            0.14597857735250352,
            0.1881632239616734
        ],
        [
            0.14597857735250352,
            -15.994641832707671,
            0.33864232433680774
        ],
        [
            0.1881632239616734,
            0.33864232433680774,
            -15.755432928064371
        ]
    ],
    "quadrupole moment normalized": [
        [
            -0.125284477289697,
            0.00033929217815667836,
            0.0006580341528390722
        ],
        [
            0.00033929217815667836,
            -0.12555499937686648,
            0.0031703668519842167
        ],
        [
            0.0006580341528390722,
            0.0031703668519842167,
            -0.12735938014401602
        ]
    ]
}