{
    "MP-ID": "mp-1521253",
    "Material": "Eu2CrSnO6",
    "steinhart_vector": [
        [
            0.008310531447639614,
            3.771551107158248e-19,
            1.4808026383539654e-18,
            2.0071152423397486e-18,
            0.0063472732373532435,
            1.7958332387725973e-18,
            0.002938216570945013,
            2.133447381890003e-18,
            0.005967546065873766,
            2.2336094803946843e-18,
            0.0034191634581046517
        ],
        "Eu2CrSnO6"
    ],
    "steinhart_parameter_sum": 0.026982730779916295,
    "band_gap": 0.0,
    "oxidation_state": 4.0,
    "possible_species": [
        "O2-",
        "Eu2+",
        "Sn4+",
        "Cr4+"
    ],
    "density": 7.400512798999349,
    "quadrupole moment": [
        [
            -15.513171697055428,
            -8.881784197001252e-16,
            -1.3322676295501878e-15
        ],
        [
            -8.881784197001252e-16,
            -15.513171697055435,
            -4.440892098500626e-16
        ],
        [
            -1.3322676295501878e-15,
            -4.440892098500626e-16,
            -15.513171697055434
        ]
    ],
    "quadrupole moment normalized": [
        [
            -0.12892270124101193,
            -2.0816681711721685e-17,
            -1.0408340855860843e-17
        ],
        [
            -2.0816681711721685e-17,
            -0.128922701241012,
            -3.469446951953614e-18
        ],
        [
            -1.0408340855860843e-17,
            -3.469446951953614e-18,
            -0.12892270124101196
        ]
    ]
}