{
    "MP-ID": "mp-1246424",
    "Material": "LiCrN",
    "steinhart_vector": [
        [
            0.009044159800513102,
            0.0006863896320413296,
            0.0007917544306806196,
            0.006578727219730397,
            0.004676046296016444,
            0.0018913345920033508,
            0.005305517656414523,
            0.005373245090041827,
            0.0033228911382579443,
            0.004288949031162717,
            0.00531146346826386
        ],
        "LiCrN"
    ],
    "steinhart_parameter_sum": 0.04727047835512612,
    "band_gap": 0.0,
    "oxidation_state": 2.0,
    "possible_species": [
        "N3-",
        "Cr2+",
        "Li+"
    ],
    "density": 4.527254267798917,
    "quadrupole moment": [
        [
            -17.805135897187995,
            5.551115123125783e-17,
            1.8037827360991407
        ],
        [
            5.551115123125783e-17,
            -15.1177467933375,
            -1.7763568394002505e-15
        ],
        [
            1.8037827360991407,
            -1.7763568394002505e-15,
            -14.786117972988404
        ]
    ],
    "quadrupole moment normalized": [
        [
            -0.16374979317539362,
            4.336808689942018e-19,
            0.01298843029038952
        ],
        [
            4.336808689942018e-19,
            -0.1353069590157674,
            -6.938893903907228e-18
        ],
        [
            0.01298843029038952,
            -6.938893903907228e-18,
            -0.1322290458648051
        ]
    ]
}