{
    "MP-ID": "mp-1048921",
    "Material": "CaLaCrWO6",
    "steinhart_vector": [
        [
            0.007374925417705373,
            6.158702495707707e-05,
            0.00017973770344808347,
            0.000106946976309211,
            0.0056309962909577745,
            0.00016554373758211597,
            0.002611094701823924,
            0.00021902063982670185,
            0.005287655240615713,
            0.00027838362531431253,
            0.003032532156919281
        ],
        "CaLaCrWO6"
    ],
    "steinhart_parameter_sum": 0.024948423515459568,
    "band_gap": 1.852599999999999,
    "oxidation_state": 3.0,
    "possible_species": [
        "O2-",
        "Cr3+",
        "Ca2+",
        "La3+",
        "W4+"
    ],
    "density": 6.739692922363421,
    "quadrupole moment": [
        [
            -16.630891628750117,
            0.2643228723370137,
            0.01248666493948214
        ],
        [
            0.2643228723370137,
            -16.33928884926345,
            -0.20924704279727246
        ],
        [
            0.01248666493948214,
            -0.20924704279727246,
            -16.45635479283862
        ]
    ],
    "quadrupole moment normalized": [
        [
            -0.12094118285068856,
            -0.002618732572433141,
            6.0394226546762325e-06
        ],
        [
            -0.002618732572433141,
            -0.12211829228829367,
            -0.00025192154696518105
        ],
        [
            6.0394226546762325e-06,
            -0.00025192154696518105,
            -0.12123068825494217
        ]
    ]
}