{
    "MP-ID": "mp-1031928",
    "Material": "CaMg6CrO8",
    "steinhart_vector": [
        [
            0.00539819035555467,
            3.2545202338588414e-19,
            0.00020067080799075459,
            8.192285915789998e-19,
            0.004124970279383057,
            1.5153548939490646e-18,
            0.0019177571707290353,
            2.1184458756668286e-18,
            0.0038787954854670316,
            2.7353514076518775e-18,
            0.0022284708305169575
        ],
        "CaMg6CrO8"
    ],
    "steinhart_parameter_sum": 0.01774885492964151,
    "band_gap": 2.083399999999999,
    "oxidation_state": 2.0,
    "possible_species": [
        "Mg2+",
        "Ca2+",
        "Cr2+",
        "O2-"
    ],
    "density": 3.613221278996528,
    "quadrupole moment": [
        [
            -18.570283093258077,
            -3.1545404523743243e-15,
            -1.9137247928554163e-15
        ],
        [
            -3.1545404523743243e-15,
            -19.616292656587127,
            -1.966883727000379e-15
        ],
        [
            -1.9137247928554163e-15,
            -1.966883727000379e-15,
            -19.616292656587127
        ]
    ],
    "quadrupole moment normalized": [
        [
            -0.10769895051982799,
            -1.6395785664796664e-17,
            -1.1098708120886438e-17
        ],
        [
            -1.6395785664796664e-17,
            -0.10195606453334606,
            -1.0222916618869837e-17
        ],
        [
            -1.1098708120886438e-17,
            -1.0222916618869837e-17,
            -0.10195606453334606
        ]
    ]
}