{
    "MP-ID": "mp-1037531",
    "Material": "Mg30CrFeO32",
    "steinhart_vector": [
        [
            0.0055269664717765565,
            1.0066956867848131e-18,
            0.0003746352101131876,
            1.8453441211566692e-18,
            0.004228211465504437,
            1.3621611715637098e-18,
            0.001985252476535984,
            2.492622148599468e-18,
            0.003977306179094884,
            2.2214015370409426e-18,
            0.0022994283914809467
        ],
        "Mg30CrFeO32"
    ],
    "steinhart_parameter_sum": 0.01839180019450601,
    "band_gap": 1.615299999999999,
    "oxidation_state": 2.0,
    "possible_species": [
        "Mg2+",
        "Cr2+",
        "Fe2+",
        "O2-"
    ],
    "density": 3.582537464641699,
    "quadrupole moment": [
        [
            -19.702126765607076,
            -3.942364462488968e-15,
            -1.2064073239948053e-15
        ],
        [
            -3.942364462488968e-15,
            -19.702126765607076,
            -1.2064073239948051e-15
        ],
        [
            -1.2064073239948053e-15,
            -1.2064073239948051e-15,
            -17.851114439151093
        ]
    ],
    "quadrupole moment normalized": [
        [
            -0.10151188365569194,
            -2.0312367664952608e-17,
            -6.215810169718085e-18
        ],
        [
            -2.0312367664952608e-17,
            -0.10151188365569194,
            -6.215810169718084e-18
        ],
        [
            -6.215810169718085e-18,
            -6.215810169718084e-18,
            -0.11203782300636632
        ]
    ]
}