{
    "MP-ID": "mp-1038542",
    "Material": "Mg30CrCO32",
    "steinhart_vector": [
        [
            0.007287338412968924,
            4.570994322869874e-19,
            0.0007130109686821502,
            1.0664075852058568e-18,
            0.005584793574394911,
            8.644928265987301e-19,
            0.0026613904644790434,
            1.5626644781894092e-18,
            0.005256298099771988,
            1.5137832548673734e-18,
            0.0030678182033492896
        ],
        "Mg30CrCO32"
    ],
    "steinhart_parameter_sum": 0.024570649723646306,
    "band_gap": 1.1748,
    "oxidation_state": 2.0,
    "possible_species": [
        "Mg2+",
        "Cr2+",
        "C2+",
        "O2-"
    ],
    "density": 3.497227141143423,
    "quadrupole moment": [
        [
            -17.441720886130692,
            -2.804842640632482e-15,
            -1.0679973827410746e-15
        ],
        [
            -2.804842640632482e-15,
            -17.441720886130692,
            -1.0679973827410744e-15
        ],
        [
            -1.0679973827410746e-15,
            -1.0679973827410744e-15,
            -15.150332360238702
        ]
    ],
    "quadrupole moment normalized": [
        [
            -0.11466758429727883,
            -1.843995394921591e-17,
            -7.021364503781092e-18
        ],
        [
            -1.843995394921591e-17,
            -0.11466758429727883,
            -7.02136450378109e-18
        ],
        [
            -7.021364503781092e-18,
            -7.02136450378109e-18,
            -0.13201030528207428
        ]
    ]
}