{
    "MP-ID": "mp-1044311",
    "Material": "TiZnCr(PO4)3",
    "steinhart_vector": [
        [
            0.008115656525264777,
            0.000370296669337601,
            0.00010200144518465813,
            0.0014522903510534755,
            0.005816650940953214,
            0.0017981116537732658,
            0.002555273286627014,
            0.002731423271756451,
            0.004616358287437888,
            0.002860351595725132,
            0.0025697930172225132
        ],
        "TiZnCr(PO4)3"
    ],
    "steinhart_parameter_sum": 0.03298820704433599,
    "band_gap": 2.3963,
    "oxidation_state": 3.0,
    "possible_species": [
        "O2-",
        "Cr3+",
        "Zn2+",
        "P5+",
        "Ti4+"
    ],
    "density": 3.360996050394278,
    "quadrupole moment": [
        [
            -15.581833033257993,
            -0.2106565914523797,
            -0.5106961202733364
        ],
        [
            -0.2106565914523797,
            -15.434141616029645,
            -0.36214110284633416
        ],
        [
            -0.5106961202733364,
            -0.36214110284633416,
            -16.162696150142263
        ]
    ],
    "quadrupole moment normalized": [
        [
            -0.1265885407053669,
            -0.0010771125041614434,
            -0.002611250128108049
        ],
        [
            -0.0010771125041614434,
            -0.12583336878112777,
            -0.0018516874084215772
        ],
        [
            -0.002611250128108049,
            -0.0018516874084215772,
            -0.12955858977031964
        ]
    ]
}