{
    "MP-ID": "mp-1221918",
    "Material": "Mn2CrGa3Se8",
    "steinhart_vector": [
        [
            0.0008040632216152974,
            4.0705723193714736e-05,
            4.346895483800218e-05,
            0.0005934828525948792,
            0.0004106416369957941,
            0.00011277404046987471,
            0.0004935890442615889,
            0.00048093401322199997,
            0.00023434518704678453,
            0.00041135025077514853,
            0.0004917768502449378
        ],
        "Mn2CrGa3Se8"
    ],
    "steinhart_parameter_sum": 0.004117131775258021,
    "band_gap": 0.0,
    "oxidation_state": 3.0,
    "possible_species": [
        "Se2-",
        "Ga3+",
        "Cr3+",
        "Mn2+"
    ],
    "density": 4.762742960007848,
    "quadrupole moment": [
        [
            -15.25307053586052,
            -0.008316645660986936,
            -0.19501101230302664
        ],
        [
            -0.008316645660986936,
            -15.243536501847311,
            -0.11299642091135331
        ],
        [
            -0.19501101230302664,
            -0.11299642091135331,
            -17.887832694828038
        ]
    ],
    "quadrupole moment normalized": [
        [
            -0.012273664442402372,
            -6.599979024748155e-06,
            -0.00015474074758801634
        ],
        [
            -6.599979024748155e-06,
            -0.012266098360225323,
            -8.966237567867682e-05
        ],
        [
            -0.00015474074758801634,
            -8.966237567867682e-05,
            -0.014364351426641365
        ]
    ]
}