{
    "MP-ID": "mp-1033461",
    "Material": "BaMg6CrO8",
    "steinhart_vector": [
        [
            0.0044564732459604905,
            8.76936699476169e-19,
            0.00039019393845558386,
            9.048038346268333e-19,
            0.003412993958044374,
            1.4959830597930678e-18,
            0.0016173246798035787,
            1.809144593232546e-18,
            0.003211563252852315,
            2.415797778932943e-18,
            0.0018676788765865603
        ],
        "BaMg6CrO8"
    ],
    "steinhart_parameter_sum": 0.014956227951702912,
    "band_gap": 2.1705,
    "oxidation_state": 2.0,
    "possible_species": [
        "Mg2+",
        "Cr2+",
        "O2-",
        "Ba2+"
    ],
    "density": 3.96308699109498,
    "quadrupole moment": [
        [
            -19.54247069431119,
            -3.566445266852621e-15,
            -1.963179253288491e-15
        ],
        [
            -3.566445266852621e-15,
            -22.177694391468005,
            -2.0913581755266365e-15
        ],
        [
            -1.963179253288491e-15,
            -2.0913581755266365e-15,
            -22.177694391468005
        ]
    ],
    "quadrupole moment normalized": [
        [
            -0.10234120502389699,
            -1.4502162589951628e-17,
            -1.0280897108774707e-17
        ],
        [
            -1.4502162589951628e-17,
            -0.09018069979219398,
            -8.504046473725177e-18
        ],
        [
            -1.0280897108774707e-17,
            -8.504046473725177e-18,
            -0.09018069979219398
        ]
    ]
}