{
    "MP-ID": "mp-1205606",
    "Material": "Sr2CrMoO6",
    "steinhart_vector": [
        [
            0.007860521335507558,
            1.0460400696070802e-18,
            1.1386952161399242e-18,
            1.5143568780040881e-18,
            0.006003572336963126,
            1.4593387096772317e-18,
            0.0027791139699994655,
            2.1734888732604834e-18,
            0.005644407155783993,
            2.91100769043735e-18,
            0.003234017882172018
        ],
        "Sr2CrMoO6"
    ],
    "steinhart_parameter_sum": 0.025521632680426166,
    "band_gap": 0.0,
    "oxidation_state": 3.0,
    "possible_species": [
        "O2-",
        "Sr2+",
        "Cr3+",
        "Mo5+"
    ],
    "density": 5.481728828391527,
    "quadrupole moment": [
        [
            -15.951051691270882,
            1.7763568394002505e-15,
            0.0
        ],
        [
            1.7763568394002505e-15,
            -15.95105169127088,
            0.0
        ],
        [
            0.0,
            0.0,
            -15.951051691270884
        ]
    ],
    "quadrupole moment normalized": [
        [
            -0.12538358214301873,
            -1.3877787807814457e-17,
            0.0
        ],
        [
            -1.3877787807814457e-17,
            -0.1253835821430187,
            0.0
        ],
        [
            0.0,
            0.0,
            -0.1253835821430187
        ]
    ]
}