{
    "MP-ID": "mp-1209520",
    "Material": "Rb3CrF6",
    "steinhart_vector": [
        [
            0.007551125650627091,
            1.2102091707623795e-18,
            0.00036355645304254517,
            1.5737697045476396e-18,
            0.005740822738844053,
            2.7481605364369685e-18,
            0.002769795054297278,
            2.853987634734952e-18,
            0.005348289854920677,
            3.833995310842033e-18,
            0.0032790576439527684
        ],
        "Rb3CrF6"
    ],
    "steinhart_parameter_sum": 0.02505264739568442,
    "band_gap": 4.239800000000001,
    "oxidation_state": 3.0,
    "possible_species": [
        "F-",
        "Rb+",
        "Cr3+"
    ],
    "density": 2.2490951811417332,
    "quadrupole moment": [
        [
            -7.2038794003045385,
            0.019981280855209643,
            0.4710924418075093
        ],
        [
            0.019981280855209643,
            -7.958407610226052,
            -0.02443978845364482
        ],
        [
            0.4710924418075093,
            -0.02443978845364482,
            -7.856058171390331
        ]
    ],
    "quadrupole moment normalized": [
        [
            -0.05352365942012996,
            0.000313428338159896,
            0.0026636810722858364
        ],
        [
            0.000313428338159896,
            -0.060805695626808244,
            8.830293850454012e-05
        ],
        [
            0.0026636810722858364,
            8.830293850454012e-05,
            -0.05945842818805188
        ]
    ]
}