{
    "MP-ID": "mp-1519687",
    "Material": "BaCrInWO6",
    "steinhart_vector": [
        [
            0.006757496141051727,
            8.3778125495920575e-19,
            1.5075750604638877e-18,
            4.593992485248473e-18,
            0.005161122929123588,
            3.4133278755024026e-18,
            0.002389135672589802,
            6.996114634887207e-18,
            0.004852357489501329,
            8.071962947817499e-18,
            0.0027802053357646127
        ],
        "BaCrInWO6"
    ],
    "steinhart_parameter_sum": 0.021940317568031085,
    "band_gap": 0.1824,
    "oxidation_state": 3.0,
    "possible_species": [
        "O2-",
        "Cr3+",
        "In+",
        "Ba2+",
        "W6+"
    ],
    "density": 7.317498095336429,
    "quadrupole moment": [
        [
            -17.20370926855377,
            -8.881784197001252e-16,
            -1.3677582205961874e-15
        ],
        [
            -8.881784197001252e-16,
            -17.203709268553766,
            -1.1510988864306573e-15
        ],
        [
            -1.3677582205961874e-15,
            -1.1510988864306573e-15,
            -17.203709268553773
        ]
    ],
    "quadrupole moment normalized": [
        [
            -0.11625399899402794,
            -6.938893903907228e-18,
            -1.1775036189305911e-17
        ],
        [
            -6.938893903907228e-18,
            -0.11625399899402795,
            -3.840583500961385e-18
        ],
        [
            -1.1775036189305911e-17,
            -3.840583500961385e-18,
            -0.11625399899402798
        ]
    ]
}