{
    "MP-ID": "mp-1246666",
    "Material": "Sr4CrN4",
    "steinhart_vector": [
        [
            0.015823499182613197,
            0.0007800906504675873,
            0.007927744621799702,
            0.012458955528103851,
            0.00609227880295417,
            0.008313849421196838,
            0.011577381445584494,
            0.007065842499544952,
            0.008505883944296485,
            0.011054724656063794,
            0.007608791291530574
        ],
        "Sr4CrN4"
    ],
    "steinhart_parameter_sum": 0.09720904204415563,
    "band_gap": 0.984,
    "oxidation_state": 4.0,
    "possible_species": [
        "N3-",
        "Sr2+",
        "Cr4+"
    ],
    "density": 4.188342009547234,
    "quadrupole moment": [
        [
            -12.770205980871067,
            0.0,
            0.1897078906613241
        ],
        [
            0.0,
            0.0,
            0.0
        ],
        [
            0.1897078906613241,
            0.0,
            -14.2924794874949
        ]
    ],
    "quadrupole moment normalized": [
        [
            -0.2060743730210323,
            0.0,
            -0.0026636648259332277
        ],
        [
            0.0,
            0.0,
            0.0
        ],
        [
            -0.0026636648259332277,
            0.0,
            -0.2217199793668423
        ]
    ]
}