{
    "MP-ID": "mp-1173822",
    "Material": "Na3Mg4CrSi8(O11F)2",
    "steinhart_vector": [
        [
            0.00721454525252813,
            8.725250707117144e-05,
            9.836542002156893e-05,
            0.001395286300741729,
            0.005274969459998335,
            0.0012429289038442426,
            0.002338963138100615,
            0.0022720869890790977,
            0.004421685047444084,
            0.002160751071676774,
            0.002401306212320021
        ],
        "Na3Mg4CrSi8(O11F)2"
    ],
    "steinhart_parameter_sum": 0.02890814030282577,
    "band_gap": 3.449499999999999,
    "oxidation_state": 3.0,
    "possible_species": [
        "Mg2+",
        "Na+",
        "O2-",
        "Cr3+",
        "F-",
        "Si4+"
    ],
    "density": 2.985116545100285,
    "quadrupole moment": [
        [
            -16.50636099163265,
            -0.01003601720505326,
            0.13224308354214775
        ],
        [
            -0.01003601720505326,
            -16.52178104964382,
            0.6041236098818495
        ],
        [
            0.13224308354214775,
            0.6041236098818495,
            -17.31575470093896
        ]
    ],
    "quadrupole moment normalized": [
        [
            -0.11970488269033595,
            -0.001677952205267788,
            -0.0008616787356243334
        ],
        [
            -0.001677952205267788,
            -0.11950270828310677,
            0.000466370317396506
        ],
        [
            -0.0008616787356243334,
            0.000466370317396506,
            -0.12023302091843471
        ]
    ]
}