{
    "MP-ID": "mp-1207609",
    "Material": "YCrTeO6",
    "steinhart_vector": [
        [
            0.0064003983939818375,
            1.2789952078484346e-18,
            0.0007342146687482185,
            1.5925141094602882e-18,
            0.004750717879102318,
            2.4621827728053246e-18,
            0.002717879022000585,
            3.465546744675568e-18,
            0.004223176209325861,
            3.703589420798125e-18,
            0.003356377187121266
        ],
        "YCrTeO6"
    ],
    "steinhart_parameter_sum": 0.0221827633602801,
    "band_gap": 1.4471999999999992,
    "oxidation_state": 3.0,
    "possible_species": [
        "Te6+",
        "Y3+",
        "Cr3+",
        "O2-"
    ],
    "density": 5.52588986756085,
    "quadrupole moment": [
        [
            -19.704932129061074,
            2.5312210678585245e-06,
            -4.884981308350689e-15
        ],
        [
            2.5312210678585245e-06,
            -19.70492920625788,
            -8.881784197001252e-16
        ],
        [
            -4.884981308350689e-15,
            -8.881784197001252e-16,
            -13.621496703273241
        ]
    ],
    "quadrupole moment normalized": [
        [
            -0.12611940900133722,
            4.161300883737118e-09,
            -3.065669287871664e-09
        ],
        [
            4.161300883737118e-09,
            -0.12611940419628104,
            -1.6056217938542616e-08
        ],
        [
            -3.065669287871664e-09,
            -1.6056217938542616e-08,
            -0.08718300562325895
        ]
    ]
}