{
    "MP-ID": "mp-1198076",
    "Material": "Rb2CrCl5O",
    "steinhart_vector": [
        [
            0.0046904518887349225,
            0.0027864668311158576,
            0.002763190212335714,
            0.003058178129429286,
            0.003958743530289637,
            0.0027112704515916126,
            0.003106778068534679,
            0.003134500569957155,
            0.003764716699415451,
            0.002698903326898257,
            0.0032438298254477125
        ],
        "Rb2CrCl5O"
    ],
    "steinhart_parameter_sum": 0.03591702953375028,
    "band_gap": 1.0209,
    "oxidation_state": 5.0,
    "possible_species": [
        "Cr5+",
        "O2-",
        "Rb+",
        "Cl-"
    ],
    "density": 2.6841490460068043,
    "quadrupole moment": [
        [
            -11.246902834031298,
            -2.0539125955565396e-15,
            0.33545707196722807
        ],
        [
            -2.0539125955565396e-15,
            -10.958233634533354,
            0.0
        ],
        [
            0.33545707196722807,
            0.0,
            -11.218973231849212
        ]
    ],
    "quadrupole moment normalized": [
        [
            -0.06176050870645605,
            -3.903127820947816e-18,
            0.04278365612916599
        ],
        [
            -3.903127820947816e-18,
            -0.021261016630655796,
            0.0
        ],
        [
            0.04278365612916599,
            0.0,
            -0.06627028346029865
        ]
    ]
}