{
    "MP-ID": "mp-1245547",
    "Material": "CrTeN",
    "steinhart_vector": [
        [
            0.009844879576276853,
            0.005122310807860974,
            0.0009247167369258364,
            0.004216760527649845,
            0.004989023139958786,
            0.006059102997749327,
            0.005963954914923203,
            0.00289198401336123,
            0.003257204158403435,
            0.006104921554331175,
            0.0058423727053427904
        ],
        "CrTeN"
    ],
    "steinhart_parameter_sum": 0.05521723113278346,
    "band_gap": 0.0,
    "oxidation_state": 5.0,
    "possible_species": [
        "Cr5+",
        "N3-",
        "Te2-"
    ],
    "density": 6.052795172479249,
    "quadrupole moment": [
        [
            -16.66843338015,
            -2.2205637328909232e-15,
            -1.7763568394002505e-15
        ],
        [
            -2.2205637328909232e-15,
            -16.66843338015,
            -1.7763568394002505e-15
        ],
        [
            -1.7763568394002505e-15,
            -1.7763568394002505e-15,
            -12.374796308704104
        ]
    ],
    "quadrupole moment normalized": [
        [
            -0.1640987193527701,
            -2.1861182541758943e-17,
            1.3877787807814457e-17
        ],
        [
            -2.1861182541758943e-17,
            -0.1640987193527701,
            1.3877787807814457e-17
        ],
        [
            1.3877787807814457e-17,
            1.3877787807814457e-17,
            -0.12182837944014724
        ]
    ]
}