{
    "MP-ID": "mp-1035602",
    "Material": "Mg14CrFeO16",
    "steinhart_vector": [
        [
            0.005737301106510906,
            1.1065347406956464e-18,
            0.0006093955715035245,
            1.5658413488382324e-18,
            0.004399556632209655,
            1.2389381859558521e-18,
            0.0021070169886817486,
            1.847840533878487e-18,
            0.004141559268943627,
            1.627700133906138e-18,
            0.0024249384357516853
        ],
        "Mg14CrFeO16"
    ],
    "steinhart_parameter_sum": 0.019419768003601155,
    "band_gap": 2.411599999999999,
    "oxidation_state": 2.0,
    "possible_species": [
        "Mg2+",
        "Cr2+",
        "Fe2+",
        "O2-"
    ],
    "density": 3.720825386678651,
    "quadrupole moment": [
        [
            -20.96622983194048,
            -2.806068768475726e-15,
            -1.2838113126936831e-15
        ],
        [
            -2.806068768475726e-15,
            -17.44934547772195,
            -1.0684642543254263e-15
        ],
        [
            -1.2838113126936831e-15,
            -1.0684642543254263e-15,
            -18.116727800114997
        ]
    ],
    "quadrupole moment normalized": [
        [
            -0.09539149460973427,
            -1.843189650557117e-17,
            -5.841044426984655e-18
        ],
        [
            -1.843189650557117e-17,
            -0.11461747963861763,
            -7.018296478288499e-18
        ],
        [
            -5.841044426984655e-18,
            -7.018296478288499e-18,
            -0.11039521165556754
        ]
    ]
}