{
    "MP-ID": "mp-1208019",
    "Material": "TlCrSe2",
    "steinhart_vector": [
        [
            0.0007376693017238704,
            2.112664733551339e-07,
            1.4708803112028942e-05,
            8.146001065273271e-07,
            0.0005629238140185134,
            5.458427399564661e-07,
            0.00026261125990990187,
            1.1641110371614975e-06,
            0.0005283580160667837,
            1.059110596376688e-06,
            0.00030668294941522587
        ],
        "TlCrSe2"
    ],
    "steinhart_parameter_sum": 0.0024167490751997012,
    "band_gap": 0.0,
    "oxidation_state": 3.0,
    "possible_species": [
        "Cr3+",
        "Se2-",
        "Tl+"
    ],
    "density": 6.686629055824658,
    "quadrupole moment": [
        [
            -25.707324074547294,
            0.03180169886979112,
            -0.2780378690069152
        ],
        [
            0.03180169886979112,
            -25.742248410372007,
            -0.16452616493664873
        ],
        [
            -0.2780378690069152,
            -0.16452616493664873,
            -24.322841280694096
        ]
    ],
    "quadrupole moment normalized": [
        [
            -0.01896347714228877,
            2.3492060704781437e-05,
            -0.0002051315535002581
        ],
        [
            2.3492060704781437e-05,
            -0.01898927590922344,
            -0.00012138457227225583
        ],
        [
            -0.0002051315535002581,
            -0.00012138457227225583,
            -0.017942197916404255
        ]
    ]
}