{
    "MP-ID": "mp-1247658",
    "Material": "SrCa7Mn7CrO20",
    "steinhart_vector": [
        [
            0.012238295611992226,
            0.0017680731167084998,
            0.005822187573734082,
            0.009607351499432927,
            0.005212723113970312,
            0.0061044842612281635,
            0.008824383798366172,
            0.005997604150336048,
            0.006363519028231494,
            0.008292806348368159,
            0.00636634508170825
        ],
        "SrCa7Mn7CrO20"
    ],
    "steinhart_parameter_sum": 0.07659777358407634,
    "band_gap": 0.0,
    "oxidation_state": 3.0,
    "possible_species": [
        "O2-",
        "Sr2+",
        "Cr3+",
        "Mn3+",
        "Ca2+"
    ],
    "density": 3.937922647388922,
    "quadrupole moment": [
        [
            -6.541331128468914,
            2.1952383243286633,
            -3.345040572894374
        ],
        [
            2.1952383243286633,
            -6.4893756060422385,
            -3.384858938041028
        ],
        [
            -3.345040572894374,
            -3.384858938041028,
            -6.146919662269672
        ]
    ],
    "quadrupole moment normalized": [
        [
            -0.07943514974861463,
            0.026162277721237914,
            -0.04131475881344402
        ],
        [
            0.026162277721237914,
            -0.0788159573849361,
            -0.04180655737807433
        ],
        [
            -0.04131475881344402,
            -0.04180655737807433,
            -0.0764149654208655
        ]
    ]
}