{
    "MP-ID": "mp-1239247",
    "Material": "HfCrAgS4",
    "steinhart_vector": [
        [
            0.0017219133156261336,
            7.331851297132985e-05,
            0.00016432140636563023,
            0.00010621572524592028,
            0.0012837088174883502,
            0.0001701309476369023,
            0.0006817544573712285,
            0.00016875932687241178,
            0.0011455818438795087,
            0.00028684726857511035,
            0.0008131460858992823
        ],
        "HfCrAgS4"
    ],
    "steinhart_parameter_sum": 0.006615697707931809,
    "band_gap": 0.9685999999999991,
    "oxidation_state": 3.0,
    "possible_species": [
        "Ag+",
        "Cr3+",
        "Hf4+",
        "S2-"
    ],
    "density": 5.753583806774864,
    "quadrupole moment": [
        [
            -24.05606188548556,
            -4.440892098500626e-15,
            -3.2975349110468395
        ],
        [
            -4.440892098500626e-15,
            -26.075897712199996,
            -1.7763568394002505e-15
        ],
        [
            -3.2975349110468395,
            -1.7763568394002505e-15,
            -22.328462456623832
        ]
    ],
    "quadrupole moment normalized": [
        [
            -0.04167624005187348,
            -1.734723475976807e-18,
            -0.004431216904832659
        ],
        [
            -1.734723475976807e-18,
            -0.046210785119835306,
            -4.7704895589362195e-18
        ],
        [
            -0.004431216904832659,
            -4.7704895589362195e-18,
            -0.03650518962146164
        ]
    ]
}