{
    "MP-ID": "mp-19251",
    "Material": "RbLiCrO4",
    "steinhart_vector": [
        [
            0.01705709878041036,
            0.0002029649086201718,
            0.00023201471499824402,
            0.012706356686259636,
            0.00868639330216947,
            0.0005869775621919432,
            0.010706210899645041,
            0.01042398743136152,
            0.0037251283692963663,
            0.00882746070247928,
            0.011050218526284288
        ],
        "RbLiCrO4"
    ],
    "steinhart_parameter_sum": 0.08420481188371631,
    "band_gap": 2.976,
    "oxidation_state": 6.0,
    "possible_species": [
        "Cr6+",
        "O2-",
        "Rb+",
        "Li+"
    ],
    "density": 3.061650967278456,
    "quadrupole moment": [
        [
            -7.3059501631404355,
            6.605018341154789e-07,
            -1.11154214001985e-05
        ],
        [
            6.605018341154789e-07,
            -7.305917479385585,
            6.661338147750939e-16
        ],
        [
            -1.11154214001985e-05,
            6.661338147750939e-16,
            -7.0448641800086484
        ]
    ],
    "quadrupole moment normalized": [
        [
            -0.12474546317549766,
            5.3133970369378947e-08,
            -1.5335816129155577e-08
        ],
        [
            5.3133970369378947e-08,
            -0.1247443873958475,
            1.0249293306424656e-08
        ],
        [
            -1.5335816129155577e-08,
            1.0249293306424656e-08,
            -0.11991058801229595
        ]
    ]
}