{
    "MP-ID": "mp-1206083",
    "Material": "CrFeAs",
    "steinhart_vector": [
        [
            0.0006871444172821951,
            4.524957039414703e-05,
            8.200157581037876e-05,
            0.0003063108770553103,
            0.0004530078044271432,
            0.0002213673522869085,
            0.00018090570023594356,
            0.0003897664216536601,
            0.0003043759588381902,
            0.0003109953785282751,
            0.0002533200351841377
        ],
        "CrFeAs"
    ],
    "steinhart_parameter_sum": 0.0032344450916962897,
    "band_gap": 0.0,
    "oxidation_state": 2.0,
    "possible_species": [
        "As3-",
        "Cr2+",
        "Fe+"
    ],
    "density": 7.746980610385992,
    "quadrupole moment": [
        [
            -40.714484911203,
            -4.440892098500626e-15,
            1.7763568394002505e-15
        ],
        [
            -4.440892098500626e-15,
            -25.851204005330068,
            6.342492938198005
        ],
        [
            1.7763568394002505e-15,
            6.342492938198005,
            -33.17488540904506
        ]
    ],
    "quadrupole moment normalized": [
        [
            -0.02712553072932055,
            1.3010426069826053e-18,
            -3.469446951953614e-18
        ],
        [
            1.3010426069826053e-18,
            -0.01869779158408511,
            0.003374166737512547
        ],
        [
            -3.469446951953614e-18,
            0.003374166737512547,
            -0.022593944473705066
        ]
    ]
}