{
    "MP-ID": "mp-1223257",
    "Material": "La2CrMoO6",
    "steinhart_vector": [
        [
            0.007829991064454651,
            1.0115333697316553e-07,
            0.00023141009190732025,
            3.799352761285228e-07,
            0.00598211967942906,
            4.423952267651458e-07,
            0.002776770015231434,
            6.968488257016697e-07,
            0.005624790407561797,
            7.901158383087055e-07,
            0.0032283541659067906
        ],
        "La2CrMoO6"
    ],
    "steinhart_parameter_sum": 0.025675845872994933,
    "band_gap": 0.0,
    "oxidation_state": 3.0,
    "possible_species": [
        "O2-",
        "Cr3+",
        "Mo3+",
        "La3+"
    ],
    "density": 6.678297568604317,
    "quadrupole moment": [
        [
            -16.108442664219247,
            0.16117221751450073,
            -0.20147962936407193
        ],
        [
            0.16117221751450073,
            -15.997786809571819,
            -0.28248797060711994
        ],
        [
            -0.20147962936407193,
            -0.28248797060711994,
            -15.870821328832548
        ]
    ],
    "quadrupole moment normalized": [
        [
            -0.12418740050514142,
            -0.0012792113610895668,
            0.0015989257057350235
        ],
        [
            -0.0012792113610895668,
            -0.12507258477332836,
            0.0022418176526879836
        ],
        [
            0.0015989257057350235,
            0.0022418176526879836,
            -0.1260787337152952
        ]
    ]
}