{
    "MP-ID": "mp-1245617",
    "Material": "Sr2CrN2",
    "steinhart_vector": [
        [
            0.016142802304229122,
            0.008347725511646989,
            0.010370387430285519,
            0.013727125057324797,
            0.010003763348394598,
            0.0104495845270072,
            0.013174822542593716,
            0.010538058229996617,
            0.01045526115177181,
            0.012881885971959078,
            0.010850731394293994
        ],
        "Sr2CrN2"
    ],
    "steinhart_parameter_sum": 0.12694214746950347,
    "band_gap": 0.0,
    "oxidation_state": 2.0,
    "possible_species": [
        "N3-",
        "Cr2+",
        "Sr2+"
    ],
    "density": 4.471778090609464,
    "quadrupole moment": [
        [
            -10.206198225903512,
            -4.701805392595655,
            -2.1082443373345088
        ],
        [
            -4.701805392595655,
            -2.166034154983752,
            -0.9712288919717842
        ],
        [
            -2.1082443373345088,
            -0.9712288919717842,
            -5.478401417646234
        ]
    ],
    "quadrupole moment normalized": [
        [
            -0.16378456075800704,
            -0.07545249601770652,
            -0.03553476965851613
        ],
        [
            -0.07545249601770652,
            -0.0347595593195966,
            -0.016370206408592956
        ],
        [
            -0.03553476965851613,
            -0.016370206408592956,
            -0.08957897422212718
        ]
    ]
}