{
    "MP-ID": "mp-1033898",
    "Material": "Mg14CrBO16",
    "steinhart_vector": [
        [
            0.006354509968586993,
            1.3806574023679925e-18,
            0.00010653246019756227,
            1.6108106512180926e-18,
            0.004853824303332707,
            1.7398049435951877e-18,
            0.002248867523232573,
            1.9600069555061996e-18,
            0.004563587410083257,
            2.163788398136557e-18,
            0.00261620908194621
        ],
        "Mg14CrBO16"
    ],
    "steinhart_parameter_sum": 0.020743530747379314,
    "band_gap": 1.0544,
    "oxidation_state": 2.0,
    "possible_species": [
        "Mg2+",
        "Cr2+",
        "B2+",
        "O2-"
    ],
    "density": 3.533663817872661,
    "quadrupole moment": [
        [
            -17.615148374192238,
            -2.826088163323855e-15,
            -1.0786167536480115e-15
        ],
        [
            -2.826088163323855e-15,
            -17.573834706526448,
            -1.0760870211046138e-15
        ],
        [
            -1.0786167536480115e-15,
            -1.0760870211046138e-15,
            -18.044888809883204
        ]
    ],
    "quadrupole moment normalized": [
        [
            -0.11353864057882013,
            -1.830132895331516e-17,
            -6.952236638219694e-18
        ],
        [
            -1.830132895331516e-17,
            -0.11380555430268466,
            -6.968580390098653e-18
        ],
        [
            -6.952236638219694e-18,
            -6.968580390098653e-18,
            -0.11083470898998267
        ]
    ]
}