{
    "MP-ID": "mp-1191063",
    "Material": "Pr3BeCrS7",
    "steinhart_vector": [
        [
            0.001749243308688836,
            1.3192959376555344e-05,
            0.00012204543441437318,
            3.461232656089141e-05,
            0.0013217874286140015,
            2.00490275728008e-05,
            0.0006680545288255839,
            5.123465059033713e-05,
            0.0012166565768055963,
            3.449194284901914e-05,
            0.0008032534562960719
        ],
        "Pr3BeCrS7"
    ],
    "steinhart_parameter_sum": 0.006034621640594066,
    "band_gap": 0.0,
    "oxidation_state": 3.0,
    "possible_species": [
        "Cr3+",
        "S2-",
        "Pr3+",
        "Be2+"
    ],
    "density": 4.477354926366355,
    "quadrupole moment": [
        [
            -22.23798696737591,
            2.561632155284599e-07,
            4.440892098500626e-15
        ],
        [
            2.561632155284599e-07,
            -22.2379866715841,
            -3.552713678800501e-15
        ],
        [
            4.440892098500626e-15,
            -3.552713678800501e-15,
            -27.264746473474492
        ]
    ],
    "quadrupole moment normalized": [
        [
            -0.038899649740954584,
            1.7020630391217928e-10,
            5.017143402119562e-10
        ],
        [
            1.7020630391217928e-10,
            -0.038899649544417256,
            -2.2166048944255445e-11
        ],
        [
            5.017143402119562e-10,
            -2.2166048944255445e-11,
            -0.04766586833314697
        ]
    ]
}