{
    "MP-ID": "mp-1106046",
    "Material": "CrH4C4NO10",
    "steinhart_vector": [
        [
            0.007735662315490783,
            3.001105184400263e-18,
            0.0007067776018976237,
            3.499700876752837e-18,
            0.005818906683356003,
            5.77327567092132e-18,
            0.0030586469243587973,
            6.436926615427877e-18,
            0.005316567621353995,
            8.630245038914592e-18,
            0.003687092655445635
        ],
        "CrH4C4NO10"
    ],
    "steinhart_parameter_sum": 0.026323653801902866,
    "band_gap": 0.0,
    "oxidation_state": 3.0,
    "possible_species": [
        "O2-",
        "Cr3+",
        "H+",
        "C3+",
        "N+"
    ],
    "density": 1.739889072546875,
    "quadrupole moment": [
        [
            -15.294798521938553,
            -1.7522656599662887,
            -0.7073816686140957
        ],
        [
            -1.7522656599662887,
            -15.58503128862137,
            -0.7683861567334576
        ],
        [
            -0.7073816686140957,
            -0.7683861567334576,
            -17.396473948360875
        ]
    ],
    "quadrupole moment normalized": [
        [
            -0.11685871360568226,
            -0.008275719202754366,
            -0.007866792499278377
        ],
        [
            -0.008275719202754366,
            -0.11822944461718408,
            -0.008545223494670096
        ],
        [
            -0.007866792499278377,
            -0.008545223494670096,
            -0.13796506526521451
        ]
    ]
}