{
    "MP-ID": "mp-1203963",
    "Material": "RbUCrNO9",
    "steinhart_vector": [
        [
            0.016213653158929118,
            0.0010347713395569588,
            0.0006772478443876626,
            0.012082154169482325,
            0.008324000667712415,
            0.0009371776516678801,
            0.010169197243674363,
            0.009961188619881394,
            0.003671765814836196,
            0.008371397973190834,
            0.010537993215337384
        ],
        "RbUCrNO9"
    ],
    "steinhart_parameter_sum": 0.08198054769865652,
    "band_gap": 2.1079,
    "oxidation_state": 6.0,
    "possible_species": [
        "Cr6+",
        "N5+",
        "O2-",
        "U6+",
        "Rb+"
    ],
    "density": 3.753460203364379,
    "quadrupole moment": [
        [
            -7.294853180109043,
            -0.41124424754371813,
            0.010138302287880041
        ],
        [
            -0.41124424754371813,
            -7.289708507641518,
            0.05887518277618184
        ],
        [
            0.010138302287880041,
            0.05887518277618184,
            -7.69168305579719
        ]
    ],
    "quadrupole moment normalized": [
        [
            -0.12111659941491956,
            0.002504655163446841,
            0.0015120092545941669
        ],
        [
            0.002504655163446841,
            -0.12013528381770815,
            0.0007174715952968226
        ],
        [
            0.0015120092545941669,
            0.0007174715952968226,
            -0.11854721300365315
        ]
    ]
}