{
    "MP-ID": "mp-1191927",
    "Material": "CeCrB4",
    "steinhart_vector": [
        [
            0.006909038685192062,
            9.00153875153372e-05,
            0.0026133322202101118,
            0.00016329854512022458,
            0.002215495895321188,
            0.0005475931313571417,
            0.002224996301506075,
            0.0023968510043846447,
            0.0009896706298874564,
            0.0037967047202669183,
            0.0020572321094130086
        ],
        "CeCrB4"
    ],
    "steinhart_parameter_sum": 0.02400422863017417,
    "band_gap": 0.0,
    "oxidation_state": 4.0,
    "possible_species": [
        "B2-",
        "Ce4+",
        "Cr4+"
    ],
    "density": 6.412457569597052,
    "quadrupole moment": [
        [
            -62.982790002845,
            -3.552713678800501e-15,
            -5.329070518200751e-15
        ],
        [
            -3.552713678800501e-15,
            -22.413856022439923,
            0.5186826399620066
        ],
        [
            -5.329070518200751e-15,
            0.5186826399620066,
            -22.244008173375555
        ]
    ],
    "quadrupole moment normalized": [
        [
            -0.43515053263098397,
            4.163336342344337e-17,
            -1.3877787807814457e-17
        ],
        [
            4.163336342344337e-17,
            -0.15457937413908904,
            0.0011638481578190168
        ],
        [
            -1.3877787807814457e-17,
            0.0011638481578190168,
            -0.15364372172135374
        ]
    ]
}