{
    "MP-ID": "mp-1037502",
    "Material": "Mg30ZnCrO32",
    "steinhart_vector": [
        [
            0.0055634575502232705,
            1.2512262682499489e-18,
            0.0004043758917919192,
            1.225767523610005e-18,
            0.004257170604807717,
            1.775974795611448e-18,
            0.002003019562628317,
            1.8739259951220945e-18,
            0.004004854657262929,
            2.4827283093677176e-18,
            0.0023184308688115624
        ],
        "Mg30ZnCrO32"
    ],
    "steinhart_parameter_sum": 0.018551309135525725,
    "band_gap": 0.6672,
    "oxidation_state": 2.0,
    "possible_species": [
        "Mg2+",
        "Cr2+",
        "Zn2+",
        "O2-"
    ],
    "density": 3.630955182155324,
    "quadrupole moment": [
        [
            -19.689232929538097,
            -3.941074233239305e-15,
            -1.2056178042412746e-15
        ],
        [
            -3.941074233239305e-15,
            -19.689232929538097,
            -1.2056178042412744e-15
        ],
        [
            -1.2056178042412746e-15,
            -1.2056178042412744e-15,
            -17.716175777044636
        ]
    ],
    "quadrupole moment normalized": [
        [
            -0.1015783604753626,
            -2.0332323791221304e-17,
            -6.2198807009394415e-18
        ],
        [
            -2.0332323791221304e-17,
            -0.1015783604753626,
            -6.21988070093944e-18
        ],
        [
            -6.2198807009394415e-18,
            -6.21988070093944e-18,
            -0.11289118064585124
        ]
    ]
}