{
    "MP-ID": "mp-1239210",
    "Material": "HfCrCuS4",
    "steinhart_vector": [
        [
            0.0017559505314003695,
            7.868537140322211e-06,
            9.80834831164702e-05,
            3.0514580136246753e-05,
            0.0013313755777116779,
            4.581259842191389e-05,
            0.0006519696710302961,
            5.9955747212289985e-05,
            0.0012340180913474684,
            8.187436565509443e-05,
            0.000772872817356509
        ],
        "HfCrCuS4"
    ],
    "steinhart_parameter_sum": 0.006070296000528658,
    "band_gap": 0.28540000000000004,
    "oxidation_state": 3.0,
    "possible_species": [
        "Cu+",
        "Cr3+",
        "Hf4+",
        "S2-"
    ],
    "density": 5.350595091167148,
    "quadrupole moment": [
        [
            -25.370356263348754,
            -0.4989653938644656,
            -1.40796068545966
        ],
        [
            -0.4989653938644656,
            -22.338847843451862,
            0.9090333331492411
        ],
        [
            -1.40796068545966,
            0.9090333331492411,
            -23.884092327907354
        ]
    ],
    "quadrupole moment normalized": [
        [
            -0.044472959213271386,
            -0.0009661746456516001,
            -0.002355276154540957
        ],
        [
            -0.0009661746456516001,
            -0.03923381832238129,
            0.0017562923690193103
        ],
        [
            -0.002355276154540957,
            0.0017562923690193103,
            -0.04200471475387801
        ]
    ]
}