{
    "MP-ID": "mp-14503",
    "Material": "Er3CrB7",
    "steinhart_vector": [
        [
            0.007351832900183858,
            9.527552900918426e-05,
            0.0024917557523647807,
            0.00012740534296414466,
            0.0026020026365913057,
            0.000661268863890966,
            0.002032119650544675,
            0.002806804648208501,
            0.0015326345861073345,
            0.00403617323893781,
            0.0019388061845010058
        ],
        "Er3CrB7"
    ],
    "steinhart_parameter_sum": 0.025676079333303566,
    "band_gap": 0.0,
    "oxidation_state": 3.0,
    "possible_species": [
        "Er3+",
        "Cr3+",
        "B-",
        "B2-"
    ],
    "density": 8.445498981060515,
    "quadrupole moment": [
        [
            -12.31224354787824,
            -3.6848569517360747,
            -2.100284827024057e-15
        ],
        [
            -3.6848569517360747,
            -28.364903073966566,
            -8.143297967560031e-15
        ],
        [
            -2.100284827024057e-15,
            -8.143297967560031e-15,
            -11.481556089530896
        ]
    ],
    "quadrupole moment normalized": [
        [
            -0.09056085343131229,
            -0.027080988842541957,
            1.0598819327759449e-18
        ],
        [
            -0.027080988842541957,
            -0.20853609621904307,
            -3.184036190630197e-17
        ],
        [
            1.0598819327759449e-18,
            -3.184036190630197e-17,
            -0.08435381745842177
        ]
    ]
}