{
    "MP-ID": "mp-1039764",
    "Material": "NaMg30CrO32",
    "steinhart_vector": [
        [
            0.006973091620474087,
            5.535123771178057e-19,
            8.50401270285215e-05,
            1.4814358659383296e-18,
            0.005326069582321053,
            1.6393110113395624e-18,
            0.002466643202561964,
            2.581432860863728e-18,
            0.005007519984339353,
            2.798786897290767e-18,
            0.002869953628305505
        ],
        "NaMg30CrO32"
    ],
    "steinhart_parameter_sum": 0.02272831814503049,
    "band_gap": 3.6705,
    "oxidation_state": 3.0,
    "possible_species": [
        "Mg2+",
        "Na+",
        "O2-",
        "Cr3+"
    ],
    "density": 3.5166635992623663,
    "quadrupole moment": [
        [
            -16.833333104648517,
            -3.6440579565670815e-15,
            -1.0307443752794495e-15
        ],
        [
            -3.6440579565670815e-15,
            -16.833333104648517,
            -1.0307443752794493e-15
        ],
        [
            -1.0307443752794495e-15,
            -1.0307443752794493e-15,
            -17.146062384742486
        ]
    ],
    "quadrupole moment normalized": [
        [
            -0.11881188280220635,
            -2.57202411529856e-17,
            -7.275129598719626e-18
        ],
        [
            -2.57202411529856e-17,
            -0.11881188280220635,
            -7.275129598719625e-18
        ],
        [
            -7.275129598719626e-18,
            -7.275129598719625e-18,
            -0.11664485729269888
        ]
    ]
}