{
    "MP-ID": "mp-1228748",
    "Material": "Al4CrS8",
    "steinhart_vector": [
        [
            0.002631247558426416,
            3.404051500529738e-09,
            1.0212246980391546e-08,
            0.0019612161354252517,
            0.0013397656787236265,
            1.2481644538932696e-08,
            0.0016538426591594878,
            0.0016101979505601155,
            0.000559828386757664,
            0.0013628028252323933,
            0.0017107152508186792
        ],
        "Al4CrS8"
    ],
    "steinhart_parameter_sum": 0.012829642543046655,
    "band_gap": 0.0,
    "oxidation_state": 4.0,
    "possible_species": [
        "S2-",
        "Al3+",
        "Cr4+"
    ],
    "density": 2.856178167054754,
    "quadrupole moment": [
        [
            -12.996544132015728,
            -2.3073098986969853e-11,
            -5.651834555919777e-11
        ],
        [
            -2.3073098986969853e-11,
            -12.996544131999405,
            -3.9964476172826835e-11
        ],
        [
            -5.651834555919777e-11,
            -3.9964476172826835e-11,
            -12.996544132080988
        ]
    ],
    "quadrupole moment normalized": [
        [
            -0.034197154509275046,
            4.1711137216925154e-08,
            1.021710027571815e-07
        ],
        [
            4.1711137216925154e-08,
            -0.034197184003503,
            7.224580888826743e-08
        ],
        [
            1.021710027571815e-07,
            7.224580888826743e-08,
            -0.03419703653236313
        ]
    ]
}