{
    "MP-ID": "mp-19380",
    "Material": "CrHgO4",
    "steinhart_vector": [
        [
            0.016749794880526962,
            0.0006281699894280812,
            0.0007899291259880867,
            0.012490618088992054,
            0.008538465777021846,
            0.0008846303801552314,
            0.010539759034090027,
            0.010244342295747607,
            0.0036868981016840545,
            0.008705467946303964,
            0.010868616959601443
        ],
        "CrHgO4"
    ],
    "steinhart_parameter_sum": 0.08412669257953936,
    "band_gap": 1.3635,
    "oxidation_state": 6.0,
    "possible_species": [
        "Cr6+",
        "O2-",
        "Hg2+"
    ],
    "density": 5.82283415173722,
    "quadrupole moment": [
        [
            -7.253141545822673,
            -0.24634164617979043,
            2.1076291490153533e-17
        ],
        [
            -0.24634164617979043,
            -7.466801572150192,
            -5.253590474871828e-16
        ],
        [
            2.1076291490153533e-17,
            -5.253590474871828e-16,
            -7.176356625815565
        ]
    ],
    "quadrupole moment normalized": [
        [
            -0.11847019717280599,
            -0.0001269692596623526,
            3.2784895263725955e-19
        ],
        [
            -0.0001269692596623526,
            -0.11858031378551026,
            -8.156673551982432e-18
        ],
        [
            3.2784895263725955e-19,
            -8.156673551982432e-18,
            -0.1287742922389689
        ]
    ]
}