{
    "MP-ID": "mp-1192242",
    "Material": "Er3BeCrS7",
    "steinhart_vector": [
        [
            0.0018094668217878056,
            2.723394485438448e-05,
            0.00011516080875252684,
            7.297174686314696e-05,
            0.0013687608774158033,
            4.2244347639122815e-05,
            0.0006817865407853823,
            0.00010788081813482771,
            0.001262001772338138,
            7.317898061192468e-05,
            0.0008142997986680416
        ],
        "Er3BeCrS7"
    ],
    "steinhart_parameter_sum": 0.006374986457851104,
    "band_gap": 0.0,
    "oxidation_state": 3.0,
    "possible_species": [
        "Er3+",
        "Cr3+",
        "S2-",
        "Be2+"
    ],
    "density": 5.560740959691762,
    "quadrupole moment": [
        [
            -21.99782566961151,
            -6.642066712192474e-07,
            -2.9976021664879227e-15
        ],
        [
            -6.642066712192474e-07,
            -21.997826436571255,
            -2.6645352591003757e-15
        ],
        [
            -2.9976021664879227e-15,
            -2.6645352591003757e-15,
            -26.57634867559763
        ]
    ],
    "quadrupole moment normalized": [
        [
            -0.03980433613378896,
            -4.5161369002094665e-10,
            -7.330635898653015e-10
        ],
        [
            -4.5161369002094665e-10,
            -0.039804336655267496,
            1.1261724035954712e-09
        ],
        [
            -7.330635898653015e-10,
            1.1261724035954712e-09,
            -0.04797676229891845
        ]
    ]
}