{
    "MP-ID": "mp-1222897",
    "Material": "Li2Al2CrSbO8",
    "steinhart_vector": [
        [
            0.007589501999880947,
            0.00011362016873429513,
            0.0009110366488940821,
            0.0005045063989435014,
            0.005606284805784138,
            0.0005534984665170223,
            0.003148956126945646,
            0.0010578772498852419,
            0.004910691568939626,
            0.0009416190041053512,
            0.003758785422622901
        ],
        "Li2Al2CrSbO8"
    ],
    "steinhart_parameter_sum": 0.029096377861252753,
    "band_gap": 2.5534,
    "oxidation_state": 3.0,
    "possible_species": [
        "O2-",
        "Cr3+",
        "Sb5+",
        "Li+",
        "Al3+"
    ],
    "density": 4.3698675982657065,
    "quadrupole moment": [
        [
            -15.24543824856776,
            -0.7367857747988102,
            0.3213525941929558
        ],
        [
            -0.7367857747988102,
            -18.61330091818745,
            -2.2444031489563074
        ],
        [
            0.3213525941929558,
            -2.2444031489563074,
            -14.928469729505363
        ]
    ],
    "quadrupole moment normalized": [
        [
            -0.10999982577891815,
            -0.005033601808485966,
            0.003705127023258318
        ],
        [
            -0.005033601808485966,
            -0.1475478187572215,
            -0.009335073019194635
        ],
        [
            0.003705127023258318,
            -0.009335073019194635,
            -0.11183944532309237
        ]
    ]
}