{
    "MP-ID": "mp-1102645",
    "Material": "ZrCrP",
    "steinhart_vector": [
        [
            0.0018660096819219745,
            8.848516447781498e-05,
            0.00030197020888373717,
            0.0013427665580155645,
            0.0009139104761353638,
            0.0005684300323261606,
            0.0011140582903044719,
            0.0009680456710279195,
            0.000789272789773459,
            0.0010462880112846007,
            0.0008920175490295704
        ],
        "ZrCrP"
    ],
    "steinhart_parameter_sum": 0.009891254433180636,
    "band_gap": 0.0,
    "oxidation_state": 2.0,
    "possible_species": [
        "P3-",
        "Cr2+",
        "Zr+"
    ],
    "density": 6.453723269074661,
    "quadrupole moment": [
        [
            -20.0945309559135,
            -4.307536618501029e-15,
            1.81442419719624e-15
        ],
        [
            -4.307536618501029e-15,
            -21.43736393402105,
            3.863183800206895
        ],
        [
            1.81442419719624e-15,
            3.863183800206895,
            -30.32423759318081
        ]
    ],
    "quadrupole moment normalized": [
        [
            -0.039168919286557385,
            -8.20656208136721e-18,
            2.016275720467066e-18
        ],
        [
            -8.20656208136721e-18,
            -0.040541377798076234,
            0.009231220844414304
        ],
        [
            2.016275720467066e-18,
            0.009231220844414304,
            -0.05405326244754023
        ]
    ]
}