{
    "MP-ID": "mp-1196895",
    "Material": "RbCrP2O7",
    "steinhart_vector": [
        [
            0.007562440875921436,
            0.000297319111772972,
            0.00015198019917873114,
            0.0004930406836066996,
            0.005709481104802062,
            0.0008576468676560402,
            0.0026174437083375263,
            0.0010442793115520669,
            0.005211035606824766,
            0.0014256510858886725,
            0.0029321530107951055
        ],
        "RbCrP2O7"
    ],
    "steinhart_parameter_sum": 0.02830247156633608,
    "band_gap": 2.9787,
    "oxidation_state": 3.0,
    "possible_species": [
        "O2-",
        "Rb+",
        "Cr3+",
        "P5+"
    ],
    "density": 3.359431546970129,
    "quadrupole moment": [
        [
            -16.61349273934747,
            -0.07345840838267836,
            -0.2501633567538917
        ],
        [
            -0.07345840838267836,
            -16.15275900806058,
            -0.08309317961785845
        ],
        [
            -0.2501633567538917,
            -0.08309317961785845,
            -16.053662576894713
        ]
    ],
    "quadrupole moment normalized": [
        [
            -0.1238161740373794,
            0.0002084318706689972,
            -0.0012563168952099864
        ],
        [
            0.0002084318706689972,
            -0.1204029382320844,
            0.0013610996248468402
        ],
        [
            -0.0012563168952099864,
            0.0013610996248468402,
            -0.12464776531673002
        ]
    ]
}