{
    "MP-ID": "mp-1035863",
    "Material": "KMg14CrO16",
    "steinhart_vector": [
        [
            0.006549759959851405,
            5.535123771178057e-19,
            0.00048061092696067014,
            1.4814358659383296e-18,
            0.00501207228463835,
            1.6385067049922461e-18,
            0.00235892622747805,
            2.5806571921304368e-18,
            0.004715067810523997,
            2.819359096829215e-18,
            0.0027301093722806803
        ],
        "KMg14CrO16"
    ],
    "steinhart_parameter_sum": 0.02184654658173316,
    "band_gap": 0.000499999999999,
    "oxidation_state": 3.0,
    "possible_species": [
        "Mg2+",
        "K+",
        "O2-",
        "Cr3+"
    ],
    "density": 3.523789468388401,
    "quadrupole moment": [
        [
            -16.866535293848198,
            -3.647649969479971e-15,
            -1.0327774230158534e-15
        ],
        [
            -3.647649969479971e-15,
            -16.866535293848198,
            -1.0327774230158532e-15
        ],
        [
            -1.0327774230158534e-15,
            -1.0327774230158532e-15,
            -18.917593518095998
        ]
    ],
    "quadrupole moment normalized": [
        [
            -0.1185779986912587,
            -2.5644332150712937e-17,
            -7.260808327327454e-18
        ],
        [
            -2.5644332150712937e-17,
            -0.1185779986912587,
            -7.260808327327452e-18
        ],
        [
            -7.260808327327454e-18,
            -7.260808327327452e-18,
            -0.10572169224837506
        ]
    ]
}