{
    "MP-ID": "mp-1029520",
    "Material": "Mg2CrN3",
    "steinhart_vector": [
        [
            0.01386943546140467,
            0.0006100646126349217,
            0.0016894602181846356,
            0.01024033685931924,
            0.00699118434703044,
            0.00265807063906864,
            0.008550912937797833,
            0.008123310965066669,
            0.004468756001992049,
            0.007247719743490887,
            0.008232941104235758
        ],
        "Mg2CrN3"
    ],
    "steinhart_parameter_sum": 0.07268219289022575,
    "band_gap": 0.0,
    "oxidation_state": 5.0,
    "possible_species": [
        "Cr5+",
        "Mg2+",
        "N3-"
    ],
    "density": 3.351608068567136,
    "quadrupole moment": [
        [
            -13.342616172940804,
            0.08064363324081097,
            0.036234066848710444
        ],
        [
            0.08064363324081097,
            -13.434394283235518,
            -0.06206882334713515
        ],
        [
            0.036234066848710444,
            -0.06206882334713515,
            -11.922306985194579
        ]
    ],
    "quadrupole moment normalized": [
        [
            -0.19822014413235228,
            -0.011999956135368816,
            -0.0027508211545983503
        ],
        [
            -0.011999956135368816,
            -0.18461601837993416,
            0.004723200057311682
        ],
        [
            -0.0027508211545983503,
            0.004723200057311682,
            -0.15045377803141077
        ]
    ]
}