{
    "MP-ID": "mp-1191764",
    "Material": "CrN4Cl(O2F)2",
    "steinhart_vector": [
        [
            0.009658073529873757,
            6.500155181330972e-05,
            0.0006060851521286436,
            0.002049590069196855,
            0.006944998603748138,
            0.0021355864013437105,
            0.003068200955508193,
            0.0032200516807022878,
            0.0056226837049586,
            0.003613043477242382,
            0.0029005197720718755
        ],
        "CrN4Cl(O2F)2"
    ],
    "steinhart_parameter_sum": 0.03988383489858775,
    "band_gap": 0.0,
    "oxidation_state": 3.0,
    "possible_species": [
        "F-",
        "O2-",
        "Cr3+",
        "Cl-",
        "N2+"
    ],
    "density": 1.671156735404153,
    "quadrupole moment": [
        [
            13.51140948672693,
            0.7427861634444907,
            2.3366998565156747
        ],
        [
            0.7427861634444907,
            3.7556590282930644,
            -1.8813586928347152
        ],
        [
            2.3366998565156747,
            -1.8813586928347152,
            8.515756613705912
        ]
    ],
    "quadrupole moment normalized": [
        [
            0.14081088981320866,
            0.0063102000261933576,
            0.036956716140553215
        ],
        [
            0.0063102000261933576,
            0.014606201105095515,
            -0.01598261156108402
        ],
        [
            0.036956716140553215,
            -0.01598261156108402,
            0.06179984694284469
        ]
    ]
}