{
    "MP-ID": "mp-1384096",
    "Material": "Ca2CrO5",
    "steinhart_vector": [
        [
            0.01069739994863806,
            0.0008584499074983345,
            0.0009129763481890178,
            0.004837311448129126,
            0.006808536889450654,
            0.0031653920019248556,
            0.003981629856413441,
            0.005319905713409595,
            0.005315233768618615,
            0.003146170589387977,
            0.00574369044543885
        ],
        "Ca2CrO5"
    ],
    "steinhart_parameter_sum": 0.05078669691709853,
    "band_gap": 0.0,
    "oxidation_state": 6.0,
    "possible_species": [
        "Cr6+",
        "Ca2+",
        "O2-"
    ],
    "density": 3.124340956879346,
    "quadrupole moment": [
        [
            -16.68655612574245,
            0.9859971067336502,
            -0.7116208832561601
        ],
        [
            0.9859971067336502,
            -14.00483919384434,
            -2.9076435182481806
        ],
        [
            -0.7116208832561601,
            -2.9076435182481806,
            -14.829438578537493
        ]
    ],
    "quadrupole moment normalized": [
        [
            -0.137187968211913,
            -0.00098839032253056,
            0.006297478221706093
        ],
        [
            -0.00098839032253056,
            -0.13539575724108174,
            0.002914339848061019
        ],
        [
            0.006297478221706093,
            0.002914339848061019,
            -0.15362306958771638
        ]
    ]
}