{
    "MP-ID": "mp-1517880",
    "Material": "NbCr(SnO3)2",
    "steinhart_vector": [
        [
            0.007768016747410543,
            1.5158560740286424e-18,
            1.3810106077980392e-18,
            2.5723107645620995e-18,
            0.005932920790782245,
            2.0395798933921694e-18,
            0.002746408659232331,
            3.4286297044201185e-18,
            0.005577982355607055,
            3.559552721311409e-18,
            0.0031959591479838244
        ],
        "NbCr(SnO3)2"
    ],
    "steinhart_parameter_sum": 0.02522128770101601,
    "band_gap": 1.8758,
    "oxidation_state": 3.0,
    "possible_species": [
        "Nb5+",
        "Sn2+",
        "Cr3+",
        "O2-"
    ],
    "density": 6.1553007141614025,
    "quadrupole moment": [
        [
            -16.045746298247312,
            0.0,
            -1.3322676295501878e-15
        ],
        [
            0.0,
            -16.04574629824731,
            -4.440892098500626e-16
        ],
        [
            -1.3322676295501878e-15,
            -4.440892098500626e-16,
            -16.04574629824731
        ]
    ],
    "quadrupole moment normalized": [
        [
            -0.12464362596948586,
            1.3877787807814457e-17,
            -2.42861286636753e-17
        ],
        [
            1.3877787807814457e-17,
            -0.12464362596948585,
            2.0816681711721685e-17
        ],
        [
            -2.42861286636753e-17,
            2.0816681711721685e-17,
            -0.1246436259694858
        ]
    ]
}