{
    "MP-ID": "mp-1034790",
    "Material": "Mg14CrNiO16",
    "steinhart_vector": [
        [
            0.006186392867385871,
            1.011281524123807e-18,
            0.00023138130429792238,
            9.507611389462435e-19,
            0.004727295593213529,
            1.4509486287270385e-18,
            0.0021979029171432097,
            1.3971956007310345e-18,
            0.004445183010795135,
            1.900079470869441e-18,
            0.002553960918527234
        ],
        "Mg14CrNiO16"
    ],
    "steinhart_parameter_sum": 0.02034211661136291,
    "band_gap": 0.5657000000000001,
    "oxidation_state": 2.0,
    "possible_species": [
        "Mg2+",
        "Cr2+",
        "O2-",
        "Ni2+"
    ],
    "density": 3.7758692819335,
    "quadrupole moment": [
        [
            -18.150119803620495,
            -2.7925883439777035e-15,
            -1.1113743060822414e-15
        ],
        [
            -2.7925883439777035e-15,
            -17.36551838592187,
            -1.0633313253426865e-15
        ],
        [
            -1.1113743060822414e-15,
            -1.0633313253426865e-15,
            -18.480727868709327
        ]
    ],
    "quadrupole moment normalized": [
        [
            -0.11019211011494537,
            -1.8520871233885344e-17,
            -6.747320747178027e-18
        ],
        [
            -1.8520871233885344e-17,
            -0.11517076286195921,
            -7.05217530471286e-18
        ],
        [
            -6.747320747178027e-18,
            -7.05217530471286e-18,
            -0.10822084574852181
        ]
    ]
}