{
    "MP-ID": "mp-1210195",
    "Material": "NaCr(SO4)2",
    "steinhart_vector": [
        [
            0.0076393272888643175,
            8.891340591660182e-19,
            0.00038584516759775057,
            2.0363267320164536e-18,
            0.005811748965092797,
            3.1864103242899495e-18,
            0.0027952632493477188,
            3.1294375054441008e-18,
            0.005421037909460084,
            4.5881352623329624e-18,
            0.0032988570460685336
        ],
        "NaCr(SO4)2"
    ],
    "steinhart_parameter_sum": 0.02535207962643122,
    "band_gap": 2.7232000000000003,
    "oxidation_state": 3.0,
    "possible_species": [
        "Na+",
        "O2-",
        "Cr3+",
        "S6+"
    ],
    "density": 2.824145282877851,
    "quadrupole moment": [
        [
            -15.573205119633144,
            -0.2790674069154222,
            -0.008529632476853122
        ],
        [
            -0.2790674069154222,
            -15.316507052071636,
            -0.005465557066339333
        ],
        [
            -0.008529632476853122,
            -0.005465557066339333,
            -17.673072200989523
        ]
    ],
    "quadrupole moment normalized": [
        [
            -0.12220024974786961,
            -0.0060329877696482515,
            0.001149082219194436
        ],
        [
            -0.0060329877696482515,
            -0.11665085105882717,
            0.0007363007093174265
        ],
        [
            0.001149082219194436,
            0.0007363007093174265,
            -0.13191355971589672
        ]
    ]
}