{
    "MP-ID": "mp-1173211",
    "Material": "Sr4La4Cr(NiO5)3",
    "steinhart_vector": [
        [
            0.008193218527770087,
            4.533490363053588e-18,
            0.0012534415831703656,
            4.408867718421756e-18,
            0.006295833828472167,
            5.819198957088022e-18,
            0.0031582700628278544,
            7.158925727813915e-18,
            0.00591233402771926,
            8.653389534821496e-18,
            0.0036259959040144197
        ],
        "Sr4La4Cr(NiO5)3"
    ],
    "steinhart_parameter_sum": 0.028439093933974185,
    "band_gap": 0.0,
    "oxidation_state": 3.0,
    "possible_species": [
        "O2-",
        "Sr2+",
        "Cr3+",
        "Ni2+",
        "Ni3+",
        "La3+"
    ],
    "density": 6.046329278076532,
    "quadrupole moment": [
        [
            -14.376097459744786,
            -0.29782684343142923,
            -0.8740948116317278
        ],
        [
            -0.29782684343142923,
            -15.074764202249382,
            -1.0263651204610613
        ],
        [
            -0.8740948116317278,
            -1.0263651204610613,
            -18.354787268564152
        ]
    ],
    "quadrupole moment normalized": [
        [
            -0.13900207603789083,
            -0.0023335082306585836,
            -0.006755284170271555
        ],
        [
            -0.0023335082306585836,
            -0.13281984069176245,
            0.007966882783567442
        ],
        [
            -0.006755284170271555,
            0.007966882783567442,
            -0.10983915234677759
        ]
    ]
}