{
    "MP-ID": "mp-1202356",
    "Material": "Na4CrC6(N3O5)2",
    "steinhart_vector": [
        [
            0.00894387816542602,
            2.133511490770583e-18,
            0.0003774449745735195,
            4.790715749291051e-18,
            0.006807192919381336,
            4.561685686174235e-18,
            0.003252609019600767,
            7.437189337231806e-18,
            0.006356335371386313,
            8.473502810023356e-18,
            0.0038341115141272697
        ],
        "Na4CrC6(N3O5)2"
    ],
    "steinhart_parameter_sum": 0.029571571964495252,
    "band_gap": 0.0,
    "oxidation_state": 4.0,
    "possible_species": [
        "Na+",
        "N3-",
        "O2-",
        "C4+",
        "O-",
        "Cr4+"
    ],
    "density": 1.627881166863698,
    "quadrupole moment": [
        [
            33.905767616002755,
            -1.7986360488321684,
            1.5136300830153435
        ],
        [
            -1.7986360488321684,
            34.600850504507825,
            -0.13055683013682007
        ],
        [
            1.5136300830153435,
            -0.13055683013682007,
            35.1063469236077
        ]
    ],
    "quadrupole moment normalized": [
        [
            0.30979741035102687,
            -0.015491411178657169,
            0.01502613248106108
        ],
        [
            -0.015491411178657169,
            0.3054853291169368,
            -0.002014672409150292
        ],
        [
            0.01502613248106108,
            -0.002014672409150292,
            0.3113010589502469
        ]
    ]
}