{
    "MP-ID": "mp-1520172",
    "Material": "Ba2CaCrO6",
    "steinhart_vector": [
        [
            0.010347944530776096,
            4.909706935626157e-18,
            3.4765688964137795e-18,
            8.514918077875086e-18,
            0.007903373183247624,
            5.326591430095272e-18,
            0.0036585508745270124,
            1.1106955717949716e-17,
            0.007430551952492983,
            8.40981465793e-18,
            0.004257406885352998
        ],
        "Ba2CaCrO6"
    ],
    "steinhart_parameter_sum": 0.03359782742639675,
    "band_gap": 0.6019999999999991,
    "oxidation_state": 6.0,
    "possible_species": [
        "Cr6+",
        "Ca2+",
        "O2-",
        "Ba2+"
    ],
    "density": 5.360200302493706,
    "quadrupole moment": [
        [
            -13.90234148080774,
            -4.440892098500626e-16,
            0.0
        ],
        [
            -4.440892098500626e-16,
            -13.902341480807728,
            0.0
        ],
        [
            0.0,
            0.0,
            -13.902341480807738
        ]
    ],
    "quadrupole moment normalized": [
        [
            -0.14386065849130608,
            -1.0408340855860843e-17,
            -3.469446951953614e-18
        ],
        [
            -1.0408340855860843e-17,
            -0.143860658491306,
            6.938893903907228e-18
        ],
        [
            -3.469446951953614e-18,
            6.938893903907228e-18,
            -0.14386065849130608
        ]
    ]
}