{
    "MP-ID": "mp-1059289",
    "Material": "Cr",
    "steinhart_vector": [
        [
            0.0010085143704207402,
            2.26909598303576e-05,
            2.433032751867431e-05,
            6.501498732938861e-05,
            0.0002468790609846483,
            0.0002213949165669313,
            0.0005081619032255142,
            0.0002697861409674848,
            0.0002670585743662614,
            0.00023434165574112015,
            0.00026719998678722986
        ],
        "Cr"
    ],
    "steinhart_parameter_sum": 0.0031353728837383516,
    "band_gap": 0.0,
    "oxidation_state": 0.0,
    "possible_species": [
        "Cr0+"
    ],
    "density": 7.507180376154436,
    "quadrupole moment": [
        [
            0.0,
            0.0,
            0.0
        ],
        [
            0.0,
            0.0,
            0.0
        ],
        [
            0.0,
            0.0,
            0.0
        ]
    ],
    "quadrupole moment normalized": [
        [
            0.0,
            0.0,
            0.0
        ],
        [
            0.0,
            0.0,
            0.0
        ],
        [
            0.0,
            0.0,
            0.0
        ]
    ]
}