{
    "MP-ID": "mp-1387606",
    "Material": "CrO3",
    "steinhart_vector": [
        [
            0.010704983955639282,
            1.7768929572619503e-09,
            0.003352484554701299,
            0.003875107433664595,
            0.007641442538582066,
            0.0025631426432836165,
            0.005393154823199075,
            0.0021058365657463073,
            0.00748759803280055,
            0.003507115232874383,
            0.004967049635966261
        ],
        "CrO3"
    ],
    "steinhart_parameter_sum": 0.0515979171933504,
    "band_gap": 0.0,
    "oxidation_state": 4.0,
    "possible_species": [
        "O2-",
        "O-",
        "Cr4+"
    ],
    "density": 3.069903651089496,
    "quadrupole moment": [
        [
            -11.734918561803767,
            2.947257946139814e-06,
            0.0
        ],
        [
            2.947257946139814e-06,
            -11.734915158601458,
            0.0
        ],
        [
            0.0,
            0.0,
            -11.741046841549512
        ]
    ],
    "quadrupole moment normalized": [
        [
            -0.09586774353854766,
            5.224987109642143e-15,
            0.0
        ],
        [
            5.224987109642143e-15,
            -0.0958677435385416,
            0.0
        ],
        [
            0.0,
            0.0,
            -0.1703425620381949
        ]
    ]
}