{
    "MP-ID": "mp-1247595",
    "Material": "SrCa7Mn7CrO23",
    "steinhart_vector": [
        [
            0.010943489951123719,
            0.0010691829051167213,
            0.0011790987720969755,
            0.004741090899981131,
            0.007461789883763796,
            0.003157348114247609,
            0.0029519565800688206,
            0.006079463712756775,
            0.005312883517384235,
            0.004740814634027188,
            0.0035657470673900937
        ],
        "SrCa7Mn7CrO23"
    ],
    "steinhart_parameter_sum": 0.05120286603795707,
    "band_gap": 0.0,
    "oxidation_state": 3.0,
    "possible_species": [
        "O2-",
        "Sr2+",
        "Cr3+",
        "Mn3+",
        "Mn4+",
        "Ca2+"
    ],
    "density": 4.319284956204827,
    "quadrupole moment": [
        [
            -13.376996571845941,
            0.11279048124768122,
            0.15488154837038087
        ],
        [
            0.11279048124768122,
            -13.377044097543664,
            0.15484892115674853
        ],
        [
            0.15488154837038087,
            0.15484892115674853,
            -7.13792156112895
        ]
    ],
    "quadrupole moment normalized": [
        [
            -0.139723133816306,
            0.0011729445602075314,
            0.0014883832388975563
        ],
        [
            0.0011729445602075314,
            -0.1397236280513514,
            0.0014880696973658264
        ],
        [
            0.0014883832388975563,
            0.0014880696973658264,
            -0.09004891788630406
        ]
    ]
}