{
    "MP-ID": "mp-1033868",
    "Material": "Mg14CrBO16",
    "steinhart_vector": [
        [
            0.006152282877462256,
            1.537358652625647e-18,
            2.3508827613474296e-05,
            1.334909201318249e-18,
            0.004698908167109015,
            1.472063574750416e-18,
            0.0021752716284163683,
            1.6595008767542176e-18,
            0.004417802098747486,
            1.8087382654268145e-18,
            0.0025312959354925374
        ],
        "Mg14CrBO16"
    ],
    "steinhart_parameter_sum": 0.019999069534841145,
    "band_gap": 0.016799999999999,
    "oxidation_state": 2.0,
    "possible_species": [
        "Mg2+",
        "Cr2+",
        "B2+",
        "O2-"
    ],
    "density": 3.538384560136301,
    "quadrupole moment": [
        [
            -17.99569723730536,
            -2.8939288324034027e-15,
            -1.101918651004544e-15
        ],
        [
            -2.8939288324034027e-15,
            -17.99569723730536,
            -1.1019186510045438e-15
        ],
        [
            -1.101918651004544e-15,
            -1.1019186510045438e-15,
            -18.099339660097694
        ]
    ],
    "quadrupole moment normalized": [
        [
            -0.11113767772520469,
            -1.787230167823643e-17,
            -6.805220064542102e-18
        ],
        [
            -1.787230167823643e-17,
            -0.11113767772520469,
            -6.805220064542101e-18
        ],
        [
            -6.805220064542102e-18,
            -6.805220064542101e-18,
            -0.11050126897221867
        ]
    ]
}