{
    "MP-ID": "mp-1246110",
    "Material": "Ca4CrN4",
    "steinhart_vector": [
        [
            0.011963591878798842,
            0.0006863625910020383,
            0.001184377061002259,
            0.008746066299668231,
            0.006081530068288581,
            0.002496586308338525,
            0.007188639966427916,
            0.006944600607946762,
            0.004235294949696624,
            0.0060848640186909895,
            0.0068461841082992445
        ],
        "Ca4CrN4"
    ],
    "steinhart_parameter_sum": 0.06245809785816001,
    "band_gap": 0.0,
    "oxidation_state": 4.0,
    "possible_species": [
        "Ca2+",
        "N3-",
        "Cr4+"
    ],
    "density": 3.228335720318378,
    "quadrupole moment": [
        [
            -14.591293742883355,
            0.4120098934116738,
            -1.7127157998559812
        ],
        [
            0.4120098934116738,
            -13.993571165397796,
            0.06363844205481828
        ],
        [
            -1.7127157998559812,
            0.06363844205481828,
            -12.911993026280916
        ]
    ],
    "quadrupole moment normalized": [
        [
            -0.17008628075872598,
            0.009919193632761773,
            -0.022933787832339958
        ],
        [
            0.009919193632761773,
            -0.16911220701864407,
            0.0035147280661017404
        ],
        [
            -0.022933787832339958,
            0.0035147280661017404,
            -0.15677566653169514
        ]
    ]
}