{
    "MP-ID": "mp-1521920",
    "Material": "Sr2CrSnO6",
    "steinhart_vector": [
        [
            0.00865627357086091,
            7.569079123562804e-19,
            2.0742972726373667e-18,
            2.3448341771594766e-18,
            0.006611338145785968,
            1.7920538335244872e-18,
            0.0030604548708808204,
            1.9456535915408026e-18,
            0.006215813226672744,
            3.620223493965513e-18,
            0.0035614105383418044
        ],
        "Sr2CrSnO6"
    ],
    "steinhart_parameter_sum": 0.02810529035254226,
    "band_gap": 0.0,
    "oxidation_state": 4.0,
    "possible_species": [
        "O2-",
        "Sr2+",
        "Sn4+",
        "Cr4+"
    ],
    "density": 5.727833575075427,
    "quadrupole moment": [
        [
            -15.200207310156646,
            -1.3322676295501878e-15,
            -1.4136742492666179e-15
        ],
        [
            -1.3322676295501878e-15,
            -15.200207310156646,
            -9.996186480452272e-16
        ],
        [
            -1.4136742492666179e-15,
            -9.996186480452272e-16,
            -15.200207310156644
        ]
    ],
    "quadrupole moment normalized": [
        [
            -0.1315771528105158,
            1.0408340855860843e-17,
            -1.223715104173326e-17
        ],
        [
            1.0408340855860843e-17,
            -0.1315771528105158,
            -8.652972484013612e-18
        ],
        [
            -1.223715104173326e-17,
            -8.652972484013612e-18,
            -0.13157715281051582
        ]
    ]
}