{
    "MP-ID": "mp-1033371",
    "Material": "Mg6NbCrO8",
    "steinhart_vector": [
        [
            0.005516309658381926,
            2.7654546336497766e-19,
            0.0003626140650808922,
            4.9032022807267055e-19,
            0.004219647996091978,
            8.085284298979559e-19,
            0.001979586287855342,
            1.0377805608406349e-18,
            0.003969129591930063,
            1.3892676269508811e-18,
            0.0022934881062837077
        ],
        "Mg6NbCrO8"
    ],
    "steinhart_parameter_sum": 0.01834077570562391,
    "band_gap": 0.24600000000000002,
    "oxidation_state": 2.0,
    "possible_species": [
        "Mg2+",
        "Cr2+",
        "O2-",
        "Nb2+"
    ],
    "density": 4.190411726923277,
    "quadrupole moment": [
        [
            -20.431404275444073,
            0.0,
            -1.2510626924004065e-15
        ],
        [
            0.0,
            -18.44446595595633,
            -1.1293978097472123e-15
        ],
        [
            -1.2510626924004065e-15,
            -1.1293978097472123e-15,
            -18.44446595595633
        ]
    ],
    "quadrupole moment normalized": [
        [
            -0.09788852361967813,
            0.0,
            -5.9939433562049455e-18
        ],
        [
            0.0,
            -0.10843360847507398,
            -6.639643576949833e-18
        ],
        [
            -5.9939433562049455e-18,
            -6.639643576949833e-18,
            -0.10843360847507398
        ]
    ]
}