{
    "MP-ID": "mp-1035402",
    "Material": "LiMg14CrO16",
    "steinhart_vector": [
        [
            0.007007987135737142,
            1.5951062976053227e-18,
            0.00043570545561125336,
            1.6830293717176283e-18,
            0.005359822618977609,
            1.880018906380222e-18,
            0.002510994783024328,
            2.092365350147614e-18,
            0.005041355811078414,
            2.4096529180361473e-18,
            0.0029104835468653965
        ],
        "LiMg14CrO16"
    ],
    "steinhart_parameter_sum": 0.023266349351294152,
    "band_gap": 3.317199999999999,
    "oxidation_state": 3.0,
    "possible_species": [
        "Mg2+",
        "O2-",
        "Cr3+",
        "Li+"
    ],
    "density": 3.546880994234057,
    "quadrupole moment": [
        [
            -16.88712745993811,
            -2.5816831342556324e-15,
            -1.0340383295303292e-15
        ],
        [
            -2.5816831342556324e-15,
            -16.054018857173364,
            -9.830251403444307e-16
        ],
        [
            -1.0340383295303292e-15,
            -9.830251403444307e-16,
            -17.88752415844754
        ]
    ],
    "quadrupole moment normalized": [
        [
            -0.11843340465953522,
            -2.00338951135352e-17,
            -7.251954496421153e-18
        ],
        [
            -2.00338951135352e-17,
            -0.12457939770678336,
            -7.628288032065869e-18
        ],
        [
            -7.251954496421153e-18,
            -7.628288032065869e-18,
            -0.11180977212296218
        ]
    ]
}