{
    "MP-ID": "mp-1009485",
    "Material": "CrN",
    "steinhart_vector": [
        [
            0.006283327595514862,
            7.706784956872758e-19,
            1.1085230171415013e-18,
            1.2842454682069076e-18,
            0.0031993138136279693,
            2.6739191648126383e-18,
            0.003949318712182332,
            3.2706074258742582e-18,
            0.001336850703746529,
            3.284673366142453e-18,
            0.004085128481945371
        ],
        "CrN"
    ],
    "steinhart_parameter_sum": 0.018853939307017075,
    "band_gap": 0.0,
    "oxidation_state": 3.0,
    "possible_species": [
        "N3-",
        "Cr3+"
    ],
    "density": 6.83705635704891,
    "quadrupole moment": [
        [
            -38.145746240934,
            -3.552713678800501e-15,
            -3.552713678800501e-15
        ],
        [
            -3.552713678800501e-15,
            -38.145746240933995,
            -1.7763568394002505e-15
        ],
        [
            -3.552713678800501e-15,
            -1.7763568394002505e-15,
            -38.145746240934
        ]
    ],
    "quadrupole moment normalized": [
        [
            -0.239682220007168,
            8.326672684688674e-17,
            -2.7755575615628914e-17
        ],
        [
            8.326672684688674e-17,
            -0.23968222000716793,
            -1.3877787807814457e-17
        ],
        [
            -2.7755575615628914e-17,
            -1.3877787807814457e-17,
            -0.23968222000716796
        ]
    ]
}