{
    "MP-ID": "mp-19232",
    "Material": "K2CrO4",
    "steinhart_vector": [
        [
            0.016940906363557186,
            8.057443880834997e-05,
            0.00023782511166176043,
            0.0126241960456151,
            0.00862454115144884,
            0.0004333732324599894,
            0.01064290972276371,
            0.01035827942174185,
            0.0036506290893241287,
            0.008774598477243992,
            0.010993970286476109
        ],
        "K2CrO4"
    ],
    "steinhart_parameter_sum": 0.08336180334110102,
    "band_gap": 3.0699,
    "oxidation_state": 6.0,
    "possible_species": [
        "Cr6+",
        "K+",
        "O2-"
    ],
    "density": 2.788288880836122,
    "quadrupole moment": [
        [
            -7.230037773203814,
            -3.5328562161364576e-05,
            -0.0001106771729120394
        ],
        [
            -3.5328562161364576e-05,
            -7.3324053758077765,
            -0.06546459333571505
        ],
        [
            -0.0001106771729120394,
            -0.06546459333571505,
            -7.169141707720309
        ]
    ],
    "quadrupole moment normalized": [
        [
            -0.12259894405759883,
            1.95508208842731e-06,
            -5.404799105272943e-06
        ],
        [
            1.95508208842731e-06,
            -0.12520180805724335,
            -0.0006252558081748721
        ],
        [
            -5.404799105272943e-06,
            -0.0006252558081748721,
            -0.12033535045753713
        ]
    ]
}