{
    "MP-ID": "mp-1517600",
    "Material": "Sr2EuCrO6",
    "steinhart_vector": [
        [
            0.009781622245103577,
            9.472295700216184e-19,
            1.3753537549709795e-18,
            1.6043865635615728e-18,
            0.007470837392941836,
            2.2101142669338737e-18,
            0.0034583257102589592,
            4.810288221881737e-18,
            0.007023892721470931,
            3.931639690225348e-18,
            0.00402440753063282
        ],
        "Sr2EuCrO6"
    ],
    "steinhart_parameter_sum": 0.03175908560040813,
    "band_gap": 0.0,
    "oxidation_state": 5.0,
    "possible_species": [
        "Cr5+",
        "O2-",
        "Sr2+",
        "Eu3+"
    ],
    "density": 5.6366494665321465,
    "quadrupole moment": [
        [
            -14.299128019641554,
            -8.881784197001252e-16,
            -1.7763568394002505e-15
        ],
        [
            -8.881784197001252e-16,
            -14.29912801964155,
            -8.881784197001252e-16
        ],
        [
            -1.7763568394002505e-15,
            -8.881784197001252e-16,
            -14.299128019641554
        ]
    ],
    "quadrupole moment normalized": [
        [
            -0.1398686687225097,
            1.3877787807814457e-17,
            -1.3877787807814457e-17
        ],
        [
            1.3877787807814457e-17,
            -0.13986866872250964,
            -6.938893903907228e-18
        ],
        [
            -1.3877787807814457e-17,
            -6.938893903907228e-18,
            -0.1398686687225097
        ]
    ]
}