{
    "MP-ID": "mp-1238853",
    "Material": "TiCrCuS4",
    "steinhart_vector": [
        [
            0.0018264866734685335,
            2.620259766466396e-05,
            0.0001135116584242004,
            4.9665742862165675e-05,
            0.001380337263519502,
            9.610925548833265e-05,
            0.0006839963580463953,
            0.00010417656296045968,
            0.0012695973492872726,
            0.0001676634863829472,
            0.0008111511817821379
        ],
        "TiCrCuS4"
    ],
    "steinhart_parameter_sum": 0.006528898129886612,
    "band_gap": 0.0,
    "oxidation_state": 3.0,
    "possible_species": [
        "Cu+",
        "Cr3+",
        "S2-",
        "Ti4+"
    ],
    "density": 3.906377372301323,
    "quadrupole moment": [
        [
            -25.802120796884694,
            -1.2242531406336523,
            -0.543595727810612
        ],
        [
            -1.2242531406336523,
            -22.047366338983434,
            0.3871608506359081
        ],
        [
            -0.543595727810612,
            0.3871608506359081,
            -22.347614504669973
        ]
    ],
    "quadrupole moment normalized": [
        [
            -0.047141015450679925,
            -0.0022316102402799003,
            -0.0010103830373851376
        ],
        [
            -0.0022316102402799003,
            -0.04025934551665381,
            0.0006994429360644618
        ],
        [
            -0.0010103830373851376,
            0.0006994429360644618,
            -0.04081127685697256
        ]
    ]
}