{
    "MP-ID": "mp-1203543",
    "Material": "CrPdBr4N5Cl",
    "steinhart_vector": [
        [
            0.012639027902196289,
            0.006164173401308473,
            0.0038702140205687657,
            0.00905841026502546,
            0.008804171917109534,
            0.00597586958761797,
            0.007134353450174399,
            0.00850814614360434,
            0.007626863316034121,
            0.007095362420541848,
            0.007552909351374449
        ],
        "CrPdBr4N5Cl"
    ],
    "steinhart_parameter_sum": 0.08442950177555564,
    "band_gap": 0.0,
    "oxidation_state": 6.0,
    "possible_species": [
        "Cr6+",
        "Br-",
        "N-",
        "Cl-",
        "Pd4+"
    ],
    "density": 2.96482929923399,
    "quadrupole moment": [
        [
            -5.025643431451463,
            1.1102230246251565e-15,
            -0.7559578574287683
        ],
        [
            1.1102230246251565e-15,
            -2.7822556889123944,
            -4.440892098500626e-16
        ],
        [
            -0.7559578574287683,
            -4.440892098500626e-16,
            -6.975388168669664
        ]
    ],
    "quadrupole moment normalized": [
        [
            -0.05473092002320903,
            -3.122502256758253e-17,
            0.01331700754300872
        ],
        [
            -3.122502256758253e-17,
            -0.05829679198652525,
            8.673617379884035e-18
        ],
        [
            0.01331700754300872,
            8.673617379884035e-18,
            -0.038149785179712556
        ]
    ]
}