{
    "MP-ID": "mp-1203990",
    "Material": "CrH20N2O6F5",
    "steinhart_vector": [
        [
            0.007492840569151378,
            8.562206983247966e-19,
            0.00011009910117080346,
            1.18640679043322e-18,
            0.00572010384378195,
            2.1455205787324694e-18,
            0.002659103430944588,
            2.280527052916735e-18,
            0.00537299767310875,
            4.0826124597018675e-18,
            0.0031004016964823605
        ],
        "CrH20N2O6F5"
    ],
    "steinhart_parameter_sum": 0.024455546314639837,
    "band_gap": 4.1752,
    "oxidation_state": 3.0,
    "possible_species": [
        "N3-",
        "O2-",
        "Cr3+",
        "F-",
        "H+"
    ],
    "density": 1.675635215436742,
    "quadrupole moment": [
        [
            -16.09766564598041,
            -1.1350674302690322e-06,
            -2.220446049250313e-16
        ],
        [
            -1.1350674302690322e-06,
            -16.09766695664317,
            1.7763568394002505e-15
        ],
        [
            -2.220446049250313e-16,
            1.7763568394002505e-15,
            -16.817861610218507
        ]
    ],
    "quadrupole moment normalized": [
        [
            -0.12061724544626388,
            -2.918272798760335e-09,
            4.817722738109653e-09
        ],
        [
            -2.918272798760335e-09,
            -0.120617248815995,
            -7.983743902095775e-09
        ],
        [
            4.817722738109653e-09,
            -7.983743902095775e-09,
            -0.12601355575941872
        ]
    ]
}