{
    "MP-ID": "mp-1031027",
    "Material": "LiMg6CrO8",
    "steinhart_vector": [
        [
            0.0069204308436659,
            1.4257150019801834e-18,
            0.0005713144336556448,
            1.123360107215877e-18,
            0.005298415976687849,
            1.7692205314855212e-18,
            0.002504425191952368,
            1.6494091868191744e-18,
            0.004985238188093985,
            2.364411999179174e-18,
            0.0028944654700098623
        ],
        "LiMg6CrO8"
    ],
    "steinhart_parameter_sum": 0.023174290104065614,
    "band_gap": 2.5121,
    "oxidation_state": 3.0,
    "possible_species": [
        "Mg2+",
        "O2-",
        "Cr3+",
        "Li+"
    ],
    "density": 3.617846062065484,
    "quadrupole moment": [
        [
            -15.749437953716793,
            0.0,
            -9.643749389194554e-16
        ],
        [
            0.0,
            -17.748365056296727,
            -1.086773922814626e-15
        ],
        [
            -9.643749389194554e-16,
            -1.086773922814626e-15,
            -17.748365056296727
        ]
    ],
    "quadrupole moment normalized": [
        [
            -0.12698865863514894,
            0.0,
            -7.77581271627755e-18
        ],
        [
            0.0,
            -0.11268643582978616,
            -6.900054147313562e-18
        ],
        [
            -7.77581271627755e-18,
            -6.900054147313562e-18,
            -0.11268643582978616
        ]
    ]
}