{
    "MP-ID": "mp-1247362",
    "Material": "CrCN2",
    "steinhart_vector": [
        [
            0.006244218152321063,
            1.8820996849041633e-07,
            0.000545145646761246,
            5.409819948111693e-07,
            0.004691264879615277,
            3.510376373775476e-07,
            0.0024787894218961,
            7.758741678700495e-07,
            0.004270218590517369,
            6.445255703461468e-07,
            0.003018013183936204
        ],
        "CrCN2"
    ],
    "steinhart_parameter_sum": 0.021250150504386153,
    "band_gap": 0.0,
    "oxidation_state": 2.0,
    "possible_species": [
        "N3-",
        "Cr2+",
        "C4+"
    ],
    "density": 3.549349486767982,
    "quadrupole moment": [
        [
            -31.203693985801692,
            1.1273875943897886e-05,
            -0.00083798512318501
        ],
        [
            1.1273875943897886e-05,
            -31.204870886432964,
            0.0014514592779377722
        ],
        [
            -0.00083798512318501,
            0.0014514592779377722,
            -23.687728489654912
        ]
    ],
    "quadrupole moment normalized": [
        [
            -0.19485599714125823,
            6.175440222488887e-06,
            2.2922421972663714e-06
        ],
        [
            6.175440222488887e-06,
            -0.19483669130446912,
            -7.356848840379959e-06
        ],
        [
            2.2922421972663714e-06,
            -7.356848840379959e-06,
            -0.14791134422235602
        ]
    ]
}