{
    "MP-ID": "mp-1197022",
    "Material": "CrB2(PbO2)6",
    "steinhart_vector": [
        [
            0.015819314899271786,
            0.00023831434989158461,
            0.0003030970927569514,
            0.011791740884171328,
            0.00805617100179417,
            0.00035102722297197054,
            0.009944585922110347,
            0.009679067392358793,
            0.003387462992857858,
            0.008198300400853065,
            0.010280228522597147
        ],
        "CrB2(PbO2)6"
    ],
    "steinhart_parameter_sum": 0.078049310681635,
    "band_gap": 1.8898000000000001,
    "oxidation_state": 6.0,
    "possible_species": [
        "Cr6+",
        "O2-",
        "B3+",
        "Pb2+"
    ],
    "density": 6.856192250643224,
    "quadrupole moment": [
        [
            -7.533655117094255,
            -2.220446049250313e-15,
            -0.10172416805447781
        ],
        [
            -2.220446049250313e-15,
            -7.4428842813568945,
            -4.440892098500626e-16
        ],
        [
            -0.10172416805447781,
            -4.440892098500626e-16,
            -7.518541264757079
        ]
    ],
    "quadrupole moment normalized": [
        [
            -0.11974395435662143,
            6.938893903907228e-18,
            0.00045393155615422454
        ],
        [
            6.938893903907228e-18,
            -0.12008423858043965,
            0.0
        ],
        [
            0.00045393155615422454,
            0.0,
            -0.11587997935454046
        ]
    ]
}