{
    "MP-ID": "mp-1035434",
    "Material": "LiMg14CrO16",
    "steinhart_vector": [
        [
            0.0068976257603615,
            1.3949746248692865e-18,
            0.0003271589080303851,
            2.3569523580004725e-18,
            0.005272379702006297,
            2.171132211908071e-18,
            0.002457805723295883,
            3.2775104688493392e-18,
            0.004958211274577596,
            3.2356882476626417e-18,
            0.0028534811455575926
        ],
        "LiMg14CrO16"
    ],
    "steinhart_parameter_sum": 0.022766662513829264,
    "band_gap": 2.9951,
    "oxidation_state": 3.0,
    "possible_species": [
        "Mg2+",
        "O2-",
        "Cr3+",
        "Li+"
    ],
    "density": 3.542109401969841,
    "quadrupole moment": [
        [
            -16.63805455565151,
            -3.622859475316126e-15,
            -1.0187870127808833e-15
        ],
        [
            -3.622859475316126e-15,
            -16.63805455565151,
            -1.0187870127808829e-15
        ],
        [
            -1.0187870127808833e-15,
            -1.0187870127808829e-15,
            -17.89812840808692
        ]
    ],
    "quadrupole moment normalized": [
        [
            -0.12020636146553879,
            -2.61743795930022e-17,
            -7.360516790296091e-18
        ],
        [
            -2.61743795930022e-17,
            -0.12020636146553879,
            -7.360516790296091e-18
        ],
        [
            -7.360516790296091e-18,
            -7.360516790296091e-18,
            -0.11174352727832361
        ]
    ]
}