{
    "MP-ID": "mp-1178032",
    "Material": "Li2CrCuO4",
    "steinhart_vector": [
        [
            0.007383130239176416,
            2.1993633385406814e-05,
            0.0002456522537400193,
            0.0006764660974570253,
            0.0055422658185050105,
            0.0008789758815533821,
            0.0025482949558396787,
            0.0013173014370891553,
            0.0049835079093901585,
            0.0015179436350677364,
            0.002841411723182253
        ],
        "Li2CrCuO4"
    ],
    "steinhart_parameter_sum": 0.027956943584386242,
    "band_gap": 0.0,
    "oxidation_state": 4.0,
    "possible_species": [
        "O2-",
        "Li+",
        "Cu2+",
        "Cr4+"
    ],
    "density": 4.559188083662437,
    "quadrupole moment": [
        [
            -16.441085891226997,
            -3.5457116008608125e-05,
            0.2031587709547864
        ],
        [
            -3.5457116008608125e-05,
            -16.60623477855246,
            -8.898027041581713e-05
        ],
        [
            0.2031587709547864,
            -8.898027041581713e-05,
            -16.358192617717563
        ]
    ],
    "quadrupole moment normalized": [
        [
            -0.12100262452777649,
            -5.876141155845838e-07,
            -0.0031112401601276953
        ],
        [
            -5.876141155845838e-07,
            -0.11916591539145,
            -9.094272742718457e-07
        ],
        [
            -0.0031112401601276953,
            -9.094272742718457e-07,
            -0.1243078364206443
        ]
    ]
}