{
    "MP-ID": "mp-1302768",
    "Material": "Li2CrCo3O8",
    "steinhart_vector": [
        [
            0.007758887680927872,
            9.443364339140262e-06,
            0.0012194307605837452,
            0.00019217898238340448,
            0.005607845498129042,
            0.00022917895692367064,
            0.003673703265144666,
            0.00034628963765456517,
            0.004734078804396024,
            0.00041879424635885443,
            0.004548578400475372
        ],
        "Li2CrCo3O8"
    ],
    "steinhart_parameter_sum": 0.028738409597316356,
    "band_gap": 0.0,
    "oxidation_state": 3.0,
    "possible_species": [
        "Co4+",
        "Cr3+",
        "O2-",
        "Co3+",
        "Li+"
    ],
    "density": 4.441006789749814,
    "quadrupole moment": [
        [
            -13.365550084819121,
            0.07169473854244846,
            -0.12022761751007051
        ],
        [
            0.07169473854244846,
            -21.09781315336101,
            0.06593910499909403
        ],
        [
            -0.12022761751007051,
            0.06593910499909403,
            -13.706247510679372
        ]
    ],
    "quadrupole moment normalized": [
        [
            -0.10326878102394588,
            -0.0002665640502879721,
            -0.0007705359193581606
        ],
        [
            -0.0002665640502879721,
            -0.16364112922840915,
            0.0008248217807012404
        ],
        [
            -0.0007705359193581606,
            0.0008248217807012404,
            -0.10679071272463303
        ]
    ]
}