{
    "MP-ID": "mp-1517551",
    "Material": "Sr2CrInO6",
    "steinhart_vector": [
        [
            0.00973063409669732,
            1.0221729718490613e-18,
            2.2036748608930926e-18,
            3.892713058917926e-18,
            0.007431894551338953,
            3.4020188749938662e-18,
            0.0034402986775098556,
            5.228621447951458e-18,
            0.006987279644877094,
            7.627832530809789e-18,
            0.004003429712917372
        ],
        "Sr2CrInO6"
    ],
    "steinhart_parameter_sum": 0.03159353668334062,
    "band_gap": 0.0,
    "oxidation_state": 5.0,
    "possible_species": [
        "Cr5+",
        "O2-",
        "Sr2+",
        "In3+"
    ],
    "density": 5.581647154005767,
    "quadrupole moment": [
        [
            -14.336542511479749,
            0.0,
            -9.288357640253875e-16
        ],
        [
            0.0,
            -14.336542511479747,
            -9.708045590876943e-16
        ],
        [
            -9.288357640253875e-16,
            -9.708045590876943e-16,
            -14.336542511479752
        ]
    ],
    "quadrupole moment normalized": [
        [
            -0.13950364939095553,
            -6.938893903907228e-18,
            -2.7237218370814193e-17
        ],
        [
            -6.938893903907228e-18,
            -0.1395036493909555,
            1.1370137767833756e-17
        ],
        [
            -2.7237218370814193e-17,
            1.1370137767833756e-17,
            -0.13950364939095555
        ]
    ]
}