{
    "MP-ID": "mp-1212384",
    "Material": "GdCrTeO6",
    "steinhart_vector": [
        [
            0.006378748968063937,
            9.208717967764453e-19,
            0.0007416891068150735,
            1.1982671588554536e-18,
            0.004730893970446243,
            1.5407972433185331e-18,
            0.0027195784982826316,
            1.9624318773265e-18,
            0.004199062099013946,
            2.41573795559405e-18,
            0.0033604712419705225
        ],
        "GdCrTeO6"
    ],
    "steinhart_parameter_sum": 0.02213044388459236,
    "band_gap": 1.3853,
    "oxidation_state": 3.0,
    "possible_species": [
        "Te6+",
        "O2-",
        "Cr3+",
        "Gd3+"
    ],
    "density": 6.448275925702477,
    "quadrupole moment": [
        [
            -19.76598567037386,
            2.4562682323647778e-06,
            -2.6645352591003757e-15
        ],
        [
            2.4562682323647778e-06,
            -19.765982834118798,
            -1.3322676295501878e-15
        ],
        [
            -2.6645352591003757e-15,
            -1.3322676295501878e-15,
            -13.58930731838561
        ]
    ],
    "quadrupole moment normalized": [
        [
            -0.126082253965868,
            4.008114239811844e-09,
            -2.385386936587519e-09
        ],
        [
            4.008114239811844e-09,
            -0.12608224933769674,
            -1.5606314733573878e-08
        ],
        [
            -2.385386936587519e-09,
            -1.5606314733573878e-08,
            -0.0866827800338559
        ]
    ]
}