{
    "MP-ID": "mp-1226374",
    "Material": "CrBiWO6",
    "steinhart_vector": [
        [
            0.009077812660946752,
            2.3562038055685392e-18,
            0.0006896336197678736,
            2.6936982571716426e-18,
            0.006853334553044363,
            3.338693337450058e-18,
            0.003498907979816962,
            3.0199234385637585e-18,
            0.006299566347693719,
            4.010519614388764e-18,
            0.004212563992787912
        ],
        "CrBiWO6"
    ],
    "steinhart_parameter_sum": 0.030631819154057598,
    "band_gap": 0.0,
    "oxidation_state": 3.0,
    "possible_species": [
        "W6+",
        "Cr3+",
        "O2-",
        "Bi3+"
    ],
    "density": 6.767852680582016,
    "quadrupole moment": [
        [
            -14.384917931923981,
            -0.7957994878816174,
            -0.29113142362708344
        ],
        [
            -0.7957994878816174,
            -16.096243374470248,
            1.357800709715947
        ],
        [
            -0.29113142362708344,
            1.357800709715947,
            -14.058817230083422
        ]
    ],
    "quadrupole moment normalized": [
        [
            -0.1328217557894892,
            -0.008107097108043637,
            -0.002828734223703129
        ],
        [
            -0.008107097108043637,
            -0.1417212515201275,
            0.013832406724633258
        ],
        [
            -0.002828734223703129,
            0.013832406724633258,
            -0.12965324784392646
        ]
    ]
}