{
    "MP-ID": "mp-1213015",
    "Material": "DyMnCrO5",
    "steinhart_vector": [
        [
            0.008491414082504678,
            0.00013836035907891176,
            0.000731552180925301,
            0.0007775814421807621,
            0.006288207726134433,
            0.0010607981162536384,
            0.003237438443536959,
            0.0014344094700793804,
            0.00549734911770423,
            0.0018736536355660736,
            0.003748809401208121
        ],
        "DyMnCrO5"
    ],
    "steinhart_parameter_sum": 0.03327957397517249,
    "band_gap": 0.0563,
    "oxidation_state": 3.0,
    "possible_species": [
        "O2-",
        "Cr3+",
        "Mn4+",
        "Dy3+"
    ],
    "density": 6.346954693516777,
    "quadrupole moment": [
        [
            -17.041698410455947,
            -1.5543122344752192e-15,
            2.220446049250313e-15
        ],
        [
            -1.5543122344752192e-15,
            -13.0263099650037,
            0.4970722623836341
        ],
        [
            2.220446049250313e-15,
            0.4970722623836341,
            -16.020200282218667
        ]
    ],
    "quadrupole moment normalized": [
        [
            -0.14843474955518982,
            7.589415207398531e-19,
            3.187554387107383e-17
        ],
        [
            7.589415207398531e-19,
            -0.11133030035088953,
            0.00031209747050285966
        ],
        [
            3.187554387107383e-17,
            0.00031209747050285966,
            -0.13105533407705683
        ]
    ]
}