{
    "MP-ID": "mp-19055",
    "Material": "HoCrO4",
    "steinhart_vector": [
        [
            0.014528353767112296,
            4.51415204542935e-13,
            0.0016614694304776978,
            0.010597699997299405,
            0.007358525618337011,
            0.0032065394681845072,
            0.008620647147799787,
            0.008456460070158177,
            0.005409677374783655,
            0.00707599521740977,
            0.008302844044399784
        ],
        "HoCrO4"
    ],
    "steinhart_parameter_sum": 0.07521821213641351,
    "band_gap": 0.058899999999999,
    "oxidation_state": 5.0,
    "possible_species": [
        "Cr5+",
        "O2-",
        "Ho3+"
    ],
    "density": 6.728117065434207,
    "quadrupole moment": [
        [
            -8.397908338769472,
            0.3766653739710377,
            -0.7820155135218307
        ],
        [
            0.3766653739710377,
            -8.271131804382293,
            -0.9246157111364814
        ],
        [
            -0.7820155135218307,
            -0.9246157111364814,
            -6.796836876403087
        ]
    ],
    "quadrupole moment normalized": [
        [
            -0.12200778325184418,
            0.005472327809252865,
            -0.011361398032339175
        ],
        [
            0.005472327809252865,
            -0.12016592890497184,
            -0.013433144148495791
        ],
        [
            -0.011361398032339175,
            -0.013433144148495791,
            -0.09874685063882759
        ]
    ]
}