{
    "MP-ID": "mp-1346485",
    "Material": "MgCrO3",
    "steinhart_vector": [
        [
            0.00877209860036142,
            5.050597338152175e-19,
            0.00039657264433099664,
            1.1673003864516896e-18,
            0.0066797803339295695,
            1.7740331761755857e-18,
            0.003186601412242747,
            3.1173564050909594e-18,
            0.006241298287755526,
            4.000840062041638e-18,
            0.003752091682996897
        ],
        "MgCrO3"
    ],
    "steinhart_parameter_sum": 0.029028442961617162,
    "band_gap": 0.229299999999999,
    "oxidation_state": 4.0,
    "possible_species": [
        "Mg2+",
        "O2-",
        "Cr4+"
    ],
    "density": 4.264870753147212,
    "quadrupole moment": [
        [
            -15.059237036420146,
            -0.5268528633106748,
            -0.18815333463266892
        ],
        [
            -0.5268528633106748,
            -14.883073133335358,
            0.8739445607424292
        ],
        [
            -0.18815333463266892,
            0.8739445607424292,
            -15.375401082058296
        ]
    ],
    "quadrupole moment normalized": [
        [
            -0.13486360261751426,
            -0.003047829507833255,
            -0.004534351663005608
        ],
        [
            -0.003047829507833255,
            -0.13259700684710402,
            0.007079974634151038
        ],
        [
            -0.004534351663005608,
            0.007079974634151038,
            -0.12984727250374112
        ]
    ]
}