{
    "MP-ID": "mp-1221636",
    "Material": "MnCrB2",
    "steinhart_vector": [
        [
            0.008754768666184878,
            0.0020942286357767833,
            0.0010321979619905882,
            0.0035933661036016682,
            0.0035140009650696004,
            0.0022682054359255814,
            0.0019750051383876943,
            0.004549668938136306,
            0.0036545911446790036,
            0.003396150055297625,
            0.0038319984347570204
        ],
        "MnCrB2"
    ],
    "steinhart_parameter_sum": 0.038664181479806756,
    "band_gap": 0.0,
    "oxidation_state": 3.0,
    "possible_species": [
        "Cr3+",
        "B3-",
        "Mn3+"
    ],
    "density": 6.332485375287371,
    "quadrupole moment": [
        [
            -35.64275350962102,
            -1.5375938621537903,
            -1.5956537340432108e-15
        ],
        [
            -1.5375938621537903,
            -39.06693505248059,
            -5.3992956607483166e-15
        ],
        [
            -1.5956537340432108e-15,
            -5.3992956607483166e-15,
            -25.77559578126977
        ]
    ],
    "quadrupole moment normalized": [
        [
            -0.29834129510793206,
            -0.021238520388116452,
            -1.994321530758157e-17
        ],
        [
            -0.021238520388116452,
            -0.3456389276627112,
            -1.9535902018629086e-18
        ],
        [
            -1.994321530758157e-17,
            -1.9535902018629086e-18,
            -0.2344290733260901
        ]
    ]
}