{
    "MP-ID": "mp-1031979",
    "Material": "Mg6CrCoO8",
    "steinhart_vector": [
        [
            0.006132269210019693,
            8.765425660872951e-19,
            0.00018295249809498334,
            9.608142596294382e-19,
            0.004685086603005015,
            1.8527740362181055e-18,
            0.002174828354723365,
            2.3499797102485946e-18,
            0.004405241138104822,
            3.1590423903584406e-18,
            0.0025284756472179442
        ],
        "Mg6CrCoO8"
    ],
    "steinhart_parameter_sum": 0.020108853451165833,
    "band_gap": 0.27029999999999904,
    "oxidation_state": 2.0,
    "possible_species": [
        "Mg2+",
        "Cr2+",
        "O2-",
        "Co2+"
    ],
    "density": 4.082506763122541,
    "quadrupole moment": [
        [
            -17.54362448539228,
            -2.9484965370640975e-15,
            -1.860072545117802e-15
        ],
        [
            -2.9484965370640975e-15,
            -18.335022752505758,
            -1.9015640040365154e-15
        ],
        [
            -1.860072545117802e-15,
            -1.9015640040365154e-15,
            -18.335022752505758
        ]
    ],
    "quadrupole moment normalized": [
        [
            -0.11400152811440431,
            -1.7541539723007567e-17,
            -1.2087075434363247e-17
        ],
        [
            -1.7541539723007567e-17,
            -0.10908085727500227,
            -1.1313006508008906e-17
        ],
        [
            -1.2087075434363247e-17,
            -1.1313006508008906e-17,
            -0.10908085727500227
        ]
    ]
}