{
    "MP-ID": "mp-1040241",
    "Material": "KMg30CrO32",
    "steinhart_vector": [
        [
            0.006945031732379314,
            1.9065852075743994e-18,
            0.00015452989831489435,
            2.2810543072626506e-18,
            0.005305293408424391,
            2.1358114036713763e-18,
            0.0024596905849635876,
            3.0744608957387327e-18,
            0.004988180771799482,
            3.226987150047899e-18,
            0.0028608314058637266
        ],
        "KMg30CrO32"
    ],
    "steinhart_parameter_sum": 0.02271355780174541,
    "band_gap": 3.5878,
    "oxidation_state": 3.0,
    "possible_species": [
        "Mg2+",
        "K+",
        "O2-",
        "Cr3+"
    ],
    "density": 3.498016650506062,
    "quadrupole moment": [
        [
            -16.784145318589026,
            -3.6387300077613814e-15,
            -1.0277324920417041e-15
        ],
        [
            -3.6387300077613814e-15,
            -16.784145318589026,
            -1.027732492041704e-15
        ],
        [
            -1.0277324920417041e-15,
            -1.027732492041704e-15,
            -17.36051992112185
        ]
    ],
    "quadrupole moment normalized": [
        [
            -0.1191600741078505,
            -2.583338794755836e-17,
            -7.296450167117027e-18
        ],
        [
            -2.583338794755836e-17,
            -0.1191600741078505,
            -7.296450167117025e-18
        ],
        [
            -7.296450167117027e-18,
            -7.296450167117025e-18,
            -0.1152039229865852
        ]
    ]
}