{
    "MP-ID": "mp-18841",
    "Material": "LaCrO3",
    "steinhart_vector": [
        [
            0.00840852063580938,
            3.694131415262632e-19,
            4.513012170776804e-19,
            8.167062034478562e-19,
            0.00642211371603245,
            1.2345707860510545e-18,
            0.0029728609806639167,
            1.6306786892706264e-18,
            0.006037909194639346,
            2.043241023915905e-18,
            0.003459478695895439
        ],
        "LaCrO3"
    ],
    "steinhart_parameter_sum": 0.02730088322304054,
    "band_gap": 1.903899999999999,
    "oxidation_state": 3.0,
    "possible_species": [
        "O2-",
        "Cr3+",
        "La3+"
    ],
    "density": 6.549860163598633,
    "quadrupole moment": [
        [
            -15.422514976800999,
            -2.4801295649170832e-15,
            -9.443566800570731e-16
        ],
        [
            -2.4801295649170832e-15,
            -15.422514976800999,
            -9.44356680057073e-16
        ],
        [
            -9.443566800570731e-16,
            -9.44356680057073e-16,
            -15.422514976800999
        ]
    ],
    "quadrupole moment normalized": [
        [
            -0.12968053543851044,
            -2.0854220626086237e-17,
            -7.940642631824337e-18
        ],
        [
            -2.0854220626086237e-17,
            -0.12968053543851044,
            -7.940642631824336e-18
        ],
        [
            -7.940642631824337e-18,
            -7.940642631824336e-18,
            -0.12968053543851044
        ]
    ]
}