{
    "MP-ID": "mp-1239186",
    "Material": "TiCrCuS4",
    "steinhart_vector": [
        [
            0.001858778698126044,
            3.1510651135442244e-05,
            5.0338860414986314e-05,
            6.874441815099982e-05,
            0.0014156115167924654,
            7.85457560799235e-05,
            0.0006606145662121274,
            0.00012521053510884076,
            0.0013216794512102236,
            0.0001319575722708395,
            0.000766800788980574
        ],
        "TiCrCuS4"
    ],
    "steinhart_parameter_sum": 0.006509792814482467,
    "band_gap": 0.10300000000000001,
    "oxidation_state": 3.0,
    "possible_species": [
        "Cu+",
        "Cr3+",
        "S2-",
        "Ti4+"
    ],
    "density": 3.9189656317623083,
    "quadrupole moment": [
        [
            -22.16111349075335,
            0.0,
            -0.09638298173418391
        ],
        [
            0.0,
            -23.44644322879914,
            8.881784197001252e-16
        ],
        [
            -0.09638298173418391,
            8.881784197001252e-16,
            -24.015197457188485
        ]
    ],
    "quadrupole moment normalized": [
        [
            -0.04189473638377514,
            3.469446951953614e-18,
            -0.001134608601566495
        ],
        [
            3.469446951953614e-18,
            -0.04287859128394418,
            -5.204170427930421e-18
        ],
        [
            -0.001134608601566495,
            -5.204170427930421e-18,
            -0.044543357980387034
        ]
    ]
}