{
    "MP-ID": "mp-1245723",
    "Material": "Cr(PbN)3",
    "steinhart_vector": [
        [
            0.015948228668256743,
            2.3966227282554204e-05,
            0.007974184884107735,
            0.012608178994779786,
            0.005980629829462025,
            0.00833961405265326,
            0.011814895008994623,
            0.006851673185898751,
            0.008502776669942487,
            0.011410824052177818,
            0.007270914835086721
        ],
        "Cr(PbN)3"
    ],
    "steinhart_parameter_sum": 0.09672588640864252,
    "band_gap": 0.0,
    "oxidation_state": 3.0,
    "possible_species": [
        "N3-",
        "Cr3+",
        "Pb2+"
    ],
    "density": 7.795895345945496,
    "quadrupole moment": [
        [
            -13.469496149149194,
            0.004121422738378122,
            -1.4462235244670123e-15
        ],
        [
            0.004121422738378122,
            -13.466827850958637,
            -1.7921266792396895e-15
        ],
        [
            -1.4462235244670123e-15,
            -1.7921266792396895e-15,
            -5.9164567891575885e-31
        ]
    ],
    "quadrupole moment normalized": [
        [
            -0.2148722437172048,
            -0.0003181397376799053,
            -2.3142703190157115e-17
        ],
        [
            -0.0003181397376799053,
            -0.21471300642256505,
            -2.867790152431036e-17
        ],
        [
            -2.3142703190157115e-17,
            -2.867790152431036e-17,
            -9.467610026556942e-33
        ]
    ]
}