{
    "MP-ID": "mp-1224093",
    "Material": "Ho4CrSe7",
    "steinhart_vector": [
        [
            0.0005712003044104758,
            2.0546286918974398e-05,
            3.5811558712850765e-05,
            2.5099760214120595e-05,
            0.0004335276951962269,
            4.1747751878743794e-05,
            0.00020703432475053843,
            4.905733713972914e-05,
            0.0004010086860404873,
            6.618959860562252e-05,
            0.00024018358739329146
        ],
        "Ho4CrSe7"
    ],
    "steinhart_parameter_sum": 0.002091406891261061,
    "band_gap": 0.0,
    "oxidation_state": 2.0,
    "possible_species": [
        "Cr2+",
        "Ho3+",
        "Se2-"
    ],
    "density": 7.078008940031886,
    "quadrupole moment": [
        [
            -28.275937744204565,
            1.0058042568039918,
            -0.02956746084051254
        ],
        [
            1.0058042568039918,
            -31.139271229920205,
            -0.009348009715787864
        ],
        [
            -0.02956746084051254,
            -0.009348009715787864,
            -26.91580356824343
        ]
    ],
    "quadrupole moment normalized": [
        [
            -0.01634494131138525,
            0.00023080545565002698,
            0.0010924149164840383
        ],
        [
            0.00023080545565002698,
            -0.017002000560615845,
            0.0003453764700340259
        ],
        [
            0.0010924149164840383,
            0.0003453764700340259,
            -0.015795443366901554
        ]
    ]
}