{
    "MP-ID": "mp-1035830",
    "Material": "Mg14ZnCrO16",
    "steinhart_vector": [
        [
            0.005671300632989754,
            9.68034340763027e-19,
            0.0004041138496105708,
            7.471292542162821e-19,
            0.004339374917595518,
            1.3325979415012218e-18,
            0.002040429087651649,
            1.1279411128544259e-18,
            0.004082093187800165,
            1.7189490753224498e-18,
            0.002362209285262116
        ],
        "Mg14ZnCrO16"
    ],
    "steinhart_parameter_sum": 0.01889952096090978,
    "band_gap": 2.323200000000001,
    "oxidation_state": 2.0,
    "possible_species": [
        "Mg2+",
        "Cr2+",
        "Zn2+",
        "O2-"
    ],
    "density": 3.779955216856761,
    "quadrupole moment": [
        [
            -18.065092079922014,
            -3.26039558877565e-15,
            -1.1061678595989352e-15
        ],
        [
            -3.26039558877565e-15,
            -20.27454553563594,
            -1.2414578647191906e-15
        ],
        [
            -1.1061678595989352e-15,
            -1.2414578647191906e-15,
            -18.22712109837703
        ]
    ],
    "quadrupole moment normalized": [
        [
            -0.11071075592373253,
            -1.5863464331174175e-17,
            -6.779078643659148e-18
        ],
        [
            -1.5863464331174175e-17,
            -0.09864586096317976,
            -6.040316893884646e-18
        ],
        [
            -6.779078643659148e-18,
            -6.040316893884646e-18,
            -0.10972659857831761
        ]
    ]
}