{
    "MP-ID": "mp-1080726",
    "Material": "Zn3CrS4",
    "steinhart_vector": [
        [
            0.0019531448738349185,
            4.96180371563917e-19,
            5.968089413602718e-19,
            0.0014557882359333759,
            0.0009944926919514987,
            1.4373821105049451e-18,
            0.00122762843104748,
            0.001195231464635114,
            0.00041555418835219636,
            0.0010115929014499934,
            0.0012698443033853674
        ],
        "Zn3CrS4"
    ],
    "steinhart_parameter_sum": 0.009523277090589949,
    "band_gap": 0.0,
    "oxidation_state": 2.0,
    "possible_species": [
        "Cr2+",
        "Zn2+",
        "S2-"
    ],
    "density": 3.82532835060504,
    "quadrupole moment": [
        [
            -15.084867918199503,
            -2.6645352591003757e-15,
            -1.3322676295501878e-15
        ],
        [
            -2.6645352591003757e-15,
            -15.084867918199503,
            -8.881784197001252e-16
        ],
        [
            -1.3322676295501878e-15,
            -8.881784197001252e-16,
            -15.084867918199503
        ]
    ],
    "quadrupole moment normalized": [
        [
            -0.029462932446908174,
            -5.204170427930421e-18,
            -2.6020852139652106e-18
        ],
        [
            -5.204170427930421e-18,
            -0.029462932446908178,
            -3.469446951953614e-18
        ],
        [
            -2.6020852139652106e-18,
            -3.469446951953614e-18,
            -0.029462932446908178
        ]
    ]
}