{
    "MP-ID": "mp-1111349",
    "Material": "NaLi2CrF6",
    "steinhart_vector": [
        [
            0.008338260075634108,
            6.356397797164624e-21,
            6.703316152561238e-10,
            9.912317959535908e-19,
            0.006368451326803499,
            1.1559651648460753e-18,
            0.002948020121389296,
            2.708675965457935e-18,
            0.00598745717095064,
            2.385965753691163e-18,
            0.003430571719078615
        ],
        "NaLi2CrF6"
    ],
    "steinhart_parameter_sum": 0.027072761084187782,
    "band_gap": 4.2989999999999995,
    "oxidation_state": 3.0,
    "possible_species": [
        "Na+",
        "Cr3+",
        "Li+",
        "F-"
    ],
    "density": 2.505020517677243,
    "quadrupole moment": [
        [
            -7.300810395753423,
            5.558290974150282e-07,
            1.546136781765612e-08
        ],
        [
            5.558290974150282e-07,
            -7.300809684764081,
            7.354023335871624e-08
        ],
        [
            1.546136781765612e-08,
            7.354023335871624e-08,
            -7.300808718998477
        ]
    ],
    "quadrupole moment normalized": [
        [
            -0.06087605555186697,
            5.045926790986366e-09,
            6.211018622742025e-10
        ],
        [
            5.045926790986366e-09,
            -0.0608760499142712,
            -8.285128601517164e-11
        ],
        [
            6.211018622742025e-10,
            -8.285128601517164e-11,
            -0.060876042152284676
        ]
    ]
}