{
    "MP-ID": "mp-1102834",
    "Material": "CrCoP",
    "steinhart_vector": [
        [
            0.0018070840699495262,
            9.800659099285628e-05,
            0.0002146797342751463,
            0.0008415227343221475,
            0.0011514916010468134,
            0.0006298259966260457,
            0.0004927116723739008,
            0.0010306379589291419,
            0.000753145741035209,
            0.0008404612017802129,
            0.000739354235500257
        ],
        "CrCoP"
    ],
    "steinhart_parameter_sum": 0.008598921536831257,
    "band_gap": 0.0,
    "oxidation_state": 2.0,
    "possible_species": [
        "P3-",
        "Co+",
        "Cr2+"
    ],
    "density": 6.984927941819182,
    "quadrupole moment": [
        [
            -37.265624049072,
            -6.217248937900877e-15,
            -2.6645352591003757e-15
        ],
        [
            -6.217248937900877e-15,
            -30.59187638854501,
            -5.249219535306915
        ],
        [
            -2.6645352591003757e-15,
            -5.249219535306915,
            -23.53984837398299
        ]
    ],
    "quadrupole moment normalized": [
        [
            -0.06522163057527273,
            6.938893903907228e-18,
            6.938893903907228e-18
        ],
        [
            6.938893903907228e-18,
            -0.056085983695918724,
            -0.006041868505145041
        ],
        [
            6.938893903907228e-18,
            -0.006041868505145041,
            -0.04315902688365156
        ]
    ]
}