{
    "MP-ID": "mp-1238887",
    "Material": "TiCrCuS4",
    "steinhart_vector": [
        [
            0.0018141638260870984,
            1.975303095086817e-05,
            0.00011634142911632359,
            4.6184854324510085e-05,
            0.0013719281685026117,
            6.022216143710295e-05,
            0.0006831697718046969,
            9.22773181731016e-05,
            0.0012642724010103917,
            0.00010202216493682042,
            0.0008142599406768104
        ],
        "TiCrCuS4"
    ],
    "steinhart_parameter_sum": 0.006384595067020337,
    "band_gap": 0.0,
    "oxidation_state": 3.0,
    "possible_species": [
        "Cu+",
        "Cr3+",
        "S2-",
        "Ti4+"
    ],
    "density": 3.923437315594076,
    "quadrupole moment": [
        [
            -23.906237332686366,
            0.09198638512043011,
            -1.734383387630815
        ],
        [
            0.09198638512043011,
            -22.014022779968354,
            1.3691553068256592
        ],
        [
            -1.734383387630815,
            1.3691553068256592,
            -24.52266841638128
        ]
    ],
    "quadrupole moment normalized": [
        [
            -0.04351463617016168,
            0.00036443133741023356,
            -0.003418759536656908
        ],
        [
            0.00036443133741023356,
            -0.03991162408263815,
            0.0021580666744110983
        ],
        [
            -0.003418759536656908,
            0.0021580666744110983,
            -0.04434738827398138
        ]
    ]
}