{
    "MP-ID": "mp-1218443",
    "Material": "Sr3LaMnCrO8",
    "steinhart_vector": [
        [
            0.007631521680637037,
            0.0003054691600910106,
            0.00048812422920913013,
            8.122961361566488e-05,
            0.005816451209580205,
            0.0005570859995965579,
            0.002726786377021959,
            0.00047636775151858147,
            0.0054228892806889506,
            0.0008324156478714481,
            0.0031346785691287343
        ],
        "Sr3LaMnCrO8"
    ],
    "steinhart_parameter_sum": 0.02747301951895928,
    "band_gap": 1.2211,
    "oxidation_state": 3.0,
    "possible_species": [
        "O2-",
        "Sr2+",
        "Cr3+",
        "Mn4+",
        "La3+"
    ],
    "density": 5.589249946186813,
    "quadrupole moment": [
        [
            -15.24796990443586,
            -0.0004645135825558085,
            0.00011839554197651648
        ],
        [
            -0.0004645135825558085,
            -17.36045528071088,
            0.00010667365380793978
        ],
        [
            0.00011839554197651648,
            0.00010667365380793978,
            -16.137945382720986
        ]
    ],
    "quadrupole moment normalized": [
        [
            -0.12362927643805093,
            -2.9224080456573887e-06,
            -9.799000501241453e-07
        ],
        [
            -2.9224080456573887e-06,
            -0.11571647989174069,
            6.230328037722756e-07
        ],
        [
            -9.799000501241453e-07,
            6.230328037722756e-07,
            -0.13084512468203963
        ]
    ]
}