{
    "MP-ID": "mp-1276717",
    "Material": "Li2CrO2",
    "steinhart_vector": [
        [
            0.0067536055490876774,
            6.867246834429514e-05,
            0.0033769509369026593,
            0.00021653818802861794,
            0.005590151994163997,
            0.00028658978344827345,
            0.0039541973942060485,
            0.000433453581414115,
            0.005357332369262507,
            0.0004998608649816705,
            0.004127251766285717
        ],
        "Li2CrO2"
    ],
    "steinhart_parameter_sum": 0.03066460489612558,
    "band_gap": 1.640299999999999,
    "oxidation_state": 2.0,
    "possible_species": [
        "Cr2+",
        "Li+",
        "O2-"
    ],
    "density": 3.23483977146676,
    "quadrupole moment": [
        [
            -4.315250012522016,
            7.458007805372152,
            -1.043784997617875
        ],
        [
            7.458007805372152,
            -13.208988462295057,
            -0.44919698983101686
        ],
        [
            -1.043784997617875,
            -0.44919698983101686,
            -16.894877920273085
        ]
    ],
    "quadrupole moment normalized": [
        [
            -0.029145548144446833,
            0.050349675959095126,
            -0.0070866443478830015
        ],
        [
            0.050349675959095126,
            -0.08914754386456986,
            -0.0030139797685686948
        ],
        [
            -0.0070866443478830015,
            -0.0030139797685686948,
            -0.11414393559258204
        ]
    ]
}