{
    "MP-ID": "mp-1399418",
    "Material": "CrSe2",
    "steinhart_vector": [
        [
            0.0007580639424262174,
            2.005502233521991e-19,
            1.153683288588997e-05,
            3.4329193315460003e-19,
            0.0005786935508378373,
            3.721028553132351e-19,
            0.0002690994593606651,
            4.954190758843692e-19,
            0.0005435413516050979,
            5.048469533420836e-19,
            0.00031380237923237566
        ],
        "CrSe2"
    ],
    "steinhart_parameter_sum": 0.0024747375163480852,
    "band_gap": 0.0,
    "oxidation_state": 4.0,
    "possible_species": [
        "Se2-",
        "Cr4+"
    ],
    "density": 5.481329172552774,
    "quadrupole moment": [
        [
            -24.79092795310337,
            -0.17771008442215397,
            0.43833209697211606
        ],
        [
            -0.17771008442215397,
            -24.661473620183454,
            0.3099356006754368
        ],
        [
            0.43833209697211606,
            0.3099356006754368,
            -25.293755237232794
        ]
    ],
    "quadrupole moment normalized": [
        [
            -0.018793154810911074,
            -0.00013478055518657698,
            0.0003322768445920381
        ],
        [
            -0.00013478055518657698,
            -0.018694974505262838,
            0.00023496163044322118
        ],
        [
            0.0003322768445920381,
            0.00023496163044322118,
            -0.01917423699647032
        ]
    ]
}