{
    "MP-ID": "mp-1239128",
    "Material": "ZrCrCuS4",
    "steinhart_vector": [
        [
            0.0017455588073640178,
            2.199173154001504e-05,
            9.95365490758312e-05,
            3.0592982664744085e-05,
            0.0013225602000320393,
            6.23491845137514e-05,
            0.0006489332212995028,
            7.370942384751283e-05,
            0.001223699913578862,
            0.00010407180147215604,
            0.0007692012593490088
        ],
        "ZrCrCuS4"
    ],
    "steinhart_parameter_sum": 0.006102205074737441,
    "band_gap": 0.188499999999999,
    "oxidation_state": 3.0,
    "possible_species": [
        "Cu+",
        "Zr4+",
        "Cr3+",
        "S2-"
    ],
    "density": 4.190185516465672,
    "quadrupole moment": [
        [
            -25.114184796673808,
            -0.25114774438341847,
            -1.603081678963422
        ],
        [
            -0.25114774438341847,
            -22.40560542923043,
            1.0412579831565068
        ],
        [
            -1.603081678963422,
            1.0412579831565068,
            -24.28619579882197
        ]
    ],
    "quadrupole moment normalized": [
        [
            -0.043746535791875374,
            -0.0005521415369490294,
            -0.0026463971585197394
        ],
        [
            -0.0005521415369490294,
            -0.039124198610770204,
            0.002009446250756897
        ],
        [
            -0.0026463971585197394,
            0.002009446250756897,
            -0.04246828264206695
        ]
    ]
}