{
    "MP-ID": "mp-1194673",
    "Material": "CrN3O8",
    "steinhart_vector": [
        [
            0.00812106804676656,
            0.00010527422203831286,
            0.001433904349064498,
            0.003202880207893161,
            0.0039441073118052635,
            0.0009033581077547993,
            0.0012860671294320646,
            0.0020540621888290905,
            0.004503603087854367,
            0.0019368942529474262,
            0.003195837932333552
        ],
        "CrN3O8"
    ],
    "steinhart_parameter_sum": 0.030687056836719094,
    "band_gap": 0.0,
    "oxidation_state": 3.0,
    "possible_species": [
        "O2-",
        "Cr3+",
        "O-",
        "N2+"
    ],
    "density": 1.801062347299126,
    "quadrupole moment": [
        [
            -13.869232928370456,
            -1.6903595935374702,
            0.28006350683491743
        ],
        [
            -1.6903595935374702,
            -24.31409549300722,
            -0.4081479091216408
        ],
        [
            0.28006350683491743,
            -0.4081479091216408,
            -24.59607402603908
        ]
    ],
    "quadrupole moment normalized": [
        [
            -0.11301437603705024,
            -0.015321857867057743,
            0.003318468890401231
        ],
        [
            -0.015321857867057743,
            -0.197443399482823,
            -0.003606751419729424
        ],
        [
            0.003318468890401231,
            -0.003606751419729424,
            -0.19930172615949956
        ]
    ]
}