{
    "MP-ID": "mp-18727",
    "Material": "LiCr(SiO3)2",
    "steinhart_vector": [
        [
            0.007372918382259647,
            0.0001952957331608291,
            0.0005435497850609178,
            0.000991029035117782,
            0.00547319603918474,
            0.000799546398241407,
            0.0027492315226370335,
            0.0015445288327949108,
            0.004811169010931892,
            0.0014561805706901259,
            0.0031594747765616997
        ],
        "LiCr(SiO3)2"
    ],
    "steinhart_parameter_sum": 0.029096120086640982,
    "band_gap": 3.0382,
    "oxidation_state": 3.0,
    "possible_species": [
        "Si4+",
        "Cr3+",
        "Li+",
        "O2-"
    ],
    "density": 3.288025686975101,
    "quadrupole moment": [
        [
            -15.466748952725542,
            0.8661837576908122,
            -0.5435031097849845
        ],
        [
            0.8661837576908122,
            -15.510266176355927,
            -0.5452136165203179
        ],
        [
            -0.5435031097849845,
            -0.5452136165203179,
            -18.676080574323596
        ]
    ],
    "quadrupole moment normalized": [
        [
            -0.11359962532420324,
            0.0046119104241048575,
            -0.005092940317798749
        ],
        [
            0.0046119104241048575,
            -0.11388960211149377,
            -0.005053113136775349
        ],
        [
            -0.005092940317798749,
            -0.005053113136775349,
            -0.13621139824259298
        ]
    ]
}