{
    "MP-ID": "mp-18961",
    "Material": "ScCrO3",
    "steinhart_vector": [
        [
            0.007667062175828043,
            1.8230166141408324e-08,
            0.00047360977809962667,
            7.107214654948199e-08,
            0.005831203648040777,
            4.949793996870159e-08,
            0.0028280268239958693,
            1.0738560236080786e-07,
            0.005432294506165812,
            9.331144150159477e-08,
            0.0033435837125839083
        ],
        "ScCrO3"
    ],
    "steinhart_parameter_sum": 0.025576120142010557,
    "band_gap": 2.417799999999999,
    "oxidation_state": 3.0,
    "possible_species": [
        "O2-",
        "Cr3+",
        "Sc3+"
    ],
    "density": 4.6312337405873905,
    "quadrupole moment": [
        [
            -15.889280796225588,
            -0.6842573897354334,
            -0.18421380530299203
        ],
        [
            -0.6842573897354334,
            -15.908073555174106,
            1.197460747714691
        ],
        [
            -0.18421380530299203,
            1.197460747714691,
            -16.715217667972254
        ]
    ],
    "quadrupole moment normalized": [
        [
            -0.12539704116024,
            -0.003236039887515812,
            -0.006512416427669077
        ],
        [
            -0.003236039887515812,
            -0.12560360047791064,
            0.007809781139425494
        ],
        [
            -0.006512416427669077,
            0.007809781139425494,
            -0.1203424587361298
        ]
    ]
}