{
    "MP-ID": "mp-1038723",
    "Material": "SrMg30CrO32",
    "steinhart_vector": [
        [
            0.005874470452082832,
            2.8118114797095462e-18,
            0.0010364913123310593,
            2.806981837336609e-18,
            0.004536310843712918,
            2.49006847403372e-18,
            0.002292095187163881,
            3.1813455222364038e-18,
            0.00427951888998942,
            2.4531219011709216e-18,
            0.0025949758367016748
        ],
        "SrMg30CrO32"
    ],
    "steinhart_parameter_sum": 0.020613862521981798,
    "band_gap": 0.530899999999999,
    "oxidation_state": 2.0,
    "possible_species": [
        "Mg2+",
        "Cr2+",
        "Sr2+",
        "O2-"
    ],
    "density": 3.58643651667329,
    "quadrupole moment": [
        [
            -20.3321358176503,
            -3.2696568124665047e-15,
            0.0
        ],
        [
            -3.2696568124665047e-15,
            -20.3321358176503,
            0.0
        ],
        [
            0.0,
            0.0,
            -15.86357300615498
        ]
    ],
    "quadrupole moment normalized": [
        [
            -0.09836644895239205,
            -1.5818531452860232e-17,
            0.0
        ],
        [
            -1.5818531452860232e-17,
            -0.09836644895239205,
            0.0
        ],
        [
            0.0,
            0.0,
            -0.12607500209593453
        ]
    ]
}