{
    "MP-ID": "mp-1206397",
    "Material": "CrCoAs",
    "steinhart_vector": [
        [
            0.0006382461489942775,
            5.7107265246747994e-05,
            8.959586654581561e-05,
            8.44502030718382e-05,
            0.00022959004559462126,
            5.7594432042497716e-05,
            6.300230401716395e-05,
            0.000331976730531562,
            0.0002125201959289128,
            0.0002173890123174511,
            0.00010820737494912157
        ],
        "CrCoAs"
    ],
    "steinhart_parameter_sum": 0.00208967957924001,
    "band_gap": 0.0,
    "oxidation_state": 2.0,
    "possible_species": [
        "As3-",
        "Co+",
        "Cr2+"
    ],
    "density": 7.941599517250176,
    "quadrupole moment": [
        [
            -1.3697089016318356,
            5.458761300758397e-06,
            4.440892098500626e-16
        ],
        [
            5.458761300758397e-06,
            -30.1314033908604,
            -4.440892098500626e-15
        ],
        [
            4.440892098500626e-16,
            -4.440892098500626e-15,
            -19.947018694104003
        ]
    ],
    "quadrupole moment normalized": [
        [
            -0.004213502442501794,
            4.155223301289396e-09,
            -6.505213034913027e-19
        ],
        [
            4.155223301289396e-09,
            -0.02127567476580498,
            4.9873299934333204e-18
        ],
        [
            -6.505213034913027e-19,
            4.9873299934333204e-18,
            -0.01534049352053007
        ]
    ]
}