{
    "MP-ID": "mp-1326240",
    "Material": "TaZn2CrO6",
    "steinhart_vector": [
        [
            0.007271206623855344,
            8.4658188430384475e-19,
            0.0005633482090506612,
            3.506018069248823e-18,
            0.005489016278223115,
            3.669421668320503e-18,
            0.002807598930178245,
            5.579592905550899e-18,
            0.005042409209760827,
            4.8866705522028975e-18,
            0.003385869970956548
        ],
        "TaZn2CrO6"
    ],
    "steinhart_parameter_sum": 0.024559449222024757,
    "band_gap": 0.0,
    "oxidation_state": 3.0,
    "possible_species": [
        "Ta5+",
        "O2-",
        "Cr3+",
        "Zn2+"
    ],
    "density": 7.140220451336453,
    "quadrupole moment": [
        [
            -16.657755359447226,
            0.5815449436445692,
            -1.7034216042643189
        ],
        [
            0.5815449436445692,
            -16.89951504338434,
            -1.1640371108149725
        ],
        [
            -1.7034216042643189,
            -1.1640371108149725,
            -16.2159123152101
        ]
    ],
    "quadrupole moment normalized": [
        [
            -0.11711189662295667,
            0.006535675319501839,
            -0.011847923773562698
        ],
        [
            0.006535675319501839,
            -0.12568611939539442,
            -0.006580143983702222
        ],
        [
            -0.011847923773562698,
            -0.006580143983702222,
            -0.11893276649832407
        ]
    ]
}