{
    "MP-ID": "mp-1223017",
    "Material": "Li2TiCr(PO4)3",
    "steinhart_vector": [
        [
            0.008338035549537453,
            0.00021729330523112905,
            0.0002680813216185025,
            0.0011823549828701265,
            0.0061416750991255065,
            0.0013714304787224095,
            0.002796984583622453,
            0.0021810293787056295,
            0.005259719935923545,
            0.0023224308500589138,
            0.0029546958562038355
        ],
        "Li2TiCr(PO4)3"
    ],
    "steinhart_parameter_sum": 0.0330337313416195,
    "band_gap": 2.3334,
    "oxidation_state": 3.0,
    "possible_species": [
        "O2-",
        "Cr3+",
        "Li+",
        "P5+",
        "Ti4+"
    ],
    "density": 3.028601761919993,
    "quadrupole moment": [
        [
            -14.725874310416634,
            -0.4802400221100047,
            -0.2701657690059105
        ],
        [
            -0.4802400221100047,
            -16.379086969433217,
            -0.2546886592334938
        ],
        [
            -0.2701657690059105,
            -0.2546886592334938,
            -15.445046918518692
        ]
    ],
    "quadrupole moment normalized": [
        [
            -0.12400084353889569,
            -0.00410295069514378,
            -0.003523472975765291
        ],
        [
            -0.00410295069514378,
            -0.13396007353443612,
            -0.0009713556418730201
        ],
        [
            -0.003523472975765291,
            -0.0009713556418730201,
            -0.12920303896969806
        ]
    ]
}