{
    "MP-ID": "mp-1518792",
    "Material": "SrEuCrSnO6",
    "steinhart_vector": [
        [
            0.008365050179213171,
            1.8117945473123483e-19,
            5.933454258770254e-19,
            1.7734131170587623e-18,
            0.006388912606391378,
            1.9460044745344895e-18,
            0.002957491853343689,
            2.5016238805932822e-18,
            0.0060066943494905285,
            3.969075716760103e-18,
            0.0034415938472985306
        ],
        "SrEuCrSnO6"
    ],
    "steinhart_parameter_sum": 0.02715974283573731,
    "band_gap": 0.0,
    "oxidation_state": 4.0,
    "possible_species": [
        "O2-",
        "Sr2+",
        "Eu2+",
        "Sn4+",
        "Cr4+"
    ],
    "density": 6.540056081388972,
    "quadrupole moment": [
        [
            -15.46253595788141,
            -4.440892098500626e-16,
            -1.7763568394002505e-15
        ],
        [
            -4.440892098500626e-16,
            -15.462535957881405,
            -8.881784197001252e-16
        ],
        [
            -1.7763568394002505e-15,
            -8.881784197001252e-16,
            -15.462535957881407
        ]
    ],
    "quadrupole moment normalized": [
        [
            -0.12934488918556603,
            3.469446951953614e-18,
            -1.3877787807814457e-17
        ],
        [
            3.469446951953614e-18,
            -0.12934488918556597,
            -6.938893903907228e-18
        ],
        [
            -1.3877787807814457e-17,
            -6.938893903907228e-18,
            -0.129344889185566
        ]
    ]
}