{
    "MP-ID": "mp-1212351",
    "Material": "Na3CrO6",
    "steinhart_vector": [
        [
            0.008145228270919413,
            4.152244192625149e-18,
            0.006469544137403508,
            3.512252767742803e-18,
            0.0044572746211414965,
            3.616199973856759e-18,
            0.005258906937486717,
            4.428112438955617e-18,
            0.006542157254303992,
            5.8389765410821636e-18,
            0.006142465510019474
        ],
        "Na3CrO6"
    ],
    "steinhart_parameter_sum": 0.03701557673127462,
    "band_gap": 0.081599999999999,
    "oxidation_state": 3.0,
    "possible_species": [
        "Na+",
        "Cr3+",
        "O-"
    ],
    "density": 0.190886833279198,
    "quadrupole moment": [
        [
            -2.2515861341239747,
            5.73261728531449e-07,
            -1.3786982739684464e-16
        ],
        [
            5.73261728531449e-07,
            -13.418210778110861,
            -1.4093485909635062e-15
        ],
        [
            -1.3786982739684464e-16,
            -1.4093485909635062e-15,
            -1.5646954029843649e-31
        ]
    ],
    "quadrupole moment normalized": [
        [
            -0.018339683034076515,
            1.985601710829954e-09,
            -1.1229814977001695e-18
        ],
        [
            1.985601710829954e-09,
            -0.10929438977502416,
            -1.1479466151028435e-17
        ],
        [
            -1.1229814977001695e-18,
            -1.1479466151028435e-17,
            -1.274480157697009e-33
        ]
    ]
}