{
    "MP-ID": "mp-1226258",
    "Material": "CrFeAs2",
    "steinhart_vector": [
        [
            0.000809965699875952,
            7.328916922306294e-05,
            2.686042772596852e-05,
            0.0001998587300415886,
            0.0005368165871865346,
            0.00025873273116625126,
            0.0002206669242391026,
            0.00035957389478521627,
            0.00036406951367841265,
            0.0003579524571221169,
            0.0001967975002277474
        ],
        "CrFeAs2"
    ],
    "steinhart_parameter_sum": 0.0034045836352719536,
    "band_gap": 0.0,
    "oxidation_state": 3.0,
    "possible_species": [
        "As3-",
        "Fe3+",
        "Cr3+"
    ],
    "density": 7.408423230052893,
    "quadrupole moment": [
        [
            -36.025057812747,
            -4.234764681567249e-15,
            -2.1198478718531497e-16
        ],
        [
            -4.234764681567249e-15,
            -35.52375047451501,
            0.7558383311231047
        ],
        [
            -2.1198478718531497e-16,
            0.7558383311231047,
            -38.81208316448215
        ]
    ],
    "quadrupole moment normalized": [
        [
            -0.028633043604356534,
            -3.103141848952253e-18,
            6.0026591142321705e-19
        ],
        [
            -3.103141848952253e-18,
            -0.02912477172145261,
            -0.0002140646373906983
        ],
        [
            6.0026591142321705e-19,
            -0.0002140646373906983,
            -0.03134583696672589
        ]
    ]
}