{
    "MP-ID": "mp-1105351",
    "Material": "HoCrTeO6",
    "steinhart_vector": [
        [
            0.007441785070035218,
            2.3788983832393498e-07,
            0.0005338629199938349,
            0.0008366900438586095,
            0.0054952491206604484,
            0.0008686281948373601,
            0.00272922297113736,
            0.0017284370191422316,
            0.004763932328240796,
            0.0014397043326176509,
            0.003058542768439265
        ],
        "HoCrTeO6"
    ],
    "steinhart_parameter_sum": 0.028896292658801094,
    "band_gap": 2.6338,
    "oxidation_state": 3.0,
    "possible_species": [
        "Te6+",
        "O2-",
        "Ho3+",
        "Cr3+"
    ],
    "density": 6.430804968163029,
    "quadrupole moment": [
        [
            -17.56991586926041,
            -0.0003326271180352225,
            0.00025559292643784204
        ],
        [
            -0.0003326271180352225,
            -17.569560611306077,
            -0.00044366401358286733
        ],
        [
            0.00025559292643784204,
            -0.00044366401358286733,
            -14.041561689127704
        ]
    ],
    "quadrupole moment normalized": [
        [
            -0.13075248008273666,
            -3.937459760166434e-06,
            -2.5192864279433014e-07
        ],
        [
            -3.937459760166434e-06,
            -0.13074795019582358,
            2.421581215801896e-07
        ],
        [
            -2.5192864279433014e-07,
            2.421581215801896e-07,
            -0.10449428425977628
        ]
    ]
}