{
    "MP-ID": "mp-1245402",
    "Material": "Cr(NiN)3",
    "steinhart_vector": [
        [
            0.014207601031499126,
            8.725728561389416e-07,
            0.007103800678664344,
            0.011232094468561774,
            0.005327851099605872,
            0.007429332802566235,
            0.01052540682786234,
            0.006103820854893686,
            0.007574673906982907,
            0.01016545850137079,
            0.006477291002857912
        ],
        "Cr(NiN)3"
    ],
    "steinhart_parameter_sum": 0.08614820374772111,
    "band_gap": 0.0,
    "oxidation_state": 3.0,
    "possible_species": [
        "N3-",
        "Cr3+",
        "Ni2+"
    ],
    "density": 6.450635581864721,
    "quadrupole moment": [
        [
            -14.27024088052896,
            -0.0014828356721334757,
            0.0
        ],
        [
            -0.0014828356721334757,
            -14.268388594746769,
            0.0
        ],
        [
            0.0,
            0.0,
            0.0
        ]
    ],
    "quadrupole moment normalized": [
        [
            -0.20274743636412418,
            -2.016747991989004e-05,
            0.0
        ],
        [
            -2.016747991989004e-05,
            -0.20271802517475562,
            0.0
        ],
        [
            0.0,
            0.0,
            0.0
        ]
    ]
}