{
    "MP-ID": "mp-1044931",
    "Material": "LaVZnCrO6",
    "steinhart_vector": [
        [
            0.0074572282402418,
            0.0003834775940703364,
            0.00026887033511110265,
            0.0006789125950313711,
            0.00560870873939209,
            0.0009426671144129981,
            0.002576283834489416,
            0.0012936966027372603,
            0.005064167508454799,
            0.0015354736505648191,
            0.002859055537122276
        ],
        "LaVZnCrO6"
    ],
    "steinhart_parameter_sum": 0.028668541751628265,
    "band_gap": 1.4535,
    "oxidation_state": 3.0,
    "possible_species": [
        "O2-",
        "Cr3+",
        "V4+",
        "Zn2+",
        "La3+"
    ],
    "density": 5.9055998414312665,
    "quadrupole moment": [
        [
            -15.928171172030467,
            -0.3933630562566943,
            0.12176609330834964
        ],
        [
            -0.3933630562566943,
            -16.808426694264085,
            0.05954777538024869
        ],
        [
            0.12176609330834964,
            0.05954777538024869,
            -16.537728210659004
        ]
    ],
    "quadrupole moment normalized": [
        [
            -0.12225457946231119,
            0.0023913762677155214,
            0.0023660167279615685
        ],
        [
            0.0023913762677155214,
            -0.12516358637079367,
            -0.00011107577417845786
        ],
        [
            0.0023660167279615685,
            -0.00011107577417845786,
            -0.1186013998282395
        ]
    ]
}