{
    "MP-ID": "mp-1025231",
    "Material": "Pr2CrS4",
    "steinhart_vector": [
        [
            0.0013795315858250775,
            1.2055016157315281e-19,
            0.00022643231308131938,
            2.0221406583255574e-19,
            0.001051497918037915,
            3.0823536065844783e-19,
            0.0005590640290457391,
            4.0495533668550865e-19,
            0.0009732874844103638,
            5.362240302918223e-19,
            0.0006547977174981635
        ],
        "Pr2CrS4"
    ],
    "steinhart_parameter_sum": 0.00484461104789858,
    "band_gap": 0.0,
    "oxidation_state": 2.0,
    "possible_species": [
        "Cr2+",
        "S2-",
        "Pr3+"
    ],
    "density": 4.452354216619311,
    "quadrupole moment": [
        [
            -26.68091282425556,
            2.15800952629955,
            -0.2181876849735982
        ],
        [
            2.15800952629955,
            -32.223112556119034,
            -0.07493614888238742
        ],
        [
            -0.2181876849735982,
            -0.07493614888238742,
            -23.099755320160142
        ]
    ],
    "quadrupole moment normalized": [
        [
            -0.03495912142906029,
            0.0012839519272095246,
            0.005926949895786805
        ],
        [
            0.0012839519272095246,
            -0.03825656657005013,
            0.0020355997629420324
        ],
        [
            0.005926949895786805,
            0.0020355997629420324,
            -0.03762667343583129
        ]
    ]
}