{
    "MP-ID": "mp-1179963",
    "Material": "NaCrO2",
    "steinhart_vector": [
        [
            0.014383279865012897,
            0.0,
            0.0143832798650129,
            0.0,
            0.014383279865012899,
            0.0,
            0.014383279865012897,
            0.0,
            0.014383279865012899,
            0.0,
            0.0143832798650129
        ],
        "NaCrO2"
    ],
    "steinhart_parameter_sum": 0.08629967919007739,
    "band_gap": 0.7054,
    "oxidation_state": 3.0,
    "possible_species": [
        "Na+",
        "O2-",
        "Cr3+"
    ],
    "density": 1.371122000137483,
    "quadrupole moment": [
        [
            0.0,
            0.0,
            0.0
        ],
        [
            0.0,
            0.0,
            0.0
        ],
        [
            0.0,
            0.0,
            -11.791960951882759
        ]
    ],
    "quadrupole moment normalized": [
        [
            0.0,
            0.0,
            0.0
        ],
        [
            0.0,
            0.0,
            0.0
        ],
        [
            0.0,
            0.0,
            -0.16960707452823362
        ]
    ]
}