{
    "MP-ID": "mp-1189915",
    "Material": "EuCrTeO6",
    "steinhart_vector": [
        [
            0.008453663012664162,
            2.6063322182282675e-05,
            0.00041893607069122817,
            0.0012610698185700276,
            0.0061569788645458555,
            0.001420759750038808,
            0.0028685237398206587,
            0.0025103150416882856,
            0.005122818708995672,
            0.002319576645818698,
            0.0030132811181451716
        ],
        "EuCrTeO6"
    ],
    "steinhart_parameter_sum": 0.03357198609316085,
    "band_gap": 0.0,
    "oxidation_state": 3.0,
    "possible_species": [
        "Te6+",
        "O2-",
        "Cr3+",
        "Eu3+"
    ],
    "density": 6.131010442178001,
    "quadrupole moment": [
        [
            -16.117491208224266,
            0.04765617047364512,
            -0.053008495303483505
        ],
        [
            0.04765617047364512,
            -16.167764276504318,
            0.018834415575677443
        ],
        [
            -0.053008495303483505,
            0.018834415575677443,
            -13.859202427423622
        ]
    ],
    "quadrupole moment normalized": [
        [
            -0.13617562792338403,
            0.0003548981520010361,
            -0.00011457014607178101
        ],
        [
            0.0003548981520010361,
            -0.1367509371089771,
            0.00022513261415534405
        ],
        [
            -0.00011457014607178101,
            0.00022513261415534405,
            -0.11715622975700161
        ]
    ]
}