{
    "MP-ID": "mp-1522086",
    "Material": "CaNdZrCrO6",
    "steinhart_vector": [
        [
            0.008523052896606874,
            8.628082892425592e-19,
            1.1664193308706358e-18,
            3.0128027286740283e-18,
            0.006509589175135603,
            2.3512171677974388e-18,
            0.0030133542498011834,
            4.30766193000992e-18,
            0.006120151413039449,
            5.219353871391455e-18,
            0.0035066001734279165
        ],
        "CaNdZrCrO6"
    ],
    "steinhart_parameter_sum": 0.02767274790801104,
    "band_gap": 2.4074,
    "oxidation_state": 3.0,
    "possible_species": [
        "Nd3+",
        "O2-",
        "Cr3+",
        "Zr4+",
        "Ca2+"
    ],
    "density": 5.428715331261087,
    "quadrupole moment": [
        [
            -15.318541092706706,
            -1.7763568394002505e-15,
            -1.4191663158968767e-15
        ],
        [
            -1.7763568394002505e-15,
            -15.318541092706708,
            -1.0035021256022115e-15
        ],
        [
            -1.4191663158968767e-15,
            -1.0035021256022115e-15,
            -15.318541092706706
        ]
    ],
    "quadrupole moment normalized": [
        [
            -0.13056073603198529,
            0.0,
            -2.250397043533262e-17
        ],
        [
            0.0,
            -0.1305607360319853,
            8.794333061402989e-18
        ],
        [
            -2.250397043533262e-17,
            8.794333061402989e-18,
            -0.13056073603198534
        ]
    ]
}