{
    "MP-ID": "mp-1035311",
    "Material": "Mg14CrCuO16",
    "steinhart_vector": [
        [
            0.006510449316825116,
            1.1648209243301074e-18,
            0.0001838032550626171,
            2.2753303771931405e-18,
            0.004973853053146175,
            2.1165839101705688e-18,
            0.0023082037324224096,
            3.1191096422136806e-18,
            0.004676710336976705,
            3.0055702840536218e-18,
            0.002683797716359889
        ],
        "Mg14CrCuO16"
    ],
    "steinhart_parameter_sum": 0.02133681741079292,
    "band_gap": 0.1748,
    "oxidation_state": 2.0,
    "possible_species": [
        "Mg2+",
        "Cr2+",
        "Cu2+",
        "O2-"
    ],
    "density": 3.804045051358705,
    "quadrupole moment": [
        [
            -17.284783762820958,
            -3.692599377902833e-15,
            -1.0583877554546415e-15
        ],
        [
            -3.692599377902833e-15,
            -17.284783762820958,
            -1.0583877554546413e-15
        ],
        [
            -1.0583877554546415e-15,
            -1.0583877554546413e-15,
            -18.04389523329721
        ]
    ],
    "quadrupole moment normalized": [
        [
            -0.11570870815878755,
            -2.4719192882477076e-17,
            -7.085114954006719e-18
        ],
        [
            -2.4719192882477076e-17,
            -0.11570870815878755,
            -7.085114954006717e-18
        ],
        [
            -7.085114954006719e-18,
            -7.085114954006717e-18,
            -0.11084081203870606
        ]
    ]
}