{
    "MP-ID": "mp-1033435",
    "Material": "SrMg6CrO8",
    "steinhart_vector": [
        [
            0.005765109300362429,
            3.751103811523915e-19,
            0.0010140273192843128,
            6.259995799070214e-19,
            0.004451560154758032,
            1.0080184219604119e-18,
            0.0022481727323236827,
            1.267070614991705e-18,
            0.00419947877461641,
            1.6718978575607057e-18,
            0.002545617014928588
        ],
        "SrMg6CrO8"
    ],
    "steinhart_parameter_sum": 0.020223965296273457,
    "band_gap": 2.395799999999999,
    "oxidation_state": 2.0,
    "possible_species": [
        "Mg2+",
        "Cr2+",
        "Sr2+",
        "O2-"
    ],
    "density": 3.837057263665865,
    "quadrupole moment": [
        [
            -16.01983695672496,
            0.0,
            -9.80932102595785e-16
        ],
        [
            0.0,
            -20.5172304110655,
            -1.2563180275140049e-15
        ],
        [
            -9.80932102595785e-16,
            -1.2563180275140049e-15,
            -20.5172304110655
        ]
    ],
    "quadrupole moment normalized": [
        [
            -0.12484521567870394,
            0.0,
            -7.644564688489287e-18
        ],
        [
            0.0,
            -0.09747904370764124,
            -5.9688699430253884e-18
        ],
        [
            -7.644564688489287e-18,
            -5.9688699430253884e-18,
            -0.09747904370764124
        ]
    ]
}