{
    "MP-ID": "mp-1517421",
    "Material": "SrCeCrSnO6",
    "steinhart_vector": [
        [
            0.008145229249688921,
            7.75764078166147e-19,
            1.4127351078159767e-18,
            1.205533364278818e-18,
            0.006221021598244639,
            1.449898395212968e-18,
            0.0028797734183870246,
            1.7836834210572694e-18,
            0.005848847461906493,
            2.7782188180059415e-18,
            0.0033511539405017884
        ],
        "SrCeCrSnO6"
    ],
    "steinhart_parameter_sum": 0.02644602566872887,
    "band_gap": 0.127699999999999,
    "oxidation_state": 3.0,
    "possible_species": [
        "O2-",
        "Sr2+",
        "Cr3+",
        "Ce3+",
        "Sn4+"
    ],
    "density": 6.3488418803041995,
    "quadrupole moment": [
        [
            -15.669795970756102,
            0.0,
            -1.7763568394002505e-15
        ],
        [
            0.0,
            -15.669795970756102,
            -8.881784197001252e-16
        ],
        [
            -1.7763568394002505e-15,
            -8.881784197001252e-16,
            -15.669795970756104
        ]
    ],
    "quadrupole moment normalized": [
        [
            -0.1276340804776602,
            1.3877787807814457e-17,
            -6.938893903907228e-18
        ],
        [
            1.3877787807814457e-17,
            -0.12763408047766023,
            -3.469446951953614e-18
        ],
        [
            -6.938893903907228e-18,
            -3.469446951953614e-18,
            -0.12763408047766023
        ]
    ]
}