{
    "MP-ID": "mp-1076360",
    "Material": "RbCrO3",
    "steinhart_vector": [
        [
            0.008241235017069486,
            3.904302754306863e-19,
            4.423226813034572e-19,
            8.764291851644495e-19,
            0.0062943472142736,
            1.1558528081885304e-18,
            0.002913716582960933,
            1.5714767105024976e-18,
            0.005917786355049821,
            2.0225125064155514e-18,
            0.0033906531486647224
        ],
        "RbCrO3"
    ],
    "steinhart_parameter_sum": 0.026757738318018566,
    "band_gap": 0.0,
    "oxidation_state": 5.0,
    "possible_species": [
        "Cr5+",
        "O2-",
        "Rb+"
    ],
    "density": 5.008711280005005,
    "quadrupole moment": [
        [
            -15.578256424900001,
            -2.5051746999352278e-15,
            -9.53893093352524e-16
        ],
        [
            -2.5051746999352278e-15,
            -15.578256424900001,
            -9.538930933525238e-16
        ],
        [
            -9.53893093352524e-16,
            -9.538930933525238e-16,
            -15.578256424900001
        ]
    ],
    "quadrupole moment normalized": [
        [
            -0.12838407235377358,
            -2.0645733460982742e-17,
            -7.86125716347755e-18
        ],
        [
            -2.0645733460982742e-17,
            -0.12838407235377358,
            -7.86125716347755e-18
        ],
        [
            -7.86125716347755e-18,
            -7.86125716347755e-18,
            -0.12838407235377358
        ]
    ]
}