{
    "MP-ID": "mp-19360",
    "Material": "LuCrO4",
    "steinhart_vector": [
        [
            0.015115440281184972,
            2.3389734769875124e-07,
            0.0018840927682870344,
            0.011019853033783954,
            0.007516125264601848,
            0.0036341787715837588,
            0.009151433053943211,
            0.008395367470252135,
            0.005581662613728715,
            0.008141346654250311,
            0.0081293618356883
        ],
        "LuCrO4"
    ],
    "steinhart_parameter_sum": 0.07856909564465193,
    "band_gap": 0.28499999999999903,
    "oxidation_state": 5.0,
    "possible_species": [
        "Cr5+",
        "O2-",
        "Lu3+"
    ],
    "density": 6.4938063812400575,
    "quadrupole moment": [
        [
            -7.385812912917073,
            -0.6821527479069975,
            0.6578967976573538
        ],
        [
            -0.6821527479069975,
            -8.308067137475184,
            1.2388483369317416
        ],
        [
            0.6578967976573538,
            1.2388483369317416,
            -7.311774437099027
        ]
    ],
    "quadrupole moment normalized": [
        [
            -0.11164420095626608,
            -0.010314195885125397,
            0.009947290080736394
        ],
        [
            -0.010314195885125397,
            -0.1255764271606149,
            0.018723807455225977
        ],
        [
            0.009947290080736394,
            0.018723807455225977,
            -0.11051996797893868
        ]
    ]
}