{
    "MP-ID": "mp-1219758",
    "Material": "Rb2CrBrCl3",
    "steinhart_vector": [
        [
            0.0012928468097517143,
            0.00015896186045195358,
            0.00015207218173205638,
            0.00018547522074299034,
            0.0009918426818340122,
            0.00015162171266483614,
            0.00047809130831474547,
            0.000195187866986653,
            0.0009327923332281305,
            0.00015054189821881437,
            0.0005479065958333499
        ],
        "Rb2CrBrCl3"
    ],
    "steinhart_parameter_sum": 0.005237340469759256,
    "band_gap": 0.341599999999999,
    "oxidation_state": 2.0,
    "possible_species": [
        "Br-",
        "Cr2+",
        "Rb+",
        "Cl-"
    ],
    "density": 3.128096477448428,
    "quadrupole moment": [
        [
            -12.9980834461991,
            -0.05473363018284294,
            0.3934412762723709
        ],
        [
            -0.05473363018284294,
            -13.099383982006811,
            0.9001455452046017
        ],
        [
            0.3934412762723709,
            0.9001455452046017,
            -13.137691030834663
        ]
    ],
    "quadrupole moment normalized": [
        [
            -0.014532657140001692,
            -0.0015259854203793955,
            -0.000539690363247131
        ],
        [
            -0.0015259854203793955,
            -0.017356937937800014,
            -0.0012347455784747024
        ],
        [
            -0.000539690363247131,
            -0.0012347455784747024,
            -0.018007739191936913
        ]
    ]
}