{
    "MP-ID": "mp-1216368",
    "Material": "VCrSe2",
    "steinhart_vector": [
        [
            0.0005986434759400532,
            7.563098509517271e-20,
            3.1395827147428e-05,
            1.4205702686510388e-19,
            0.00045453220711136506,
            1.4864421903673416e-19,
            0.0002215139630051663,
            2.361096994871377e-19,
            0.00042240487912044905,
            2.559542348980062e-19,
            0.00026331373252767095
        ],
        "VCrSe2"
    ],
    "steinhart_parameter_sum": 0.0019918040848521334,
    "band_gap": 0.0,
    "oxidation_state": 2.0,
    "possible_species": [
        "V2+",
        "Cr2+",
        "Se2-"
    ],
    "density": 5.984249232759086,
    "quadrupole moment": [
        [
            -29.462539640591682,
            -0.07622412390266788,
            0.004929509820470274
        ],
        [
            -0.07622412390266788,
            -29.55003168289194,
            -0.002854544610928045
        ],
        [
            0.004929509820470274,
            -0.002854544610928045,
            -25.099633276701685
        ]
    ],
    "quadrupole moment normalized": [
        [
            -0.017655335165096323,
            -1.4390210737267439e-05,
            4.362888205051174e-05
        ],
        [
            -1.4390210737267439e-05,
            -0.017671852625213574,
            -2.5264294965165243e-05
        ],
        [
            4.362888205051174e-05,
            -2.5264294965165243e-05,
            -0.015025825158114186
        ]
    ]
}