{
    "MP-ID": "mp-1100441",
    "Material": "CrCuB",
    "steinhart_vector": [
        [
            0.0039249271157440055,
            8.545617610436014e-19,
            8.185298530964783e-19,
            0.002553936268809409,
            0.0013639639334678277,
            9.200376747167148e-19,
            0.0023299011105769128,
            0.0020968331188613264,
            0.0010869509293388057,
            0.0017746700629345624,
            0.002022648896168309
        ],
        "CrCuB"
    ],
    "steinhart_parameter_sum": 0.01715383143590116,
    "band_gap": 0.0,
    "oxidation_state": 2.0,
    "possible_species": [
        "Cu+",
        "Cr2+",
        "B3-"
    ],
    "density": 6.415258164244951,
    "quadrupole moment": [
        [
            -6.442591214268289,
            -4.440892098500626e-16,
            -8.881784197001252e-16
        ],
        [
            -4.440892098500626e-16,
            -6.442591214268289,
            0.0
        ],
        [
            -8.881784197001252e-16,
            0.0,
            -6.442591214268284
        ]
    ],
    "quadrupole moment normalized": [
        [
            -0.15486022878740105,
            8.673617379884035e-18,
            2.949029909160572e-17
        ],
        [
            8.673617379884035e-18,
            -0.15486022878740122,
            2.168404344971009e-17
        ],
        [
            2.949029909160572e-17,
            2.168404344971009e-17,
            -0.15486022878740113
        ]
    ]
}