{
    "MP-ID": "mp-1040818",
    "Material": "LaMnCrO6",
    "steinhart_vector": [
        [
            0.009963586064420863,
            0.0007179607943492483,
            0.00035802630117255733,
            0.0032262580413820042,
            0.007037389215590581,
            0.0021135901970267125,
            0.0031295378614078096,
            0.004460142846678162,
            0.00541844302044994,
            0.003507947324824151,
            0.0033113942874449125
        ],
        "LaMnCrO6"
    ],
    "steinhart_parameter_sum": 0.04324427595474694,
    "band_gap": 0.44329999999999903,
    "oxidation_state": 5.0,
    "possible_species": [
        "Cr5+",
        "O2-",
        "La3+",
        "Mn4+"
    ],
    "density": 5.111148697322554,
    "quadrupole moment": [
        [
            -14.481871392897478,
            -0.8610701733658401,
            0.09609541184196613
        ],
        [
            -0.8610701733658401,
            -16.186289500715787,
            0.20136398890327134
        ],
        [
            0.09609541184196613,
            0.20136398890327134,
            -13.595857893817989
        ]
    ],
    "quadrupole moment normalized": [
        [
            -0.1390791262920165,
            0.0023815526362235447,
            0.0005125449771653961
        ],
        [
            0.0023815526362235447,
            -0.13777311373905252,
            -0.00015659412126700373
        ],
        [
            0.0005125449771653961,
            -0.00015659412126700373,
            -0.14127466931852048
        ]
    ]
}