{
    "MP-ID": "mp-1157256",
    "Material": "CaCr(SiO3)2",
    "steinhart_vector": [
        [
            0.0055074288239064075,
            0.00012621596189811828,
            0.0007161438254268292,
            0.0005465558987079504,
            0.004154352455371834,
            0.0004890953106066899,
            0.0020807746307545897,
            0.0009524795623914353,
            0.0037606030349856515,
            0.0008444944143957096,
            0.0023486042279995648
        ],
        "CaCr(SiO3)2"
    ],
    "steinhart_parameter_sum": 0.021526748146444778,
    "band_gap": 0.0,
    "oxidation_state": 2.0,
    "possible_species": [
        "Ca2+",
        "Cr2+",
        "Si4+",
        "O2-"
    ],
    "density": 3.357950554320696,
    "quadrupole moment": [
        [
            -18.190362096068956,
            0.03359542570524687,
            -0.7462262049463781
        ],
        [
            0.03359542570524687,
            -20.02147437489707,
            2.6136281265508354
        ],
        [
            -0.7462262049463781,
            2.6136281265508354,
            -19.673485172110475
        ]
    ],
    "quadrupole moment normalized": [
        [
            -0.10697822853288048,
            0.009596181627484851,
            0.009897317770355955
        ],
        [
            0.009596181627484851,
            -0.10178802499564077,
            0.004605694816267483
        ],
        [
            0.009897317770355955,
            0.004605694816267483,
            -0.10478129159416784
        ]
    ]
}