{
    "MP-ID": "mp-1227141",
    "Material": "CaNdCrO4",
    "steinhart_vector": [
        [
            0.007752410380019199,
            0.0001298132808007603,
            0.0004960195499972206,
            0.0002340157327001625,
            0.005908694943126788,
            0.00017897428167018122,
            0.0028216434471401517,
            0.0003431722521156961,
            0.005521830129490046,
            0.0002711203932627168,
            0.003299930426202411
        ],
        "CaNdCrO4"
    ],
    "steinhart_parameter_sum": 0.026957624816525333,
    "band_gap": 2.7047,
    "oxidation_state": 3.0,
    "possible_species": [
        "Ca2+",
        "O2-",
        "Cr3+",
        "Nd3+"
    ],
    "density": 5.454504510243481,
    "quadrupole moment": [
        [
            -16.658124270629628,
            0.8689090914240687,
            0.01855022560632036
        ],
        [
            0.8689090914240687,
            -15.148189884088533,
            -0.008456497994611123
        ],
        [
            0.01855022560632036,
            -0.008456497994611123,
            -16.518338551199797
        ]
    ],
    "quadrupole moment normalized": [
        [
            -0.11883843494577544,
            -0.0007702957912553224,
            0.003615663492141201
        ],
        [
            -0.0007702957912553224,
            -0.12017700547576957,
            -0.0016482738118317932
        ],
        [
            0.003615663492141201,
            -0.0016482738118317932,
            -0.1341940346011937
        ]
    ]
}