{
    "MP-ID": "mp-1520949",
    "Material": "SrCaCrBiO6",
    "steinhart_vector": [
        [
            0.007953196407357473,
            2.2239116931772734e-18,
            4.619187875683334e-19,
            4.119929987842344e-18,
            0.006074354092261075,
            3.3817259892295888e-18,
            0.002811879555875478,
            4.757196320781474e-18,
            0.005710954375285773,
            5.327393700167091e-18,
            0.003272146757700965
        ],
        "SrCaCrBiO6"
    ],
    "steinhart_parameter_sum": 0.025822531188480786,
    "band_gap": 0.27930000000000005,
    "oxidation_state": 3.0,
    "possible_species": [
        "O2-",
        "Sr2+",
        "Cr3+",
        "Ca2+",
        "Bi5+"
    ],
    "density": 5.950927480533423,
    "quadrupole moment": [
        [
            -15.857844102059754,
            -2.220446049250313e-15,
            0.0
        ],
        [
            -2.220446049250313e-15,
            -15.857844102059751,
            0.0
        ],
        [
            0.0,
            0.0,
            -15.857844102059758
        ]
    ],
    "quadrupole moment normalized": [
        [
            -0.1261205487409365,
            -6.938893903907228e-18,
            0.0
        ],
        [
            -6.938893903907228e-18,
            -0.1261205487409365,
            0.0
        ],
        [
            0.0,
            0.0,
            -0.12612054874093656
        ]
    ]
}