{
    "MP-ID": "mp-1226239",
    "Material": "CrReO4",
    "steinhart_vector": [
        [
            0.007792923840943796,
            1.0089151436598036e-08,
            0.0003303980131544436,
            2.8610191501653788e-08,
            0.005933468410612512,
            2.249011856758832e-08,
            0.0028286040382652076,
            4.445943343230569e-08,
            0.005544151792055318,
            3.996537240952705e-08,
            0.0033298002683587306
        ],
        "CrReO4"
    ],
    "steinhart_parameter_sum": 0.025759491977657353,
    "band_gap": 0.0,
    "oxidation_state": 3.0,
    "possible_species": [
        "Re5+",
        "O2-",
        "Cr3+"
    ],
    "density": 7.689008121437258,
    "quadrupole moment": [
        [
            -16.93302243135501,
            -0.0003221878798979629,
            -0.00022355929189899021
        ],
        [
            -0.0003221878798979629,
            -14.835729276880569,
            0.00010722426441187093
        ],
        [
            -0.00022355929189899021,
            0.00010722426441187093,
            -16.302272343350722
        ]
    ],
    "quadrupole moment normalized": [
        [
            -0.1342221433393111,
            2.8910576038661596e-06,
            -1.8003658095162057e-06
        ],
        [
            2.8910576038661596e-06,
            -0.11759763463131323,
            8.181864678522693e-07
        ],
        [
            -1.8003658095162057e-06,
            8.181864678522693e-07,
            -0.12268228373247791
        ]
    ]
}