{
    "MP-ID": "mp-1212865",
    "Material": "DyCrSb3",
    "steinhart_vector": [
        [
            0.0003657004446105864,
            4.105014142741069e-05,
            2.2188469069725094e-05,
            6.0020794211264e-05,
            0.0002487375535503957,
            0.00012566437664462266,
            0.00011344665637512658,
            0.0001166247847806196,
            0.00017304802586466463,
            0.0001871234540783767,
            0.00011285430005123176
        ],
        "DyCrSb3"
    ],
    "steinhart_parameter_sum": 0.001566459000664024,
    "band_gap": 0.0,
    "oxidation_state": 5.0,
    "possible_species": [
        "Cr5+",
        "Sb2-",
        "Sb3-",
        "Dy3+"
    ],
    "density": 8.058464254639125,
    "quadrupole moment": [
        [
            -27.322753815018746,
            1.919521503251711,
            -8.881784197001252e-16
        ],
        [
            1.919521503251711,
            -32.223646380926965,
            -2.6645352591003757e-15
        ],
        [
            -8.881784197001252e-16,
            -2.6645352591003757e-15,
            -28.352326831097784
        ]
    ],
    "quadrupole moment normalized": [
        [
            -0.009991943218137952,
            0.0003941014407045783,
            4.336808689942018e-19
        ],
        [
            0.0003941014407045783,
            -0.011909530794609508,
            -2.168404344971009e-19
        ],
        [
            4.336808689942018e-19,
            -2.168404344971009e-19,
            -0.010228411811658704
        ]
    ]
}