{
    "MP-ID": "mp-1206603",
    "Material": "RbCrSe2",
    "steinhart_vector": [
        [
            0.0006510355698235435,
            5.027310364138308e-07,
            6.856162540572354e-05,
            3.37752152579878e-06,
            0.00048542212392506937,
            2.980362656721011e-06,
            0.0002699290921447608,
            4.485612221333152e-06,
            0.00043533287610380986,
            5.857181187844282e-06,
            0.00033195481659917166
        ],
        "RbCrSe2"
    ],
    "steinhart_parameter_sum": 0.0022594395126301894,
    "band_gap": 1.0185,
    "oxidation_state": 3.0,
    "possible_species": [
        "Se2-",
        "Rb+",
        "Cr3+"
    ],
    "density": 4.922139902206229,
    "quadrupole moment": [
        [
            -29.24272552086692,
            0.28531891639686346,
            -1.9272896944931128
        ],
        [
            0.28531891639686346,
            -29.546332663148814,
            -1.1577224647964661
        ],
        [
            -1.9272896944931128,
            -1.1577224647964661,
            -21.868177505103347
        ]
    ],
    "quadrupole moment normalized": [
        [
            -0.01903499892225104,
            0.00018966747775392813,
            -0.0012570394358812948
        ],
        [
            0.00018966747775392813,
            -0.019236821063929866,
            -0.0007551005373012446
        ],
        [
            -0.0012570394358812948,
            -0.0007551005373012446,
            -0.014238279909882813
        ]
    ]
}