{
    "MP-ID": "mp-1881105",
    "Material": "LaCrNiO6",
    "steinhart_vector": [
        [
            0.011162206727016274,
            0.0007727858585075615,
            0.0005980153150879538,
            0.004359533958260622,
            0.007518828705082525,
            0.0028552542731506486,
            0.0034143846583816985,
            0.005821667360890443,
            0.005348417620772185,
            0.0039380078721454005,
            0.004393637845975258
        ],
        "LaCrNiO6"
    ],
    "steinhart_parameter_sum": 0.05018274019527058,
    "band_gap": 0.0,
    "oxidation_state": 6.0,
    "possible_species": [
        "Cr6+",
        "O2-",
        "Ni3+",
        "La3+"
    ],
    "density": 5.098157280300577,
    "quadrupole moment": [
        [
            -14.335441278433652,
            -1.5335106733485282,
            -0.2914102156363522
        ],
        [
            -1.5335106733485282,
            -16.561164602228693,
            0.8353753242474377
        ],
        [
            -0.2914102156363522,
            0.8353753242474377,
            -12.078362818486768
        ]
    ],
    "quadrupole moment normalized": [
        [
            -0.14473160610157842,
            0.0053612146458489815,
            0.0009667761700315304
        ],
        [
            0.0053612146458489815,
            -0.1489841235554072,
            -0.0041632577200937555
        ],
        [
            0.0009667761700315304,
            -0.0041632577200937555,
            -0.1458380268715542
        ]
    ]
}