{
    "MP-ID": "mp-1523008",
    "Material": "EuZrCrBiO6",
    "steinhart_vector": [
        [
            0.008313632864731585,
            1.1309155306594982e-18,
            1.1901021975207018e-18,
            2.0007730282314042e-18,
            0.006349641983784175,
            1.3998841156419424e-18,
            0.002939313087473524,
            2.3172517052202676e-18,
            0.005969773101471001,
            3.1038036638464102e-18,
            0.003420439459772658
        ],
        "EuZrCrBiO6"
    ],
    "steinhart_parameter_sum": 0.026992800497232954,
    "band_gap": 0.0,
    "oxidation_state": 3.0,
    "possible_species": [
        "O2-",
        "Zr4+",
        "Cr3+",
        "Bi3+",
        "Eu2+"
    ],
    "density": 7.530880146081642,
    "quadrupole moment": [
        [
            -15.510277817531449,
            -4.440892098500626e-16,
            -9.839310864206896e-16
        ],
        [
            -4.440892098500626e-16,
            -15.510277817531454,
            -1.4538520450151343e-15
        ],
        [
            -9.839310864206896e-16,
            -1.4538520450151343e-15,
            -15.510277817531454
        ]
    ],
    "quadrupole moment normalized": [
        [
            -0.12894675540494677,
            -1.0408340855860843e-17,
            -1.5341483418533874e-17
        ],
        [
            -1.0408340855860843e-17,
            -0.1289467554049468,
            -1.4559035881056534e-18
        ],
        [
            -1.5341483418533874e-17,
            -1.4559035881056534e-18,
            -0.1289467554049468
        ]
    ]
}