{
    "MP-ID": "mp-1037480",
    "Material": "YMg30CrO32",
    "steinhart_vector": [
        [
            0.004612380359025784,
            8.029757785159661e-19,
            9.038521057396279e-05,
            1.3756349561175983e-18,
            0.003523246791736048,
            1.265859797716045e-18,
            0.0016329130021360723,
            2.00460345138358e-18,
            0.0033126108214806154,
            2.013395242629867e-18,
            0.0018994376111128764
        ],
        "YMg30CrO32"
    ],
    "steinhart_parameter_sum": 0.015070973796065366,
    "band_gap": 0.0,
    "oxidation_state": 2.0,
    "possible_species": [
        "Mg2+",
        "Cr2+",
        "Y2+",
        "O2-"
    ],
    "density": 3.598762377295624,
    "quadrupole moment": [
        [
            -21.030517124955136,
            -4.0731011252432836e-15,
            -1.2877477740744954e-15
        ],
        [
            -4.0731011252432836e-15,
            -21.030517124955136,
            -1.287747774074495e-15
        ],
        [
            -1.2877477740744954e-15,
            -1.287747774074495e-15,
            -20.4269935768174
        ]
    ],
    "quadrupole moment normalized": [
        [
            -0.09509989640848007,
            -1.8418543527503778e-17,
            -5.823189186794501e-18
        ],
        [
            -1.8418543527503778e-17,
            -0.09509989640848007,
            -5.8231891867945e-18
        ],
        [
            -5.823189186794501e-18,
            -5.8231891867945e-18,
            -0.09790966019932569
        ]
    ]
}