{
    "MP-ID": "mp-18387",
    "Material": "KCrP2O7",
    "steinhart_vector": [
        [
            0.007598427337048008,
            0.00035547479585900125,
            0.00022163979507542,
            0.0004838193396146658,
            0.005722904920774222,
            0.0009591051889606093,
            0.002631961670070843,
            0.00109548661024935,
            0.005192203978463543,
            0.0015694891767752308,
            0.00293507499713165
        ],
        "KCrP2O7"
    ],
    "steinhart_parameter_sum": 0.028765587810022548,
    "band_gap": 2.875499999999999,
    "oxidation_state": 3.0,
    "possible_species": [
        "K+",
        "O2-",
        "Cr3+",
        "P5+"
    ],
    "density": 2.935058305937169,
    "quadrupole moment": [
        [
            -16.65611115667334,
            0.07882131579141571,
            0.4511676898229853
        ],
        [
            0.07882131579141571,
            -15.939617772507518,
            -0.2953999214044041
        ],
        [
            0.4511676898229853,
            -0.2953999214044041,
            -16.11172017892674
        ]
    ],
    "quadrupole moment normalized": [
        [
            -0.12397045404616956,
            -0.00022470283569862165,
            0.0028306839471348363
        ],
        [
            -0.00022470283569862165,
            -0.11915244045675083,
            0.00047407746644995835
        ],
        [
            0.0028306839471348363,
            0.00047407746644995835,
            -0.12661128599306437
        ]
    ]
}