{
    "MP-ID": "mp-1191316",
    "Material": "Y3BeCrS7",
    "steinhart_vector": [
        [
            0.0018207586284972796,
            2.9360333700349698e-05,
            0.0001383226434179111,
            7.512561025590436e-05,
            0.0013721392665292092,
            4.357617331130119e-05,
            0.0007033726441381093,
            0.0001111477471657822,
            0.0012557964569016105,
            7.419638756804585e-05,
            0.0008472665447600567
        ],
        "Y3BeCrS7"
    ],
    "steinhart_parameter_sum": 0.006471062436245559,
    "band_gap": 0.0,
    "oxidation_state": 3.0,
    "possible_species": [
        "Y3+",
        "Cr3+",
        "S2-",
        "Be2+"
    ],
    "density": 3.834632764831989,
    "quadrupole moment": [
        [
            -21.639819937685477,
            -1.4238767040986033e-06,
            -6.217248937900877e-15
        ],
        [
            -1.4238767040986033e-06,
            -21.639821581836422,
            1.7763568394002505e-15
        ],
        [
            -6.217248937900877e-15,
            1.7763568394002505e-15,
            -27.076461383040268
        ]
    ],
    "quadrupole moment normalized": [
        [
            -0.03940088979272772,
            -9.95481465706008e-10,
            -1.7995702074769665e-09
        ],
        [
            -9.95481465706008e-10,
            -0.03940089094221063,
            2.287781237023112e-09
        ],
        [
            -1.7995702074769665e-09,
            2.287781237023112e-09,
            -0.04917914250982492
        ]
    ]
}