{
    "MP-ID": "mp-1111927",
    "Material": "K2LiCrF6",
    "steinhart_vector": [
        [
            0.007601260715196153,
            1.8828721252927446e-18,
            9.544220010894735e-19,
            3.0174189671049704e-18,
            0.005805558767413421,
            2.3310898816279554e-18,
            0.0026874514986410525,
            2.9645335451650965e-18,
            0.005458239796389095,
            3.727610533007716e-18,
            0.003127351486084186
        ],
        "K2LiCrF6"
    ],
    "steinhart_parameter_sum": 0.02467986226372392,
    "band_gap": 4.1644,
    "oxidation_state": 3.0,
    "possible_species": [
        "K+",
        "Cr3+",
        "Li+",
        "F-"
    ],
    "density": 3.119627169319007,
    "quadrupole moment": [
        [
            -7.646556936204513,
            0.0,
            -4.440892098500626e-16
        ],
        [
            0.0,
            -7.646556936204511,
            -4.440892098500626e-16
        ],
        [
            -4.440892098500626e-16,
            -4.440892098500626e-16,
            -7.646556936204513
        ]
    ],
    "quadrupole moment normalized": [
        [
            -0.05812347284568202,
            0.0,
            -3.469446951953614e-18
        ],
        [
            0.0,
            -0.05812347284568201,
            -3.469446951953614e-18
        ],
        [
            -3.469446951953614e-18,
            -3.469446951953614e-18,
            -0.05812347284568202
        ]
    ]
}