{
    "MP-ID": "mp-19063",
    "Material": "ErCrO3",
    "steinhart_vector": [
        [
            0.007998667141440909,
            2.071053674513641e-18,
            0.00022852312255272956,
            1.856282864965591e-18,
            0.006099701255944773,
            2.9540049948121288e-18,
            0.002864627737738446,
            4.122570404878837e-18,
            0.005717209706683739,
            5.613786942143563e-18,
            0.0033544545421087934
        ],
        "ErCrO3"
    ],
    "steinhart_parameter_sum": 0.02626318350646941,
    "band_gap": 0.2571,
    "oxidation_state": 3.0,
    "possible_species": [
        "O2-",
        "Er3+",
        "Cr3+"
    ],
    "density": 8.25931696741174,
    "quadrupole moment": [
        [
            -15.65995167542657,
            -0.22687733190753523,
            0.07210383761243266
        ],
        [
            -0.22687733190753523,
            -16.16108790209726,
            -0.6442359094846144
        ],
        [
            0.07210383761243266,
            -0.6442359094846144,
            -15.620119792599672
        ]
    ],
    "quadrupole moment normalized": [
        [
            -0.12524987804654195,
            -0.0006572378683394851,
            -2.901363301877416e-05
        ],
        [
            -0.0006572378683394851,
            -0.12785989897842587,
            -0.005823978394933017
        ],
        [
            -2.901363301877416e-05,
            -0.005823978394933017,
            -0.12632383582907608
        ]
    ]
}