{
    "MP-ID": "mp-1079560",
    "Material": "Nb2CrB2",
    "steinhart_vector": [
        [
            0.005900637243588582,
            9.587238388875205e-19,
            0.002950318621794291,
            1.130659919306584e-18,
            0.004892549940245062,
            8.3804406454225905e-19,
            0.0034595552400411207,
            1.6977789663564298e-18,
            0.004708393328553184,
            1.3865943224065986e-18,
            0.0036227852439353484
        ],
        "Nb2CrB2"
    ],
    "steinhart_parameter_sum": 0.025534239618157588,
    "band_gap": 0.0,
    "oxidation_state": 2.0,
    "possible_species": [
        "Nb2+",
        "Cr2+",
        "B3-"
    ],
    "density": 7.463630287250681,
    "quadrupole moment": [
        [
            -9.033480840758666e-31,
            -5.617407877797835e-15,
            -7.888609052210118e-31
        ],
        [
            -5.617407877797835e-15,
            -34.931464207207014,
            -3.552713678800501e-15
        ],
        [
            -7.888609052210118e-31,
            -3.552713678800501e-15,
            -34.931464207207014
        ]
    ],
    "quadrupole moment normalized": [
        [
            -5.330329348822447e-33,
            -3.31462861361618e-17,
            -3.0814879110195774e-33
        ],
        [
            -3.31462861361618e-17,
            -0.20611789867412722,
            -6.938893903907228e-18
        ],
        [
            -3.0814879110195774e-33,
            -6.938893903907228e-18,
            -0.20611789867412728
        ]
    ]
}