{
    "MP-ID": "mp-1031634",
    "Material": "Mg6VCrO8",
    "steinhart_vector": [
        [
            0.00572663108266196,
            4.651547063234272e-19,
            0.00018107508138089751,
            9.10749250817016e-19,
            0.004375348232082563,
            1.557343282967249e-18,
            0.002031742504987707,
            2.1834319956300188e-18,
            0.0041140545145498695,
            2.8430165576002385e-18,
            0.0023618546088501496
        ],
        "Mg6VCrO8"
    ],
    "steinhart_parameter_sum": 0.018790706024513156,
    "band_gap": 2.1247,
    "oxidation_state": 2.0,
    "possible_species": [
        "Mg2+",
        "Cr2+",
        "V2+",
        "O2-"
    ],
    "density": 3.890486316671436,
    "quadrupole moment": [
        [
            -18.123823003167974,
            -3.0539478663525192e-15,
            -1.890580295857894e-15
        ],
        [
            -3.0539478663525192e-15,
            -18.990764584819516,
            -1.9352694735630395e-15
        ],
        [
            -1.890580295857894e-15,
            -1.9352694735630395e-15,
            -18.990764584819516
        ]
    ],
    "quadrupole moment normalized": [
        [
            -0.11035199359706879,
            -1.693583891785071e-17,
            -1.151132984838724e-17
        ],
        [
            -1.693583891785071e-17,
            -0.10531434851226172,
            -1.0732145243213556e-17
        ],
        [
            -1.151132984838724e-17,
            -1.0732145243213556e-17,
            -0.10531434851226172
        ]
    ]
}