{
    "MP-ID": "mp-1211715",
    "Material": "K4CrO4",
    "steinhart_vector": [
        [
            0.012145513152819257,
            0.0003513950631293799,
            0.0006848647094502576,
            0.00899669274465244,
            0.006172272018214828,
            0.001469388991777163,
            0.007532136914077599,
            0.007287037845758633,
            0.0032646978674770377,
            0.00628810666614721,
            0.007551578853869971
        ],
        "K4CrO4"
    ],
    "steinhart_parameter_sum": 0.061743684827373774,
    "band_gap": 0.0,
    "oxidation_state": 4.0,
    "possible_species": [
        "K+",
        "O2-",
        "Cr4+"
    ],
    "density": 2.739391833755712,
    "quadrupole moment": [
        [
            -9.074042233369674,
            -0.4584866476329357,
            -0.03266975877019673
        ],
        [
            -0.4584866476329357,
            -7.9217007372242065,
            0.048227873353951844
        ],
        [
            -0.03266975877019673,
            0.048227873353951844,
            -8.670511681115475
        ]
    ],
    "quadrupole moment normalized": [
        [
            -0.10999510192109403,
            -0.006828921512565353,
            -0.000754058546232228
        ],
        [
            -0.006828921512565353,
            -0.09641320827430694,
            0.0005731961101847309
        ],
        [
            -0.000754058546232228,
            0.0005731961101847309,
            -0.10529717963607703
        ]
    ]
}