{
    "MP-ID": "mp-1247504",
    "Material": "MgCrCoS4",
    "steinhart_vector": [
        [
            0.0018663512433122656,
            1.3229134999761592e-07,
            0.0002842793987527629,
            2.0866749618469153e-07,
            0.00135522115194006,
            2.6334469701036034e-07,
            0.0008723110912582609,
            2.847234168048923e-07,
            0.0011576939133888834,
            4.452480456664023e-07,
            0.0010789920695188336
        ],
        "MgCrCoS4"
    ],
    "steinhart_parameter_sum": 0.006616183143176731,
    "band_gap": 0.549299999999999,
    "oxidation_state": 3.0,
    "possible_species": [
        "Mg2+",
        "Cr3+",
        "Co3+",
        "S2-"
    ],
    "density": 3.467976622168542,
    "quadrupole moment": [
        [
            -22.82305917218247,
            -1.4431084337913314,
            3.762193892676037
        ],
        [
            -1.4431084337913314,
            -19.455137890787363,
            2.5034206500780902
        ],
        [
            3.762193892676037,
            2.5034206500780902,
            -27.16695438370421
        ]
    ],
    "quadrupole moment normalized": [
        [
            -0.04272187232182759,
            -0.002911478267559822,
            0.006754425258988447
        ],
        [
            -0.002911478267559822,
            -0.036358604128126894,
            0.005051352968308183
        ],
        [
            0.006754425258988447,
            0.005051352968308183,
            -0.05052166299496058
        ]
    ]
}