{
    "MP-ID": "mp-1047222",
    "Material": "Mg2CrWO6",
    "steinhart_vector": [
        [
            0.007206247158072263,
            0.0003106712218751568,
            8.864333472945943e-05,
            0.0009714054942803669,
            0.00529140825233408,
            0.001357417236027695,
            0.002363381837462438,
            0.0018707269522497405,
            0.004486105683696776,
            0.002252098504106967,
            0.0024658482895610137
        ],
        "Mg2CrWO6"
    ],
    "steinhart_parameter_sum": 0.028663953964395954,
    "band_gap": 1.596099999999999,
    "oxidation_state": 2.0,
    "possible_species": [
        "Mg2+",
        "Cr2+",
        "O2-",
        "W6+"
    ],
    "density": 5.814360078603838,
    "quadrupole moment": [
        [
            -16.811044609594255,
            0.02452580983320296,
            -0.13357653612355724
        ],
        [
            0.02452580983320296,
            -16.547777746626853,
            0.13189317444620485
        ],
        [
            -0.13357653612355724,
            0.13189317444620485,
            -16.66835719583024
        ]
    ],
    "quadrupole moment normalized": [
        [
            -0.12157934590308807,
            0.0003237723294561689,
            -0.0006053981883652713
        ],
        [
            0.0003237723294561689,
            -0.12007703401937093,
            -0.0004752226765607267
        ],
        [
            -0.0006053981883652713,
            -0.0004752226765607267,
            -0.11838257631874081
        ]
    ]
}