{
    "MP-ID": "mp-1421109",
    "Material": "CrO2",
    "steinhart_vector": [
        [
            0.008583741615140248,
            3.148997607845033e-19,
            0.0013693033902191646,
            9.749299479897747e-19,
            0.006199358677659764,
            1.4554078935433063e-18,
            0.004098610437041365,
            1.8164689865210257e-18,
            0.005228210394685646,
            2.7380060370382457e-18,
            0.005092703209642224
        ],
        "CrO2"
    ],
    "steinhart_parameter_sum": 0.030571927724388423,
    "band_gap": 0.0,
    "oxidation_state": 4.0,
    "possible_species": [
        "O2-",
        "Cr4+"
    ],
    "density": 2.648999237837417,
    "quadrupole moment": [
        [
            -17.381976407771266,
            0.18884438454537633,
            1.4770475843844366
        ],
        [
            0.18884438454537633,
            -17.586913593968223,
            0.8790190575396402
        ],
        [
            1.4770475843844366,
            0.8790190575396402,
            -10.823987518933754
        ]
    ],
    "quadrupole moment normalized": [
        [
            -0.14920239345819283,
            0.0016209924483538592,
            0.012678595419187873
        ],
        [
            0.0016209924483538592,
            -0.15096152244692024,
            0.007545272822707005
        ],
        [
            0.012678595419187873,
            0.007545272822707005,
            -0.09291031254611026
        ]
    ]
}