{
    "MP-ID": "mp-1245698",
    "Material": "ZnCrN2",
    "steinhart_vector": [
        [
            0.011748555277676391,
            0.00012540321951698554,
            0.00030229146060184746,
            0.008746613699912056,
            0.005980561773854653,
            0.0006208058578278742,
            0.007363301177232044,
            0.007166263260622629,
            0.0026465080125359303,
            0.006073643709531818,
            0.007578177001491685
        ],
        "ZnCrN2"
    ],
    "steinhart_parameter_sum": 0.05835212445080391,
    "band_gap": 0.0,
    "oxidation_state": 4.0,
    "possible_species": [
        "N3-",
        "Zn2+",
        "Cr4+"
    ],
    "density": 5.221558876888057,
    "quadrupole moment": [
        [
            -14.321952129260703,
            -0.38149558234571246,
            -0.15666913821989226
        ],
        [
            -0.38149558234571246,
            -13.577950065694303,
            0.26784895247851803
        ],
        [
            -0.15666913821989226,
            0.26784895247851803,
            -13.94588833083009
        ]
    ],
    "quadrupole moment normalized": [
        [
            -0.16840785434745856,
            -0.004287474843197782,
            -0.002245181292634935
        ],
        [
            -0.004287474843197782,
            -0.16068877651771424,
            0.0035219684398216412
        ],
        [
            -0.002245181292634935,
            0.0035219684398216412,
            -0.1625131724486434
        ]
    ]
}