{
    "MP-ID": "mp-1033886",
    "Material": "Mg14CrCdO16",
    "steinhart_vector": [
        [
            0.005858767194283843,
            2.583585154200612e-19,
            0.0008394970643716117,
            6.243347913336027e-19,
            0.004507399914429224,
            8.225253841185782e-19,
            0.0022152437869350995,
            1.216285284822148e-18,
            0.00424738424130203,
            1.4232451237375383e-18,
            0.002528973716634464
        ],
        "Mg14CrCdO16"
    ],
    "steinhart_parameter_sum": 0.020197265917956276,
    "band_gap": 2.2745,
    "oxidation_state": 2.0,
    "possible_species": [
        "Mg2+",
        "Cr2+",
        "Cd2+",
        "O2-"
    ],
    "density": 3.922100589024653,
    "quadrupole moment": [
        [
            -21.21925303574675,
            -2.653191256675973e-15,
            -1.2993045155262509e-15
        ],
        [
            -2.653191256675973e-15,
            -16.498687194098537,
            -1.0102532231193099e-15
        ],
        [
            -1.2993045155262509e-15,
            -1.0102532231193099e-15,
            -18.590327015995022
        ]
    ],
    "quadrupole moment normalized": [
        [
            -0.09425402471193141,
            -1.949394676992059e-17,
            -5.771394483511117e-18
        ],
        [
            -1.949394676992059e-17,
            -0.12122176609999527,
            -7.422692392067416e-18
        ],
        [
            -5.771394483511117e-18,
            -7.422692392067416e-18,
            -0.10758283048378922
        ]
    ]
}