{
    "MP-ID": "mp-1030818",
    "Material": "NaMg6CrO8",
    "steinhart_vector": [
        [
            0.006766627967392687,
            3.8200706448252045e-19,
            0.0008415435408819729,
            6.58464062797237e-19,
            0.005196567424750263,
            1.1335569394816442e-18,
            0.002518546772632535,
            1.3676811357189779e-18,
            0.0048940867462165735,
            1.8587810023447166e-18,
            0.0028876920425154966
        ],
        "NaMg6CrO8"
    ],
    "steinhart_parameter_sum": 0.023105064494389534,
    "band_gap": 2.1237,
    "oxidation_state": 3.0,
    "possible_species": [
        "Mg2+",
        "Na+",
        "O2-",
        "Cr3+"
    ],
    "density": 3.6543095941554693,
    "quadrupole moment": [
        [
            -15.384874791124625,
            0.0,
            -9.42051883411679e-16
        ],
        [
            0.0,
            -18.372477590896352,
            -1.1249897937048847e-15
        ],
        [
            -9.42051883411679e-16,
            -1.1249897937048847e-15,
            -18.372477590896352
        ]
    ],
    "quadrupole moment normalized": [
        [
            -0.12999780805195627,
            0.0,
            -7.960069976350014e-18
        ],
        [
            0.0,
            -0.10885848085023705,
            -6.665659506664313e-18
        ],
        [
            -7.960069976350014e-18,
            -6.665659506664313e-18,
            -0.10885848085023705
        ]
    ]
}