{
    "MP-ID": "mp-1044221",
    "Material": "ZnCrBiO5",
    "steinhart_vector": [
        [
            0.013913570002068928,
            0.0005594214581513887,
            0.0016007904175414384,
            0.010211460787053766,
            0.006935958096864523,
            0.0029382897155573796,
            0.008600522713020201,
            0.007877993409147035,
            0.004480210364385385,
            0.007647535685862999,
            0.008002319177295983
        ],
        "ZnCrBiO5"
    ],
    "steinhart_parameter_sum": 0.07276807182694903,
    "band_gap": 0.861499999999999,
    "oxidation_state": 5.0,
    "possible_species": [
        "Cr5+",
        "O2-",
        "Zn2+",
        "Bi3+"
    ],
    "density": 5.754918469291877,
    "quadrupole moment": [
        [
            -7.282137146375928,
            -0.47665102989131664,
            -0.6890434257308935
        ],
        [
            -0.47665102989131664,
            -8.225327041390136,
            0.295025898874157
        ],
        [
            -0.6890434257308935,
            0.295025898874157,
            -8.507517311272725
        ]
    ],
    "quadrupole moment normalized": [
        [
            -0.10126378814710266,
            -0.011237831817961827,
            -0.012429689819405322
        ],
        [
            -0.011237831817961827,
            -0.11837846816646379,
            0.004625469796793392
        ],
        [
            -0.012429689819405322,
            0.004625469796793392,
            -0.11381976094961951
        ]
    ]
}