{
    "MP-ID": "mp-1238875",
    "Material": "TiCrAgS4",
    "steinhart_vector": [
        [
            0.0018463554576444946,
            7.52040914512375e-05,
            4.555956409335328e-05,
            0.00011734206467777097,
            0.0013899835076817107,
            0.00022083707021533532,
            0.0006422167018121552,
            0.00027276500567639805,
            0.0012594711385021382,
            0.0003643565478029111,
            0.0007201474418996124
        ],
        "TiCrAgS4"
    ],
    "steinhart_parameter_sum": 0.006954238591457117,
    "band_gap": 0.22029999999999902,
    "oxidation_state": 3.0,
    "possible_species": [
        "Cr3+",
        "Ag+",
        "S2-",
        "Ti4+"
    ],
    "density": 4.1978430870613455,
    "quadrupole moment": [
        [
            -22.764584260545675,
            0.40384215969729653,
            -0.4888349637404099
        ],
        [
            0.40384215969729653,
            -24.140549803229433,
            -0.13287171247085316
        ],
        [
            -0.4888349637404099,
            -0.13287171247085316,
            -22.913269293430858
        ]
    ],
    "quadrupole moment normalized": [
        [
            -0.04200006336353016,
            0.0007488087328742041,
            -0.0009164565927323159
        ],
        [
            0.0007488087328742041,
            -0.044551394347070596,
            -0.0002491048429715259
        ],
        [
            -0.0009164565927323159,
            -0.0002491048429715259,
            -0.04235563271769068
        ]
    ]
}