{
    "MP-ID": "mp-1226434",
    "Material": "CrInNiS4",
    "steinhart_vector": [
        [
            0.0017913454763365715,
            5.497933268697569e-19,
            0.00010660960600404208,
            6.601226215849874e-19,
            0.0013581039410387906,
            7.429733749731248e-19,
            0.0006702766462983605,
            9.504338313698738e-19,
            0.0012583902545142388,
            9.75276499627387e-19,
            0.0008001342456331557
        ],
        "CrInNiS4"
    ],
    "steinhart_parameter_sum": 0.005984860169825163,
    "band_gap": 0.0,
    "oxidation_state": 3.0,
    "possible_species": [
        "Cr3+",
        "S2-",
        "In3+",
        "Ni2+"
    ],
    "density": 4.440511254843354,
    "quadrupole moment": [
        [
            -22.20489276343939,
            0.10238621062490072,
            0.06142971351002169
        ],
        [
            0.10238621062490072,
            -26.40755370295216,
            -0.1746689550938747
        ],
        [
            0.06142971351002169,
            -0.1746689550938747,
            -22.273773467228608
        ]
    ],
    "quadrupole moment normalized": [
        [
            -0.039594782345790114,
            -0.00011138627042258601,
            0.00045498755189610045
        ],
        [
            -0.00011138627042258601,
            -0.04727108864279078,
            0.00019018144179585791
        ],
        [
            0.00045498755189610045,
            0.00019018144179585791,
            -0.04010404105179905
        ]
    ]
}