{
    "MP-ID": "mp-1213765",
    "Material": "CrH14N3O8",
    "steinhart_vector": [
        [
            0.006228432085247727,
            6.649753407815915e-10,
            0.0008715347986450186,
            0.002832071404335796,
            0.0029326838640681705,
            0.0006462264485870569,
            0.0013944481717388937,
            0.002546162209247838,
            0.002508695483147679,
            0.002452792592905926,
            0.0029016321041670677
        ],
        "CrH14N3O8"
    ],
    "steinhart_parameter_sum": 0.025314679827066516,
    "band_gap": 2.05,
    "oxidation_state": 3.0,
    "possible_species": [
        "N3-",
        "H+",
        "Cr3+",
        "O-"
    ],
    "density": 1.750593941303653,
    "quadrupole moment": [
        [
            -13.981777107310041,
            -2.5378924765489694,
            -2.7056375600958393
        ],
        [
            -2.5378924765489694,
            -11.845157056796664,
            4.074498945967157
        ],
        [
            -2.7056375600958393,
            4.074498945967157,
            -11.32315285484013
        ]
    ],
    "quadrupole moment normalized": [
        [
            -0.079990834991003,
            -0.010250324992232506,
            -0.010928022145669153
        ],
        [
            -0.010250324992232506,
            -0.07136120476557721,
            0.016456835932843597
        ],
        [
            -0.010928022145669153,
            0.016456835932843597,
            -0.06925296130007604
        ]
    ]
}