{
    "MP-ID": "mp-1031901",
    "Material": "CaMg6CrO8",
    "steinhart_vector": [
        [
            0.005870202563600218,
            1.198926306479782e-18,
            0.0006497164515279851,
            1.0507839777560216e-18,
            0.004503013845385671,
            1.5371867460288693e-18,
            0.0021625852124656673,
            1.4452545440371254e-18,
            0.004239402696048817,
            2.0043545997454084e-18,
            0.0024866900990189347
        ],
        "CaMg6CrO8"
    ],
    "steinhart_parameter_sum": 0.019911610868047304,
    "band_gap": 2.4336,
    "oxidation_state": 2.0,
    "possible_species": [
        "Mg2+",
        "Ca2+",
        "Cr2+",
        "O2-"
    ],
    "density": 3.6027538967427812,
    "quadrupole moment": [
        [
            -16.701922354515695,
            0.0,
            -1.0226977875532637e-15
        ],
        [
            0.0,
            -19.57309596689467,
            -1.1985064662630764e-15
        ],
        [
            -1.0226977875532637e-15,
            -1.1985064662630764e-15,
            -19.57309596689467
        ]
    ],
    "quadrupole moment normalized": [
        [
            -0.11974669487427357,
            0.0,
            -7.332370329312695e-18
        ],
        [
            0.0,
            -0.10218107566543067,
            -6.256786362355159e-18
        ],
        [
            -7.332370329312695e-18,
            -6.256786362355159e-18,
            -0.10218107566543067
        ]
    ]
}