{
    "MP-ID": "mp-1178023",
    "Material": "Li2CrNiO4",
    "steinhart_vector": [
        [
            0.007948233175987116,
            1.2981015884453426e-18,
            0.00044422068528639317,
            1.74025604756332e-18,
            0.006042490404582964,
            2.6658109668196488e-18,
            0.0029275063617677875,
            3.7636824787392645e-18,
            0.005627374688591983,
            5.311542601884852e-18,
            0.0034642833368799335
        ],
        "Li2CrNiO4"
    ],
    "steinhart_parameter_sum": 0.026454108653096192,
    "band_gap": 0.0,
    "oxidation_state": 3.0,
    "possible_species": [
        "O2-",
        "Cr3+",
        "Li+",
        "Ni3+"
    ],
    "density": 4.346877866370996,
    "quadrupole moment": [
        [
            -17.27985078125,
            2.220446049250313e-15,
            0.0
        ],
        [
            2.220446049250313e-15,
            -14.461504884512527,
            0.012839553043150431
        ],
        [
            0.0,
            0.012839553043150431,
            -15.87572013156761
        ]
    ],
    "quadrupole moment normalized": [
        [
            -0.13340624330502523,
            -6.938893903907228e-18,
            1.3877787807814457e-17
        ],
        [
            -6.938893903907228e-18,
            -0.11470042869158462,
            -0.004684010590378483
        ],
        [
            1.3877787807814457e-17,
            -0.004684010590378483,
            -0.13006021200911905
        ]
    ]
}