{
    "MP-ID": "mp-1233043",
    "Material": "La2MgCrO6",
    "steinhart_vector": [
        [
            0.00937510556962774,
            1.6398419313346828e-18,
            0.00019491720294674382,
            2.3229703590377065e-18,
            0.007153722951282557,
            2.406711378115462e-18,
            0.003339547599720124,
            3.1854052090609e-18,
            0.006713485633847706,
            3.336375581551896e-18,
            0.003901178867921264
        ],
        "La2MgCrO6"
    ],
    "steinhart_parameter_sum": 0.03067795782534615,
    "band_gap": 1.138099999999999,
    "oxidation_state": 4.0,
    "possible_species": [
        "Mg2+",
        "O2-",
        "La3+",
        "Cr4+"
    ],
    "density": 6.3869345901771375,
    "quadrupole moment": [
        [
            -14.703147418083566,
            0.146780180225492,
            0.352129680222428
        ],
        [
            0.146780180225492,
            -14.804712893322442,
            0.2504908024034348
        ],
        [
            0.352129680222428,
            0.2504908024034348,
            -14.30969758396588
        ]
    ],
    "quadrupole moment normalized": [
        [
            -0.13784324107934504,
            0.0013779628087231266,
            0.00330009774432897
        ],
        [
            0.0013779628087231266,
            -0.1387953976822821,
            0.0023494910321352697
        ],
        [
            0.00330009774432897,
            0.0023494910321352697,
            -0.13415559226360838
        ]
    ]
}