{
    "MP-ID": "mp-1031430",
    "Material": "Mg6TiCrO8",
    "steinhart_vector": [
        [
            0.005430746128065298,
            3.9407518964094357e-19,
            0.0006769802855888667,
            7.477351963454908e-19,
            0.004170756686820086,
            7.735815832264646e-19,
            0.0020217912743724347,
            1.218615284001739e-18,
            0.003928017326023737,
            1.2634671281248184e-18,
            0.002317979804669457
        ],
        "Mg6TiCrO8"
    ],
    "steinhart_parameter_sum": 0.018546271505539884,
    "band_gap": 0.045899999999999004,
    "oxidation_state": 2.0,
    "possible_species": [
        "Mg2+",
        "Cr2+",
        "Ti2+",
        "O2-"
    ],
    "density": 3.852942533471584,
    "quadrupole moment": [
        [
            -22.149098982547315,
            0.0,
            -1.3562411586487234e-15
        ],
        [
            0.0,
            -18.095692605126366,
            -1.1080416013611216e-15
        ],
        [
            -1.3562411586487234e-15,
            -1.1080416013611216e-15,
            -18.095692605126366
        ]
    ],
    "quadrupole moment normalized": [
        [
            -0.09029712683012195,
            0.0,
            -5.529104367235572e-18
        ],
        [
            0.0,
            -0.11052353969769667,
            -6.767614956060982e-18
        ],
        [
            -5.529104367235572e-18,
            -6.767614956060982e-18,
            -0.11052353969769667
        ]
    ]
}