{
    "MP-ID": "mp-1038744",
    "Material": "SrMg30CrO32",
    "steinhart_vector": [
        [
            0.005571201497355114,
            4.571711490227127e-19,
            0.0005050500185226639,
            1.2202260322997329e-18,
            0.00426754594268349,
            1.3999942617643897e-18,
            0.0020255806196187325,
            2.1898224013263027e-18,
            0.0040159268529620235,
            2.452134247929733e-18,
            0.0023378997482017645
        ],
        "SrMg30CrO32"
    ],
    "steinhart_parameter_sum": 0.018723204679343797,
    "band_gap": 0.6715999999999991,
    "oxidation_state": 2.0,
    "possible_species": [
        "Mg2+",
        "Cr2+",
        "Sr2+",
        "O2-"
    ],
    "density": 3.594081663508827,
    "quadrupole moment": [
        [
            -18.14249978545044,
            -3.783108352099163e-15,
            -1.110907714539171e-15
        ],
        [
            -3.783108352099163e-15,
            -18.14249978545044,
            -1.1109077145391709e-15
        ],
        [
            -1.110907714539171e-15,
            -1.1109077145391709e-15,
            -20.940166536330974
        ]
    ],
    "quadrupole moment normalized": [
        [
            -0.11023839182315551,
            -2.2987117859172425e-17,
            -6.750154684468957e-18
        ],
        [
            -2.2987117859172425e-17,
            -0.11023839182315551,
            -6.7501546844689554e-18
        ],
        [
            -6.750154684468957e-18,
            -6.7501546844689554e-18,
            -0.09551022416798934
        ]
    ]
}