{
    "MP-ID": "mp-1032331",
    "Material": "Mg6CrCuO8",
    "steinhart_vector": [
        [
            0.006207153384421208,
            9.675075026539292e-19,
            0.0001506495061022479,
            1.6189564950354241e-18,
            0.004741788941006038,
            1.9365163493741462e-18,
            0.002199079922761836,
            2.7768270835151005e-18,
            0.004458405697089032,
            3.239666321040224e-18,
            0.0025574690177433104
        ],
        "Mg6CrCuO8"
    ],
    "steinhart_parameter_sum": 0.020314546469123684,
    "band_gap": 0.18070000000000003,
    "oxidation_state": 2.0,
    "possible_species": [
        "Mg2+",
        "Cr2+",
        "Cu2+",
        "O2-"
    ],
    "density": 4.143994598061937,
    "quadrupole moment": [
        [
            -17.529766509052102,
            -2.922289023631406e-15,
            -1.859337750157554e-15
        ],
        [
            -2.922289023631406e-15,
            -18.172053134249577,
            -1.893094179195032e-15
        ],
        [
            -1.859337750157554e-15,
            -1.893094179195032e-15,
            -18.172053134249577
        ]
    ],
    "quadrupole moment normalized": [
        [
            -0.11409165084812917,
            -1.7698854805192543e-17,
            -1.2101411236149583e-17
        ],
        [
            -1.7698854805192543e-17,
            -0.1100591102846008,
            -1.1465532238317762e-17
        ],
        [
            -1.2101411236149583e-17,
            -1.1465532238317762e-17,
            -0.1100591102846008
        ]
    ]
}