{
    "MP-ID": "mp-1181713",
    "Material": "CrCdCu3Se4",
    "steinhart_vector": [
        [
            0.0008928237315926873,
            3.013044837285978e-19,
            3.3594597202404703e-19,
            0.0006654715185887583,
            0.0004546035924751582,
            3.9283232363365884e-19,
            0.0005611748577897484,
            0.0005463655208931061,
            0.00018995858735000162,
            0.0004624204590373838,
            0.0005804726237558478
        ],
        "CrCdCu3Se4"
    ],
    "steinhart_parameter_sum": 0.0043532908914826925,
    "band_gap": 0.0,
    "oxidation_state": 3.0,
    "possible_species": [
        "Cd2+",
        "Cr3+",
        "Se2-",
        "Cu+"
    ],
    "density": 5.569858785876935,
    "quadrupole moment": [
        [
            -15.305460857461968,
            -2.220446049250313e-15,
            -1.3322676295501878e-15
        ],
        [
            -2.220446049250313e-15,
            -15.305460857461968,
            -8.881784197001252e-16
        ],
        [
            -1.3322676295501878e-15,
            -8.881784197001252e-16,
            -15.305460857461968
        ]
    ],
    "quadrupole moment normalized": [
        [
            -0.013665078676505004,
            3.469446951953614e-18,
            3.903127820947816e-18
        ],
        [
            3.469446951953614e-18,
            -0.013665078676505004,
            4.336808689942018e-18
        ],
        [
            3.903127820947816e-18,
            4.336808689942018e-18,
            -0.013665078676505004
        ]
    ]
}