{
    "MP-ID": "mp-1111376",
    "Material": "K2TlCrF6",
    "steinhart_vector": [
        [
            0.007912110921370315,
            1.4719088483675543e-18,
            7.370084989291355e-10,
            1.9425183173150462e-18,
            0.006042974534010942,
            1.6036266010996263e-18,
            0.002797353643000948,
            2.6584458058804468e-18,
            0.005681452106770896,
            2.536946014717129e-18,
            0.003255243146514969
        ],
        "K2TlCrF6"
    ],
    "steinhart_parameter_sum": 0.025689135088676582,
    "band_gap": 4.0416,
    "oxidation_state": 3.0,
    "possible_species": [
        "K+",
        "Cr3+",
        "F-",
        "Tl+"
    ],
    "density": 3.949975779354647,
    "quadrupole moment": [
        [
            -7.494843196622136,
            -1.3206044213731616e-07,
            -7.79774515846654e-07
        ],
        [
            -1.3206044213731616e-07,
            -7.494842866333357,
            -7.16296780778336e-07
        ],
        [
            -7.79774515846654e-07,
            -7.16296780778336e-07,
            -7.494843848626019
        ]
    ],
    "quadrupole moment normalized": [
        [
            -0.05930003144440719,
            -2.083553240529723e-09,
            -7.399848967956646e-09
        ],
        [
            -2.083553240529723e-09,
            -0.05930002809667058,
            -3.9276734937337965e-09
        ],
        [
            -7.399848967956646e-09,
            -3.9276734937337965e-09,
            -0.059300035134223814
        ]
    ]
}