{
    "MP-ID": "mp-1034441",
    "Material": "Mg14CrSnO16",
    "steinhart_vector": [
        [
            0.005797320653409491,
            2.3993648881538748e-18,
            0.0010108228868031493,
            2.3188938334760338e-18,
            0.004475594018782713,
            2.6037521208992672e-18,
            0.0022572457530651057,
            2.4625364930575923e-18,
            0.00422190943396733,
            2.8233083982748793e-18,
            0.002556915972287357
        ],
        "Mg14CrSnO16"
    ],
    "steinhart_parameter_sum": 0.02031980871831516,
    "band_gap": 2.4312,
    "oxidation_state": 2.0,
    "possible_species": [
        "Mg2+",
        "Cr2+",
        "O2-",
        "Sn2+"
    ],
    "density": 3.843853673913655,
    "quadrupole moment": [
        [
            -21.823146090519973,
            -2.5969846472415425e-15,
            -1.3362823003540184e-15
        ],
        [
            -2.5969846472415425e-15,
            -16.149170262378604,
            -9.888514835353792e-16
        ],
        [
            -1.3362823003540184e-15,
            -9.888514835353792e-16,
            -19.02839118392554
        ]
    ],
    "quadrupole moment normalized": [
        [
            -0.09164581457248296,
            -1.9915854790669312e-17,
            -5.611687673572157e-18
        ],
        [
            -1.9915854790669312e-17,
            -0.12384537208448632,
            -7.583341925623957e-18
        ],
        [
            -5.611687673572157e-18,
            -7.583341925623957e-18,
            -0.10510610070332817
        ]
    ]
}