{
    "MP-ID": "mp-1110625",
    "Material": "RbNa2CrF6",
    "steinhart_vector": [
        [
            0.008094186635584184,
            7.757640781661471e-19,
            1.0269149093944228e-09,
            3.350508028468984e-18,
            0.00618203715777723,
            3.900636881506329e-18,
            0.002861727129106275,
            6.278171481010295e-18,
            0.005812195275110016,
            5.979919746333509e-18,
            0.0033301537142175694
        ],
        "RbNa2CrF6"
    ],
    "steinhart_parameter_sum": 0.026280300938710206,
    "band_gap": 3.4631,
    "oxidation_state": 3.0,
    "possible_species": [
        "Na+",
        "Rb+",
        "Cr3+",
        "F-"
    ],
    "density": 2.6937105713987,
    "quadrupole moment": [
        [
            -7.410068553562698,
            5.015414356046577e-07,
            -3.2316662057496615e-07
        ],
        [
            5.015414356046577e-07,
            -7.410065766816957,
            8.14215210809266e-08
        ],
        [
            -3.2316662057496615e-07,
            8.14215210809266e-08,
            -7.410066633631667
        ]
    ],
    "quadrupole moment normalized": [
        [
            -0.05997847650231643,
            5.972567331327672e-09,
            -2.5057352200097416e-10
        ],
        [
            5.972567331327672e-09,
            -0.0599784552985697,
            -2.685852195163929e-09
        ],
        [
            -2.5057352200097416e-10,
            -2.685852195163929e-09,
            -0.05997846366742275
        ]
    ]
}