{
    "MP-ID": "mp-1178412",
    "Material": "CrCo(PO4)2",
    "steinhart_vector": [
        [
            0.0072238229348251335,
            0.0002944582437309908,
            0.0005357112207547715,
            0.0015914764511291294,
            0.004988309101588974,
            0.0020667108021400907,
            0.00207212024215353,
            0.0026120032141012067,
            0.004036509264054856,
            0.0028250230944110465,
            0.0019301828225933844
        ],
        "CrCo(PO4)2"
    ],
    "steinhart_parameter_sum": 0.030176327391483113,
    "band_gap": 0.0,
    "oxidation_state": 3.0,
    "possible_species": [
        "O2-",
        "Cr3+",
        "Co3+",
        "P5+"
    ],
    "density": 3.6225990717811722,
    "quadrupole moment": [
        [
            -17.245219604912702,
            -6.217248937900877e-15,
            4.440892098500626e-16
        ],
        [
            -6.217248937900877e-15,
            -16.595701419271716,
            0.9708368905842875
        ],
        [
            4.440892098500626e-16,
            0.9708368905842875,
            -16.310532122646624
        ]
    ],
    "quadrupole moment normalized": [
        [
            -0.1177253469548212,
            -6.938893903907228e-18,
            -2.949029909160572e-17
        ],
        [
            -6.938893903907228e-18,
            -0.11630197345046617,
            -0.0057977841243532086
        ],
        [
            -2.949029909160572e-17,
            -0.0057977841243532086,
            -0.12600314706128007
        ]
    ]
}