{
    "MP-ID": "mp-19062",
    "Material": "NdCrO3",
    "steinhart_vector": [
        [
            0.008628215906794997,
            6.615738287518893e-19,
            9.6468063444286e-19,
            1.2652827740204612e-18,
            0.006589908750885019,
            9.14438471251635e-19,
            0.0030505349886181888,
            1.9521692696085005e-18,
            0.006195665850554973,
            1.7575499552556064e-18,
            0.0035498669035816956
        ],
        "NdCrO3"
    ],
    "steinhart_parameter_sum": 0.02801419240043488,
    "band_gap": 1.904,
    "oxidation_state": 3.0,
    "possible_species": [
        "Nd3+",
        "O2-",
        "Cr3+"
    ],
    "density": 6.826963263257871,
    "quadrupole moment": [
        [
            -15.224901648100001,
            -2.5991941932090865e-15,
            -8.663980644030292e-16
        ],
        [
            -2.5991941932090865e-15,
            -15.2249016481,
            -8.663980644030289e-16
        ],
        [
            -8.663980644030292e-16,
            -8.663980644030289e-16,
            -15.224901648100001
        ]
    ],
    "quadrupole moment normalized": [
        [
            -0.13136373857952577,
            -2.242640868269583e-17,
            -7.47546956089861e-18
        ],
        [
            -2.242640868269583e-17,
            -0.1313637385795258,
            -7.47546956089861e-18
        ],
        [
            -7.47546956089861e-18,
            -7.47546956089861e-18,
            -0.13136373857952577
        ]
    ]
}