{
    "MP-ID": "mp-1247147",
    "Material": "MgCrMoS4",
    "steinhart_vector": [
        [
            0.0017522513920330146,
            4.1393720561455526e-07,
            0.00016324978017470825,
            8.861975659033166e-07,
            0.0013135953442380763,
            5.400480313989117e-07,
            0.0007046891626073021,
            1.2659174329325443e-06,
            0.001190939912920621,
            8.692281861213952e-07,
            0.0008599409152907524
        ],
        "MgCrMoS4"
    ],
    "steinhart_parameter_sum": 0.005988641835686446,
    "band_gap": 0.0,
    "oxidation_state": 3.0,
    "possible_species": [
        "Mg2+",
        "Cr3+",
        "S2-",
        "Mo3+"
    ],
    "density": 3.5790310193231063,
    "quadrupole moment": [
        [
            -22.73695837803445,
            -1.1651510851528784,
            2.6315020230797073
        ],
        [
            -1.1651510851528784,
            -23.201373055864085,
            2.0013572842333867
        ],
        [
            2.6315020230797073,
            2.0013572842333867,
            -25.731338711194184
        ]
    ],
    "quadrupole moment normalized": [
        [
            -0.03973552798713489,
            -0.001855543317498088,
            0.004823553643984808
        ],
        [
            -0.001855543317498088,
            -0.04061894719774392,
            0.003186996829583021
        ],
        [
            0.004823553643984808,
            0.003186996829583021,
            -0.04522403716291338
        ]
    ]
}