{
    "MP-ID": "mp-1216482",
    "Material": "V4CrFe3O16",
    "steinhart_vector": [
        [
            0.007454219072854875,
            0.00013436582264256199,
            0.0007254461155174531,
            0.0011341604730475512,
            0.005430200351235962,
            0.0009682516032538344,
            0.002896257442800779,
            0.0018707809852689184,
            0.004586820635537144,
            0.0016081841520397971,
            0.0033718833651290026
        ],
        "V4CrFe3O16"
    ],
    "steinhart_parameter_sum": 0.030180570019327876,
    "band_gap": 2.042799999999999,
    "oxidation_state": 3.0,
    "possible_species": [
        "Fe3+",
        "V5+",
        "Cr3+",
        "O2-"
    ],
    "density": 3.726732350524399,
    "quadrupole moment": [
        [
            -16.858508226659687,
            2.392783411340288,
            1.145183152517396
        ],
        [
            2.392783411340288,
            -17.11301134369099,
            1.0858990103571475
        ],
        [
            1.145183152517396,
            1.0858990103571475,
            -15.404132580694549
        ]
    ],
    "quadrupole moment normalized": [
        [
            -0.12277358769382163,
            0.016687615592893012,
            0.008925688203715832
        ],
        [
            0.016687615592893012,
            -0.12454852902954094,
            0.008463620832934183
        ],
        [
            0.008925688203715832,
            0.008463620832934183,
            -0.11840549996996746
        ]
    ]
}