{
    "MP-ID": "mp-1018161",
    "Material": "CrNiSb",
    "steinhart_vector": [
        [
            0.000490020017389636,
            9.765350965192217e-20,
            9.067974157262777e-20,
            0.0002496108164384662,
            5.2032654160726224e-05,
            1.0010196099607859e-19,
            0.00026533775460531854,
            0.0002049355080337167,
            0.00018264697256419363,
            0.0001734486677400555,
            0.00015390346945654533
        ],
        "CrNiSb"
    ],
    "steinhart_parameter_sum": 0.0017719358603886582,
    "band_gap": 0.0,
    "oxidation_state": 2.0,
    "possible_species": [
        "Ni+",
        "Cr2+",
        "Sb3-"
    ],
    "density": 7.509964466257091,
    "quadrupole moment": [
        [
            -43.54215247436167,
            0.0,
            -6.217248937900877e-15
        ],
        [
            0.0,
            -43.542152474361664,
            -1.7763568394002505e-15
        ],
        [
            -6.217248937900877e-15,
            -1.7763568394002505e-15,
            -43.54215247436167
        ]
    ],
    "quadrupole moment normalized": [
        [
            -0.006218686060978872,
            7.37257477290143e-18,
            -2.6020852139652106e-18
        ],
        [
            7.37257477290143e-18,
            -0.006218686060978876,
            -1.3010426069826053e-18
        ],
        [
            -2.6020852139652106e-18,
            -1.3010426069826053e-18,
            -0.006218686060978886
        ]
    ]
}