{
    "MP-ID": "mp-1101597",
    "Material": "LiCrP2O7",
    "steinhart_vector": [
        [
            0.007520410071087546,
            0.00010885425189531519,
            0.0004144720014893816,
            0.0011518813377296203,
            0.005460494563659173,
            0.0015267490778922402,
            0.0025590530557081906,
            0.0019733739254443198,
            0.004529668867812725,
            0.002605132979115071,
            0.0026835467168275454
        ],
        "LiCrP2O7"
    ],
    "steinhart_parameter_sum": 0.030533636848661127,
    "band_gap": 2.5258000000000003,
    "oxidation_state": 3.0,
    "possible_species": [
        "O2-",
        "Cr3+",
        "P5+",
        "Li+"
    ],
    "density": 3.138982379740283,
    "quadrupole moment": [
        [
            -17.158926817709258,
            -0.052106992996870716,
            -0.04924041634394127
        ],
        [
            -0.052106992996870716,
            -17.0660327170113,
            -0.4659815571823662
        ],
        [
            -0.04924041634394127,
            -0.4659815571823662,
            -14.792561780837225
        ]
    ],
    "quadrupole moment normalized": [
        [
            -0.1292549387428769,
            -7.31115813891077e-05,
            -0.0006791862164336714
        ],
        [
            -7.31115813891077e-05,
            -0.12867991004437612,
            -0.0013589588014353126
        ],
        [
            -0.0006791862164336714,
            -0.0013589588014353126,
            -0.10975003750296887
        ]
    ]
}