{
    "MP-ID": "mp-1034272",
    "Material": "Mg14TiCrO16",
    "steinhart_vector": [
        [
            0.00560124184397291,
            7.770553500112442e-19,
            0.0005336468370605024,
            1.1460922734205482e-18,
            0.004291865038420891,
            1.0218516826928096e-18,
            0.0020422831225617877,
            1.4811345283150866e-18,
            0.004039196980395778,
            1.4347057153080083e-18,
            0.0023552626394221215
        ],
        "Mg14TiCrO16"
    ],
    "steinhart_parameter_sum": 0.018863496461834,
    "band_gap": 0.13819999999999902,
    "oxidation_state": 2.0,
    "possible_species": [
        "Mg2+",
        "Cr2+",
        "Ti2+",
        "O2-"
    ],
    "density": 3.686995853885384,
    "quadrupole moment": [
        [
            -21.002658471774538,
            -2.9057109492281113e-15,
            -1.2860419235521864e-15
        ],
        [
            -2.9057109492281113e-15,
            -18.06896351974394,
            -1.1064049169182355e-15
        ],
        [
            -1.2860419235521864e-15,
            -1.1064049169182355e-15,
            -18.042318820245004
        ]
    ],
    "quadrupole moment normalized": [
        [
            -0.09522604020285333,
            -1.7799832822944636e-17,
            -5.830913266495076e-18
        ],
        [
            -1.7799832822944636e-17,
            -0.11068703513705157,
            -6.7776261643850415e-18
        ],
        [
            -5.830913266495076e-18,
            -6.7776261643850415e-18,
            -0.11085049654237522
        ]
    ]
}