{
    "MP-ID": "mp-1247700",
    "Material": "Ca8Mn7CrO20",
    "steinhart_vector": [
        [
            0.012215718014907473,
            0.0017188131301557738,
            0.005856948201370764,
            0.009547753345452091,
            0.005212145498150213,
            0.006198707497042697,
            0.008702541849564671,
            0.006001935444582668,
            0.00653399763020526,
            0.008104761066110744,
            0.006349261452297775
        ],
        "Ca8Mn7CrO20"
    ],
    "steinhart_parameter_sum": 0.07644258312984013,
    "band_gap": 0.0,
    "oxidation_state": 3.0,
    "possible_species": [
        "Ca2+",
        "O2-",
        "Cr3+",
        "Mn3+"
    ],
    "density": 3.802183563355131,
    "quadrupole moment": [
        [
            -6.552832763386015,
            2.0537105311072024,
            -3.430972938988428
        ],
        [
            2.0537105311072024,
            -6.497901667903095,
            -3.477164280649379
        ],
        [
            -3.430972938988428,
            -3.477164280649379,
            -6.142743657672151
        ]
    ],
    "quadrupole moment normalized": [
        [
            -0.07982447955969191,
            0.02482299607330981,
            -0.042056606184013516
        ],
        [
            0.02482299607330981,
            -0.07916053284138785,
            -0.04262281614832719
        ],
        [
            -0.042056606184013516,
            -0.04262281614832719,
            -0.07547211783595797
        ]
    ]
}