{
    "MP-ID": "mp-1205683",
    "Material": "Cs2KCrCl6",
    "steinhart_vector": [
        [
            0.0018990545194090482,
            2.3535901566159307e-19,
            5.492177327758107e-19,
            7.836539714717305e-19,
            0.0014504268473399912,
            7.408763436563678e-19,
            0.000671417164258549,
            1.1240126185754216e-18,
            0.001363654706992056,
            1.3906290011296668e-18,
            0.0007813192042677515
        ],
        "Cs2KCrCl6"
    ],
    "steinhart_parameter_sum": 0.006165872442267401,
    "band_gap": 1.553499999999999,
    "oxidation_state": 3.0,
    "possible_species": [
        "K+",
        "Cr3+",
        "Cs+",
        "Cl-"
    ],
    "density": 3.114668186432675,
    "quadrupole moment": [
        [
            -11.131067554630791,
            -8.881784197001252e-16,
            -1.3322676295501878e-15
        ],
        [
            -8.881784197001252e-16,
            -11.131067554630793,
            -8.881784197001252e-16
        ],
        [
            -1.3322676295501878e-15,
            -8.881784197001252e-16,
            -11.131067554630793
        ]
    ],
    "quadrupole moment normalized": [
        [
            -0.021138504145469028,
            -4.336808689942018e-19,
            -8.673617379884035e-19
        ],
        [
            -4.336808689942018e-19,
            -0.021138504145469035,
            -4.336808689942018e-18
        ],
        [
            -8.673617379884035e-19,
            -4.336808689942018e-18,
            -0.02113850414546903
        ]
    ]
}