{
    "MP-ID": "mp-1247293",
    "Material": "CrBi2N3",
    "steinhart_vector": [
        [
            0.013884517164140677,
            0.0006803918044252017,
            0.0011342976596606465,
            0.01030337357406988,
            0.007063238206041911,
            0.001817594047662777,
            0.008642025543072633,
            0.008348188225069173,
            0.003770908020755011,
            0.007209702984521764,
            0.008668775450228048
        ],
        "CrBi2N3"
    ],
    "steinhart_parameter_sum": 0.07152301267964772,
    "band_gap": 0.0,
    "oxidation_state": 4.0,
    "possible_species": [
        "N3-",
        "Bi2+",
        "Bi3+",
        "Cr4+"
    ],
    "density": 8.159252994287382,
    "quadrupole moment": [
        [
            -13.59459348547604,
            -0.9956173070849611,
            -0.5203414195121798
        ],
        [
            -0.9956173070849611,
            -12.372494444422074,
            0.19153343998205563
        ],
        [
            -0.5203414195121798,
            0.19153343998205563,
            -12.647244150048735
        ]
    ],
    "quadrupole moment normalized": [
        [
            -0.18925655149647824,
            -0.015491118931623523,
            0.008082888718038146
        ],
        [
            -0.015491118931623523,
            -0.1748255867682583,
            -0.0003421905484234256
        ],
        [
            0.008082888718038146,
            -0.0003421905484234256,
            -0.16980273457334127
        ]
    ]
}