{
    "MP-ID": "mp-19271",
    "Material": "BaCrO3",
    "steinhart_vector": [
        [
            0.008390464811966807,
            0.0005305334724675625,
            0.00040310880074753995,
            0.0010318348446608583,
            0.006132349861415541,
            0.0015151365986668143,
            0.002850793312663135,
            0.0023181959092821573,
            0.005155197779144227,
            0.0023196300065507084,
            0.0029915114206400285
        ],
        "BaCrO3"
    ],
    "steinhart_parameter_sum": 0.03363875681820538,
    "band_gap": 0.0,
    "oxidation_state": 4.0,
    "possible_species": [
        "O2-",
        "Cr4+",
        "Ba2+"
    ],
    "density": 5.823701509693755,
    "quadrupole moment": [
        [
            -14.664368749200074,
            2.7718461752535006e-06,
            -8.881784197001252e-16
        ],
        [
            2.7718461752535006e-06,
            -14.664365548546408,
            -8.881784197001252e-16
        ],
        [
            -8.881784197001252e-16,
            -8.881784197001252e-16,
            -16.990865970639618
        ]
    ],
    "quadrupole moment normalized": [
        [
            -0.12322127952064334,
            8.259767236493132e-09,
            2.191529896444777e-08
        ],
        [
            8.259767236493132e-09,
            -0.12322126998308143,
            -1.2652800942397624e-08
        ],
        [
            2.191529896444777e-08,
            -1.2652800942397624e-08,
            -0.14217470215892364
        ]
    ]
}