{
    "MP-ID": "mp-1034067",
    "Material": "Mg14TiCrO16",
    "steinhart_vector": [
        [
            0.005270609700859179,
            8.649968244577982e-19,
            0.00043218117140322404,
            1.059117992252887e-18,
            0.0040351496167646776,
            1.3546930402527089e-18,
            0.0019067901881564973,
            1.7307495728149082e-18,
            0.0037966020497209054,
            2.121480516243251e-18,
            0.0022039495977093787
        ],
        "Mg14TiCrO16"
    ],
    "steinhart_parameter_sum": 0.01764528232461387,
    "band_gap": 0.09539999999999901,
    "oxidation_state": 2.0,
    "possible_species": [
        "Mg2+",
        "Cr2+",
        "Ti2+",
        "O2-"
    ],
    "density": 3.651127146233929,
    "quadrupole moment": [
        [
            -20.331191578770323,
            -4.004807385262188e-15,
            -1.2449264344896351e-15
        ],
        [
            -4.004807385262188e-15,
            -20.331191578770323,
            -1.244926434489635e-15
        ],
        [
            -1.2449264344896351e-15,
            -1.244926434489635e-15,
            -18.05546608492176
        ]
    ],
    "quadrupole moment normalized": [
        [
            -0.09837101737255699,
            -1.9376974307828487e-17,
            -6.023487577708532e-18
        ],
        [
            -1.9376974307828487e-17,
            -0.09837101737255699,
            -6.02348757770853e-18
        ],
        [
            -6.023487577708532e-18,
            -6.02348757770853e-18,
            -0.11076977966634788
        ]
    ]
}