{
    "MP-ID": "mp-1247249",
    "Material": "Dy3Mg2CrS8",
    "steinhart_vector": [
        [
            0.001586612306812326,
            1.2574131863433133e-06,
            2.2302717416079804e-05,
            4.78674657632108e-06,
            0.0012112787457533457,
            3.147439415144618e-06,
            0.0005628702106732813,
            7.040598724119795e-06,
            0.001137852839371021,
            6.0094599155901975e-06,
            0.0006561537617160863
        ],
        "Dy3Mg2CrS8"
    ],
    "steinhart_parameter_sum": 0.00519931223955966,
    "band_gap": 1.073799999999999,
    "oxidation_state": 3.0,
    "possible_species": [
        "Mg2+",
        "Cr3+",
        "S2-",
        "Dy3+"
    ],
    "density": 4.280882964555933,
    "quadrupole moment": [
        [
            -25.45479244474997,
            0.006652234379337152,
            0.0018494737256649074
        ],
        [
            0.006652234379337152,
            -24.40205094359724,
            -0.027450439687753736
        ],
        [
            0.0018494737256649074,
            -0.027450439687753736,
            -25.45922529509987
        ]
    ],
    "quadrupole moment normalized": [
        [
            -0.040399004440251136,
            -7.012664580971668e-06,
            -4.121465383233498e-05
        ],
        [
            -7.012664580971668e-06,
            -0.03871644436990064,
            1.7605618235458018e-05
        ],
        [
            -4.121465383233498e-05,
            1.7605618235458018e-05,
            -0.04038129321621738
        ]
    ]
}