{
    "MP-ID": "mp-1101152",
    "Material": "Li2MnCrO4",
    "steinhart_vector": [
        [
            0.007277523336364936,
            2.6589890173855666e-08,
            0.00032553556734704565,
            1.0436001766466498e-07,
            0.00554572493631607,
            7.300890879461374e-08,
            0.0026329794562447314,
            1.546020612248717e-07,
            0.005188349041713152,
            1.3906601608111525e-07,
            0.0030922657939459414
        ],
        "Li2MnCrO4"
    ],
    "steinhart_parameter_sum": 0.02406287575882582,
    "band_gap": 0.9299000000000001,
    "oxidation_state": 3.0,
    "possible_species": [
        "O2-",
        "Cr3+",
        "Li+",
        "Mn3+"
    ],
    "density": 4.083583142359932,
    "quadrupole moment": [
        [
            -17.108672620257398,
            -0.022114707254079814,
            0.0011362044850643626
        ],
        [
            -0.022114707254079814,
            -17.00077790150869,
            0.6823366219689002
        ],
        [
            0.0011362044850643626,
            0.6823366219689002,
            -15.654478972133116
        ]
    ],
    "quadrupole moment normalized": [
        [
            -0.12805053961226112,
            -0.00015963063679336802,
            7.831021136828876e-06
        ],
        [
            -0.00015963063679336802,
            -0.11669650343901916,
            0.004345105446921054
        ],
        [
            7.831021136828876e-06,
            0.004345105446921054,
            -0.1171115356555256
        ]
    ]
}