{
    "MP-ID": "mp-1046983",
    "Material": "Nb2CrO8",
    "steinhart_vector": [
        [
            0.010721571280604886,
            0.001178375592661496,
            0.0010267318268926979,
            0.004380524798722638,
            0.007241919194060834,
            0.0026690171493096476,
            0.003804736037290328,
            0.005427364937808964,
            0.0051997538418163845,
            0.004174706783926612,
            0.004295319881370085
        ],
        "Nb2CrO8"
    ],
    "steinhart_parameter_sum": 0.050120021324464574,
    "band_gap": 0.7118,
    "oxidation_state": 6.0,
    "possible_species": [
        "Cr6+",
        "Nb5+",
        "O2-"
    ],
    "density": 3.98605688350645,
    "quadrupole moment": [
        [
            -13.299758425362093,
            0.7597310177355228,
            -1.1607562570319434
        ],
        [
            0.7597310177355228,
            -15.513824476646771,
            -0.3599902291748629
        ],
        [
            -1.1607562570319434,
            -0.3599902291748629,
            -15.317879041229483
        ]
    ],
    "quadrupole moment normalized": [
        [
            -0.14170916610713213,
            -0.0031889103282534033,
            -0.011240076223176052
        ],
        [
            -0.0031889103282534033,
            -0.13241580051647628,
            -0.0034859322023990235
        ],
        [
            -0.011240076223176052,
            -0.0034859322023990235,
            -0.15507585628104736
        ]
    ]
}