{
    "MP-ID": "mp-1191816",
    "Material": "Gd3BeCrS7",
    "steinhart_vector": [
        [
            0.0018088644106576107,
            1.7861387437244583e-05,
            0.00011102399998048502,
            4.834066220332039e-05,
            0.0013698428471389953,
            2.8009519099949524e-05,
            0.0006793752702289342,
            7.148324345779793e-05,
            0.0012661953345251755,
            4.8751734514575676e-05,
            0.0008115325499151723
        ],
        "Gd3BeCrS7"
    ],
    "steinhart_parameter_sum": 0.00626128095915926,
    "band_gap": 0.45370000000000005,
    "oxidation_state": 3.0,
    "possible_species": [
        "Be2+",
        "Cr3+",
        "S2-",
        "Gd3+"
    ],
    "density": 5.165859645108402,
    "quadrupole moment": [
        [
            -22.062910739584666,
            2.187199879433166e-06,
            -1.7763568394002505e-15
        ],
        [
            2.187199879433166e-06,
            -22.06290821402321,
            -1.7763568394002505e-15
        ],
        [
            -1.7763568394002505e-15,
            -1.7763568394002505e-15,
            -26.431711771740765
        ]
    ],
    "quadrupole moment normalized": [
        [
            -0.03990881260301647,
            1.4806705922118524e-09,
            2.2780550189283044e-09
        ],
        [
            1.4806705922118524e-09,
            -0.03990881089328522,
            -3.788664397832986e-09
        ],
        [
            2.2780550189283044e-09,
            -3.788664397832986e-09,
            -0.04776236495105778
        ]
    ]
}