{
    "MP-ID": "mp-1262600",
    "Material": "AlCrF5",
    "steinhart_vector": [
        [
            0.005673286660957384,
            5.064963660945947e-19,
            0.0013579758562710228,
            1.5896423364816695e-18,
            0.004197179466817199,
            1.50239694964812e-18,
            0.0027001920922880953,
            2.739319772765991e-18,
            0.003818742390902403,
            3.3344935776629528e-18,
            0.002946399792394307
        ],
        "AlCrF5"
    ],
    "steinhart_parameter_sum": 0.02069377625963042,
    "band_gap": 2.4445,
    "oxidation_state": 2.0,
    "possible_species": [
        "F-",
        "Cr2+",
        "Al3+"
    ],
    "density": 3.473110743686645,
    "quadrupole moment": [
        [
            -7.342790386492479,
            1.2665195785588406,
            0.9251425952308505
        ],
        [
            1.2665195785588406,
            -11.942019737436992,
            -1.6939584473933582
        ],
        [
            0.9251425952308505,
            -1.6939584473933582,
            -7.888460127926022
        ]
    ],
    "quadrupole moment normalized": [
        [
            -0.040871509003162304,
            0.00026006350598169886,
            0.013556466081018872
        ],
        [
            0.00026006350598169886,
            -0.05969347404490509,
            -0.0003478325818135578
        ],
        [
            0.013556466081018872,
            -0.0003478325818135578,
            -0.04886741514041996
        ]
    ]
}