{
    "MP-ID": "mp-1014995",
    "Material": "CrN2",
    "steinhart_vector": [
        [
            0.016016997730263743,
            0.0003964601608712077,
            0.0004277066593450496,
            0.01191072506675162,
            0.008161303301924246,
            0.0011031475628402155,
            0.010011196992366665,
            0.009748510310582287,
            0.0037538983896046514,
            0.00827090053876483,
            0.010265404796004013
        ],
        "CrN2"
    ],
    "steinhart_parameter_sum": 0.08006625150931852,
    "band_gap": 0.0,
    "oxidation_state": 6.0,
    "possible_species": [
        "Cr6+",
        "N3-"
    ],
    "density": 1.577121457862407,
    "quadrupole moment": [
        [
            -12.373500803466431,
            -0.21048191443759223,
            0.207210736607764
        ],
        [
            -0.21048191443759223,
            -11.356802876462538,
            0.07725375345227059
        ],
        [
            0.207210736607764,
            0.07725375345227059,
            -12.107829112201333
        ]
    ],
    "quadrupole moment normalized": [
        [
            -0.1975487987887163,
            -0.003367621742316494,
            0.0030009154036095623
        ],
        [
            -0.003367621742316494,
            -0.18264330514874066,
            0.0017400391039020437
        ],
        [
            0.0030009154036095623,
            0.0017400391039020437,
            -0.19382065614520047
        ]
    ]
}