{
    "MP-ID": "mp-1178034",
    "Material": "Li2Cr(CO3)2",
    "steinhart_vector": [
        [
            0.005287020208933533,
            0.00028634395611940494,
            0.001601726704745196,
            0.0014279784075281008,
            0.00300959548648507,
            0.0015041463838424355,
            0.0025082815877028853,
            0.0023849342391062656,
            0.002280757633710433,
            0.001499429939548449,
            0.0023363311234905547
        ],
        "Li2Cr(CO3)2"
    ],
    "steinhart_parameter_sum": 0.024126545671212328,
    "band_gap": 2.8669000000000002,
    "oxidation_state": 2.0,
    "possible_species": [
        "Cr2+",
        "C4+",
        "Li+",
        "O2-"
    ],
    "density": 2.357817193348419,
    "quadrupole moment": [
        [
            -25.856055609673064,
            -2.555009366643453,
            -3.117040382937155
        ],
        [
            -2.555009366643453,
            -14.045170151770503,
            2.588833875378016
        ],
        [
            -3.117040382937155,
            2.588833875378016,
            -19.58184841943563
        ]
    ],
    "quadrupole moment normalized": [
        [
            -0.14908230961095154,
            -0.013642133169507244,
            -0.02006385156279968
        ],
        [
            -0.013642133169507244,
            -0.07421402559965198,
            0.0002723977977328434
        ],
        [
            -0.02006385156279968,
            0.0002723977977328434,
            -0.0832162546832512
        ]
    ]
}