{
    "MP-ID": "mp-1176640",
    "Material": "LiMnCrO4",
    "steinhart_vector": [
        [
            0.0074699039957266365,
            2.097303818105239e-18,
            0.0010379573530536492,
            2.4718651475434347e-18,
            0.005472747271907453,
            3.1828359416427857e-18,
            0.0033723930035089197,
            3.727356223932893e-18,
            0.0047459836404296595,
            4.8764846564652065e-18,
            0.0041837813000751714
        ],
        "LiMnCrO4"
    ],
    "steinhart_parameter_sum": 0.02628276656470151,
    "band_gap": 0.0212,
    "oxidation_state": 3.0,
    "possible_species": [
        "O2-",
        "Cr3+",
        "Li+",
        "Mn4+"
    ],
    "density": 4.028104749461161,
    "quadrupole moment": [
        [
            -15.03001057504442,
            1.181512392056062,
            -2.3308631674158993
        ],
        [
            1.181512392056062,
            -15.13115603057066,
            1.9280383756215436
        ],
        [
            -2.3308631674158993,
            1.9280383756215436,
            -18.93459852459234
        ]
    ],
    "quadrupole moment normalized": [
        [
            -0.11328235889011094,
            0.00993802268919321,
            -0.01895408003922436
        ],
        [
            0.00993802268919321,
            -0.11290723732265232,
            0.012356836022851876
        ],
        [
            -0.01895408003922436,
            0.012356836022851876,
            -0.14047763863883225
        ]
    ]
}