{
    "MP-ID": "mp-1044170",
    "Material": "CrPO5",
    "steinhart_vector": [
        [
            0.00994872140986044,
            0.0012581832438711524,
            0.0012690816360662858,
            0.0030622483709050706,
            0.007228439244591995,
            0.0017974504612329326,
            0.0037361220768433595,
            0.003838359837459683,
            0.006019943623938432,
            0.002889125961324399,
            0.004188218937964654
        ],
        "CrPO5"
    ],
    "steinhart_parameter_sum": 0.04523589480405841,
    "band_gap": 0.5604,
    "oxidation_state": 5.0,
    "possible_species": [
        "Cr5+",
        "O2-",
        "P5+"
    ],
    "density": 3.269314720589727,
    "quadrupole moment": [
        [
            -14.423523120913192,
            1.0483872368574672,
            -0.22486160500963104
        ],
        [
            1.0483872368574672,
            -14.628782360001463,
            0.8649304202312693
        ],
        [
            -0.22486160500963104,
            0.8649304202312693,
            -15.299921990189162
        ]
    ],
    "quadrupole moment normalized": [
        [
            -0.1349797642291121,
            0.008445760040791362,
            -0.006201807359506865
        ],
        [
            0.008445760040791362,
            -0.1267822280314416,
            0.0038642732871420928
        ],
        [
            -0.006201807359506865,
            0.0038642732871420928,
            -0.155060880376306
        ]
    ]
}