{
    "MP-ID": "mp-10247",
    "Material": "U2CrN3",
    "steinhart_vector": [
        [
            0.00934422473539898,
            2.9038335696161422e-18,
            0.004924276620907962,
            3.3581979545700376e-18,
            0.007812619345944946,
            4.725480718571635e-18,
            0.005668487866929189,
            5.3862049886145406e-18,
            0.007534382846638421,
            6.10934581176349e-18,
            0.005909631177282184
        ],
        "U2CrN3"
    ],
    "steinhart_parameter_sum": 0.04119362259310169,
    "band_gap": 0.0,
    "oxidation_state": 3.0,
    "possible_species": [
        "N3-",
        "Cr3+",
        "U3+"
    ],
    "density": 12.196770712372189,
    "quadrupole moment": [
        [
            -21.715070607658564,
            -1.877815884033486,
            0.7720153592557883
        ],
        [
            -1.877815884033486,
            -1.788695359783145,
            6.321732551129595
        ],
        [
            0.7720153592557883,
            6.321732551129595,
            -24.0847667208764
        ]
    ],
    "quadrupole moment normalized": [
        [
            -0.2348338972092802,
            -0.014173720290265453,
            -0.01524166840917942
        ],
        [
            -0.014173720290265453,
            -0.013501040186967517,
            0.0477163228255978
        ],
        [
            -0.01524166840917942,
            0.0477163228255978,
            -0.1880496954309465
        ]
    ]
}