{
    "MP-ID": "mp-1181841",
    "Material": "CrBiO3",
    "steinhart_vector": [
        [
            0.011115558640592736,
            0.003611778863926543,
            0.009410611249144598,
            0.007684914531044276,
            0.006741734588829232,
            0.009335006911288963,
            0.006221247754381332,
            0.008593395748140525,
            0.008007557015101759,
            0.006896629643693847,
            0.008998858093680489
        ],
        "CrBiO3"
    ],
    "steinhart_parameter_sum": 0.0866172930398243,
    "band_gap": 0.029800000000000004,
    "oxidation_state": 3.0,
    "possible_species": [
        "Bi+",
        "O2-",
        "Cr3+",
        "O-"
    ],
    "density": 2.255004037656982,
    "quadrupole moment": [
        [
            -4.513785301063179,
            -5.140153045290311,
            -0.6496668093960738
        ],
        [
            -5.140153045290311,
            -7.865873298639821,
            -2.1157007515912087
        ],
        [
            -0.6496668093960738,
            -2.1157007515912087,
            -1.0341830251123059
        ]
    ],
    "quadrupole moment normalized": [
        [
            -0.050001390041423684,
            -0.05705478402077671,
            -0.007275172095422382
        ],
        [
            -0.05705478402077671,
            -0.08754882986913853,
            -0.02364732853454729
        ],
        [
            -0.007275172095422382,
            -0.02364732853454729,
            -0.01155037296800222
        ]
    ]
}