{
    "MP-ID": "mp-1208812",
    "Material": "SmCrGeO5",
    "steinhart_vector": [
        [
            0.007723168075436863,
            8.084509010820641e-05,
            0.00043888375590725036,
            0.0005548641003337756,
            0.005810389538549098,
            0.0007291948493946887,
            0.0027897269601204213,
            0.0011029289468379236,
            0.005264094018238633,
            0.0012739820377231645,
            0.003205359977602185
        ],
        "SmCrGeO5"
    ],
    "steinhart_parameter_sum": 0.02897343735025221,
    "band_gap": 2.669699999999999,
    "oxidation_state": 3.0,
    "possible_species": [
        "O2-",
        "Sm3+",
        "Cr3+",
        "Ge4+"
    ],
    "density": 6.259946763114375,
    "quadrupole moment": [
        [
            -17.05850272677807,
            -2.040034807748725e-15,
            -1.1102230246251565e-16
        ],
        [
            -2.040034807748725e-15,
            -14.561845761178377,
            0.476751383429197
        ],
        [
            -1.1102230246251565e-16,
            0.476751383429197,
            -16.693127011549624
        ]
    ],
    "quadrupole moment normalized": [
        [
            -0.1357755645382574,
            8.565197162635485e-18,
            1.2468324983583301e-17
        ],
        [
            8.565197162635485e-18,
            -0.11410450120244306,
            -0.0003513966713455975
        ],
        [
            1.2468324983583301e-17,
            -0.0003513966713455975,
            -0.12287619067227562
        ]
    ]
}