{
    "MP-ID": "mp-1080664",
    "Material": "CrB",
    "steinhart_vector": [
        [
            0.008994599061068862,
            0.002331300822042453,
            0.0009433128129806294,
            0.0036603272221609993,
            0.0035675663381198133,
            0.002581562174928229,
            0.0018310213758579962,
            0.004592258645465847,
            0.003859821553666385,
            0.0034258759294706997,
            0.004107666399324986
        ],
        "CrB"
    ],
    "steinhart_parameter_sum": 0.0398953123350869,
    "band_gap": 0.0,
    "oxidation_state": 3.0,
    "possible_species": [
        "Cr3+",
        "B3-"
    ],
    "density": 6.356212421583301,
    "quadrupole moment": [
        [
            -37.78862081232816,
            -0.3527999674667459,
            0.37272705147795904
        ],
        [
            -0.3527999674667459,
            -25.601378902807614,
            -1.921983223162328
        ],
        [
            0.37272705147795904,
            -1.921983223162328,
            -35.832962222776914
        ]
    ],
    "quadrupole moment normalized": [
        [
            -0.3471296329862508,
            -0.0020169355456266247,
            0.008610591067877309
        ],
        [
            -0.0020169355456266247,
            -0.24131963534009881,
            -0.011119757237188728
        ],
        [
            0.008610591067877309,
            -0.011119757237188728,
            -0.3016601282632679
        ]
    ]
}