{
    "MP-ID": "mp-1227851",
    "Material": "BaLaNbCrO6",
    "steinhart_vector": [
        [
            0.007720296272441746,
            1.4793240532240294e-19,
            4.437972159672089e-19,
            1.5039170340095375e-18,
            0.005896473675991619,
            1.4558484107138358e-18,
            0.0027295369235063914,
            2.3093374664181892e-18,
            0.005543715698359453,
            3.7127752301184836e-18,
            0.0031763257340144866
        ],
        "BaLaNbCrO6"
    ],
    "steinhart_parameter_sum": 0.0250663483043137,
    "band_gap": 0.0,
    "oxidation_state": 3.0,
    "possible_species": [
        "O2-",
        "Cr3+",
        "Nb4+",
        "Ba2+",
        "La3+"
    ],
    "density": 6.464285472616185,
    "quadrupole moment": [
        [
            -16.095260656458564,
            -4.440892098500626e-16,
            -1.6155286875451653e-15
        ],
        [
            -4.440892098500626e-16,
            -16.095260656458557,
            -9.58403516541142e-16
        ],
        [
            -1.6155286875451653e-15,
            -9.58403516541142e-16,
            -16.095260656458567
        ]
    ],
    "quadrupole moment normalized": [
        [
            -0.12426018085003535,
            -3.469446951953614e-18,
            -1.2554253465510798e-17
        ],
        [
            -3.469446951953614e-18,
            -0.1242601808500353,
            -7.440105776764216e-18
        ],
        [
            -1.2554253465510798e-17,
            -7.440105776764216e-18,
            -0.12426018085003537
        ]
    ]
}