{
    "MP-ID": "mp-1101260",
    "Material": "V4CrNiO12",
    "steinhart_vector": [
        [
            0.007093313250839217,
            1.8718752635743211e-06,
            0.0005715011922807702,
            0.0009734658173500662,
            0.005162320195599332,
            0.0011921226970690963,
            0.0025943848298133542,
            0.001768671743787233,
            0.004330822046186518,
            0.002011371255514317,
            0.002871951463061127
        ],
        "V4CrNiO12"
    ],
    "steinhart_parameter_sum": 0.028571796366764605,
    "band_gap": 0.0,
    "oxidation_state": 2.0,
    "possible_species": [
        "V5+",
        "O2-",
        "Cr2+",
        "Ni2+"
    ],
    "density": 3.421240981757952,
    "quadrupole moment": [
        [
            -15.5403305986652,
            -0.23553211182894984,
            -0.7296872126603903
        ],
        [
            -0.23553211182894984,
            -15.523436703877795,
            -0.7039873576821307
        ],
        [
            -0.7296872126603903,
            -0.7039873576821307,
            -19.366532111911525
        ]
    ],
    "quadrupole moment normalized": [
        [
            -0.11141959892527578,
            -0.001987883127996172,
            -0.007029931221581531
        ],
        [
            -0.001987883127996172,
            -0.1112770150196111,
            -0.006782334429740973
        ],
        [
            -0.007029931221581531,
            -0.006782334429740973,
            -0.13449315212790086
        ]
    ]
}