{
    "MP-ID": "mp-1111094",
    "Material": "Na2CrAgF6",
    "steinhart_vector": [
        [
            0.008106685946987326,
            5.818877624679035e-19,
            6.020018848642143e-10,
            2.365093990431355e-18,
            0.006191583664550629,
            2.9221115326597064e-18,
            0.002866146303032482,
            5.426690884076622e-18,
            0.005821170659784573,
            4.593106391874053e-18,
            0.0033352962480090362
        ],
        "Na2CrAgF6"
    ],
    "steinhart_parameter_sum": 0.02632088342436595,
    "band_gap": 2.3255,
    "oxidation_state": 3.0,
    "possible_species": [
        "Na+",
        "Cr3+",
        "Ag+",
        "F-"
    ],
    "density": 3.407658738463505,
    "quadrupole moment": [
        [
            -7.404351578933078,
            -2.644705798804381e-07,
            5.106477809446345e-07
        ],
        [
            -2.644705798804381e-07,
            -7.404352756041857,
            4.540252943102995e-07
        ],
        [
            5.106477809446345e-07,
            4.540252943102995e-07,
            -7.404352166028192
        ]
    ],
    "quadrupole moment normalized": [
        [
            -0.06002475245659144,
            -1.5289402174878397e-09,
            4.8500278964286405e-09
        ],
        [
            -1.5289402174878397e-09,
            -0.0600247624339414,
            2.676029971359972e-09
        ],
        [
            4.8500278964286405e-09,
            2.676029971359972e-09,
            -0.060024758085784634
        ]
    ]
}