{
    "MP-ID": "mp-1367307",
    "Material": "Ca2CrIrO6",
    "steinhart_vector": [
        [
            0.00756917394382634,
            1.3106844504841847e-18,
            0.00013334496309115444,
            2.0786505167487734e-18,
            0.005778328370556102,
            3.0387346125481192e-18,
            0.0026877017644519772,
            3.89017350353901e-18,
            0.005427352127509677,
            5.104659804758921e-18,
            0.003133954352530398
        ],
        "Ca2CrIrO6"
    ],
    "steinhart_parameter_sum": 0.024729855521965667,
    "band_gap": 0.0,
    "oxidation_state": 3.0,
    "possible_species": [
        "Ca2+",
        "O2-",
        "Cr3+",
        "Ir5+"
    ],
    "density": 6.041164190835227,
    "quadrupole moment": [
        [
            -16.271010420597754,
            -0.33894287367808307,
            0.21322153843108005
        ],
        [
            -0.33894287367808307,
            -16.15973617865836,
            -0.17207122057274327
        ],
        [
            0.21322153843108005,
            -0.17207122057274327,
            -16.33749566856399
        ]
    ],
    "quadrupole moment normalized": [
        [
            -0.12199708009137641,
            -0.0025480691694106453,
            0.0019715106510542063
        ],
        [
            -0.0025480691694106453,
            -0.12312864544922811,
            0.00021723081527993092
        ],
        [
            0.0019715106510542063,
            0.00021723081527993092,
            -0.12398112831508731
        ]
    ]
}