{
    "MP-ID": "mp-1306095",
    "Material": "V2CrO6",
    "steinhart_vector": [
        [
            0.0074339923037925575,
            0.0005148547056801294,
            0.00043118219251832496,
            0.0015857775927570743,
            0.005089531463221882,
            0.002108463291168753,
            0.0024634663517093744,
            0.0025845484765504756,
            0.003888383646193543,
            0.002811698597935415,
            0.002867915473288451
        ],
        "V2CrO6"
    ],
    "steinhart_parameter_sum": 0.03177981409481598,
    "band_gap": 1.3129,
    "oxidation_state": 3.0,
    "possible_species": [
        "V5+",
        "V4+",
        "Cr3+",
        "O2-"
    ],
    "density": 3.366600598819212,
    "quadrupole moment": [
        [
            -16.741314379227042,
            -1.6313546787212823,
            -1.2981596205599932
        ],
        [
            -1.6313546787212823,
            -16.44085801645893,
            0.6225311784916816
        ],
        [
            -1.2981596205599932,
            0.6225311784916816,
            -16.14544524489494
        ]
    ],
    "quadrupole moment normalized": [
        [
            -0.12380764979536875,
            -0.009586709097026788,
            -0.008468491063088023
        ],
        [
            -0.009586709097026788,
            -0.12101930534011446,
            0.004226226074765739
        ],
        [
            -0.008468491063088023,
            0.004226226074765739,
            -0.12067613064190205
        ]
    ]
}