{
    "MP-ID": "mp-1217958",
    "Material": "TaCrB4",
    "steinhart_vector": [
        [
            0.007285911994642908,
            1.2811322105213725e-18,
            0.0007377674022961973,
            9.543135242513146e-19,
            0.0030980194930740447,
            1.140066874558468e-18,
            0.0012198496391414735,
            1.5053518911684724e-18,
            0.004135653782175429,
            2.1047514067925522e-18,
            0.003064941706831021
        ],
        "TaCrB4"
    ],
    "steinhart_parameter_sum": 0.019542144018161085,
    "band_gap": 0.0,
    "oxidation_state": 3.0,
    "possible_species": [
        "Ta5+",
        "Cr3+",
        "B2-"
    ],
    "density": 9.058378380698336,
    "quadrupole moment": [
        [
            -37.670160028938746,
            1.5233535706649093e-05,
            -8.881784197001252e-16
        ],
        [
            1.5233535706649093e-05,
            -37.67014243875044,
            -5.329070518200751e-15
        ],
        [
            -8.881784197001252e-16,
            -5.329070518200751e-15,
            -50.402831107327344
        ]
    ],
    "quadrupole moment normalized": [
        [
            -0.2744614324005693,
            4.448928480477177e-08,
            0.0
        ],
        [
            4.448928480477177e-08,
            -0.27446138102872025,
            1.734723475976807e-17
        ],
        [
            0.0,
            1.734723475976807e-17,
            -0.36723059172883693
        ]
    ]
}