{
    "MP-ID": "mp-1518073",
    "Material": "SrEuZrCrO6",
    "steinhart_vector": [
        [
            0.008604735569832381,
            1.923121269191238e-18,
            1.6260792977237593e-18,
            3.2971603038249293e-18,
            0.006571975347305976,
            2.6607756212593548e-18,
            0.0030422334358727837,
            3.518196714747386e-18,
            0.006178805317224527,
            3.688557579790964e-18,
            0.0035402064973089576
        ],
        "SrEuZrCrO6"
    ],
    "steinhart_parameter_sum": 0.027937956167544645,
    "band_gap": 0.0,
    "oxidation_state": 4.0,
    "possible_species": [
        "O2-",
        "Zr4+",
        "Sr2+",
        "Eu2+",
        "Cr4+"
    ],
    "density": 6.060455697392634,
    "quadrupole moment": [
        [
            -15.24566011744067,
            -2.220446049250313e-16,
            -8.881784197001252e-16
        ],
        [
            -2.220446049250313e-16,
            -15.245660117440671,
            -8.881784197001252e-16
        ],
        [
            -8.881784197001252e-16,
            -8.881784197001252e-16,
            -15.245660117440668
        ]
    ],
    "quadrupole moment normalized": [
        [
            -0.13118487389811662,
            -5.204170427930421e-18,
            -6.938893903907228e-18
        ],
        [
            -5.204170427930421e-18,
            -0.13118487389811664,
            -6.938893903907228e-18
        ],
        [
            -6.938893903907228e-18,
            -6.938893903907228e-18,
            -0.13118487389811662
        ]
    ]
}