{
    "MP-ID": "mp-1217990",
    "Material": "Ta2CrSi6",
    "steinhart_vector": [
        [
            0.0015011938390170926,
            1.5035643932999037e-09,
            0.0001536740271921951,
            0.00028241840786070104,
            0.0003286407259946857,
            0.0004368687070701999,
            0.0008127022796572612,
            0.000388182073652272,
            0.0003334336289214691,
            0.0003931534679522518,
            0.0005405237947380322
        ],
        "Ta2CrSi6"
    ],
    "steinhart_parameter_sum": 0.005170792455620554,
    "band_gap": 0.0,
    "oxidation_state": 2.0,
    "possible_species": [
        "Cr2+",
        "Ta3+",
        "Si1.33-"
    ],
    "density": 7.686117295295183,
    "quadrupole moment": [
        [
            -33.511752169641866,
            -1.666651552275475,
            -2.2178227207733244e-15
        ],
        [
            -1.666651552275475,
            -35.530222646624885,
            -4.924025052698217e-15
        ],
        [
            -2.2178227207733244e-15,
            -4.924025052698217e-15,
            -23.81878007233357
        ]
    ],
    "quadrupole moment normalized": [
        [
            -0.04368648504675385,
            -0.005599392611322005,
            3.6177515737448374e-18
        ],
        [
            -0.005599392611322005,
            -0.050467871749666895,
            -2.1860756966070506e-18
        ],
        [
            3.6177515737448374e-18,
            -2.1860756966070506e-18,
            -0.04302005497581654
        ]
    ]
}