{
    "MP-ID": "mp-1391320",
    "Material": "Ca2CrN2",
    "steinhart_vector": [
        [
            0.012658940280380457,
            0.001959494037534297,
            0.00713112233718178,
            0.008410337567893961,
            0.007153608451179037,
            0.007305382912892407,
            0.006862594710127008,
            0.008133635077562939,
            0.006807205987432366,
            0.007732099730194788,
            0.007262785841899473
        ],
        "Ca2CrN2"
    ],
    "steinhart_parameter_sum": 0.08141720693427852,
    "band_gap": 0.0,
    "oxidation_state": 2.0,
    "possible_species": [
        "Ca2+",
        "Cr2+",
        "N3-"
    ],
    "density": 3.364628769540585,
    "quadrupole moment": [
        [
            -13.784330885427075,
            -7.284440101915593,
            3.0673424224356776
        ],
        [
            -7.284440101915593,
            -3.8495207376728633,
            1.6209616798969553
        ],
        [
            3.0673424224356776,
            1.6209616798969553,
            -12.83471185789289
        ]
    ],
    "quadrupole moment normalized": [
        [
            -0.18160927729965806,
            -0.09597287771437235,
            0.03152326445230056
        ],
        [
            -0.09597287771437235,
            -0.05071763620081985,
            0.016658721676682527
        ],
        [
            0.03152326445230056,
            0.016658721676682527,
            -0.14943915413864692
        ]
    ]
}