{
    "MP-ID": "mp-1568146",
    "Material": "Li2Mn2CrO6",
    "steinhart_vector": [
        [
            0.007283752346620715,
            2.712918328028058e-06,
            0.0007774191847701286,
            0.0005424162514175726,
            0.0053759503470240085,
            0.0006496772432977453,
            0.0029577794498865263,
            0.0010940465722562014,
            0.00469303609046226,
            0.0011291354581141344,
            0.003517818142318354
        ],
        "Li2Mn2CrO6"
    ],
    "steinhart_parameter_sum": 0.02802374400449567,
    "band_gap": 1.2466,
    "oxidation_state": 3.0,
    "possible_species": [
        "O2-",
        "Cr3+",
        "Mn3+",
        "Mn4+",
        "Li+"
    ],
    "density": 3.8298767858477403,
    "quadrupole moment": [
        [
            -18.618086975024536,
            0.6300968204342557,
            -0.025220656643023087
        ],
        [
            0.6300968204342557,
            -17.937738294822964,
            -0.043298954283744716
        ],
        [
            -0.025220656643023087,
            -0.043298954283744716,
            -13.17299787066042
        ]
    ],
    "quadrupole moment normalized": [
        [
            -0.13421366924885925,
            0.001995982272322565,
            -0.0018262523641460818
        ],
        [
            0.001995982272322565,
            -0.13209763292119484,
            -0.003075807948056401
        ],
        [
            -0.0018262523641460818,
            -0.003075807948056401,
            -0.09573465351797467
        ]
    ]
}