{
    "MP-ID": "mp-1218539",
    "Material": "SrCaNbCrO6",
    "steinhart_vector": [
        [
            0.007438918502204709,
            0.0001461228287213064,
            0.00010617055853913106,
            0.0003288209826947642,
            0.005653127647278454,
            0.0005085857028112335,
            0.0026137413402784588,
            0.0006877708709874492,
            0.005247208937282573,
            0.0008717163043530336,
            0.003000155308829355
        ],
        "SrCaNbCrO6"
    ],
    "steinhart_parameter_sum": 0.02660233898398047,
    "band_gap": 2.083999999999999,
    "oxidation_state": 3.0,
    "possible_species": [
        "O2-",
        "Cr3+",
        "Sr2+",
        "Nb5+",
        "Ca2+"
    ],
    "density": 4.923863217109415,
    "quadrupole moment": [
        [
            -16.54480877507547,
            -0.13511456415666445,
            -0.08404584938466941
        ],
        [
            -0.13511456415666445,
            -16.357535243661847,
            0.3361571383111245
        ],
        [
            -0.08404584938466941,
            0.3361571383111245,
            -16.294039620998962
        ]
    ],
    "quadrupole moment normalized": [
        [
            -0.12257922861966464,
            -0.0007793713548198645,
            -0.0009022072632195836
        ],
        [
            -0.0007793713548198645,
            -0.12240376265055664,
            0.002531000877687377
        ],
        [
            -0.0009022072632195836,
            0.002531000877687377,
            -0.12092668823383457
        ]
    ]
}