{
    "MP-ID": "mp-1245955",
    "Material": "CrMo2N3",
    "steinhart_vector": [
        [
            0.010990660090369246,
            2.342197041406936e-18,
            0.005613064411549338,
            3.569754181627715e-18,
            0.009142823802465946,
            4.159929828988377e-18,
            0.006532036951053713,
            4.162010451681011e-18,
            0.00880600235551492,
            5.1012717434422065e-18,
            0.00682791081387348
        ],
        "CrMo2N3"
    ],
    "steinhart_parameter_sum": 0.04791249842482666,
    "band_gap": 0.0,
    "oxidation_state": 3.0,
    "possible_species": [
        "N3-",
        "Cr3+",
        "Mo3+"
    ],
    "density": 8.041048722475953,
    "quadrupole moment": [
        [
            -12.90115842856135,
            9.86115759864305,
            -3.8643828990423785e-07
        ],
        [
            9.86115759864305,
            -7.537495932922931,
            2.953788142357342e-07
        ],
        [
            -3.8643828990423785e-07,
            2.953788142357342e-07,
            -23.06141550373055
        ]
    ],
    "quadrupole moment normalized": [
        [
            -0.15882854978902644,
            0.12140253678042537,
            -4.757513327838876e-09
        ],
        [
            0.12140253678042537,
            -0.09279550783722405,
            3.6364632651593216e-09
        ],
        [
            -4.757513327838876e-09,
            3.6364632651593216e-09,
            -0.2230070024116781
        ]
    ]
}