{
    "MP-ID": "mp-1041606",
    "Material": "CrF5",
    "steinhart_vector": [
        [
            0.009049063774257434,
            2.8932038777556668e-18,
            0.0015074373349845353,
            3.925437154614057e-18,
            0.006828690701273783,
            5.526101194071057e-18,
            0.003804713767249118,
            5.6457826398909e-18,
            0.0062454862441649935,
            9.266182750495834e-18,
            0.004466522638834157
        ],
        "CrF5"
    ],
    "steinhart_parameter_sum": 0.03190191446076405,
    "band_gap": 0.0,
    "oxidation_state": 5.0,
    "possible_species": [
        "Cr5+",
        "F-"
    ],
    "density": 2.378276805350602,
    "quadrupole moment": [
        [
            -6.285175068385305,
            -0.7000229757327183,
            -0.07943145140773816
        ],
        [
            -0.7000229757327183,
            -8.795811314453367,
            0.02065040888803482
        ],
        [
            -0.07943145140773816,
            0.02065040888803482,
            -6.2151316178021085
        ]
    ],
    "quadrupole moment normalized": [
        [
            -0.0642961875410032,
            -0.0015164817933534928,
            -0.010809861268430188
        ],
        [
            -0.0015164817933534928,
            -0.06973505781938284,
            0.0028103232568440096
        ],
        [
            -0.010809861268430188,
            0.0028103232568440096,
            -0.055379415915473816
        ]
    ]
}