{
    "MP-ID": "mp-1208686",
    "Material": "SrCaCrF7",
    "steinhart_vector": [
        [
            0.007713420029134098,
            0.00018071664098046826,
            0.00040179296807524577,
            0.00034759136850439303,
            0.005835960325340321,
            0.0004649008181564832,
            0.002817071036504727,
            0.0007603875201061893,
            0.005373961337946626,
            0.0007474862454346375,
            0.0032852579997570885
        ],
        "SrCaCrF7"
    ],
    "steinhart_parameter_sum": 0.02792854628994027,
    "band_gap": 4.2453,
    "oxidation_state": 3.0,
    "possible_species": [
        "Ca2+",
        "Sr2+",
        "Cr3+",
        "F-"
    ],
    "density": 3.45789000421341,
    "quadrupole moment": [
        [
            -7.017759086301033,
            -9.992007221626409e-16,
            -8.881784197001252e-16
        ],
        [
            -9.992007221626409e-16,
            -7.460229105552841,
            -0.15384204098709042
        ],
        [
            -8.881784197001252e-16,
            -0.15384204098709042,
            -8.302897395892206
        ]
    ],
    "quadrupole moment normalized": [
        [
            -0.05330355476609494,
            -3.469446951953614e-18,
            3.469446951953614e-18
        ],
        [
            -3.469446951953614e-18,
            -0.05877191783100771,
            -0.000171722853250446
        ],
        [
            3.469446951953614e-18,
            -0.000171722853250446,
            -0.0635541508894909
        ]
    ]
}