{
    "MP-ID": "mp-1246416",
    "Material": "ZrCrAgS4",
    "steinhart_vector": [
        [
            0.00172528255053337,
            7.082642667088091e-05,
            0.00010529818797473478,
            9.437433860361614e-05,
            0.0012932530900590983,
            0.0001996054889300465,
            0.0006339478660132353,
            0.00021416678049508835,
            0.0011637183522031907,
            0.0003305787576650357,
            0.0007344540032070168
        ],
        "ZrCrAgS4"
    ],
    "steinhart_parameter_sum": 0.006565505842355313,
    "band_gap": 0.7933000000000001,
    "oxidation_state": 3.0,
    "possible_species": [
        "Ag+",
        "Zr4+",
        "Cr3+",
        "S2-"
    ],
    "density": 4.420423905500111,
    "quadrupole moment": [
        [
            -23.820882350716175,
            0.0,
            1.2907573749293357
        ],
        [
            0.0,
            -26.461837658978002,
            0.0
        ],
        [
            1.2907573749293357,
            0.0,
            -21.96141990376477
        ]
    ],
    "quadrupole moment normalized": [
        [
            -0.04101225081638374,
            0.0,
            0.002740171266911909
        ],
        [
            0.0,
            -0.045200752793331814,
            0.0
        ],
        [
            0.002740171266911909,
            0.0,
            -0.03838573843211939
        ]
    ]
}