{
    "MP-ID": "mp-1212114",
    "Material": "HoCrO2",
    "steinhart_vector": [
        [
            0.006093568697337931,
            1.654967958154791e-18,
            0.0031724464931018304,
            2.5495825711661136e-18,
            0.004861992233866537,
            1.8724524852236164e-18,
            0.003987524172795833,
            3.37315297448514e-18,
            0.0043896361929794585,
            2.491660230396181e-18,
            0.004412700091012256
        ],
        "HoCrO2"
    ],
    "steinhart_parameter_sum": 0.026917867881093856,
    "band_gap": 0.0,
    "oxidation_state": 2.0,
    "possible_species": [
        "Cr2+",
        "Ho2+",
        "O2-"
    ],
    "density": 7.611571628767192,
    "quadrupole moment": [
        [
            -14.48254382576209,
            4.444933664452133,
            1.3072907359014656
        ],
        [
            4.444933664452133,
            -9.51751132034162,
            9.537638855306351
        ],
        [
            1.3072907359014656,
            9.537638855306351,
            -12.23349843115556
        ]
    ],
    "quadrupole moment normalized": [
        [
            -0.0880460808874636,
            0.02686553501693245,
            0.008139339848881155
        ],
        [
            0.02686553501693245,
            -0.057994838614045426,
            0.05821947381163023
        ],
        [
            0.008139339848881155,
            0.05821947381163023,
            -0.07474951397773752
        ]
    ]
}