{
    "MP-ID": "mp-1210429",
    "Material": "Na3CrO4",
    "steinhart_vector": [
        [
            0.014683179284641417,
            0.0003394313434099078,
            0.0005619996165233328,
            0.010908523092217947,
            0.00747668467297159,
            0.0012490833076062714,
            0.009155703066359535,
            0.008911028497469841,
            0.0035857643573353947,
            0.0075670264966693655,
            0.009348288425014978
        ],
        "Na3CrO4"
    ],
    "steinhart_parameter_sum": 0.07378671216021958,
    "band_gap": 1.033799999999999,
    "oxidation_state": 5.0,
    "possible_species": [
        "Cr5+",
        "Na+",
        "O2-"
    ],
    "density": 2.617047087769102,
    "quadrupole moment": [
        [
            -7.459176264838018,
            0.0,
            -0.3903892304273829
        ],
        [
            0.0,
            -8.230606474113067,
            -1.7763568394002505e-15
        ],
        [
            -0.3903892304273829,
            -1.7763568394002505e-15,
            -7.652793395395108
        ]
    ],
    "quadrupole moment normalized": [
        [
            -0.11074163528156282,
            -5.551115123125783e-17,
            -0.005859145142234743
        ],
        [
            -5.551115123125783e-17,
            -0.12007703741577846,
            5.551115123125783e-17
        ],
        [
            -0.005859145142234743,
            5.551115123125783e-17,
            -0.11190998125846063
        ]
    ]
}