{
    "MP-ID": "mp-1216877",
    "Material": "Tl2V9CrS16",
    "steinhart_vector": [
        [
            0.002012724395915598,
            9.167266223734528e-19,
            0.00016199569998383238,
            9.165369462921988e-19,
            0.0015164716393138997,
            1.243512069070029e-18,
            0.0007852319161609559,
            1.4782400918869064e-18,
            0.001388461520660517,
            1.5390828756125274e-18,
            0.0009498407911697253
        ],
        "Tl2V9CrS16"
    ],
    "steinhart_parameter_sum": 0.006814725963204534,
    "band_gap": 0.0,
    "oxidation_state": 3.0,
    "possible_species": [
        "Cr3+",
        "V3+",
        "S2-",
        "Tl+"
    ],
    "density": 5.051087669494731,
    "quadrupole moment": [
        [
            -21.258238428577997,
            -3.984980357526078e-15,
            7.561481231977027e-16
        ],
        [
            -3.984980357526078e-15,
            -25.679912035189982,
            0.7685405375863219
        ],
        [
            7.561481231977027e-16,
            0.7685405375863219,
            -19.938215095210587
        ]
    ],
    "quadrupole moment normalized": [
        [
            -0.04327938391091525,
            -8.617971213764577e-19,
            4.968123897167534e-18
        ],
        [
            -8.617971213764577e-19,
            -0.05166705842967749,
            0.0007996157559206837
        ],
        [
            4.968123897167534e-18,
            0.0007996157559206837,
            -0.03963926626419675
        ]
    ]
}