{
    "MP-ID": "mp-1522336",
    "Material": "Ba2LaCrO6",
    "steinhart_vector": [
        [
            0.009371477492710814,
            2.123229447836755e-18,
            1.3467131148181088e-18,
            3.3327470511372427e-18,
            0.007157584163987045,
            2.756077921372677e-18,
            0.0033133176424164604,
            3.370764205307694e-18,
            0.0067293799434373,
            4.420954983816006e-18,
            0.0038556635749965036
        ],
        "Ba2LaCrO6"
    ],
    "steinhart_parameter_sum": 0.030427422817548143,
    "band_gap": 0.0,
    "oxidation_state": 5.0,
    "possible_species": [
        "Cr5+",
        "O2-",
        "La3+",
        "Ba2+"
    ],
    "density": 6.003169244897541,
    "quadrupole moment": [
        [
            -14.60867961427522,
            -6.661338147750939e-16,
            -2.220446049250313e-15
        ],
        [
            -6.661338147750939e-16,
            -14.608679614275216,
            -1.3322676295501878e-15
        ],
        [
            -2.220446049250313e-15,
            -1.3322676295501878e-15,
            -14.60867961427522
        ]
    ],
    "quadrupole moment normalized": [
        [
            -0.13690491220340353,
            -6.938893903907228e-18,
            -1.3877787807814457e-17
        ],
        [
            -6.938893903907228e-18,
            -0.1369049122034035,
            -1.3877787807814457e-17
        ],
        [
            -1.3877787807814457e-17,
            -1.3877787807814457e-17,
            -0.13690491220340356
        ]
    ]
}