{
    "MP-ID": "mp-1049223",
    "Material": "LaZnCrSbO6",
    "steinhart_vector": [
        [
            0.006664614830830793,
            0.00033460306375550586,
            0.0003045096596755695,
            0.0005478029821835915,
            0.005030750877812883,
            0.0006687065252507686,
            0.002382244338085613,
            0.0009146771183975436,
            0.004595851128793454,
            0.0010784286474777047,
            0.0027334205642915842
        ],
        "LaZnCrSbO6"
    ],
    "steinhart_parameter_sum": 0.02525560973655501,
    "band_gap": 0.0,
    "oxidation_state": 2.0,
    "possible_species": [
        "Cr2+",
        "O2-",
        "Sb5+",
        "Zn2+",
        "La3+"
    ],
    "density": 6.28505119070994,
    "quadrupole moment": [
        [
            -17.129875880522334,
            -0.1650738557528193,
            1.0588704815490173
        ],
        [
            -0.1650738557528193,
            -17.615474445167017,
            0.1798083239228736
        ],
        [
            1.0588704815490173,
            0.1798083239228736,
            -17.390036274485055
        ]
    ],
    "quadrupole moment normalized": [
        [
            -0.11523537441656873,
            -0.00156662022528814,
            0.006369171145778434
        ],
        [
            -0.00156662022528814,
            -0.11974145338464522,
            -0.0009934668961513243
        ],
        [
            0.006369171145778434,
            -0.0009934668961513243,
            -0.11100971414570958
        ]
    ]
}