{
    "MP-ID": "mp-1191669",
    "Material": "Dy3BeCrS7",
    "steinhart_vector": [
        [
            0.001810119178433503,
            3.718409339565852e-05,
            0.00013655779960093626,
            9.517280103219792e-05,
            0.0013635533116390746,
            5.5176353751262144e-05,
            0.0006976262131105158,
            0.00014071795769251958,
            0.0012464618665012242,
            9.386288712947493e-05,
            0.0008383492961796132
        ],
        "Dy3BeCrS7"
    ],
    "steinhart_parameter_sum": 0.006514781758465981,
    "band_gap": 0.0,
    "oxidation_state": 3.0,
    "possible_species": [
        "Cr3+",
        "S2-",
        "Dy3+",
        "Be2+"
    ],
    "density": 5.3640264550309045,
    "quadrupole moment": [
        [
            -21.706182377329963,
            -1.3901997468757088e-06,
            -8.648914135367392e-05
        ],
        [
            -1.3901997468757088e-06,
            -21.70618398259412,
            4.993453273227644e-05
        ],
        [
            -8.648914135367392e-05,
            4.993453273227644e-05,
            -27.181360722457043
        ]
    ],
    "quadrupole moment normalized": [
        [
            -0.03929066828827115,
            -8.95020561891488e-08,
            3.338319415693847e-08
        ],
        [
            -8.95020561891488e-08,
            -0.03929088863940782,
            -2.0446682867658605e-08
        ],
        [
            3.338319415693847e-08,
            -2.0446682867658605e-08,
            -0.04900613382655392
        ]
    ]
}