{
    "MP-ID": "mp-1179431",
    "Material": "SrCrO4",
    "steinhart_vector": [
        [
            0.011787662644889136,
            0.000725014513578128,
            0.0031809269364978434,
            0.008327819038175477,
            0.005293077984600283,
            0.004807204994874598,
            0.007252060295878195,
            0.005472341212970526,
            0.005287453994902442,
            0.006833338873031575,
            0.005859530503740817
        ],
        "SrCrO4"
    ],
    "steinhart_parameter_sum": 0.06482643099313902,
    "band_gap": 1.6033,
    "oxidation_state": 5.0,
    "possible_species": [
        "Cr5+",
        "O2-",
        "Sr2+",
        "O-"
    ],
    "density": 2.853139455479041,
    "quadrupole moment": [
        [
            -7.320490076803636,
            -0.7232623571878992,
            0.6264761312320286
        ],
        [
            -0.7232623571878992,
            -12.922941234718717,
            0.06609532324601597
        ],
        [
            0.6264761312320286,
            0.06609532324601597,
            -6.164581979435615
        ]
    ],
    "quadrupole moment normalized": [
        [
            -0.09885056096511284,
            -0.0006830477230634242,
            0.01030350507327522
        ],
        [
            -0.0006830477230634242,
            -0.14697593598455092,
            0.0001285979750205446
        ],
        [
            0.01030350507327522,
            0.0001285979750205446,
            -0.05986719659954895
        ]
    ]
}