{
    "MP-ID": "mp-1048931",
    "Material": "LaMgCrNiO6",
    "steinhart_vector": [
        [
            0.009555483337322262,
            0.0005179976016308776,
            0.0005832446343865604,
            0.001547874690980398,
            0.007042988434717642,
            0.0016671007688528743,
            0.0032017549559998845,
            0.0026155181129249635,
            0.006052592912210381,
            0.0026846948105758543,
            0.00342949500999845
        ],
        "LaMgCrNiO6"
    ],
    "steinhart_parameter_sum": 0.038898745269600146,
    "band_gap": 0.0,
    "oxidation_state": 5.0,
    "possible_species": [
        "Mg2+",
        "O2-",
        "Ni2+",
        "Cr5+",
        "La3+"
    ],
    "density": 5.541839868484752,
    "quadrupole moment": [
        [
            -13.964245728669566,
            -0.9204830592991171,
            0.3290302770045115
        ],
        [
            -0.9204830592991171,
            -15.156180010604196,
            0.22005547521971103
        ],
        [
            0.3290302770045115,
            0.22005547521971103,
            -14.668363721079116
        ]
    ],
    "quadrupole moment normalized": [
        [
            -0.1400470073639007,
            0.003228026128563169,
            0.005363038355315177
        ],
        [
            0.003228026128563169,
            -0.14258139819256574,
            0.0008770378952159229
        ],
        [
            0.005363038355315177,
            0.0008770378952159229,
            -0.13090751181011934
        ]
    ]
}