{
    "MP-ID": "mp-1046856",
    "Material": "Nb2Zn2CrO8",
    "steinhart_vector": [
        [
            0.005699062419735377,
            0.00032307503014644684,
            0.0006273774155025538,
            0.0005502182412266112,
            0.00423387482165212,
            0.000973419625078057,
            0.002033299511700776,
            0.0012068978296854544,
            0.0036894289733429243,
            0.0015650225933820506,
            0.0021829310044755705
        ],
        "Nb2Zn2CrO8"
    ],
    "steinhart_parameter_sum": 0.02308460746592794,
    "band_gap": 1.0557,
    "oxidation_state": 2.0,
    "possible_species": [
        "Nb5+",
        "Cr2+",
        "Zn2+",
        "O2-"
    ],
    "density": 5.319540167481957,
    "quadrupole moment": [
        [
            -17.80438124859442,
            0.08472284025269117,
            -1.2079491897285133
        ],
        [
            0.08472284025269117,
            -19.573862249360545,
            -1.640304226470461
        ],
        [
            -1.2079491897285133,
            -1.640304226470461,
            -19.28933655627786
        ]
    ],
    "quadrupole moment normalized": [
        [
            -0.10462183692664288,
            0.005968793122487924,
            0.002842349094404004
        ],
        [
            0.005968793122487924,
            -0.09697172053417835,
            0.0007404958769262684
        ],
        [
            0.002842349094404004,
            0.0007404958769262684,
            -0.11782200213796765
        ]
    ]
}