{
    "MP-ID": "mp-1232352",
    "Material": "Dy2CrFeO6",
    "steinhart_vector": [
        [
            0.007385403849580449,
            8.751799123931661e-19,
            0.0002491031327991553,
            1.0632928764550641e-18,
            0.005628742350955105,
            2.29592608383355e-18,
            0.002657853051858023,
            3.1091440560218442e-18,
            0.005269621910322973,
            3.329752197980842e-18,
            0.003119204438187879
        ],
        "Dy2CrFeO6"
    ],
    "steinhart_parameter_sum": 0.024309928733703592,
    "band_gap": 2.224199999999999,
    "oxidation_state": 3.0,
    "possible_species": [
        "Fe3+",
        "O2-",
        "Cr3+",
        "Dy3+"
    ],
    "density": 7.64699003914235,
    "quadrupole moment": [
        [
            -16.76571610415552,
            0.14712915366164525,
            -0.8570534534400136
        ],
        [
            0.14712915366164525,
            -16.420899627680537,
            0.07976069020696641
        ],
        [
            -0.8570534534400136,
            0.07976069020696641,
            -16.18651891514257
        ]
    ],
    "quadrupole moment normalized": [
        [
            -0.12258479231444941,
            0.0031642257209813125,
            -0.005873904280142338
        ],
        [
            0.0031642257209813125,
            -0.12179808055601117,
            0.000473039137700324
        ],
        [
            -0.005873904280142338,
            0.000473039137700324,
            -0.12021115684367956
        ]
    ]
}