{
    "MP-ID": "mp-1226213",
    "Material": "CrFe3B2",
    "steinhart_vector": [
        [
            0.0029263214403317025,
            0.0006311865900590295,
            0.001131472518508862,
            0.0010081365751694366,
            0.0006962769388304984,
            0.000968694972514309,
            0.0012019777289282785,
            0.0017791515975351278,
            0.0009385546651090076,
            0.0009701361580946435,
            0.0011927324815905532
        ],
        "CrFe3B2"
    ],
    "steinhart_parameter_sum": 0.01344464166667145,
    "band_gap": 0.0,
    "oxidation_state": 2.0,
    "possible_species": [
        "Cr2+",
        "Fe2+",
        "Fe+",
        "B3-"
    ],
    "density": 7.375771903987954,
    "quadrupole moment": [
        [
            9.513278498877991,
            -16.30000367158496,
            2.3309141399206967
        ],
        [
            -16.30000367158496,
            34.19948917725259,
            -4.6888815259689025
        ],
        [
            2.3309141399206967,
            -4.6888815259689025,
            48.230810045354914
        ]
    ],
    "quadrupole moment normalized": [
        [
            -0.2581015018746768,
            -0.10398762642627386,
            0.01384683068299255
        ],
        [
            -0.10398762642627386,
            -0.10061316599561523,
            -0.027854371579003074
        ],
        [
            0.01384683068299255,
            -0.027854371579003074,
            -0.013701935190014006
        ]
    ]
}