{
    "MP-ID": "mp-1211656",
    "Material": "KCr(SO4)2",
    "steinhart_vector": [
        [
            0.007637776747220679,
            3.407320910185877e-06,
            0.0003934036362016865,
            1.4158717189000542e-05,
            0.005800280082411295,
            1.01347470436961e-05,
            0.0028219816774516754,
            2.0891557347183874e-05,
            0.005392395135380584,
            1.9446503147046674e-05,
            0.0033524394385281158
        ],
        "KCr(SO4)2"
    ],
    "steinhart_parameter_sum": 0.025466315562831146,
    "band_gap": 3.153899999999999,
    "oxidation_state": 3.0,
    "possible_species": [
        "K+",
        "O2-",
        "Cr3+",
        "S6+"
    ],
    "density": 2.799457860052204,
    "quadrupole moment": [
        [
            -15.351549783603339,
            -0.001006783264586808,
            0.0006954762407311854
        ],
        [
            -0.001006783264586808,
            -17.84894971086284,
            -0.004719446277929751
        ],
        [
            0.0006954762407311854,
            -0.004719446277929751,
            -15.345483147819653
        ]
    ],
    "quadrupole moment normalized": [
        [
            -0.11724932201441286,
            2.0845478888639052e-05,
            -2.8493865561726554e-05
        ],
        [
            2.0845478888639052e-05,
            -0.136326102146578,
            6.845436282504162e-06
        ],
        [
            -2.8493865561726554e-05,
            6.845436282504162e-06,
            -0.11720735722480692
        ]
    ]
}