{
    "MP-ID": "mp-1113631",
    "Material": "Rb3CrF6",
    "steinhart_vector": [
        [
            0.008301523757739734,
            1.3023093842081296e-18,
            8.036733164941772e-08,
            5.072230276930876e-18,
            0.00634039350076499,
            4.269813586362982e-18,
            0.0029350318726022715,
            7.449270176937303e-18,
            0.005961077911269875,
            7.156704451704841e-18,
            0.0034154574667593527
        ],
        "Rb3CrF6"
    ],
    "steinhart_parameter_sum": 0.026953564876467894,
    "band_gap": 4.3963,
    "oxidation_state": 3.0,
    "possible_species": [
        "F-",
        "Rb+",
        "Cr3+"
    ],
    "density": 3.827547137954742,
    "quadrupole moment": [
        [
            -7.316910756377796,
            4.9441111904080515e-05,
            5.662811039863769e-06
        ],
        [
            4.9441111904080515e-05,
            -7.316945719980689,
            -8.001870534846134e-06
        ],
        [
            5.662811039863769e-06,
            -8.001870534846134e-06,
            -7.316980690409519
        ]
    ],
    "quadrupole moment normalized": [
        [
            -0.06074208899788862,
            -4.104773486104593e-07,
            -4.695482918280758e-08
        ],
        [
            -4.104773486104593e-07,
            -0.060741798681118106,
            6.646574756893897e-08
        ],
        [
            -4.695482918280758e-08,
            6.646574756893897e-08,
            -0.06074150854611572
        ]
    ]
}