{
    "MP-ID": "mp-1518655",
    "Material": "SrEuCrInO6",
    "steinhart_vector": [
        [
            0.009390944475916208,
            7.138270522654411e-19,
            2.1442001760668277e-18,
            3.538710305335139e-18,
            0.007172452318002236,
            2.5042749363267486e-18,
            0.003320200260333349,
            4.422716897151583e-18,
            0.006743358606507611,
            6.1010221043709225e-18,
            0.003863672785723251
        ],
        "SrEuCrInO6"
    ],
    "steinhart_parameter_sum": 0.030490628446482676,
    "band_gap": 0.0,
    "oxidation_state": 5.0,
    "possible_species": [
        "O2-",
        "Sr2+",
        "In3+",
        "Cr5+",
        "Eu2+"
    ],
    "density": 6.424877196023573,
    "quadrupole moment": [
        [
            -14.593530208667344,
            -8.881784197001252e-16,
            -1.3851754071103236e-15
        ],
        [
            -8.881784197001252e-16,
            -14.59353020866735,
            -9.794669235005465e-16
        ],
        [
            -1.3851754071103236e-15,
            -9.794669235005465e-16,
            -14.593530208667353
        ]
    ],
    "quadrupole moment normalized": [
        [
            -0.13704703189720094,
            -1.3877787807814457e-17,
            -1.300810533757768e-17
        ],
        [
            -1.3877787807814457e-17,
            -0.13704703189720094,
            -9.1981194945901e-18
        ],
        [
            -1.300810533757768e-17,
            -9.1981194945901e-18,
            -0.13704703189720097
        ]
    ]
}