{
    "MP-ID": "mp-1014993",
    "Material": "CrN2",
    "steinhart_vector": [
        [
            0.007882936049939997,
            1.6247329267226968e-18,
            0.0002850902250197959,
            3.6931736017500925e-18,
            0.0060038195686280705,
            3.03512676200604e-18,
            0.002849872907971156,
            5.73840066021589e-18,
            0.005613531879024312,
            5.072969888661471e-18,
            0.003353165199369675
        ],
        "CrN2"
    ],
    "steinhart_parameter_sum": 0.025988415829953024,
    "band_gap": 0.0,
    "oxidation_state": 6.0,
    "possible_species": [
        "Cr6+",
        "N3-"
    ],
    "density": 4.92994029469809,
    "quadrupole moment": [
        [
            -25.542195736647447,
            -0.9237459601256008,
            -0.9237459601255975
        ],
        [
            -0.9237459601256008,
            -25.542195736647454,
            0.9237459601255922
        ],
        [
            -0.9237459601255975,
            0.9237459601255922,
            -25.54219573664746
        ]
    ],
    "quadrupole moment normalized": [
        [
            -0.20134749556704207,
            -0.007281830330060484,
            -0.0072818303300605305
        ],
        [
            -0.007281830330060484,
            -0.20134749556704185,
            0.007281830330060496
        ],
        [
            -0.0072818303300605305,
            0.007281830330060496,
            -0.201347495567042
        ]
    ]
}