{
    "MP-ID": "mp-1213944",
    "Material": "CrCuAsPb2O9",
    "steinhart_vector": [
        [
            0.015961911880713033,
            0.0007567308315918675,
            0.00048386272778660593,
            0.011887791431837158,
            0.008164482484101737,
            0.000850567246802754,
            0.010005372431112599,
            0.009774093086872503,
            0.0035986184019664376,
            0.008246350995069922,
            0.010336420525990863
        ],
        "CrCuAsPb2O9"
    ],
    "steinhart_parameter_sum": 0.08006620204384549,
    "band_gap": 0.6524000000000001,
    "oxidation_state": 6.0,
    "possible_species": [
        "Cr6+",
        "O2-",
        "Cu2+",
        "Pb2+",
        "As5+",
        "O-"
    ],
    "density": 6.078065344332684,
    "quadrupole moment": [
        [
            -7.816032916188804,
            0.08300629174698348,
            0.0216847185376583
        ],
        [
            0.08300629174698348,
            -7.0262290129369,
            0.025977816484300476
        ],
        [
            0.0216847185376583,
            0.025977816484300476,
            -7.578478970401974
        ]
    ],
    "quadrupole moment normalized": [
        [
            -0.11715385410751375,
            0.002654030166892191,
            0.001361038721405368
        ],
        [
            0.002654030166892191,
            -0.11911910785169764,
            0.0006936912793594398
        ],
        [
            0.001361038721405368,
            0.0006936912793594398,
            -0.12089446244521013
        ]
    ]
}