{
    "MP-ID": "mp-1039724",
    "Material": "RbMg30CrO32",
    "steinhart_vector": [
        [
            0.00695245191554295,
            2.2821899959434287e-18,
            0.00018718600248168103,
            1.984721486255668e-18,
            0.005311397387248035,
            2.547747967528386e-18,
            0.0024642914254053923,
            2.773276082061762e-18,
            0.004994048940734975,
            3.4509394005599177e-18,
            0.0028654985703273164
        ],
        "RbMg30CrO32"
    ],
    "steinhart_parameter_sum": 0.02277487424174036,
    "band_gap": 3.3449,
    "oxidation_state": 3.0,
    "possible_species": [
        "Mg2+",
        "O2-",
        "Rb+",
        "Cr3+"
    ],
    "density": 3.575180148541654,
    "quadrupole moment": [
        [
            -16.736972561173207,
            -3.633612985069589e-15,
            -1.0248439937228923e-15
        ],
        [
            -3.633612985069589e-15,
            -16.736972561173207,
            -1.0248439937228922e-15
        ],
        [
            -1.0248439937228923e-15,
            -1.0248439937228922e-15,
            -17.436745360811685
        ]
    ],
    "quadrupole moment normalized": [
        [
            -0.11949592393069003,
            -2.5942681047629515e-17,
            -7.317015037643759e-18
        ],
        [
            -2.5942681047629515e-17,
            -0.11949592393069003,
            -7.317015037643758e-18
        ],
        [
            -7.317015037643759e-18,
            -7.317015037643758e-18,
            -0.11470030436384714
        ]
    ]
}