{
    "MP-ID": "mp-1226254",
    "Material": "CrMoAs2",
    "steinhart_vector": [
        [
            0.0007312097968944853,
            7.798973434058194e-05,
            4.7544519057489675e-05,
            0.0002036105817744381,
            0.000450664819610962,
            0.0002931800338466538,
            0.00019302934197072005,
            0.00032188856120216123,
            0.0002824779476482359,
            0.0003762805523655261,
            0.00018943615545779065
        ],
        "CrMoAs2"
    ],
    "steinhart_parameter_sum": 0.003167312044169045,
    "band_gap": 0.0,
    "oxidation_state": 3.0,
    "possible_species": [
        "As3-",
        "Cr3+",
        "Mo3+"
    ],
    "density": 7.725809177620798,
    "quadrupole moment": [
        [
            -34.811152964787,
            -5.9277464935866555e-15,
            -4.3935450905515225e-15
        ],
        [
            -5.9277464935866555e-15,
            -41.075875167938904,
            0.7963230683988938
        ],
        [
            -4.3935450905515225e-15,
            0.7963230683988938,
            -40.398475230586946
        ]
    ],
    "quadrupole moment normalized": [
        [
            -0.025138772711875063,
            3.9620126985407894e-18,
            -7.74330750666527e-18
        ],
        [
            3.9620126985407894e-18,
            -0.030790128830591706,
            3.9950337998228766e-05
        ],
        [
            -7.74330750666527e-18,
            3.9950337998228766e-05,
            -0.028699949587888705
        ]
    ]
}