{
    "MP-ID": "mp-1177699",
    "Material": "Li3Mn3CrO8",
    "steinhart_vector": [
        [
            0.007573730617010057,
            1.5230573310660374e-18,
            0.0009901464703672075,
            2.5704870771548603e-18,
            0.005574826340400153,
            2.7888460909577104e-18,
            0.003349494336158004,
            4.219796196737393e-18,
            0.004876041829045606,
            4.7942276401472295e-18,
            0.004154753804384107
        ],
        "Li3Mn3CrO8"
    ],
    "steinhart_parameter_sum": 0.026518993397365152,
    "band_gap": 0.0,
    "oxidation_state": 3.0,
    "possible_species": [
        "O2-",
        "Cr3+",
        "Mn3+",
        "Mn4+",
        "Li+"
    ],
    "density": 4.040893934967265,
    "quadrupole moment": [
        [
            -16.835620535707914,
            1.2625381095704795,
            -2.387473314682614
        ],
        [
            1.2625381095704795,
            -17.70869916267091,
            -1.7006585563086243
        ],
        [
            -2.387473314682614,
            -1.7006585563086243,
            -14.210816376169202
        ]
    ],
    "quadrupole moment normalized": [
        [
            -0.12873448671810267,
            0.007584674894191908,
            -0.018262812436134458
        ],
        [
            0.007584674894191908,
            -0.13397949080343252,
            -0.013009070317462585
        ],
        [
            -0.018262812436134458,
            -0.013009070317462585,
            -0.10649998540747016
        ]
    ]
}