{
    "MP-ID": "mp-1227753",
    "Material": "Ca4CrFe3O10",
    "steinhart_vector": [
        [
            0.007324527534541233,
            1.1341819394963614e-18,
            0.0005479418044265257,
            2.4436598446912138e-18,
            0.005570314855057721,
            1.6876688778638793e-18,
            0.0027266546654837,
            3.9719767028376915e-18,
            0.0051840476737611794,
            2.8873134426502128e-18,
            0.0032249318899044803
        ],
        "Ca4CrFe3O10"
    ],
    "steinhart_parameter_sum": 0.024578418423174854,
    "band_gap": 1.7498,
    "oxidation_state": 3.0,
    "possible_species": [
        "Ca2+",
        "Fe3+",
        "Cr3+",
        "O2-"
    ],
    "density": 3.88164973819709,
    "quadrupole moment": [
        [
            -15.288239206872262,
            0.6397309784659029,
            -0.9249987531406099
        ],
        [
            0.6397309784659029,
            -17.47646952010359,
            0.3917072978270615
        ],
        [
            -0.9249987531406099,
            0.3917072978270615,
            -16.929100377368293
        ]
    ],
    "quadrupole moment normalized": [
        [
            -0.11816620049441351,
            0.004913724717835749,
            -0.0053827393448381815
        ],
        [
            0.004913724717835749,
            -0.12885738702168792,
            -0.006549677916346652
        ],
        [
            -0.0053827393448381815,
            -0.006549677916346652,
            -0.11578786575080394
        ]
    ]
}