{
    "MP-ID": "mp-1239127",
    "Material": "HfCrCuS4",
    "steinhart_vector": [
        [
            0.0019480505232207712,
            0.0002665102212548346,
            0.00043778318060256694,
            0.0008392683363966331,
            0.001084478031799362,
            0.0009844342337431823,
            0.000722762467557776,
            0.0007122993247661873,
            0.0009354594778961061,
            0.0011060685460273687,
            0.0006556060589092589
        ],
        "HfCrCuS4"
    ],
    "steinhart_parameter_sum": 0.009692720402174046,
    "band_gap": 0.0,
    "oxidation_state": 3.0,
    "possible_species": [
        "Cu+",
        "Cr3+",
        "Hf4+",
        "S2-"
    ],
    "density": 5.138000185483606,
    "quadrupole moment": [
        [
            -14.842199208669726,
            -3.9968028886505635e-15,
            -8.881784197001252e-16
        ],
        [
            -3.9968028886505635e-15,
            -17.685212795602883,
            1.5011238410198509
        ],
        [
            -8.881784197001252e-16,
            1.5011238410198509,
            -24.470452467244115
        ]
    ],
    "quadrupole moment normalized": [
        [
            -0.02534021351419598,
            -7.806255641895632e-18,
            -1.734723475976807e-18
        ],
        [
            -7.806255641895632e-18,
            -0.038636633306693674,
            0.006576328500903092
        ],
        [
            -1.734723475976807e-18,
            0.006576328500903092,
            -0.04613083549884016
        ]
    ]
}