{
    "MP-ID": "mp-1232521",
    "Material": "YCr(BO3)2",
    "steinhart_vector": [
        [
            0.007292011618182393,
            7.509513632713574e-07,
            0.00019423983543251746,
            3.902181866259854e-06,
            0.005560896935017089,
            3.731206740004942e-06,
            0.0026098622372462766,
            6.312999180497318e-06,
            0.005212567932857014,
            6.968380996140841e-06,
            0.003055982566593447
        ],
        "YCr(BO3)2"
    ],
    "steinhart_parameter_sum": 0.023947226845474907,
    "band_gap": 3.2276,
    "oxidation_state": 3.0,
    "possible_species": [
        "Y3+",
        "Cr3+",
        "O2-",
        "B3+"
    ],
    "density": 4.059818370722255,
    "quadrupole moment": [
        [
            -16.138033593230844,
            0.009695761075978915,
            -0.15011724959867667
        ],
        [
            0.009695761075978915,
            -16.124953992468438,
            0.08510847556562195
        ],
        [
            -0.15011724959867667,
            0.08510847556562195,
            -17.420561525294193
        ]
    ],
    "quadrupole moment normalized": [
        [
            -0.11767432716494829,
            8.74533382672106e-05,
            -0.001087532973534644
        ],
        [
            8.74533382672106e-05,
            -0.11758886389451842,
            0.0006398142539637969
        ],
        [
            -0.001087532973534644,
            0.0006398142539637969,
            -0.12702978710771506
        ]
    ]
}