{
    "MP-ID": "mp-1337174",
    "Material": "CrAsO5",
    "steinhart_vector": [
        [
            0.011169687032952088,
            0.0021681459524158114,
            0.0016760524526889984,
            0.006672795842997332,
            0.00663713247895463,
            0.00414365210036936,
            0.004903289264519424,
            0.006277722830536327,
            0.005222626261943862,
            0.005214409042706243,
            0.005895896042430666
        ],
        "CrAsO5"
    ],
    "steinhart_parameter_sum": 0.05998140930251475,
    "band_gap": 0.642899999999999,
    "oxidation_state": 5.0,
    "possible_species": [
        "Cr5+",
        "O2-",
        "As5+"
    ],
    "density": 3.82248481032835,
    "quadrupole moment": [
        [
            -13.446852502270474,
            2.6293663189432115,
            -3.5725775023792616
        ],
        [
            2.6293663189432115,
            -11.024045968832286,
            -1.146193937299675
        ],
        [
            -3.5725775023792616,
            -1.146193937299675,
            -11.024827466904863
        ]
    ],
    "quadrupole moment normalized": [
        [
            -0.12384979326454303,
            -0.0013397490478307787,
            0.0034864487561387346
        ],
        [
            -0.0013397490478307787,
            -0.12696264224272008,
            -0.007322419853013346
        ],
        [
            0.0034864487561387346,
            -0.007322419853013346,
            -0.1150480262036853
        ]
    ]
}