{
    "MP-ID": "mp-17021",
    "Material": "TlCrP2O7",
    "steinhart_vector": [
        [
            0.00756836628105589,
            0.0002837890001944469,
            0.00018765967647288396,
            0.0005077405952363345,
            0.005711502349224692,
            0.0008609610254397614,
            0.0026213232928207673,
            0.0010714527345533568,
            0.005205602988159926,
            0.0014411277944444102,
            0.0029336301167685935
        ],
        "TlCrP2O7"
    ],
    "steinhart_parameter_sum": 0.028393155854371067,
    "band_gap": 2.8078000000000003,
    "oxidation_state": 3.0,
    "possible_species": [
        "O2-",
        "Cr3+",
        "P5+",
        "Tl+"
    ],
    "density": 4.632611937658981,
    "quadrupole moment": [
        [
            -16.563696535629383,
            -0.06023946449566919,
            -0.3374949615908034
        ],
        [
            -0.06023946449566919,
            -16.146819199570107,
            -0.243293378963378
        ],
        [
            -0.3374949615908034,
            -0.243293378963378,
            -16.092740009984464
        ]
    ],
    "quadrupole moment normalized": [
        [
            -0.1235588016372815,
            0.0009219565117600421,
            -0.0017266075713684003
        ],
        [
            0.0009219565117600421,
            -0.11986991936395386,
            0.0007468890970304363
        ],
        [
            -0.0017266075713684003,
            0.0007468890970304363,
            -0.12557637949328188
        ]
    ]
}