{
    "MP-ID": "mp-1214694",
    "Material": "CrAsO6",
    "steinhart_vector": [
        [
            0.01112284980641043,
            0.0014122761767731183,
            0.0014837721474540127,
            0.004247533074906249,
            0.007693707060712064,
            0.002639080233586639,
            0.00412796510211069,
            0.005311844689868797,
            0.005821732602799625,
            0.0037810485847856842,
            0.005047959889423824
        ],
        "CrAsO6"
    ],
    "steinhart_parameter_sum": 0.05268976936883114,
    "band_gap": 0.19510000000000002,
    "oxidation_state": 6.0,
    "possible_species": [
        "Cr6+",
        "O2-",
        "O-",
        "As5+"
    ],
    "density": 3.235933672605111,
    "quadrupole moment": [
        [
            -13.815073448356559,
            0.6391788973255657,
            0.3301342315689384
        ],
        [
            0.6391788973255657,
            -14.251232669302741,
            0.8553992996012798
        ],
        [
            0.3301342315689384,
            0.8553992996012798,
            -14.71052851508699
        ]
    ],
    "quadrupole moment normalized": [
        [
            -0.13863041057001335,
            -0.007739088506671809,
            -0.000685079580603376
        ],
        [
            -0.007739088506671809,
            -0.13488593706287913,
            0.000104048696131483
        ],
        [
            -0.000685079580603376,
            0.000104048696131483,
            -0.16456034595301233
        ]
    ]
}