{
    "MP-ID": "mp-1047859",
    "Material": "BaMgCrF7",
    "steinhart_vector": [
        [
            0.007618360096682515,
            0.00028426685436263455,
            0.0001752491096467099,
            0.0007401516491533343,
            0.005701842902862886,
            0.001012735267950518,
            0.002619719105920197,
            0.0014267348964874247,
            0.005105324424605454,
            0.0016336235097658156,
            0.0029390355818416382
        ],
        "BaMgCrF7"
    ],
    "steinhart_parameter_sum": 0.029257043399279127,
    "band_gap": 4.165,
    "oxidation_state": 3.0,
    "possible_species": [
        "Mg2+",
        "Cr3+",
        "F-",
        "Ba2+"
    ],
    "density": 4.232392369650538,
    "quadrupole moment": [
        [
            -7.726192267509225,
            0.054850088887538506,
            0.2074291791289602
        ],
        [
            0.054850088887538506,
            -7.578919713683278,
            0.16729298332912323
        ],
        [
            0.2074291791289602,
            0.16729298332912323,
            -7.6284869680524405
        ]
    ],
    "quadrupole moment normalized": [
        [
            -0.05823028373924034,
            0.0005212976289758336,
            0.0009139790571495452
        ],
        [
            0.0005212976289758336,
            -0.05737053359790867,
            0.0016544122856050865
        ],
        [
            0.0009139790571495452,
            0.0016544122856050865,
            -0.058915022769918994
        ]
    ]
}