{
    "MP-ID": "mp-1079966",
    "Material": "CrNiP",
    "steinhart_vector": [
        [
            0.0011387819495694027,
            8.907850238746188e-05,
            9.31009763620097e-05,
            0.00029531674200458533,
            0.0004844142987103791,
            0.00014320093690168943,
            0.00018748048665667398,
            0.0006126275586960242,
            0.0003918120236651006,
            0.0003895989243328148,
            0.00028805795820870025
        ],
        "CrNiP"
    ],
    "steinhart_parameter_sum": 0.004113470357494842,
    "band_gap": 0.0,
    "oxidation_state": 2.0,
    "possible_species": [
        "Ni+",
        "P3-",
        "Cr2+"
    ],
    "density": 6.559261251984459,
    "quadrupole moment": [
        [
            -21.937491646286645,
            -11.362026382089264,
            -2.1094237467877974e-15
        ],
        [
            -11.362026382089264,
            -8.82201527953346,
            -3.1086244689504383e-15
        ],
        [
            -2.1094237467877974e-15,
            -3.1086244689504383e-15,
            -18.43174563291605
        ]
    ],
    "quadrupole moment normalized": [
        [
            -0.04772404461892103,
            -0.010942448787826867,
            2.710505431213761e-19
        ],
        [
            -0.010942448787826867,
            -0.03508932804491717,
            -4.336808689942018e-19
        ],
        [
            2.710505431213761e-19,
            -4.336808689942018e-19,
            -0.048757294662112684
        ]
    ]
}