{
    "MP-ID": "mp-1033378",
    "Material": "Mg6CrBiO8",
    "steinhart_vector": [
        [
            0.004332284032351379,
            2.392810788061624e-19,
            0.0006080815262937122,
            4.75626100504411e-19,
            0.003332036542815139,
            5.650909688240675e-19,
            0.0016338997420016538,
            7.884966301542422e-19,
            0.0031395393281228186,
            9.797400782911536e-19,
            0.0018665915373170536
        ],
        "Mg6CrBiO8"
    ],
    "steinhart_parameter_sum": 0.014912432708901758,
    "band_gap": 0.4353,
    "oxidation_state": 3.0,
    "possible_species": [
        "Mg2+",
        "O2-",
        "Cr3+",
        "Bi+"
    ],
    "density": 4.8247935823160155,
    "quadrupole moment": [
        [
            -25.334237796464134,
            -3.2355984891175615e-15,
            -1.5512746613138851e-15
        ],
        [
            -3.2355984891175615e-15,
            -20.120346478349646,
            -1.2320158956223306e-15
        ],
        [
            -1.5512746613138851e-15,
            -1.2320158956223306e-15,
            -20.120346478349646
        ]
    ],
    "quadrupole moment normalized": [
        [
            -0.07894454990389083,
            -1.5985039337240496e-17,
            -4.8339595174964214e-18
        ],
        [
            -1.5985039337240496e-17,
            -0.09940186676964465,
            -6.086608898435848e-18
        ],
        [
            -4.8339595174964214e-18,
            -6.086608898435848e-18,
            -0.09940186676964465
        ]
    ]
}