{
    "MP-ID": "mp-1036879",
    "Material": "Mg30CrNiO32",
    "steinhart_vector": [
        [
            0.005635337752204261,
            8.951152281485033e-19,
            0.00025080714936489445,
            9.337613649259198e-19,
            0.004307104036751307,
            1.338422155687167e-18,
            0.0020061580559812076,
            9.975260782163597e-19,
            0.004050331917722458,
            1.6068154034392782e-18,
            0.0023297629869512126
        ],
        "Mg30CrNiO32"
    ],
    "steinhart_parameter_sum": 0.018579501898975347,
    "band_gap": 1.637399999999999,
    "oxidation_state": 2.0,
    "possible_species": [
        "Mg2+",
        "Cr2+",
        "O2-",
        "Ni2+"
    ],
    "density": 3.644520278869491,
    "quadrupole moment": [
        [
            -19.272633959398465,
            -3.0992759189035785e-15,
            0.0
        ],
        [
            -3.0992759189035785e-15,
            -19.272633959398465,
            0.0
        ],
        [
            0.0,
            0.0,
            -18.05255317002401
        ]
    ],
    "quadrupole moment normalized": [
        [
            -0.10377408735170228,
            -1.668814603197942e-17,
            0.0
        ],
        [
            -1.668814603197942e-17,
            -0.10377408735170228,
            0.0
        ],
        [
            0.0,
            0.0,
            -0.11078765320137483
        ]
    ]
}