{
    "MP-ID": "mp-1407236",
    "Material": "CrS2",
    "steinhart_vector": [
        [
            0.002033900970288952,
            5.230200348035401e-19,
            6.26526459809376e-05,
            1.351512890945041e-18,
            0.0015502591676790128,
            1.0200015944387787e-18,
            0.0007309026714615316,
            2.044540537152917e-18,
            0.001451684342438244,
            1.868111498014171e-18,
            0.0008575321461188642
        ],
        "CrS2"
    ],
    "steinhart_parameter_sum": 0.00668693194396755,
    "band_gap": 0.0,
    "oxidation_state": 4.0,
    "possible_species": [
        "S2-",
        "Cr4+"
    ],
    "density": 3.531709213099511,
    "quadrupole moment": [
        [
            -21.945864045460162,
            -0.32198708691263445,
            -0.7887040667011296
        ],
        [
            -0.32198708691263445,
            -21.71818479284974,
            -0.5576979939137754
        ],
        [
            -0.7887040667011296,
            -0.5576979939137754,
            -22.856581055901838
        ]
    ],
    "quadrupole moment normalized": [
        [
            -0.04463571417589083,
            -0.0006548898484920965,
            -0.0016041459665342688
        ],
        [
            -0.0006548898484920965,
            -0.04417263712309186,
            -0.001134302490949429
        ],
        [
            -0.0016041459665342688,
            -0.001134302490949429,
            -0.04648802238708684
        ]
    ]
}