{
    "MP-ID": "mp-18725",
    "Material": "YCrO3",
    "steinhart_vector": [
        [
            0.007949825958812716,
            7.167186694650157e-08,
            0.00020775114722406345,
            2.086997113448339e-07,
            0.006064962301321883,
            1.2589513174075567e-07,
            0.0028387209648273893,
            3.003657363296163e-07,
            0.005689087017261705,
            2.298666061891983e-07,
            0.003318843158404018
        ],
        "YCrO3"
    ],
    "steinhart_parameter_sum": 0.026070127046904326,
    "band_gap": 2.4831,
    "oxidation_state": 3.0,
    "possible_species": [
        "Y3+",
        "Cr3+",
        "O2-"
    ],
    "density": 5.719311184536888,
    "quadrupole moment": [
        [
            -15.760852817497028,
            -0.18055265877547066,
            0.10251793091820283
        ],
        [
            -0.18055265877547066,
            -16.183781636810586,
            -0.5569242146827165
        ],
        [
            0.10251793091820283,
            -0.5569242146827165,
            -15.64382724627035
        ]
    ],
    "quadrupole moment normalized": [
        [
            -0.12473603204135586,
            -0.0005759568952434825,
            -0.00019658484850588846
        ],
        [
            -0.0005759568952434825,
            -0.12689938030061246,
            -0.005084364885259823
        ],
        [
            -0.00019658484850588846,
            -0.005084364885259823,
            -0.12663320317607227
        ]
    ]
}