{
    "MP-ID": "mp-1246030",
    "Material": "Mn10CrN9",
    "steinhart_vector": [
        [
            0.011654487949543808,
            0.0023864013164291405,
            0.005641290636427364,
            0.008720388267579036,
            0.0056180669871222525,
            0.006412631811731224,
            0.007388275717799049,
            0.006262829566113959,
            0.007116688500412607,
            0.0066342947525402296,
            0.006303028237490117
        ],
        "Mn10CrN9"
    ],
    "steinhart_parameter_sum": 0.07413838374318879,
    "band_gap": 0.0,
    "oxidation_state": 3.0,
    "possible_species": [
        "N3-",
        "Cr3+",
        "Mn2+",
        "Mn3+"
    ],
    "density": 6.297377881601945,
    "quadrupole moment": [
        [
            -12.923853238376495,
            0.45758823089454825,
            1.0421782642147743
        ],
        [
            0.45758823089454825,
            -1.3153806568424478,
            0.767068641358283
        ],
        [
            1.0421782642147743,
            0.767068641358283,
            -17.36249462956977
        ]
    ],
    "quadrupole moment normalized": [
        [
            -0.1427010487043625,
            0.003878693333379764,
            0.019413152474884114
        ],
        [
            0.003878693333379764,
            -0.015193846138689638,
            0.004371159988891043
        ],
        [
            0.019413152474884114,
            0.004371159988891043,
            -0.20897931817301707
        ]
    ]
}