{
    "MP-ID": "mp-1210432",
    "Material": "Na2MgCrF7",
    "steinhart_vector": [
        [
            0.007725879936660734,
            1.4691184973304646e-18,
            0.0006325342251642719,
            1.287891796026318e-18,
            0.005823265719282975,
            3.038529373060363e-18,
            0.0030130751848789633,
            3.3615311851290033e-18,
            0.00533305856116005,
            5.024826371812321e-18,
            0.0036460440472997164
        ],
        "Na2MgCrF7"
    ],
    "steinhart_parameter_sum": 0.026173857674446722,
    "band_gap": 4.2549,
    "oxidation_state": 3.0,
    "possible_species": [
        "Mg2+",
        "Na+",
        "Cr3+",
        "F-"
    ],
    "density": 2.982092628129605,
    "quadrupole moment": [
        [
            -6.56676376858632,
            0.5392630401804258,
            0.04127584475958157
        ],
        [
            0.5392630401804258,
            -7.9904301851788535,
            0.04477389545147237
        ],
        [
            0.04127584475958157,
            0.04477389545147237,
            -8.205216156286266
        ]
    ],
    "quadrupole moment normalized": [
        [
            -0.05065022715628403,
            0.003650918316326809,
            0.002048811889667483
        ],
        [
            0.003650918316326809,
            -0.06279187216695882,
            -0.000514724436803636
        ],
        [
            0.002048811889667483,
            -0.000514724436803636,
            -0.06233014947927547
        ]
    ]
}