{
    "MP-ID": "mp-1038660",
    "Material": "Mg30NbCrO32",
    "steinhart_vector": [
        [
            0.005795954274975074,
            1.706479668444785e-19,
            0.000765422981095443,
            4.740419345395164e-19,
            0.004454220502354649,
            5.453496138127657e-19,
            0.0021706621206882097,
            9.084913446877907e-19,
            0.004195857106905648,
            1.0628969139978457e-18,
            0.002484558490970519
        ],
        "Mg30NbCrO32"
    ],
    "steinhart_parameter_sum": 0.019866675476989545,
    "band_gap": 0.345600000000001,
    "oxidation_state": 2.0,
    "possible_species": [
        "Mg2+",
        "Cr2+",
        "O2-",
        "Nb2+"
    ],
    "density": 3.6608635935167833,
    "quadrupole moment": [
        [
            -19.939215644771643,
            -3.206470429514402e-15,
            0.0
        ],
        [
            -3.206470429514402e-15,
            -19.939215644771643,
            0.0
        ],
        [
            0.0,
            0.0,
            -16.521817568287464
        ]
    ],
    "quadrupole moment normalized": [
        [
            -0.1003048482764381,
            -1.6130249838571862e-17,
            0.0
        ],
        [
            -1.6130249838571862e-17,
            -0.1003048482764381,
            0.0
        ],
        [
            0.0,
            0.0,
            -0.12105205687774133
        ]
    ]
}