{
    "MP-ID": "mp-1191933",
    "Material": "PrCrB4",
    "steinhart_vector": [
        [
            0.0062763348235189646,
            0.00020500127394572373,
            0.0022722058382900322,
            0.00016818506697203545,
            0.0019070942535486118,
            0.0004922535551188065,
            0.002032890665847942,
            0.002190838308753179,
            0.0009027661199507394,
            0.0033313830410261415,
            0.0018149432762370476
        ],
        "PrCrB4"
    ],
    "steinhart_parameter_sum": 0.021593896223209223,
    "band_gap": 0.337099999999999,
    "oxidation_state": 3.0,
    "possible_species": [
        "Pr4+",
        "Cr3+",
        "B-",
        "B2-"
    ],
    "density": 6.190646940002495,
    "quadrupole moment": [
        [
            -31.87574602884,
            -1.2164429496500926e-15,
            -9.598399844306312e-16
        ],
        [
            -1.2164429496500926e-15,
            -5.0907150681502324,
            8.085619314037656
        ],
        [
            -9.598399844306312e-16,
            8.085619314037656,
            -1.4083018543189834
        ]
    ],
    "quadrupole moment normalized": [
        [
            -0.2154495225124134,
            2.5741188125701854e-17,
            -6.846674033559394e-18
        ],
        [
            2.5741188125701854e-17,
            -0.06712141352145899,
            0.011852991220483129
        ],
        [
            -6.846674033559394e-18,
            0.011852991220483129,
            -0.06164132071955544
        ]
    ]
}