{
    "MP-ID": "mp-1229299",
    "Material": "BaLaCrMoO6",
    "steinhart_vector": [
        [
            0.007880248387485847,
            1.1553890207253895e-18,
            1.5196409889692291e-18,
            3.2177347648456988e-18,
            0.006018639121784596,
            2.0341419688005186e-18,
            0.0027860885361127986,
            5.4941583630232716e-18,
            0.0056585725665240895,
            3.74075768706405e-18,
            0.0032421340917893286
        ],
        "BaLaCrMoO6"
    ],
    "steinhart_parameter_sum": 0.025585682703696676,
    "band_gap": 0.0,
    "oxidation_state": 3.0,
    "possible_species": [
        "O2-",
        "Cr3+",
        "Mo4+",
        "Ba2+",
        "La3+"
    ],
    "density": 6.507941798561474,
    "quadrupole moment": [
        [
            -15.931073615194407,
            0.0,
            -1.3322676295501878e-15
        ],
        [
            0.0,
            -15.931073615194403,
            -1.3322676295501878e-15
        ],
        [
            -1.3322676295501878e-15,
            -1.3322676295501878e-15,
            -15.93107361519441
        ]
    ],
    "quadrupole moment normalized": [
        [
            -0.12554081716705406,
            -1.9081958235744878e-17,
            -3.469446951953614e-18
        ],
        [
            -1.9081958235744878e-17,
            -0.125540817167054,
            -2.42861286636753e-17
        ],
        [
            -3.469446951953614e-18,
            -2.42861286636753e-17,
            -0.12554081716705406
        ]
    ]
}