{
    "MP-ID": "mp-1044938",
    "Material": "LaMgCrWO6",
    "steinhart_vector": [
        [
            0.007206619197308667,
            0.0003733443920748973,
            0.0002519763883138492,
            0.0006376637672995462,
            0.005407792874922272,
            0.000969067207851425,
            0.0024809668232415355,
            0.001297624041046411,
            0.004854551887895015,
            0.0015725976144083862,
            0.0027365737061666646
        ],
        "LaMgCrWO6"
    ],
    "steinhart_parameter_sum": 0.027788777900528673,
    "band_gap": 0.0,
    "oxidation_state": 3.0,
    "possible_species": [
        "Mg2+",
        "O2-",
        "Cr3+",
        "La3+",
        "W4+"
    ],
    "density": 6.8173616152601,
    "quadrupole moment": [
        [
            -16.35563216358205,
            0.18692013064131663,
            -0.40716289859173566
        ],
        [
            0.18692013064131663,
            -16.846822146432462,
            0.1162112886837976
        ],
        [
            -0.40716289859173566,
            0.1162112886837976,
            -16.878221010764037
        ]
    ],
    "quadrupole moment normalized": [
        [
            -0.12150551338739894,
            0.002713312810485149,
            -0.00010603754235118503
        ],
        [
            0.002713312810485149,
            -0.11732237260407186,
            -0.002879318357513993
        ],
        [
            -0.00010603754235118503,
            -0.002879318357513993,
            -0.12108824090565284
        ]
    ]
}