{
    "MP-ID": "mp-1009079",
    "Material": "CrTe",
    "steinhart_vector": [
        [
            0.0002872434290187226,
            8.007076315758577e-21,
            2.8096167901398544e-20,
            4.18409415250031e-20,
            0.00021938579272616181,
            5.799165883589122e-20,
            0.0001015558882552077,
            9.343343397083094e-20,
            0.00020626098410055638,
            1.171407988530825e-19,
            0.00011817923345449129
        ],
        "CrTe"
    ],
    "steinhart_parameter_sum": 0.00093262532755514,
    "band_gap": 0.0,
    "oxidation_state": 2.0,
    "possible_species": [
        "Cr2+",
        "Te2-"
    ],
    "density": 6.37097775568267,
    "quadrupole moment": [
        [
            -32.72904010222111,
            0.0,
            -3.552713678800501e-15
        ],
        [
            0.0,
            -32.729040102221106,
            -3.552713678800501e-15
        ],
        [
            -3.552713678800501e-15,
            -3.552713678800501e-15,
            -32.72904010222111
        ]
    ],
    "quadrupole moment normalized": [
        [
            -0.009401201707453274,
            0.0,
            -1.3010426069826053e-18
        ],
        [
            0.0,
            -0.009401201707453273,
            -8.673617379884035e-19
        ],
        [
            -1.3010426069826053e-18,
            -8.673617379884035e-19,
            -0.009401201707453274
        ]
    ]
}