{
    "MP-ID": "mp-1228892",
    "Material": "CsCrCuF6",
    "steinhart_vector": [
        [
            0.007696834610930071,
            2.0003379697386763e-18,
            0.0004056645477428938,
            2.3021582735991668e-18,
            0.005851353149610143,
            3.2371210666110632e-18,
            0.002830445273915599,
            3.6402334441227256e-18,
            0.00544960028709487,
            5.635574290540905e-18,
            0.0033514801262970267
        ],
        "CsCrCuF6"
    ],
    "steinhart_parameter_sum": 0.025585377995590623,
    "band_gap": 0.0,
    "oxidation_state": 3.0,
    "possible_species": [
        "F-",
        "Cr3+",
        "Cs+",
        "Cu2+"
    ],
    "density": 4.166151717380228,
    "quadrupole moment": [
        [
            -7.905036699505464,
            -0.22425445809404954,
            0.34431872353116955
        ],
        [
            -0.22425445809404954,
            -7.749063886263281,
            -0.29737889753253915
        ],
        [
            0.34431872353116955,
            -0.29737889753253915,
            -7.15193545242266
        ]
    ],
    "quadrupole moment normalized": [
        [
            -0.05847895262105519,
            -0.0010150845182567156,
            0.0036186443055434463
        ],
        [
            -0.0010150845182567156,
            -0.06086578888800415,
            -0.0021605775966530606
        ],
        [
            0.0036186443055434463,
            -0.0021605775966530606,
            -0.05609497151153098
        ]
    ]
}