{
    "MP-ID": "mp-1221907",
    "Material": "Mn3CrTe4",
    "steinhart_vector": [
        [
            0.00033039302441324194,
            3.4323189783982327e-20,
            9.039867165414116e-05,
            6.262371219809152e-20,
            0.00015424042786130093,
            4.335893240219152e-20,
            0.0001878908253768253,
            9.63659393779019e-20,
            0.00018307236946724735,
            1.0976495172752126e-19,
            0.00011419302759655206
        ],
        "Mn3CrTe4"
    ],
    "steinhart_parameter_sum": 0.0010601883463693092,
    "band_gap": 0.0,
    "oxidation_state": 2.0,
    "possible_species": [
        "Cr2+",
        "Mn2+",
        "Te2-"
    ],
    "density": 6.503355600272738,
    "quadrupole moment": [
        [
            -35.553481577616786,
            -7.390457819944629e-06,
            -2.6645352591003757e-15
        ],
        [
            -7.390457819944629e-06,
            -35.553490111378316,
            -3.1086244689504383e-15
        ],
        [
            -2.6645352591003757e-15,
            -3.1086244689504383e-15,
            11.65401922244168
        ]
    ],
    "quadrupole moment normalized": [
        [
            -0.010385468694018333,
            -5.822201089300538e-10,
            1.916167729262147e-09
        ],
        [
            -5.822201089300538e-10,
            -0.010385469366307886,
            -1.1063002202695016e-09
        ],
        [
            1.916167729262147e-09,
            -1.1063002202695016e-09,
            0.009210204887937697
        ]
    ]
}