{
    "MP-ID": "mp-1095708",
    "Material": "Mg30CrSnO32",
    "steinhart_vector": [
        [
            0.00555016502249554,
            1.7124413966495927e-18,
            0.0005125997783635045,
            1.4200190024475152e-18,
            0.004251902663342045,
            1.8765440711276744e-18,
            0.0020200136604235234,
            2.190676952616726e-18,
            0.004001344428663389,
            2.8180459083222204e-18,
            0.0023307844360059135
        ],
        "Mg30CrSnO32"
    ],
    "steinhart_parameter_sum": 0.018666809989293924,
    "band_gap": 1.9386,
    "oxidation_state": 2.0,
    "possible_species": [
        "Mg2+",
        "Cr2+",
        "O2-",
        "Sn2+"
    ],
    "density": 3.6720907664230342,
    "quadrupole moment": [
        [
            -18.162667712821126,
            -3.785210495225399e-15,
            -1.1121426439241687e-15
        ],
        [
            -3.785210495225399e-15,
            -18.162667712821126,
            -1.1121426439241685e-15
        ],
        [
            -1.1121426439241687e-15,
            -1.1121426439241685e-15,
            -21.023613474046822
        ]
    ],
    "quadrupole moment normalized": [
        [
            -0.110115982498991,
            -2.29488409542948e-17,
            -6.742659275117766e-18
        ],
        [
            -2.29488409542948e-17,
            -0.110115982498991,
            -6.742659275117765e-18
        ],
        [
            -6.742659275117766e-18,
            -6.742659275117765e-18,
            -0.09513112493572788
        ]
    ]
}