{
    "MP-ID": "mp-1247002",
    "Material": "ZrCrAgS4",
    "steinhart_vector": [
        [
            0.0017831005084859959,
            8.472754339644952e-06,
            0.0001594583251366847,
            0.00018931566679309018,
            0.0013186876454042292,
            0.00018203240841004997,
            0.0006921401757706227,
            0.0003279444759411307,
            0.001154316649591122,
            0.0003175961306589858,
            0.0008114272654158479
        ],
        "ZrCrAgS4"
    ],
    "steinhart_parameter_sum": 0.006944492005947404,
    "band_gap": 0.0,
    "oxidation_state": 3.0,
    "possible_species": [
        "Ag+",
        "Zr4+",
        "Cr3+",
        "S2-"
    ],
    "density": 4.428346490885725,
    "quadrupole moment": [
        [
            -19.518236834629146,
            -1.7763568394002505e-15,
            -0.01627703216330101
        ],
        [
            -1.7763568394002505e-15,
            -25.982562505927998,
            -8.881784197001252e-16
        ],
        [
            -0.01627703216330101,
            -8.881784197001252e-16,
            -25.663989208040398
        ]
    ],
    "quadrupole moment normalized": [
        [
            -0.03471460990515736,
            1.734723475976807e-18,
            -0.00010064254482844946
        ],
        [
            1.734723475976807e-18,
            -0.04652335244438567,
            1.734723475976807e-18
        ],
        [
            -0.00010064254482844946,
            1.734723475976807e-18,
            -0.04537105096023196
        ]
    ]
}