{
    "MP-ID": "mp-1208641",
    "Material": "SmCrTeO6",
    "steinhart_vector": [
        [
            0.006341139926891011,
            1.3837809427945142e-18,
            0.0008442489433762761,
            2.098884096247582e-18,
            0.004659487608998775,
            2.2979865170703657e-18,
            0.002825048219469679,
            2.6279715655491857e-18,
            0.004061771071749019,
            3.3747339521485767e-18,
            0.0035073190337572935
        ],
        "SmCrTeO6"
    ],
    "steinhart_parameter_sum": 0.022239014804242063,
    "band_gap": 1.3412,
    "oxidation_state": 3.0,
    "possible_species": [
        "Te6+",
        "O2-",
        "Sm3+",
        "Cr3+"
    ],
    "density": 6.302725188661529,
    "quadrupole moment": [
        [
            -20.123998084945164,
            -1.9663645867140644e-07,
            -3.4374215594823454e-05
        ],
        [
            -1.9663645867140644e-07,
            -20.123998312001387,
            1.9845962848652476e-05
        ],
        [
            -3.4374215594823454e-05,
            1.9845962848652476e-05,
            -13.030576595763367
        ]
    ],
    "quadrupole moment normalized": [
        [
            -0.1276092886166049,
            -2.6775552753460774e-07,
            1.1149851764612195e-07
        ],
        [
            -2.6775552753460774e-07,
            -0.12760888831112768,
            -6.305856570243407e-08
        ],
        [
            1.1149851764612195e-07,
            -6.305856570243407e-08,
            -0.08262870952180663
        ]
    ]
}