{
    "MP-ID": "mp-1522756",
    "Material": "Ba2SrCrO6",
    "steinhart_vector": [
        [
            0.010542254081837687,
            3.8236286998314456e-19,
            1.977744948892283e-18,
            2.348404912974587e-18,
            0.008051779554246396,
            2.3003294212476162e-18,
            0.0037272496751294937,
            3.0779079170658947e-18,
            0.007570079876104727,
            4.9385720420512034e-18,
            0.004337350763880671
        ],
        "Ba2SrCrO6"
    ],
    "steinhart_parameter_sum": 0.03422871395119899,
    "band_gap": 0.6776,
    "oxidation_state": 6.0,
    "possible_species": [
        "Cr6+",
        "O2-",
        "Sr2+",
        "Ba2+"
    ],
    "density": 5.503371055924233,
    "quadrupole moment": [
        [
            -13.773625113265641,
            -8.881784197001252e-16,
            -2.6779690807783566e-15
        ],
        [
            -8.881784197001252e-16,
            -13.773625113265641,
            -1.8397330413161413e-15
        ],
        [
            -2.6779690807783566e-15,
            -1.8397330413161413e-15,
            -13.773625113265638
        ]
    ],
    "quadrupole moment normalized": [
        [
            -0.14520505557202676,
            3.469446951953614e-17,
            -2.806451442495952e-17
        ],
        [
            3.469446951953614e-17,
            -0.14520505557202676,
            -2.04398714496838e-17
        ],
        [
            -2.806451442495952e-17,
            -2.04398714496838e-17,
            -0.14520505557202676
        ]
    ]
}