{
    "MP-ID": "mp-1219598",
    "Material": "RbCrCoF6",
    "steinhart_vector": [
        [
            0.007644078659796787,
            1.9041808415857346e-18,
            0.0005368017622889676,
            3.3028444546733606e-18,
            0.005783273419029749,
            3.736373901711909e-18,
            0.0029078134728115546,
            5.229996754438163e-18,
            0.005335685460586856,
            5.377963402703049e-18,
            0.0034897663506993394
        ],
        "RbCrCoF6"
    ],
    "steinhart_parameter_sum": 0.025697419125213276,
    "band_gap": 2.1763,
    "oxidation_state": 3.0,
    "possible_species": [
        "F-",
        "Rb+",
        "Cr3+",
        "Co2+"
    ],
    "density": 3.603732141365901,
    "quadrupole moment": [
        [
            -7.989619429310499,
            -0.331055878049479,
            0.5358747503840635
        ],
        [
            -0.331055878049479,
            -7.857813739471925,
            -0.3813058770483799
        ],
        [
            0.5358747503840635,
            -0.3813058770483799,
            -7.0358778166276945
        ]
    ],
    "quadrupole moment normalized": [
        [
            -0.05889991617394211,
            -0.0018560195517319886,
            0.004991203053486651
        ],
        [
            -0.0018560195517319886,
            -0.061195968601828826,
            -0.002808038422286664
        ],
        [
            0.004991203053486651,
            -0.002808038422286664,
            -0.05474478427764892
        ]
    ]
}