{
    "MP-ID": "mp-1277741",
    "Material": "Zn2CrWO6",
    "steinhart_vector": [
        [
            0.007265776725019787,
            1.7431897949468536e-06,
            0.0006790744179624124,
            5.061650212520168e-06,
            0.005461057470727473,
            3.4168761485385124e-06,
            0.0028919854742177425,
            7.069204491147762e-06,
            0.004973731262415334,
            6.336164328941793e-06,
            0.0035121654687682523
        ],
        "Zn2CrWO6"
    ],
    "steinhart_parameter_sum": 0.024807417904087095,
    "band_gap": 1.9752,
    "oxidation_state": 2.0,
    "possible_species": [
        "W6+",
        "Cr2+",
        "Zn2+",
        "O2-"
    ],
    "density": 7.18068008531556,
    "quadrupole moment": [
        [
            -16.6162750844022,
            -1.104697657829274,
            -0.7232857098270018
        ],
        [
            -1.104697657829274,
            -16.28596702076394,
            2.21861850378595
        ],
        [
            -0.7232857098270018,
            2.21861850378595,
            -16.913386084408074
        ]
    ],
    "quadrupole moment normalized": [
        [
            -0.12348474203275928,
            -0.007807646639321481,
            -0.008756510447133506
        ],
        [
            -0.007807646639321481,
            -0.1218681472855746,
            0.014012453454779528
        ],
        [
            -0.008756510447133506,
            0.014012453454779528,
            -0.11618617515618077
        ]
    ]
}