{
    "MP-ID": "mp-1036101",
    "Material": "Mg14MnCrO16",
    "steinhart_vector": [
        [
            0.005454878473933551,
            9.542895680875018e-19,
            0.0003436919183734103,
            1.6696906751637516e-18,
            0.004172134893467425,
            1.502620975675804e-18,
            0.0019552035734377504,
            2.3471196939092956e-18,
            0.003924283216069271,
            2.271600927671748e-18,
            0.002266032029378416
        ],
        "Mg14MnCrO16"
    ],
    "steinhart_parameter_sum": 0.018116224104659833,
    "band_gap": 0.0,
    "oxidation_state": 2.0,
    "possible_species": [
        "Mg2+",
        "Cr2+",
        "Mn2+",
        "O2-"
    ],
    "density": 3.7005403964772263,
    "quadrupole moment": [
        [
            -19.78126820804356,
            -3.950274565776013e-15,
            -1.2112533397027926e-15
        ],
        [
            -3.950274565776013e-15,
            -19.78126820804356,
            -1.2112533397027922e-15
        ],
        [
            -1.2112533397027926e-15,
            -1.2112533397027922e-15,
            -18.044747863921003
        ]
    ],
    "quadrupole moment normalized": [
        [
            -0.10110575211688147,
            -2.019059025136552e-17,
            -6.1909417852662324e-18
        ],
        [
            -2.019059025136552e-17,
            -0.10110575211688147,
            -6.190941785266232e-18
        ],
        [
            -6.1909417852662324e-18,
            -6.190941785266232e-18,
            -0.11083557471029211
        ]
    ]
}