{
    "MP-ID": "mp-1191709",
    "Material": "Nd4CrS7",
    "steinhart_vector": [
        [
            0.0020494913631032372,
            0.00022427231107572832,
            0.00013829274454869262,
            0.0014843081561388286,
            0.0010669905476920869,
            0.00046149124290630907,
            0.001198703457990981,
            0.0011908363473567738,
            0.0007907411560687554,
            0.0010176591007725624,
            0.0011322420894628222
        ],
        "Nd4CrS7"
    ],
    "steinhart_parameter_sum": 0.01075502851711678,
    "band_gap": 0.0,
    "oxidation_state": 2.0,
    "possible_species": [
        "Nd3+",
        "Cr2+",
        "S2-"
    ],
    "density": 4.829503375483158,
    "quadrupole moment": [
        [
            -17.83619741081394,
            -0.007151459822380538,
            0.011449268261980318
        ],
        [
            -0.007151459822380538,
            -13.21917587882762,
            -0.007868269065223784
        ],
        [
            0.011449268261980318,
            -0.007868269065223784,
            -13.166033647376144
        ]
    ],
    "quadrupole moment normalized": [
        [
            -0.034935509756876024,
            0.0001834878797805967,
            -0.00014737650044145716
        ],
        [
            0.0001834878797805967,
            -0.02793602011142785,
            -0.0002925768033815109
        ],
        [
            -0.00014737650044145716,
            -0.0002925768033815109,
            -0.0276420084049688
        ]
    ]
}