{
    "MP-ID": "mp-1235970",
    "Material": "LiTiV2CrO10",
    "steinhart_vector": [
        [
            0.016202627310087144,
            0.0005614789974447169,
            0.00037327234690976883,
            0.012058041132331724,
            0.008268084808090412,
            0.0009403585999100979,
            0.010144654424149841,
            0.009888773032468962,
            0.00369721289871687,
            0.008376951556962109,
            0.010440225762723498
        ],
        "LiTiV2CrO10"
    ],
    "steinhart_parameter_sum": 0.08095168086979515,
    "band_gap": 0.5293,
    "oxidation_state": 6.0,
    "possible_species": [
        "Cr6+",
        "O2-",
        "V4+",
        "Li+",
        "V5+",
        "Ti4+"
    ],
    "density": 2.639185700035279,
    "quadrupole moment": [
        [
            -7.527113599889184,
            -5.898059818321144e-16,
            0.15357435580562884
        ],
        [
            -5.898059818321144e-16,
            -6.982081042273427,
            0.0
        ],
        [
            0.15357435580562884,
            0.0,
            -7.72224651363743
        ]
    ],
    "quadrupole moment normalized": [
        [
            -0.1182138626489889,
            -9.86623976961809e-18,
            0.00013237402211351001
        ],
        [
            -9.86623976961809e-18,
            -0.11655016086729701,
            0.0
        ],
        [
            0.00013237402211351001,
            0.0,
            -0.12520622176624746
        ]
    ]
}