{
    "MP-ID": "mp-19518",
    "Material": "BaCr(Si2O5)2",
    "steinhart_vector": [
        [
            0.0072654850365523336,
            0.00018417818438546245,
            0.003625739213589791,
            0.00027597138994540297,
            0.006010165650296629,
            0.0005339204207365242,
            0.004218033033127745,
            0.0006585557147394565,
            0.005745153123173363,
            0.0008912068415372963,
            0.0043567988738089465
        ],
        "BaCr(Si2O5)2"
    ],
    "steinhart_parameter_sum": 0.03376520748189295,
    "band_gap": 3.4476,
    "oxidation_state": 2.0,
    "possible_species": [
        "Cr2+",
        "Si4+",
        "O2-",
        "Ba2+"
    ],
    "density": 3.196471953269097,
    "quadrupole moment": [
        [
            -16.580725139875454,
            -1.3322676295501878e-15,
            1.3877787807814457e-17
        ],
        [
            -1.3322676295501878e-15,
            -16.580725139875454,
            -5.551115123125783e-17
        ],
        [
            1.3877787807814457e-17,
            -5.551115123125783e-17,
            -0.02132356609480368
        ]
    ],
    "quadrupole moment normalized": [
        [
            -0.12046701039895225,
            1.0408340855860843e-17,
            6.505213034913027e-19
        ],
        [
            1.0408340855860843e-17,
            -0.12046701039895222,
            6.505213034913027e-19
        ],
        [
            6.505213034913027e-19,
            6.505213034913027e-19,
            -0.00015492605038773083
        ]
    ]
}