{
    "MP-ID": "mp-1179191",
    "Material": "SrCrO4",
    "steinhart_vector": [
        [
            0.011840975085683197,
            0.0007856415988402232,
            0.005530714194845504,
            0.00785400091528047,
            0.004297876499382237,
            0.005807821635925177,
            0.0061111250961944,
            0.0061633043898433205,
            0.006832997400626471,
            0.005467499110423009,
            0.00643211373917804
        ],
        "SrCrO4"
    ],
    "steinhart_parameter_sum": 0.06712406966622206,
    "band_gap": 2.2329,
    "oxidation_state": 5.0,
    "possible_species": [
        "Cr5+",
        "O2-",
        "Sr2+",
        "O-"
    ],
    "density": 3.155923909932622,
    "quadrupole moment": [
        [
            -4.275893048180983,
            3.4572388428160794,
            3.175368551157141
        ],
        [
            3.4572388428160794,
            -9.228938592172172,
            -2.9123184429414284
        ],
        [
            3.175368551157141,
            -2.9123184429414284,
            -13.04940432531624
        ]
    ],
    "quadrupole moment normalized": [
        [
            -0.040920028364554516,
            0.03594874512408837,
            0.03196618457470614
        ],
        [
            0.03594874512408837,
            -0.10038301554055692,
            -0.01858782896821384
        ],
        [
            0.03196618457470614,
            -0.01858782896821384,
            -0.1642681755719967
        ]
    ]
}