{
    "MP-ID": "mp-1519575",
    "Material": "PrEuZrCrO6",
    "steinhart_vector": [
        [
            0.008261663220486605,
            1.7019786545372406e-18,
            1.3890925679243945e-18,
            2.164127778285275e-18,
            0.006309949512352085,
            1.9100392060785882e-18,
            0.0029209390435427853,
            2.695860524280726e-18,
            0.005932455241835554,
            3.360930040482636e-18,
            0.0033990578297706923
        ],
        "PrEuZrCrO6"
    ],
    "steinhart_parameter_sum": 0.026824064847987737,
    "band_gap": 0.021899999999999,
    "oxidation_state": 3.0,
    "possible_species": [
        "O2-",
        "Zr4+",
        "Cr3+",
        "Pr3+",
        "Eu2+"
    ],
    "density": 6.690043228512752,
    "quadrupole moment": [
        [
            -15.558984714853736,
            0.0,
            -2.710411619027449e-16
        ],
        [
            0.0,
            -15.558984714853736,
            -5.056735352988668e-16
        ],
        [
            -2.710411619027449e-16,
            -5.056735352988668e-16,
            -15.558984714853736
        ]
    ],
    "quadrupole moment normalized": [
        [
            -0.12854309176682038,
            1.0408340855860843e-17,
            -9.377613242116694e-18
        ],
        [
            1.0408340855860843e-17,
            -0.1285430917668204,
            1.316953031161599e-17
        ],
        [
            -9.377613242116694e-18,
            1.316953031161599e-17,
            -0.12854309176682044
        ]
    ]
}