{
    "MP-ID": "mp-1046448",
    "Material": "SrCr(PO4)2",
    "steinhart_vector": [
        [
            0.008039293437350893,
            0.0007613969774640812,
            0.0012439035296382115,
            0.001920073171627427,
            0.005757860077855508,
            0.0016012842226001602,
            0.0031516351890359395,
            0.002694503480859951,
            0.00469795484709714,
            0.0025338104338580476,
            0.0033826825953927257
        ],
        "SrCr(PO4)2"
    ],
    "steinhart_parameter_sum": 0.03578439796278008,
    "band_gap": 0.119299999999999,
    "oxidation_state": 4.0,
    "possible_species": [
        "O2-",
        "Sr2+",
        "P5+",
        "Cr4+"
    ],
    "density": 3.356193033339789,
    "quadrupole moment": [
        [
            -19.3808921138248,
            1.5255702619901577,
            -0.8319158423397772
        ],
        [
            1.5255702619901577,
            -15.431944181236656,
            0.3307804735128623
        ],
        [
            -0.8319158423397772,
            0.3307804735128623,
            -14.892834205618025
        ]
    ],
    "quadrupole moment normalized": [
        [
            -0.12829304500956085,
            -0.01790628089189175,
            -0.015880347802546924
        ],
        [
            -0.01790628089189175,
            -0.12085030508931584,
            0.0046340090407601675
        ],
        [
            -0.015880347802546924,
            0.0046340090407601675,
            -0.1261497123144481
        ]
    ]
}