{
    "MP-ID": "mp-19269",
    "Material": "NdCrO3",
    "steinhart_vector": [
        [
            0.007976620064418675,
            4.2123867010078866e-08,
            0.00011901834594995719,
            4.394894677136031e-08,
            0.006090124586686855,
            5.872625397529457e-08,
            0.002829088748141481,
            6.532503317221122e-08,
            0.0057216866777088935,
            8.260156024283984e-08,
            0.0032970854678287583
        ],
        "NdCrO3"
    ],
    "steinhart_parameter_sum": 0.026033916616395793,
    "band_gap": 2.54,
    "oxidation_state": 3.0,
    "possible_species": [
        "Nd3+",
        "O2-",
        "Cr3+"
    ],
    "density": 7.009167420076486,
    "quadrupole moment": [
        [
            -15.916195240190447,
            -0.155993623316677,
            0.22806763052744972
        ],
        [
            -0.155993623316677,
            -15.773309090011631,
            -0.23526423069638347
        ],
        [
            0.22806763052744972,
            -0.23526423069638347,
            -15.81596912409597
        ]
    ],
    "quadrupole moment normalized": [
        [
            -0.12661727734611236,
            -0.00041512589741270894,
            0.0013597318095613592
        ],
        [
            -0.00041512589741270894,
            -0.12480035936590574,
            -0.0022053817335431925
        ],
        [
            0.0013597318095613592,
            -0.0022053817335431925,
            -0.12749587578157265
        ]
    ]
}