{
    "MP-ID": "mp-1397070",
    "Material": "CrF5",
    "steinhart_vector": [
        [
            0.00895235003160358,
            4.692629489196292e-19,
            0.0015155040608119828,
            1.7167717937330062e-18,
            0.006719808220620023,
            2.3395415937069183e-18,
            0.003835025891747609,
            3.1314889763939247e-18,
            0.006112752795447421,
            4.623392263471475e-18,
            0.004488389321374983
        ],
        "CrF5"
    ],
    "steinhart_parameter_sum": 0.03162383032160561,
    "band_gap": 0.0,
    "oxidation_state": 5.0,
    "possible_species": [
        "Cr5+",
        "F-"
    ],
    "density": 2.563751383619818,
    "quadrupole moment": [
        [
            -6.235950713396128,
            0.6169226169911188,
            0.3313062165123414
        ],
        [
            0.6169226169911188,
            -8.825587940036428,
            -0.7087340052559479
        ],
        [
            0.3313062165123414,
            -0.7087340052559479,
            -6.328174559107373
        ]
    ],
    "quadrupole moment normalized": [
        [
            -0.05689236392982108,
            9.707299872125166e-05,
            0.012217296039815806
        ],
        [
            9.707299872125166e-05,
            -0.07127544805772021,
            -0.00011151955966906459
        ],
        [
            0.012217296039815806,
            -0.00011151955966906459,
            -0.060293223843601376
        ]
    ]
}