{
    "MP-ID": "mp-1521461",
    "Material": "Ba2CrSnO6",
    "steinhart_vector": [
        [
            0.007712651309687213,
            2.457637696299882e-18,
            1.7809580986548698e-18,
            5.855413932279489e-18,
            0.0058906347392403266,
            3.497504149840569e-18,
            0.0027268340210035687,
            7.036132223536779e-18,
            0.005538226077425223,
            6.747985645817815e-18,
            0.0031731804024007918
        ],
        "Ba2CrSnO6"
    ],
    "steinhart_parameter_sum": 0.025041526549757154,
    "band_gap": 0.0,
    "oxidation_state": 4.0,
    "possible_species": [
        "O2-",
        "Sn4+",
        "Cr4+",
        "Ba2+"
    ],
    "density": 6.522015353672154,
    "quadrupole moment": [
        [
            -16.103235682585453,
            -1.3322676295501878e-15,
            -1.3322676295501878e-15
        ],
        [
            -1.3322676295501878e-15,
            -16.103235682585453,
            0.0
        ],
        [
            -1.3322676295501878e-15,
            0.0,
            -16.10323568258546
        ]
    ],
    "quadrupole moment normalized": [
        [
            -0.12419864177749462,
            -4.336808689942018e-17,
            -1.0408340855860843e-17
        ],
        [
            -4.336808689942018e-17,
            -0.1241986417774946,
            3.469446951953614e-18
        ],
        [
            -1.0408340855860843e-17,
            3.469446951953614e-18,
            -0.12419864177749462
        ]
    ]
}