{
    "MP-ID": "mp-1219632",
    "Material": "Rb6Mn2CrCl12",
    "steinhart_vector": [
        [
            0.001477133698068059,
            3.1505348291266556e-20,
            8.35729092602115e-05,
            1.1549495433805626e-19,
            0.0011294685287628495,
            1.6262679873572058e-19,
            0.000528064269301539,
            2.4061336841525613e-19,
            0.0010622794485134583,
            2.9165358652852627e-19,
            0.0006124853124699092
        ],
        "Rb6Mn2CrCl12"
    ],
    "steinhart_parameter_sum": 0.004893004166376027,
    "band_gap": 0.0,
    "oxidation_state": 2.0,
    "possible_species": [
        "Cr2+",
        "Rb+",
        "Mn2+",
        "Cl-"
    ],
    "density": 2.884802065601784,
    "quadrupole moment": [
        [
            -12.98306446436558,
            0.01104588711735735,
            -0.10502827119208089
        ],
        [
            0.01104588711735735,
            -12.982825328436139,
            -0.10617131951634473
        ],
        [
            -0.10502827119208089,
            -0.10617131951634473,
            -11.984476303386083
        ]
    ],
    "quadrupole moment normalized": [
        [
            -0.018124457671780586,
            -1.6720740672724666e-05,
            0.0001589860495308246
        ],
        [
            -1.6720740672724666e-05,
            -0.01812481966442267,
            0.00016071633353373967
        ],
        [
            0.0001589860495308246,
            0.00016071633353373967,
            -0.019636058282227052
        ]
    ]
}