{
    "MP-ID": "mp-1095028",
    "Material": "Zn3CrSe4",
    "steinhart_vector": [
        [
            0.0007478720124327248,
            3.6876042094977623e-19,
            2.4330840980793007e-19,
            0.0005574308860897136,
            0.00038079778967910183,
            5.432086210746172e-19,
            0.00047006699684516424,
            0.00045766198542378445,
            0.0001591184306300835,
            0.00038734557231518975,
            0.0004862317318962556
        ],
        "Zn3CrSe4"
    ],
    "steinhart_parameter_sum": 0.0036465254053120186,
    "band_gap": 0.0,
    "oxidation_state": 2.0,
    "possible_species": [
        "Se2-",
        "Cr2+",
        "Zn2+"
    ],
    "density": 4.892344047727683,
    "quadrupole moment": [
        [
            -16.723055584107172,
            -1.7763568394002505e-15,
            -1.7763568394002505e-15
        ],
        [
            -1.7763568394002505e-15,
            -16.723055584107176,
            -8.881784197001252e-16
        ],
        [
            -1.7763568394002505e-15,
            -8.881784197001252e-16,
            -16.723055584107172
        ]
    ],
    "quadrupole moment normalized": [
        [
            -0.012506705233710547,
            5.637851296924623e-18,
            1.734723475976807e-18
        ],
        [
            5.637851296924623e-18,
            -0.012506705233710549,
            1.3010426069826053e-18
        ],
        [
            1.734723475976807e-18,
            1.3010426069826053e-18,
            -0.012506705233710547
        ]
    ]
}