{
    "MP-ID": "mp-1522588",
    "Material": "BaEuCrBiO6",
    "steinhart_vector": [
        [
            0.007453618039038717,
            1.6373116919810303e-18,
            2.6825880626165315e-18,
            5.225075042329978e-18,
            0.005692794810863873,
            4.660720752372486e-18,
            0.0026352519298893265,
            8.781107646505129e-18,
            0.005352221971077981,
            8.024457670162387e-18,
            0.0030666075437316607
        ],
        "BaEuCrBiO6"
    ],
    "steinhart_parameter_sum": 0.02420049429460159,
    "band_gap": 0.0,
    "oxidation_state": 3.0,
    "possible_species": [
        "O2-",
        "Cr3+",
        "Ba2+",
        "Eu2+",
        "Bi5+"
    ],
    "density": 7.496689755395469,
    "quadrupole moment": [
        [
            -16.380661317873198,
            -2.220446049250313e-16,
            -3.1086244689504383e-15
        ],
        [
            -2.220446049250313e-16,
            -16.380661317873194,
            -2.220446049250313e-15
        ],
        [
            -3.1086244689504383e-15,
            -2.220446049250313e-15,
            -16.3806613178732
        ]
    ],
    "quadrupole moment normalized": [
        [
            -0.12209519269028343,
            -2.0816681711721685e-17,
            -2.0816681711721685e-17
        ],
        [
            -2.0816681711721685e-17,
            -0.12209519269028339,
            -1.3877787807814457e-17
        ],
        [
            -2.0816681711721685e-17,
            -1.3877787807814457e-17,
            -0.12209519269028343
        ]
    ]
}