{
    "MP-ID": "mp-1036803",
    "Material": "Mg30VCrO32",
    "steinhart_vector": [
        [
            0.005632149141297393,
            1.1706181613488715e-19,
            0.0005314806478778721,
            4.40198612524661e-19,
            0.004315283749303768,
            5.457258454025498e-19,
            0.002052389025723978,
            8.95035582192626e-19,
            0.00406115949498087,
            1.0629439160044283e-18,
            0.002367301240315324
        ],
        "Mg30VCrO32"
    ],
    "steinhart_parameter_sum": 0.018959763299499208,
    "band_gap": 1.730499999999999,
    "oxidation_state": 2.0,
    "possible_species": [
        "Mg2+",
        "Cr2+",
        "V2+",
        "O2-"
    ],
    "density": 3.578121988978859,
    "quadrupole moment": [
        [
            -19.801653130017264,
            -3.184348689942103e-15,
            0.0
        ],
        [
            -3.184348689942103e-15,
            -19.801653130017264,
            0.0
        ],
        [
            0.0,
            0.0,
            -17.28367635099846
        ]
    ],
    "quadrupole moment normalized": [
        [
            -0.10100166823790113,
            -1.6242307034849416e-17,
            0.0
        ],
        [
            -1.6242307034849416e-17,
            -0.10100166823790113,
            0.0
        ],
        [
            0.0,
            0.0,
            -0.11571612192821829
        ]
    ]
}