{
    "MP-ID": "mp-1215152",
    "Material": "CaCr(WO2)2",
    "steinhart_vector": [
        [
            0.007993915578172864,
            0.002091472398904323,
            0.002079175655148453,
            0.004116951772619517,
            0.0054386860890993875,
            0.002957599956804818,
            0.0032166208044838093,
            0.004787798766472783,
            0.003862304671398909,
            0.003936920184392058,
            0.003706628026199626
        ],
        "CaCr(WO2)2"
    ],
    "steinhart_parameter_sum": 0.04418807390369654,
    "band_gap": 0.024700000000000003,
    "oxidation_state": 2.0,
    "possible_species": [
        "Ca2+",
        "Cr2+",
        "O2-",
        "W2+"
    ],
    "density": 6.369633955842443,
    "quadrupole moment": [
        [
            -15.802624364001241,
            0.1948921807863191,
            0.6448220156716928
        ],
        [
            0.1948921807863191,
            -7.4927145314011945,
            0.4936123204441062
        ],
        [
            0.6448220156716928,
            0.4936123204441062,
            -8.376125389184859
        ]
    ],
    "quadrupole moment normalized": [
        [
            -0.12698373805184648,
            0.0013044565956568058,
            0.003559116924921949
        ],
        [
            0.0013044565956568058,
            -0.05982257367966562,
            0.004259088516142776
        ],
        [
            0.003559116924921949,
            0.004259088516142776,
            -0.06598194240324082
        ]
    ]
}