{
    "MP-ID": "mp-1519678",
    "Material": "BaSrCaCrO6",
    "steinhart_vector": [
        [
            0.010559659927062185,
            3.5519183560278995e-18,
            2.359162440607422e-18,
            7.14412766929536e-18,
            0.00806507348812572,
            4.548870372011755e-18,
            0.003733403570724757,
            8.571624624582619e-18,
            0.00758257849714324,
            8.37557184499683e-18,
            0.004344511970155384
        ],
        "BaSrCaCrO6"
    ],
    "steinhart_parameter_sum": 0.03428522745321132,
    "band_gap": 0.5585,
    "oxidation_state": 6.0,
    "possible_species": [
        "Cr6+",
        "O2-",
        "Sr2+",
        "Ba2+",
        "Ca2+"
    ],
    "density": 4.9018686143464905,
    "quadrupole moment": [
        [
            -13.762268665065138,
            -4.440892098500626e-16,
            0.0
        ],
        [
            -4.440892098500626e-16,
            -13.762268665065129,
            4.440892098500626e-16
        ],
        [
            0.0,
            4.440892098500626e-16,
            -13.76226866506514
        ]
    ],
    "quadrupole moment normalized": [
        [
            -0.14532487692795193,
            -1.3877787807814457e-17,
            6.938893903907228e-18
        ],
        [
            -1.3877787807814457e-17,
            -0.14532487692795187,
            -3.469446951953614e-18
        ],
        [
            6.938893903907228e-18,
            -3.469446951953614e-18,
            -0.14532487692795196
        ]
    ]
}