{
    "MP-ID": "mp-1216389",
    "Material": "VCrN2",
    "steinhart_vector": [
        [
            0.007903873650942724,
            1.2789952078484344e-18,
            0.00037636945787958287,
            2.0765890252540393e-18,
            0.006007357668044556,
            2.0794755721732143e-18,
            0.0029024868113953018,
            3.2577506112790054e-18,
            0.005594074170257827,
            3.6546954399708515e-18,
            0.003439158679718651
        ],
        "VCrN2"
    ],
    "steinhart_parameter_sum": 0.026223320438238655,
    "band_gap": 0.0,
    "oxidation_state": 3.0,
    "possible_species": [
        "N3-",
        "Cr3+",
        "V3+"
    ],
    "density": 6.103158352933647,
    "quadrupole moment": [
        [
            -26.72300756255166,
            1.0631915004388759e-05,
            -2.8496899652008523e-05
        ],
        [
            1.0631915004388759e-05,
            -26.277770765698648,
            -1.193400703322514
        ],
        [
            -2.8496899652008523e-05,
            -1.193400703322514,
            -23.524248501394954
        ]
    ],
    "quadrupole moment normalized": [
        [
            -0.2112150934696099,
            -2.727322583120917e-07,
            6.640945432456746e-11
        ],
        [
            -2.727322583120917e-07,
            -0.2076961830459914,
            -0.009432728558765695
        ],
        [
            6.640945432456746e-11,
            -0.009432728558765695,
            -0.1859328666795834
        ]
    ]
}