{
    "MP-ID": "mp-1341686",
    "Material": "Cr(GeO3)2",
    "steinhart_vector": [
        [
            0.008316800612223526,
            0.0002860857970216778,
            0.0008011915138738377,
            0.0021325900675921252,
            0.005770508729843476,
            0.0020087578622392374,
            0.0028604352732875984,
            0.0032187743651612122,
            0.004334743242066891,
            0.003230974641102792,
            0.002853368155009985
        ],
        "Cr(GeO3)2"
    ],
    "steinhart_parameter_sum": 0.03581423025942236,
    "band_gap": 0.6698000000000001,
    "oxidation_state": 4.0,
    "possible_species": [
        "O2-",
        "Ge4+",
        "Cr4+"
    ],
    "density": 4.267138789447389,
    "quadrupole moment": [
        [
            -14.49244208538909,
            -0.2479280358011704,
            -0.5776126668528518
        ],
        [
            -0.2479280358011704,
            -14.456937756358583,
            -0.5377331713849892
        ],
        [
            -0.5776126668528518,
            -0.5377331713849892,
            -18.253573721593515
        ]
    ],
    "quadrupole moment normalized": [
        [
            -0.1224303150309721,
            -0.007214691438967129,
            -0.009721034652852187
        ],
        [
            -0.007214691438967129,
            -0.12139714111873227,
            -0.009049875622539387
        ],
        [
            -0.009721034652852187,
            -0.009049875622539387,
            -0.14116927901356144
        ]
    ]
}