{
    "MP-ID": "mp-1372858",
    "Material": "SrMgCr(PO4)2",
    "steinhart_vector": [
        [
            0.037746491289624394,
            0.005299181805683428,
            0.03669627532635035,
            0.012390341184331934,
            0.03436415618880431,
            0.018718208825244716,
            0.031043180859527772,
            0.024004982766622208,
            0.027223296998802618,
            0.028000940064747366,
            0.023629284269317555
        ],
        "SrMgCr(PO4)2"
    ],
    "steinhart_parameter_sum": 0.2791163395790566,
    "band_gap": 0.0,
    "oxidation_state": 2.0,
    "possible_species": [
        "Mg2+",
        "Cr2+",
        "Sr2+",
        "O2-",
        "P5+"
    ],
    "density": 3.621739576146096,
    "quadrupole moment": [
        [
            -1.671659940187983,
            -1.8635704487312421,
            -2.2907292519452342
        ],
        [
            -1.8635704487312421,
            -2.1080718106000367,
            -2.65906488485442
        ],
        [
            -2.2907292519452342,
            -2.65906488485442,
            -3.5022766861206915
        ]
    ],
    "quadrupole moment normalized": [
        [
            -0.06228950590381495,
            -0.06969728038990602,
            -0.08624261699296315
        ],
        [
            -0.06969728038990602,
            -0.0791532665686723,
            -0.10052316268570738
        ],
        [
            -0.08624261699296315,
            -0.10052316268570738,
            -0.13328030591208417
        ]
    ]
}