{
    "MP-ID": "mp-1206806",
    "Material": "CrAg3F6",
    "steinhart_vector": [
        [
            0.007899754391237584,
            1.6539345718797232e-18,
            1.587001717803698e-18,
            3.3399285916785095e-18,
            0.006033537078234336,
            1.898232156804359e-18,
            0.002792984949876151,
            3.851448653784046e-18,
            0.005672579249091023,
            4.203471434887559e-18,
            0.0032501593565587112
        ],
        "CrAg3F6"
    ],
    "steinhart_parameter_sum": 0.02564901502499782,
    "band_gap": 0.20420000000000002,
    "oxidation_state": 3.0,
    "possible_species": [
        "F-",
        "Cr3+",
        "Ag+"
    ],
    "density": 5.150902650005597,
    "quadrupole moment": [
        [
            -7.500702604439493,
            -5.551115123125783e-16,
            -1.3322676295501878e-15
        ],
        [
            -5.551115123125783e-16,
            -7.500702604439493,
            -8.881784197001252e-16
        ],
        [
            -1.3322676295501878e-15,
            -8.881784197001252e-16,
            -7.500702604439494
        ]
    ],
    "quadrupole moment normalized": [
        [
            -0.05925370833678808,
            -1.3877787807814457e-17,
            -6.938893903907228e-18
        ],
        [
            -1.3877787807814457e-17,
            -0.05925370833678808,
            -1.214306433183765e-17
        ],
        [
            -6.938893903907228e-18,
            -1.214306433183765e-17,
            -0.05925370833678809
        ]
    ]
}