{
    "MP-ID": "mp-1192655",
    "Material": "U8CrSe17",
    "steinhart_vector": [
        [
            0.0007236184375100405,
            2.691418043107088e-19,
            7.978023387261038e-05,
            2.1331356464647832e-19,
            0.0005443291311506956,
            4.19748199656135e-19,
            0.00029022423407451254,
            3.71645110539761e-19,
            0.0004973529410509562,
            6.149527705366803e-19,
            0.0003471706298102464
        ],
        "U8CrSe17"
    ],
    "steinhart_parameter_sum": 0.0024824756074690634,
    "band_gap": 0.0,
    "oxidation_state": 2.0,
    "possible_species": [
        "U4+",
        "Se2-",
        "Cr2+"
    ],
    "density": 8.231689195313526,
    "quadrupole moment": [
        [
            -27.25507000275003,
            -3.3131289929536862,
            -2.2660212390985865
        ],
        [
            -3.3131289929536862,
            -24.274785263400503,
            -1.4654855550058452
        ],
        [
            -2.2660212390985865,
            -1.4654855550058452,
            -25.20628944822156
        ]
    ],
    "quadrupole moment normalized": [
        [
            -0.018669299697687457,
            -0.002390144948254821,
            -0.0006942702400306059
        ],
        [
            -0.002390144948254821,
            -0.016519273988073693,
            -0.0004489997668512734
        ],
        [
            -0.0006942702400306059,
            -0.0004489997668512734,
            -0.02011462738832275
        ]
    ]
}