{
    "MP-ID": "mp-1044071",
    "Material": "CrNiP2O9",
    "steinhart_vector": [
        [
            0.009792082124367892,
            0.0005108339531988626,
            0.0007451361164204441,
            0.0026812789707036473,
            0.0068761599776038665,
            0.002427869276127764,
            0.0030048736873911665,
            0.003942025364251309,
            0.005360770150722469,
            0.0038772207827902482,
            0.0027354297909986704
        ],
        "CrNiP2O9"
    ],
    "steinhart_parameter_sum": 0.04195368019457634,
    "band_gap": 0.0,
    "oxidation_state": 6.0,
    "possible_species": [
        "Cr6+",
        "O2-",
        "P5+",
        "Ni2+"
    ],
    "density": 3.089293361671514,
    "quadrupole moment": [
        [
            -14.710064958727266,
            0.0,
            0.0
        ],
        [
            0.0,
            -13.679238268006422,
            -0.27378901026728997
        ],
        [
            0.0,
            -0.27378901026728997,
            -15.279436950637677
        ]
    ],
    "quadrupole moment normalized": [
        [
            -0.13400642393615123,
            0.0,
            0.0
        ],
        [
            0.0,
            -0.14560528352105043,
            0.00530599063164236
        ],
        [
            0.0,
            0.00530599063164236,
            -0.13748602272464513
        ]
    ]
}