{
    "MP-ID": "mp-1399869",
    "Material": "CrN2",
    "steinhart_vector": [
        [
            0.010920569064669676,
            0.0013223957811386022,
            0.0012041321888763745,
            0.0046329349697343284,
            0.007171675983068897,
            0.003339273883499148,
            0.003719766245844112,
            0.005672823506639977,
            0.004929573680443914,
            0.004743256743395617,
            0.004562866278811428
        ],
        "CrN2"
    ],
    "steinhart_parameter_sum": 0.05221926832612208,
    "band_gap": 0.0,
    "oxidation_state": 6.0,
    "possible_species": [
        "Cr6+",
        "N3-"
    ],
    "density": 4.225284244045619,
    "quadrupole moment": [
        [
            -24.947740089265693,
            -1.7860841186668326,
            2.4292180476375096
        ],
        [
            -1.7860841186668326,
            -21.43799244567306,
            1.0187802207107155
        ],
        [
            2.4292180476375096,
            1.0187802207107155,
            -23.7115679340822
        ]
    ],
    "quadrupole moment normalized": [
        [
            -0.2253641369755484,
            0.0019770100418094565,
            -0.0144626088217664
        ],
        [
            0.0019770100418094565,
            -0.2292490639300409,
            -0.006065416738452688
        ],
        [
            -0.0144626088217664,
            -0.006065416738452688,
            -0.2396220181321245
        ]
    ]
}