{
    "MP-ID": "mp-17259",
    "Material": "NaSrCrF6",
    "steinhart_vector": [
        [
            0.007696964721909768,
            8.994226447101361e-05,
            0.0003575701809366939,
            0.0003289689736458074,
            0.005836294483372629,
            0.00038075464165592427,
            0.002804312704567682,
            0.0005762675030234107,
            0.005402141472210409,
            0.0006833154318978452,
            0.0032851873612576234
        ],
        "NaSrCrF6"
    ],
    "steinhart_parameter_sum": 0.027441719738948808,
    "band_gap": 2.0585,
    "oxidation_state": 3.0,
    "possible_species": [
        "Na+",
        "Sr2+",
        "Cr3+",
        "F-"
    ],
    "density": 3.514616422981948,
    "quadrupole moment": [
        [
            -7.079144180921761,
            0.2342112411422046,
            -0.049219425086280744
        ],
        [
            0.2342112411422046,
            -7.733743020453956,
            0.27304470064061237
        ],
        [
            -0.049219425086280744,
            0.27304470064061237,
            -7.991593880374952
        ]
    ],
    "quadrupole moment normalized": [
        [
            -0.05454680350689528,
            0.0018486593064115271,
            -0.0006037290566252521
        ],
        [
            0.0018486593064115271,
            -0.059430259543420565,
            0.0022882452802666345
        ],
        [
            -0.0006037290566252521,
            0.0022882452802666345,
            -0.06146736489592901
        ]
    ]
}