{
    "MP-ID": "mp-1196749",
    "Material": "CrSiH8(O2F3)2",
    "steinhart_vector": [
        [
            0.005518593283228369,
            7.195090640535107e-19,
            0.001103554826587964,
            9.404237236452393e-19,
            0.004270544186676277,
            1.9475953458485524e-18,
            0.002216907183718023,
            2.1633109730339134e-18,
            0.004025946176709897,
            3.0729719839026372e-18,
            0.002503068705806215
        ],
        "CrSiH8(O2F3)2"
    ],
    "steinhart_parameter_sum": 0.019638614362726754,
    "band_gap": 0.032,
    "oxidation_state": 2.0,
    "possible_species": [
        "F-",
        "Cr2+",
        "O2-",
        "H+",
        "Si4+"
    ],
    "density": 2.25350599117043,
    "quadrupole moment": [
        [
            -17.635155960226115,
            -0.7600514637826217,
            0.6210507644945296
        ],
        [
            -0.7600514637826217,
            -14.075880961513263,
            -2.634238162766835
        ],
        [
            0.6210507644945296,
            -2.634238162766835,
            -14.62668473614487
        ]
    ],
    "quadrupole moment normalized": [
        [
            -0.11550736792825927,
            -0.009710768408461848,
            0.008243265311899544
        ],
        [
            -0.009710768408461848,
            -0.0755531461474591,
            -0.03599273873483418
        ],
        [
            0.008243265311899544,
            -0.03599273873483418,
            -0.077437511078417
        ]
    ]
}