{
    "MP-ID": "mp-1235154",
    "Material": "LiTiV2CrO10",
    "steinhart_vector": [
        [
            0.014236656823526322,
            2.841688710064855e-18,
            0.0012180104576675892,
            0.010500941699482654,
            0.007171907707505466,
            0.002376951213407575,
            0.00878184022032733,
            0.008332198715310471,
            0.004309168363795124,
            0.007502060985790656,
            0.008466603978494493
        ],
        "LiTiV2CrO10"
    ],
    "steinhart_parameter_sum": 0.07289634016530767,
    "band_gap": 1.0597,
    "oxidation_state": 5.0,
    "possible_species": [
        "O2-",
        "Cr5+",
        "Li+",
        "V5+",
        "Ti4+"
    ],
    "density": 2.692878896571089,
    "quadrupole moment": [
        [
            -7.225660366977895,
            -1.1937379295634544e-15,
            -8.881784197001252e-16
        ],
        [
            -1.1937379295634544e-15,
            -7.225660366977895,
            -8.881784197001252e-16
        ],
        [
            -8.881784197001252e-16,
            -8.881784197001252e-16,
            -9.253735247392566
        ]
    ],
    "quadrupole moment normalized": [
        [
            -0.10286924696801954,
            -1.6994837240421736e-17,
            1.3877787807814457e-17
        ],
        [
            -1.6994837240421736e-17,
            -0.10286924696801955,
            1.3877787807814457e-17
        ],
        [
            1.3877787807814457e-17,
            1.3877787807814457e-17,
            -0.1317422530528974
        ]
    ]
}