{
    "MP-ID": "mp-1105933",
    "Material": "LaCrSe3",
    "steinhart_vector": [
        [
            0.0006810338339309388,
            5.21353917324308e-06,
            7.767769794167445e-05,
            1.1554904307615688e-05,
            0.0005081135111149369,
            1.2236326629853521e-05,
            0.00028131994012777634,
            1.2300941201277244e-05,
            0.00045965163358961404,
            2.127544432535189e-05,
            0.0003358828666639499
        ],
        "LaCrSe3"
    ],
    "steinhart_parameter_sum": 0.002406260639006232,
    "band_gap": 0.0,
    "oxidation_state": 3.0,
    "possible_species": [
        "Cr3+",
        "Se2-",
        "La3+"
    ],
    "density": 6.235207301549027,
    "quadrupole moment": [
        [
            -31.981099111789977,
            -4.440892098500626e-15,
            -2.6645352591003757e-15
        ],
        [
            -4.440892098500626e-15,
            -22.80053571775303,
            1.6807531830802036
        ],
        [
            -2.6645352591003757e-15,
            1.6807531830802036,
            -24.18633065980969
        ]
    ],
    "quadrupole moment normalized": [
        [
            -0.020895091504859818,
            6.938893903907228e-18,
            3.903127820947816e-18
        ],
        [
            6.938893903907228e-18,
            -0.015377716538559539,
            0.0019898507621450507
        ],
        [
            3.903127820947816e-18,
            0.0019898507621450507,
            -0.017408965520832778
        ]
    ]
}