{
    "MP-ID": "mp-1195734",
    "Material": "Ba2UCrTe7",
    "steinhart_vector": [
        [
            0.00030925899598996886,
            9.790267633417435e-20,
            1.5397435016293002e-05,
            1.4084913167729876e-19,
            0.00023523803598335903,
            1.4672724298040777e-19,
            0.00011322764234461256,
            2.0874926188487726e-19,
            0.0002193404105781291,
            2.2730003568278427e-19,
            0.00013379603188646408
        ],
        "Ba2UCrTe7"
    ],
    "steinhart_parameter_sum": 0.0010262585517988275,
    "band_gap": 0.0,
    "oxidation_state": 2.0,
    "possible_species": [
        "Cr2+",
        "Te-",
        "Te2-",
        "Ba2+",
        "U4+"
    ],
    "density": 6.523409462975633,
    "quadrupole moment": [
        [
            -14.4421408633335,
            -0.2785021714651519,
            -0.3281967157712984
        ],
        [
            -0.2785021714651519,
            -16.426851802824437,
            0.10713351745154887
        ],
        [
            -0.3281967157712984,
            0.10713351745154887,
            -16.462655521157103
        ]
    ],
    "quadrupole moment normalized": [
        [
            -0.00446636198334022,
            6.675778364182501e-06,
            1.518187415490359e-05
        ],
        [
            6.675778364182501e-06,
            -0.00504648403601927,
            0.00014602412275743564
        ],
        [
            1.518187415490359e-05,
            0.00014602412275743564,
            -0.005117571168570914
        ]
    ]
}