{
    "MP-ID": "mp-1176794",
    "Material": "LiCrP2O7",
    "steinhart_vector": [
        [
            0.0075402725622970065,
            0.00035712487901455196,
            0.00032539160653284073,
            0.0010476318717102455,
            0.005496340827991053,
            0.0014533738351557447,
            0.0025321606796676038,
            0.0020684241059891065,
            0.0045840576114678485,
            0.002357705684954986,
            0.0026621379382882585
        ],
        "LiCrP2O7"
    ],
    "steinhart_parameter_sum": 0.030424621603069246,
    "band_gap": 3.1847,
    "oxidation_state": 3.0,
    "possible_species": [
        "O2-",
        "Cr3+",
        "P5+",
        "Li+"
    ],
    "density": 2.867384565786548,
    "quadrupole moment": [
        [
            -16.706150217363664,
            0.5878491020027186,
            -0.2721813416784883
        ],
        [
            0.5878491020027186,
            -15.78881776038908,
            0.587830411147501
        ],
        [
            -0.2721813416784883,
            0.587830411147501,
            -16.400756514325252
        ]
    ],
    "quadrupole moment normalized": [
        [
            -0.12774112441121788,
            0.004136019002941704,
            -0.0021197676196805923
        ],
        [
            0.004136019002941704,
            -0.11690650563944732,
            0.004622101896511737
        ],
        [
            -0.0021197676196805923,
            0.004622101896511737,
            -0.12366861848503614
        ]
    ]
}