{
    "MP-ID": "mp-1204482",
    "Material": "Cs2CrH4F10",
    "steinhart_vector": [
        [
            0.009278250086841529,
            9.529878575278784e-19,
            0.0004219430546670836,
            4.131438560790823e-18,
            0.007091346160206242,
            3.500382205989007e-18,
            0.0033047024929257146,
            7.662017585984299e-18,
            0.00666821996619911,
            6.342807303355823e-18,
            0.003838014267130183
        ],
        "Cs2CrH4F10"
    ],
    "steinhart_parameter_sum": 0.030602476027969883,
    "band_gap": 1.9123,
    "oxidation_state": 4.0,
    "possible_species": [
        "F-",
        "H+",
        "Cs+",
        "Cr4+"
    ],
    "density": 3.184277640455859,
    "quadrupole moment": [
        [
            -6.938724012591583,
            0.0403086133508439,
            0.08742753886217636
        ],
        [
            0.0403086133508439,
            -6.793821899340961,
            -0.22350866529728752
        ],
        [
            0.08742753886217636,
            -0.22350866529728752,
            -7.06311815996635
        ]
    ],
    "quadrupole moment normalized": [
        [
            -0.06415250365400312,
            -0.00012786102870856499,
            -0.0010966449135070624
        ],
        [
            -0.00012786102870856499,
            -0.06470718836151754,
            0.00225613166565042
        ],
        [
            -0.0010966449135070624,
            0.00225613166565042,
            -0.06368817678542375
        ]
    ]
}