{
    "MP-ID": "mp-19272",
    "Material": "TbCrO4",
    "steinhart_vector": [
        [
            0.015041996745178777,
            3.233127561518304e-07,
            0.0018232573920408774,
            0.010977811854035681,
            0.007495499709876585,
            0.0035205237633558427,
            0.009112052145060404,
            0.008414344754737776,
            0.00548179014395752,
            0.008048935608393626,
            0.008187985082365934
        ],
        "TbCrO4"
    ],
    "steinhart_parameter_sum": 0.07810452051175917,
    "band_gap": 0.2967,
    "oxidation_state": 5.0,
    "possible_species": [
        "Cr5+",
        "O2-",
        "Tb3+"
    ],
    "density": 5.732631960501637,
    "quadrupole moment": [
        [
            -6.950157937276743,
            -0.9995903825071065,
            0.49604991166465295
        ],
        [
            -0.9995903825071065,
            -8.317145160145927,
            0.9400075340202761
        ],
        [
            0.49604991166465295,
            0.9400075340202761,
            -7.79444630901598
        ]
    ],
    "quadrupole moment normalized": [
        [
            -0.10454529016612249,
            -0.015035369150811296,
            0.007461253785600569
        ],
        [
            -0.015035369150811296,
            -0.12510097607933435,
            0.01414225390806121
        ],
        [
            0.007461253785600569,
            0.01414225390806121,
            -0.11724849285321443
        ]
    ]
}