{
    "MP-ID": "mp-26111",
    "Material": "LiCr(PO3)3",
    "steinhart_vector": [
        [
            0.005801184996167071,
            0.00013000694655369128,
            0.0012831115143927682,
            0.0005955478024099325,
            0.004402814597524073,
            0.0008830677612883771,
            0.0022962119800277164,
            0.0011403074226064291,
            0.0039256065873168695,
            0.0015303386888439365,
            0.0024098709746756372
        ],
        "LiCr(PO3)3"
    ],
    "steinhart_parameter_sum": 0.0243980692718065,
    "band_gap": 3.1062,
    "oxidation_state": 2.0,
    "possible_species": [
        "Cr2+",
        "P5+",
        "Li+",
        "O2-"
    ],
    "density": 2.952593934235434,
    "quadrupole moment": [
        [
            -16.798856324486717,
            -0.11501016695957106,
            -1.2300022332458385
        ],
        [
            -0.11501016695957106,
            -17.025574402431587,
            -0.5921715212425499
        ],
        [
            -1.2300022332458385,
            -0.5921715212425499,
            -24.628498479417665
        ]
    ],
    "quadrupole moment normalized": [
        [
            -0.12073891990428198,
            3.8091138657134966e-05,
            -0.002419031393939619
        ],
        [
            3.8091138657134966e-05,
            -0.1150654848873299,
            0.009859845758029022
        ],
        [
            -0.002419031393939619,
            0.009859845758029022,
            -0.08271601375418193
        ]
    ]
}