{
    "MP-ID": "mp-27036",
    "Material": "CrP2O7",
    "steinhart_vector": [
        [
            0.008319929411508574,
            0.00023601278835785685,
            0.0002766756964371145,
            0.0008072455056199588,
            0.006222499662538514,
            0.001163143587703362,
            0.002856981170497592,
            0.0015404162434354048,
            0.005540207521144239,
            0.002020306160828164,
            0.0031297152611425676
        ],
        "CrP2O7"
    ],
    "steinhart_parameter_sum": 0.03211313300921334,
    "band_gap": 0.8079000000000001,
    "oxidation_state": 4.0,
    "possible_species": [
        "O2-",
        "P5+",
        "Cr4+"
    ],
    "density": 3.235393357281435,
    "quadrupole moment": [
        [
            -15.460974932132466,
            -0.737594157130629,
            0.015106757701790041
        ],
        [
            -0.737594157130629,
            -15.762479145570088,
            0.018506626877614174
        ],
        [
            0.015106757701790041,
            0.018506626877614174,
            -15.333222599719686
        ]
    ],
    "quadrupole moment normalized": [
        [
            -0.12893944986634298,
            -0.0036112468323104274,
            0.0029573224004492173
        ],
        [
            -0.0036112468323104274,
            -0.1304156087067824,
            0.00362288608199747
        ],
        [
            0.0029573224004492173,
            0.00362288608199747,
            -0.12751008855676196
        ]
    ]
}