{
    "MP-ID": "mp-2210713",
    "Material": "MgCrO2",
    "steinhart_vector": [
        [
            0.0041064878016056254,
            3.210827618717987e-19,
            8.949318314322961e-19,
            5.742889740477708e-19,
            0.0020909212434745087,
            1.2896433040678554e-18,
            0.0025810892190001565,
            1.2524187863234644e-18,
            0.0008737028308728794,
            1.5022853374358807e-18,
            0.002669848105814984
        ],
        "MgCrO2"
    ],
    "steinhart_parameter_sum": 0.01232204920076816,
    "band_gap": 0.0,
    "oxidation_state": 2.0,
    "possible_species": [
        "Mg2+",
        "Cr2+",
        "O2-"
    ],
    "density": 4.506708258098498,
    "quadrupole moment": [
        [
            -29.425135126796633,
            -2.6645352591003757e-15,
            -5.329070518200751e-15
        ],
        [
            -2.6645352591003757e-15,
            -29.425135126796636,
            -3.9968028886505635e-15
        ],
        [
            -5.329070518200751e-15,
            -3.9968028886505635e-15,
            -29.425135126796643
        ]
    ],
    "quadrupole moment normalized": [
        [
            -0.12083395845878758,
            -8.673617379884035e-19,
            6.938893903907228e-18
        ],
        [
            -8.673617379884035e-19,
            -0.12083395845878761,
            5.204170427930421e-18
        ],
        [
            6.938893903907228e-18,
            5.204170427930421e-18,
            -0.1208339584587876
        ]
    ]
}