{
    "MP-ID": "mp-2241072",
    "Material": "MgV3CrO10",
    "steinhart_vector": [
        [
            0.01360473856580167,
            0.00017986963808267194,
            0.0008076359688790126,
            0.010126971110394673,
            0.00689938629458789,
            0.001193329488209694,
            0.008540993869242586,
            0.008233016892146469,
            0.003219389708539754,
            0.007117827856062228,
            0.00867445660192128
        ],
        "MgV3CrO10"
    ],
    "steinhart_parameter_sum": 0.06859761599386792,
    "band_gap": 0.7322000000000001,
    "oxidation_state": 5.0,
    "possible_species": [
        "Mg2+",
        "O2-",
        "V4+",
        "Cr5+",
        "V5+"
    ],
    "density": 2.998684724555048,
    "quadrupole moment": [
        [
            -8.281787962389213,
            0.2881399219465519,
            -0.03485645850801433
        ],
        [
            0.2881399219465519,
            -8.292330196774657,
            -0.0293974627020126
        ],
        [
            -0.03485645850801433,
            -0.0293974627020126,
            -7.7038506544011405
        ]
    ],
    "quadrupole moment normalized": [
        [
            -0.11283514941968179,
            0.003102573094976635,
            -0.004597223173738605
        ],
        [
            0.003102573094976635,
            -0.11303971408560105,
            -0.004631732465310942
        ],
        [
            -0.004597223173738605,
            -0.004631732465310942,
            -0.10390137807062866
        ]
    ]
}