{
    "MP-ID": "mp-23483",
    "Material": "Rb2CrCl4",
    "steinhart_vector": [
        [
            0.0026292559202494717,
            3.3071454682235785e-18,
            0.0026292559202494713,
            2.9904638385137908e-18,
            0.002629255920249472,
            3.3856528570940162e-18,
            0.0026292559202494726,
            4.193997427508172e-18,
            0.0026292559202494717,
            4.6119901462227475e-18,
            0.0026292559202494717
        ],
        "Rb2CrCl4"
    ],
    "steinhart_parameter_sum": 0.015775535521496853,
    "band_gap": 0.0,
    "oxidation_state": 2.0,
    "possible_species": [
        "Cr2+",
        "Rb+",
        "Cl-"
    ],
    "density": 1.403112012654801,
    "quadrupole moment": [
        [
            -0.6734339839112573,
            -0.7328085911280833,
            2.3195115699856332
        ],
        [
            -0.7328085911280833,
            -0.7974180752094203,
            2.5240157852361205
        ],
        [
            2.3195115699856332,
            2.5240157852361205,
            -7.9891036862288685
        ]
    ],
    "quadrupole moment normalized": [
        [
            -0.001770630289095861,
            -0.001926741326633188,
            0.006098589527471874
        ],
        [
            -0.001926741326633188,
            -0.002096616195158307,
            0.00663628344613519
        ],
        [
            0.006098589527471874,
            0.00663628344613519,
            -0.021005398164504134
        ]
    ]
}