{
    "MP-ID": "mp-2219680",
    "Material": "MgCrCo3O8",
    "steinhart_vector": [
        [
            0.007772954594997854,
            0.0001273631926400098,
            0.001107203088943565,
            0.0001261761728637694,
            0.005676215474639197,
            0.00024704542971963714,
            0.0035383726831496047,
            0.00025308899909350384,
            0.004895203310082601,
            0.0003928615684117964,
            0.0043725861061297095
        ],
        "MgCrCo3O8"
    ],
    "steinhart_parameter_sum": 0.02850907062067125,
    "band_gap": 0.0,
    "oxidation_state": 3.0,
    "possible_species": [
        "Mg2+",
        "Co4+",
        "Cr3+",
        "O2-",
        "Co3+"
    ],
    "density": 4.366928104968317,
    "quadrupole moment": [
        [
            -14.711810218171053,
            -1.210215840180424,
            -2.6489501698632454
        ],
        [
            -1.210215840180424,
            -15.34345918990645,
            -1.9884684925513796
        ],
        [
            -2.6489501698632454,
            -1.9884684925513796,
            -18.074676588105405
        ]
    ],
    "quadrupole moment normalized": [
        [
            -0.11470762547433713,
            -0.009894832144026248,
            -0.02080275094755521
        ],
        [
            -0.009894832144026248,
            -0.11926690223612177,
            -0.015230057176183802
        ],
        [
            -0.02080275094755521,
            -0.015230057176183802,
            -0.14005444933133518
        ]
    ]
}