{
    "MP-ID": "mp-2242301",
    "Material": "Ba2MgCrMoO6",
    "steinhart_vector": [
        [
            0.011311241998018506,
            0.00028763336105216226,
            0.005644700015054982,
            0.008943999717388162,
            0.0042570049605221445,
            0.005899305059718508,
            0.008382380676096859,
            0.004876461916575189,
            0.006011610903152061,
            0.008096550352005228,
            0.005175681482047465
        ],
        "Ba2MgCrMoO6"
    ],
    "steinhart_parameter_sum": 0.06888657044163127,
    "band_gap": 1.121499999999999,
    "oxidation_state": 3.0,
    "possible_species": [
        "Mg2+",
        "O2-",
        "Cr3+",
        "Ba2+",
        "Mo3+"
    ],
    "density": 4.988575552835869,
    "quadrupole moment": [
        [
            -9.964917969648925,
            0.08706968970638534,
            -0.009799927076606263
        ],
        [
            0.08706968970638534,
            -0.015180070212919054,
            0.12345656688327744
        ],
        [
            -0.009799927076606263,
            0.12345656688327744,
            -9.96570051350924
        ]
    ],
    "quadrupole moment normalized": [
        [
            -0.11261640658173644,
            0.0009795829276942202,
            -0.00016168832881571088
        ],
        [
            0.0009795829276942202,
            -0.00017157208191926907,
            0.0013955262826521476
        ],
        [
            -0.00016168832881571088,
            0.0013955262826521476,
            -0.11282355494991755
        ]
    ]
}