{
    "MP-ID": "mp-21048",
    "Material": "CrP",
    "steinhart_vector": [
        [
            0.0022044000494421453,
            0.0002802052811878304,
            0.0001799534977806726,
            0.0006504933399382919,
            0.001318382254699745,
            0.0008323944802443601,
            0.00060133521806612,
            0.0011010069092897022,
            0.000800760920974078,
            0.0009836823254253497,
            0.0006442027528849438
        ],
        "CrP"
    ],
    "steinhart_parameter_sum": 0.009596817029933239,
    "band_gap": 0.0,
    "oxidation_state": 3.0,
    "possible_species": [
        "P3-",
        "Cr3+"
    ],
    "density": 5.761224009975769,
    "quadrupole moment": [
        [
            -28.045164023186274,
            -7.413616403914541e-15,
            -1.924323501440522e-15
        ],
        [
            -7.413616403914541e-15,
            -33.88962083276449,
            -1.9388479931635167
        ],
        [
            -1.924323501440522e-15,
            -1.9388479931635167,
            -37.177509589177134
        ]
    ],
    "quadrupole moment normalized": [
        [
            -0.061883483709427915,
            6.327144969762203e-18,
            8.408199056723547e-18
        ],
        [
            6.327144969762203e-18,
            -0.07577251680100709,
            -0.004073727845635231
        ],
        [
            8.408199056723547e-18,
            -0.004073727845635231,
            -0.08046174832905265
        ]
    ]
}