{
    "MP-ID": "mp-27035",
    "Material": "LiCrP2O7",
    "steinhart_vector": [
        [
            0.007833505396444864,
            0.0002756383066845291,
            0.00048150995164792076,
            0.0009220519147449892,
            0.005741897522802793,
            0.0015267773122233455,
            0.002697516811204269,
            0.0017444260431703862,
            0.004870080224642668,
            0.002604170897596183,
            0.0028377098706961887
        ],
        "LiCrP2O7"
    ],
    "steinhart_parameter_sum": 0.03153528425185814,
    "band_gap": 2.874199999999999,
    "oxidation_state": 3.0,
    "possible_species": [
        "O2-",
        "Cr3+",
        "P5+",
        "Li+"
    ],
    "density": 3.316340573461061,
    "quadrupole moment": [
        [
            -16.705837788905633,
            -0.35557391977923514,
            -0.389189172837928
        ],
        [
            -0.35557391977923514,
            -16.883196847970623,
            -0.498173401445551
        ],
        [
            -0.389189172837928,
            -0.498173401445551,
            -14.388157383797731
        ]
    ],
    "quadrupole moment normalized": [
        [
            -0.13220181870982797,
            0.0008690449257848475,
            0.000728372621034281
        ],
        [
            0.0008690449257848475,
            -0.1317683420633458,
            0.0009323380285596941
        ],
        [
            0.000728372621034281,
            0.0009323380285596941,
            -0.11142636080717928
        ]
    ]
}