{
    "MP-ID": "mp-20450",
    "Material": "YCrB4",
    "steinhart_vector": [
        [
            0.007417325806655279,
            0.00010075467408578801,
            0.00266192109760832,
            0.00027065774299634077,
            0.002497468803657752,
            0.0006778664959605326,
            0.0022149326727417345,
            0.002717940459723524,
            0.001311876327116042,
            0.004101097660778696,
            0.0020869542741694396
        ],
        "YCrB4"
    ],
    "steinhart_parameter_sum": 0.02605879601549345,
    "band_gap": 0.1589,
    "oxidation_state": 5.0,
    "possible_species": [
        "Cr5+",
        "Y3+",
        "B2-"
    ],
    "density": 5.244562185547949,
    "quadrupole moment": [
        [
            -59.391452125242886,
            -3.552713678800501e-15,
            -8.881784197001252e-16
        ],
        [
            -3.552713678800501e-15,
            -22.334189708336574,
            0.6568851423874502
        ],
        [
            -8.881784197001252e-16,
            0.6568851423874502,
            -22.255134211969132
        ]
    ],
    "quadrupole moment normalized": [
        [
            -0.44052575054329557,
            4.163336342344337e-17,
            1.3877787807814457e-17
        ],
        [
            4.163336342344337e-17,
            -0.16510483087077327,
            0.001957198243779445
        ],
        [
            1.3877787807814457e-17,
            0.001957198243779445,
            -0.16436909409786393
        ]
    ]
}