{
    "MP-ID": "mp-2222872",
    "Material": "LaMgCrWO6",
    "steinhart_vector": [
        [
            0.007324260591194145,
            0.0002818324407637558,
            0.00037730811298773275,
            0.0007351918669152903,
            0.005462438354767593,
            0.0009369750869358439,
            0.002568744025412808,
            0.0015233123145607472,
            0.0048381411080959495,
            0.0015306582141073673,
            0.002831370089773015
        ],
        "LaMgCrWO6"
    ],
    "steinhart_parameter_sum": 0.02841023220551425,
    "band_gap": 2.162099999999999,
    "oxidation_state": 3.0,
    "possible_species": [
        "Mg2+",
        "O2-",
        "Cr3+",
        "La3+",
        "W4+"
    ],
    "density": 6.77605032354948,
    "quadrupole moment": [
        [
            -16.34383660090306,
            0.36665331430571957,
            0.4977247219703833
        ],
        [
            0.36665331430571957,
            -16.57474834169164,
            1.0639535908912854
        ],
        [
            0.4977247219703833,
            1.0639535908912854,
            -16.72374331590916
        ]
    ],
    "quadrupole moment normalized": [
        [
            -0.11771185102986786,
            -0.0013737839442100712,
            0.007160304316798181
        ],
        [
            -0.0013737839442100712,
            -0.12181275144671072,
            0.005109847441388827
        ],
        [
            0.007160304316798181,
            0.005109847441388827,
            -0.12340696187913924
        ]
    ]
}