{
    "MP-ID": "mp-25459",
    "Material": "Li3CrPCO7",
    "steinhart_vector": [
        [
            0.006233735480446429,
            0.000816407500784696,
            0.002076768744738656,
            0.0010724288520365958,
            0.004762596940783969,
            0.001595402999556723,
            0.0026703091721842942,
            0.001886293527459995,
            0.004097614728392345,
            0.002355384326622398,
            0.0025715290720629233
        ],
        "Li3CrPCO7"
    ],
    "steinhart_parameter_sum": 0.030138471345069022,
    "band_gap": 3.0078,
    "oxidation_state": 2.0,
    "possible_species": [
        "O2-",
        "Cr2+",
        "C4+",
        "Li+",
        "P5+"
    ],
    "density": 2.653646474379807,
    "quadrupole moment": [
        [
            -12.388755374164457,
            0.009598800867206832,
            0.7745076020783443
        ],
        [
            0.009598800867206832,
            -16.4934385797685,
            0.002217442154880867
        ],
        [
            0.7745076020783443,
            0.002217442154880867,
            -17.30214422766456
        ]
    ],
    "quadrupole moment normalized": [
        [
            -0.0476062100526841,
            1.7490084548545035e-05,
            0.019898816284608108
        ],
        [
            1.7490084548545035e-05,
            -0.1178670521103793,
            2.0504006134568638e-05
        ],
        [
            0.019898816284608108,
            2.0504006134568638e-05,
            -0.1112364236727179
        ]
    ]
}