{
    "MP-ID": "mp-28716",
    "Material": "Na2CrCl4",
    "steinhart_vector": [
        [
            0.0014296955370030448,
            3.3604291622341053e-19,
            0.00035191068379776693,
            3.0283946999459354e-19,
            0.0011075520066836724,
            3.4088952491462235e-19,
            0.0006196378452774694,
            4.2286522907645783e-19,
            0.0010363975879473578,
            5.048749939128987e-19,
            0.0007020162411911641
        ],
        "Na2CrCl4"
    ],
    "steinhart_parameter_sum": 0.005247209901900477,
    "band_gap": 0.0,
    "oxidation_state": 2.0,
    "possible_species": [
        "Na+",
        "Cr2+",
        "Cl-"
    ],
    "density": 2.422182650054098,
    "quadrupole moment": [
        [
            -11.317533931517566,
            -0.7346634270176144,
            -0.08897193984921836
        ],
        [
            -0.7346634270176144,
            -16.529197088333504,
            -2.8643637546410803
        ],
        [
            -0.08897193984921836,
            -2.8643637546410803,
            -12.982821705473228
        ]
    ],
    "quadrupole moment normalized": [
        [
            -0.01971897194464814,
            0.001205857412089405,
            0.002059819916732871
        ],
        [
            0.001205857412089405,
            -0.018393617483332292,
            0.003403911446728985
        ],
        [
            0.002059819916732871,
            0.003403911446728985,
            -0.015961301803042133
        ]
    ]
}