{
    "MP-ID": "mp-24117",
    "Material": "CrFeH18(NF)6",
    "steinhart_vector": [
        [
            0.007068676513334746,
            1.4390181281070215e-18,
            0.00028621906836095144,
            3.9058814258833925e-18,
            0.00537982631266483,
            3.680268053686671e-18,
            0.002569517201002502,
            7.483229852037629e-18,
            0.0050230509363544925,
            6.800686101136453e-18,
            0.0030309368707220827
        ],
        "CrFeH18(NF)6"
    ],
    "steinhart_parameter_sum": 0.023358226902439626,
    "band_gap": 4.0329,
    "oxidation_state": 3.0,
    "possible_species": [
        "Fe3+",
        "N3-",
        "Cr3+",
        "F-",
        "H+"
    ],
    "density": 2.0390983275461,
    "quadrupole moment": [
        [
            -26.973243731890364,
            1.0921785255062364,
            1.0921785255062382
        ],
        [
            1.0921785255062364,
            -26.973243731890356,
            1.0921785255062382
        ],
        [
            1.0921785255062382,
            1.0921785255062382,
            -26.973243731890367
        ]
    ],
    "quadrupole moment normalized": [
        [
            -0.19066513445606703,
            0.007720256691614514,
            0.007720256691614521
        ],
        [
            0.007720256691614514,
            -0.190665134456067,
            0.007720256691614517
        ],
        [
            0.007720256691614521,
            0.007720256691614517,
            -0.19066513445606706
        ]
    ]
}