{
    "MP-ID": "mp-2228921",
    "Material": "MgCrTe(WO6)2",
    "steinhart_vector": [
        [
            0.008743540606475031,
            0.0003129984647835181,
            0.0004911692538008827,
            0.0012191222886082536,
            0.00653308483889476,
            0.0010349147860056966,
            0.0030656564071590516,
            0.001961816654802009,
            0.005807592549005841,
            0.0017959268719066072,
            0.0034111291131089646
        ],
        "MgCrTe(WO6)2"
    ],
    "steinhart_parameter_sum": 0.03437695183455062,
    "band_gap": 0.579499999999999,
    "oxidation_state": 4.0,
    "possible_species": [
        "Mg2+",
        "O2-",
        "Te6+",
        "W6+",
        "Cr4+"
    ],
    "density": 6.091305846278522,
    "quadrupole moment": [
        [
            -15.530808243017738,
            0.20713024686828696,
            -0.5474141075394234
        ],
        [
            0.20713024686828696,
            -14.089372390745918,
            -0.022213661524102424
        ],
        [
            -0.5474141075394234,
            -0.022213661524102424,
            -16.01155024153618
        ]
    ],
    "quadrupole moment normalized": [
        [
            -0.1309594584840597,
            -0.003128344897457766,
            -0.004593165873489988
        ],
        [
            -0.003128344897457766,
            -0.1267472700747677,
            -0.005566001133560278
        ],
        [
            -0.004593165873489988,
            -0.005566001133560278,
            -0.13821830028842932
        ]
    ]
}