{
    "MP-ID": "mp-2225895",
    "Material": "MgNbCrO4",
    "steinhart_vector": [
        [
            0.006414236431062947,
            0.0004927358459700865,
            0.0008329970393915671,
            0.003341839046100523,
            0.0032099409926266685,
            0.002947076902362259,
            0.002466445700586093,
            0.003199267778451792,
            0.0024559664638499285,
            0.0027302065055061575,
            0.003633420058099359
        ],
        "MgNbCrO4"
    ],
    "steinhart_parameter_sum": 0.03172413276400738,
    "band_gap": 0.0,
    "oxidation_state": 2.0,
    "possible_species": [
        "Mg2+",
        "Cr2+",
        "Nb4+",
        "O2-"
    ],
    "density": 4.417796062388208,
    "quadrupole moment": [
        [
            -18.08030108000035,
            -1.9984014443252818e-15,
            -8.881784197001252e-16
        ],
        [
            -1.9984014443252818e-15,
            -13.092585738359595,
            -0.18307819514636936
        ],
        [
            -8.881784197001252e-16,
            -0.18307819514636936,
            -12.985528263520667
        ]
    ],
    "quadrupole moment normalized": [
        [
            -0.11758630458010716,
            -3.469446951953614e-18,
            1.0408340855860843e-17
        ],
        [
            -3.469446951953614e-18,
            -0.08368888354472483,
            -0.0031380230258733453
        ],
        [
            1.0408340855860843e-17,
            -0.0031380230258733453,
            -0.08185388172559585
        ]
    ]
}