{
    "MP-ID": "mp-2240153",
    "Material": "MgCrPbO3",
    "steinhart_vector": [
        [
            0.00694891796155235,
            8.650759194969379e-05,
            0.0017316546981198304,
            0.002480758452315415,
            0.004854534812804364,
            0.002311985892800019,
            0.0018699663742039916,
            0.003619931967519336,
            0.0034992503687002225,
            0.003384394050148495,
            0.0017491586825700387
        ],
        "MgCrPbO3"
    ],
    "steinhart_parameter_sum": 0.032537060852683757,
    "band_gap": 0.269499999999999,
    "oxidation_state": 2.0,
    "possible_species": [
        "Mg2+",
        "Cr2+",
        "Pb2+",
        "O2-"
    ],
    "density": 6.645101385824397,
    "quadrupole moment": [
        [
            -15.883862561794515,
            -0.2725206047251613,
            -0.22009421855994626
        ],
        [
            -0.2725206047251613,
            -11.070191819548175,
            -0.27606710126226475
        ],
        [
            -0.22009421855994626,
            -0.27606710126226475,
            -15.889554238798162
        ]
    ],
    "quadrupole moment normalized": [
        [
            -0.11840585043476239,
            -0.0015444187161982423,
            -0.001520342583660961
        ],
        [
            -0.0015444187161982423,
            -0.05696346225380572,
            -0.001564517290522024
        ],
        [
            -0.001520342583660961,
            -0.001564517290522024,
            -0.118445166773818
        ]
    ]
}