{
    "MP-ID": "mp-2223659",
    "Material": "MgCr(CoO3)2",
    "steinhart_vector": [
        [
            0.007526753571406775,
            0.00012557325058712586,
            0.0005525522897245625,
            0.0002072509788537935,
            0.005684184658458769,
            0.0002221962115683662,
            0.0028768648229019417,
            0.000348154339933094,
            0.005224734461147421,
            0.00035053827727512106,
            0.003446761842742192
        ],
        "MgCr(CoO3)2"
    ],
    "steinhart_parameter_sum": 0.026565564704599157,
    "band_gap": 0.0966,
    "oxidation_state": 3.0,
    "possible_species": [
        "Mg2+",
        "Co4+",
        "Cr3+",
        "O2-",
        "Co3+"
    ],
    "density": 4.464894447643088,
    "quadrupole moment": [
        [
            -15.940646126188662,
            -0.18354875233934342,
            -1.9118350875097594
        ],
        [
            -0.18354875233934342,
            -16.705743418607582,
            0.4357915101598473
        ],
        [
            -1.9118350875097594,
            0.4357915101598473,
            -16.28697756402535
        ]
    ],
    "quadrupole moment normalized": [
        [
            -0.12446854467904009,
            0.0002457925527758753,
            -0.014552182954219239
        ],
        [
            0.0002457925527758753,
            -0.1234755656093683,
            0.003329246141234962
        ],
        [
            -0.014552182954219239,
            0.003329246141234962,
            -0.12005525591767474
        ]
    ]
}