{
    "MP-ID": "mp-2218252",
    "Material": "MgCr(WO4)2",
    "steinhart_vector": [
        [
            0.007461960615449773,
            0.0002767657812349541,
            0.0011436628001803197,
            0.00045036428864645675,
            0.005360884819884509,
            0.0007676022699249068,
            0.0034305442169959995,
            0.0009680328336192127,
            0.004463241952895945,
            0.0012494436983183426,
            0.00411014007604313
        ],
        "MgCr(WO4)2"
    ],
    "steinhart_parameter_sum": 0.029682643353193552,
    "band_gap": 2.3053,
    "oxidation_state": 2.0,
    "possible_species": [
        "Mg2+",
        "Cr2+",
        "O2-",
        "W6+"
    ],
    "density": 5.457359627130711,
    "quadrupole moment": [
        [
            -17.129249697761743,
            -1.862317380201942,
            -2.884949672901607
        ],
        [
            -1.862317380201942,
            -13.528777229939486,
            0.8755624684587677
        ],
        [
            -2.884949672901607,
            0.8755624684587677,
            -18.477483634355814
        ]
    ],
    "quadrupole moment normalized": [
        [
            -0.12721677469086068,
            -0.015368390194364142,
            -0.02129103970449956
        ],
        [
            -0.015368390194364142,
            -0.1020863603172527,
            0.006126719741174576
        ],
        [
            -0.02129103970449956,
            0.006126719741174576,
            -0.137135128275989
        ]
    ]
}