{
    "MP-ID": "mp-27259",
    "Material": "CsCrI3",
    "steinhart_vector": [
        [
            0.00027557975905554826,
            2.0674182148496542e-20,
            1.1724196644114793e-05,
            8.867646216175624e-20,
            0.00020966132002283073,
            9.461962390831012e-20,
            0.0001004546555436504,
            1.458145674289263e-19,
            0.00019561600532653724,
            1.6074094892821458e-19,
            0.0001186428269848048
        ],
        "CsCrI3"
    ],
    "steinhart_parameter_sum": 0.0009116787635774868,
    "band_gap": 0.0,
    "oxidation_state": 2.0,
    "possible_species": [
        "Cr2+",
        "Cs+",
        "I-"
    ],
    "density": 4.595471590570692,
    "quadrupole moment": [
        [
            -15.84482115396455,
            4.154071575612761e-08,
            -4.286288223154244e-05
        ],
        [
            4.154071575612761e-08,
            -15.844821105997465,
            2.4746896518657024e-05
        ],
        [
            -4.286288223154244e-05,
            2.4746896518657024e-05,
            -17.956974422521505
        ]
    ],
    "quadrupole moment normalized": [
        [
            -0.0043665177744099835,
            1.0020224730359663e-08,
            3.2563815884241454e-09
        ],
        [
            1.0020224730359663e-08,
            -0.0043665062040510235,
            -1.880072780726001e-09
        ],
        [
            3.2563815884241454e-09,
            -1.880072780726001e-09,
            -0.004948578684725119
        ]
    ]
}