{
    "MP-ID": "mp-2241091",
    "Material": "MgV3CrO10",
    "steinhart_vector": [
        [
            0.01360917595655737,
            0.00023080658479822792,
            0.0008202732344036473,
            0.01012875036592116,
            0.006904370012647956,
            0.0012202407426258656,
            0.008537961993108458,
            0.008237402566683195,
            0.003247604457401585,
            0.007107951977110704,
            0.008672932148965331
        ],
        "MgV3CrO10"
    ],
    "steinhart_parameter_sum": 0.06871747004022351,
    "band_gap": 0.7464000000000001,
    "oxidation_state": 5.0,
    "possible_species": [
        "Mg2+",
        "O2-",
        "V4+",
        "Cr5+",
        "V5+"
    ],
    "density": 3.000182149941945,
    "quadrupole moment": [
        [
            -8.22116390224351,
            -0.27559446323621006,
            -0.021437470098736977
        ],
        [
            -0.27559446323621006,
            -8.370807307725446,
            -0.029308897709374615
        ],
        [
            -0.021437470098736977,
            -0.029308897709374615,
            -7.684048426342692
        ]
    ],
    "quadrupole moment normalized": [
        [
            -0.11104515658197911,
            -0.0029850003841738635,
            0.0038390843949587874
        ],
        [
            -0.0029850003841738635,
            -0.11522021619510417,
            -0.004772749775516715
        ],
        [
            0.0038390843949587874,
            -0.004772749775516715,
            -0.10355551450705242
        ]
    ]
}