{
    "MP-ID": "mp-27179",
    "Material": "CsCrBr3",
    "steinhart_vector": [
        [
            0.0005638569581532214,
            6.524175523332331e-07,
            3.110842467384559e-05,
            1.8102405597151816e-06,
            0.0004278422667797679,
            1.0518452186739061e-06,
            0.0002096092354041953,
            2.6753236456713343e-06,
            0.0003970937383337349,
            1.8501000752837355e-06,
            0.0002496339535951767
        ],
        "CsCrBr3"
    ],
    "steinhart_parameter_sum": 0.0018871845039916191,
    "band_gap": 0.0,
    "oxidation_state": 2.0,
    "possible_species": [
        "Br-",
        "Cr2+",
        "Cs+"
    ],
    "density": 4.164932248951431,
    "quadrupole moment": [
        [
            -13.45126165615474,
            -7.958141374775352e-07,
            3.778670775078652e-05
        ],
        [
            -7.958141374775352e-07,
            -13.451262575081625,
            -2.1816167383503782e-05
        ],
        [
            3.778670775078652e-05,
            -2.1816167383503782e-05,
            -15.807964478741996
        ]
    ],
    "quadrupole moment normalized": [
        [
            -0.007584577535765706,
            -1.7673823952740406e-08,
            -5.1012441937715175e-09
        ],
        [
            -1.7673823952740406e-08,
            -0.007584597943736951,
            2.945204910682897e-09
        ],
        [
            -5.1012441937715175e-09,
            2.945204910682897e-09,
            -0.008913298814069302
        ]
    ]
}