{
    "MP-ID": "mp-2214497",
    "Material": "Mn5Cr(PO4)6",
    "steinhart_vector": [
        [
            0.007848620042109143,
            0.0002885626375104119,
            0.0001771750818340563,
            0.0013922791292497344,
            0.005652574347273047,
            0.0016435101911973268,
            0.002503962817462625,
            0.0025837422427773754,
            0.0045451068641039405,
            0.0026527560316458275,
            0.002541917260029616
        ],
        "Mn5Cr(PO4)6"
    ],
    "steinhart_parameter_sum": 0.03183020664519311,
    "band_gap": 0.324,
    "oxidation_state": 5.0,
    "possible_species": [
        "O2-",
        "Mn3+",
        "Mn2+",
        "Cr5+",
        "P5+"
    ],
    "density": 3.327458178783278,
    "quadrupole moment": [
        [
            -16.73956475401249,
            0.7000305698006657,
            -0.1306788860543271
        ],
        [
            0.7000305698006657,
            -15.623760215305257,
            0.05449123955962065
        ],
        [
            -0.1306788860543271,
            0.05449123955962065,
            -15.635577126251475
        ]
    ],
    "quadrupole moment normalized": [
        [
            -0.13021327741483854,
            0.0023628411939233575,
            -0.0010101091203936902
        ],
        [
            0.0023628411939233575,
            -0.12165619107922881,
            -0.0012399376281287643
        ],
        [
            -0.0010101091203936902,
            -0.0012399376281287643,
            -0.12371219425699707
        ]
    ]
}