{
    "MP-ID": "mp-21440",
    "Material": "NbCrGe",
    "steinhart_vector": [
        [
            0.0008198984147141591,
            9.033521041386225e-05,
            0.00016842173099597494,
            0.0005745638965410524,
            0.0003892454953281423,
            0.0003178341666288043,
            0.000488734493579505,
            0.00036884802431199867,
            0.0003795850604674401,
            0.0004998323066583266,
            0.0003464055649819471
        ],
        "NbCrGe"
    ],
    "steinhart_parameter_sum": 0.004443704364621213,
    "band_gap": 0.0,
    "oxidation_state": 2.0,
    "possible_species": [
        "Nb2+",
        "Cr2+",
        "Ge4-"
    ],
    "density": 8.084538900587441,
    "quadrupole moment": [
        [
            -45.85927742302304,
            1.6477766315858844e-06,
            -1.3336082670544584e-15
        ],
        [
            1.6477766315858844e-06,
            -30.55360676833686,
            -3.240439980120804e-15
        ],
        [
            -1.3336082670544584e-15,
            -3.240439980120804e-15,
            -22.812850951199998
        ]
    ],
    "quadrupole moment normalized": [
        [
            -0.03780614667142673,
            -7.998143449622352e-10,
            -9.738805413503526e-19
        ],
        [
            -7.998143449622352e-10,
            -0.0223120667019316,
            -2.3663627432215625e-18
        ],
        [
            -9.738805413503526e-19,
            -2.3663627432215625e-18,
            -0.020749135722818952
        ]
    ]
}