{
    "MP-ID": "mp-24480",
    "Material": "CrH17N4Cl2O3",
    "steinhart_vector": [
        [
            0.007293211145771289,
            0.00015485238609218538,
            0.00027874851808296444,
            0.0008162523855024451,
            0.0054233171965028274,
            0.0009852485501355749,
            0.0025105673046118765,
            0.0016371546548566388,
            0.004764725764093122,
            0.0016606683090189134,
            0.0027307501547830433
        ],
        "CrH17N4Cl2O3"
    ],
    "steinhart_parameter_sum": 0.02825549636945088,
    "band_gap": 3.6068,
    "oxidation_state": 3.0,
    "possible_species": [
        "N3-",
        "O2-",
        "Cr3+",
        "H+",
        "Cl-"
    ],
    "density": 1.560336693267667,
    "quadrupole moment": [
        [
            -21.12628435406612,
            -0.4269162591313625,
            -0.02371307535419387
        ],
        [
            -0.4269162591313625,
            -26.811629727925702,
            0.27833129562206577
        ],
        [
            -0.02371307535419387,
            0.27833129562206577,
            -21.984426862510613
        ]
    ],
    "quadrupole moment normalized": [
        [
            -0.1541754783868335,
            -0.0032972532961999556,
            -0.0006312817814766031
        ],
        [
            -0.0032972532961999556,
            -0.19057791349377046,
            0.0018162334590652875
        ],
        [
            -0.0006312817814766031,
            0.0018162334590652875,
            -0.16163281908170452
        ]
    ]
}