{
    "MP-ID": "mp-20772",
    "Material": "CaCrO3",
    "steinhart_vector": [
        [
            0.008633915605627221,
            2.7772711511121515e-06,
            0.0004694359162233698,
            1.409444899921776e-05,
            0.006596519601990976,
            1.2052633920214743e-05,
            0.0030959444651371434,
            2.2910912520094127e-05,
            0.006196283956310858,
            2.2417032628259102e-05,
            0.003601932562276356
        ],
        "CaCrO3"
    ],
    "steinhart_parameter_sum": 0.02866828440678482,
    "band_gap": 0.40690000000000004,
    "oxidation_state": 4.0,
    "possible_species": [
        "Ca2+",
        "O2-",
        "Cr4+"
    ],
    "density": 4.222917142537827,
    "quadrupole moment": [
        [
            -15.226857399119837,
            -0.73137871259603,
            -0.10139418204297324
        ],
        [
            -0.73137871259603,
            -15.5567602144274,
            0.2616420160084919
        ],
        [
            -0.10139418204297324,
            0.2616420160084919,
            -14.971324797682914
        ]
    ],
    "quadrupole moment normalized": [
        [
            -0.1327830714563486,
            0.004116686301794969,
            8.439186249726335e-05
        ],
        [
            0.004116686301794969,
            -0.12803223233477762,
            0.005010847350662066
        ],
        [
            8.439186249726335e-05,
            0.005010847350662066,
            -0.1331363970252569
        ]
    ]
}