{
    "MP-ID": "mp-27042",
    "Material": "CrPO4",
    "steinhart_vector": [
        [
            0.007188831260799018,
            0.000501382533416306,
            0.0008775075026760679,
            0.0028131706123050056,
            0.0036209408601119856,
            0.003904661159930034,
            0.0019273666080796559,
            0.002042535438627651,
            0.003707393721835107,
            0.0037142777521907925,
            0.0020996963162043716
        ],
        "CrPO4"
    ],
    "steinhart_parameter_sum": 0.032397763766175994,
    "band_gap": 1.5832000000000002,
    "oxidation_state": 3.0,
    "possible_species": [
        "O2-",
        "Cr3+",
        "P5+"
    ],
    "density": 3.417113987520391,
    "quadrupole moment": [
        [
            -19.796080232580582,
            -1.1935543404343736,
            -0.2425271173062491
        ],
        [
            -1.1935543404343736,
            -14.68128105084967,
            1.9986687825249372
        ],
        [
            -0.2425271173062491,
            1.9986687825249372,
            -16.805951951968215
        ]
    ],
    "quadrupole moment normalized": [
        [
            -0.14028803837969853,
            -0.0007273684259721941,
            0.007174312106115686
        ],
        [
            -0.0007273684259721941,
            -0.10905489789508802,
            -0.002109676068828125
        ],
        [
            0.007174312106115686,
            -0.002109676068828125,
            -0.10749830288427849
        ]
    ]
}