{
    "MP-ID": "mp-24099",
    "Material": "KCrH18N6(ClO2)4",
    "steinhart_vector": [
        [
            0.007153530561957066,
            7.845300522053103e-19,
            0.0003286278307489536,
            2.1596810311633574e-18,
            0.005438896074131372,
            2.469028556288288e-18,
            0.0026203285589700355,
            3.831327657860959e-18,
            0.005068091236927214,
            4.351070832471728e-18,
            0.003101432320397539
        ],
        "KCrH18N6(ClO2)4"
    ],
    "steinhart_parameter_sum": 0.023710906583132192,
    "band_gap": 3.819,
    "oxidation_state": 3.0,
    "possible_species": [
        "N0.33-",
        "K+",
        "O2-",
        "Cr3+",
        "H+",
        "Cl-"
    ],
    "density": 1.8874308359835492,
    "quadrupole moment": [
        [
            -3.036700598283713,
            0.030471569660333764,
            0.12783024222330774
        ],
        [
            0.030471569660333764,
            -3.0656366208376675,
            0.08081320958077934
        ],
        [
            0.12783024222330774,
            0.08081320958077934,
            -2.7458835857231634
        ]
    ],
    "quadrupole moment normalized": [
        [
            -0.021723129831227497,
            0.0002179786072945061,
            0.0009144394599805484
        ],
        [
            0.0002179786072945061,
            -0.021930123890518256,
            0.0005781009755050632
        ],
        [
            0.0009144394599805484,
            0.0005781009755050632,
            -0.019642764224653636
        ]
    ]
}