{
    "MP-ID": "mp-2041196",
    "Material": "Rb2CrF6",
    "steinhart_vector": [
        [
            0.009865439359784905,
            2.446481770811508e-18,
            0.0003603698831459268,
            1.8012489779439765e-18,
            0.007538443631338207,
            3.4730124965757636e-18,
            0.0035042110190899164,
            3.628892472914924e-18,
            0.007088517733546341,
            5.9752296988070365e-18,
            0.004072160147001107
        ],
        "Rb2CrF6"
    ],
    "steinhart_parameter_sum": 0.03242914177390642,
    "band_gap": 1.876399999999999,
    "oxidation_state": 4.0,
    "possible_species": [
        "F-",
        "Rb+",
        "Cr4+"
    ],
    "density": 3.684348704832016,
    "quadrupole moment": [
        [
            -6.654317947521459,
            0.086089511136062,
            0.11087383603384104
        ],
        [
            0.086089511136062,
            -6.710452059157861,
            -0.1527649039044341
        ],
        [
            0.11087383603384104,
            -0.1527649039044341,
            -6.791990716105812
        ]
    ],
    "quadrupole moment normalized": [
        [
            -0.06681900730824837,
            -0.0008328181300839583,
            -0.001072057985063466
        ],
        [
            -0.0008328181300839583,
            -0.06627602911087835,
            0.0014770600418263363
        ],
        [
            -0.001072057985063466,
            0.0014770600418263363,
            -0.065487236714943
        ]
    ]
}