{
    "MP-ID": "mp-2226708",
    "Material": "MgVCrP2(O4F)2",
    "steinhart_vector": [
        [
            0.007628161796505741,
            0.00018847509366106161,
            0.0002763565924003842,
            0.000746849640466997,
            0.0057713052533618385,
            0.0005946172315978479,
            0.00269199671291125,
            0.0011344394953407173,
            0.005299548849849189,
            0.0010795073856928825,
            0.003076436722796172
        ],
        "MgVCrP2(O4F)2"
    ],
    "steinhart_parameter_sum": 0.02848769477458408,
    "band_gap": 2.2048,
    "oxidation_state": 3.0,
    "possible_species": [
        "Mg2+",
        "O2-",
        "Cr3+",
        "V3+",
        "F-",
        "P5+"
    ],
    "density": 3.235297627661582,
    "quadrupole moment": [
        [
            -11.113091481726515,
            2.753567270675589,
            2.631318531780099
        ],
        [
            2.753567270675589,
            -14.615185452077565,
            2.09069988536229
        ],
        [
            2.631318531780099,
            2.09069988536229,
            -14.205929933383327
        ]
    ],
    "quadrupole moment normalized": [
        [
            -0.0841528863785323,
            0.023721304727041002,
            0.02202535412273419
        ],
        [
            0.023721304727041002,
            -0.11403086876732593,
            0.01623993729793423
        ],
        [
            0.02202535412273419,
            0.01623993729793423,
            -0.10832191488250728
        ]
    ]
}