{
    "MP-ID": "mp-28532",
    "Material": "CrInBr3",
    "steinhart_vector": [
        [
            0.0005498752781700832,
            5.533125642208002e-06,
            0.0001349498790024732,
            4.517120469439408e-05,
            0.0004221064063726631,
            5.007735337173786e-05,
            0.00023399340383272553,
            8.04064920660767e-05,
            0.0003859691876014725,
            8.97024411679169e-05,
            0.0002572405237691859
        ],
        "CrInBr3"
    ],
    "steinhart_parameter_sum": 0.002255025295690937,
    "band_gap": 0.0,
    "oxidation_state": 2.0,
    "possible_species": [
        "Br-",
        "Cr2+",
        "In+"
    ],
    "density": 4.376033208199131,
    "quadrupole moment": [
        [
            -12.788059269717248,
            1.2365054907108324,
            0.33978924109944963
        ],
        [
            1.2365054907108324,
            -18.497191751010668,
            -3.3099806357208106
        ],
        [
            0.33978924109944963,
            -3.3099806357208106,
            -14.742123877550053
        ]
    ],
    "quadrupole moment normalized": [
        [
            -0.008291324844994133,
            -0.0006357309000376871,
            -0.00107744853998697
        ],
        [
            -0.0006357309000376871,
            -0.008092307603279622,
            0.0013687915984714678
        ],
        [
            -0.00107744853998697,
            0.0013687915984714678,
            -0.006973726426790774
        ]
    ]
}