{
    "MP-ID": "mp-2224753",
    "Material": "MgNbCrO4",
    "steinhart_vector": [
        [
            0.006197052613732996,
            4.156461651997091e-06,
            0.003103926626688099,
            7.639203652971325e-06,
            0.005130177978621951,
            5.17216583028594e-06,
            0.00365338295822337,
            1.042415268540248e-05,
            0.0049227739346248715,
            7.823712708468925e-06,
            0.0038438863326043893
        ],
        "MgNbCrO4"
    ],
    "steinhart_parameter_sum": 0.026886416141024803,
    "band_gap": 0.0,
    "oxidation_state": 2.0,
    "possible_species": [
        "Mg2+",
        "Cr2+",
        "Nb4+",
        "O2-"
    ],
    "density": 4.307279496155099,
    "quadrupole moment": [
        [
            -18.577460129507383,
            -4.440892098500626e-16,
            -1.7763568394002505e-15
        ],
        [
            -4.440892098500626e-16,
            -2.1431273144936496,
            -5.709194028896283
        ],
        [
            -1.7763568394002505e-15,
            -5.709194028896283,
            -15.209034124641384
        ]
    ],
    "quadrupole moment normalized": [
        [
            -0.11512533298267956,
            3.469446951953614e-18,
            3.469446951953614e-18
        ],
        [
            3.469446951953614e-18,
            -0.013281072725845446,
            -0.03538017577908052
        ],
        [
            3.469446951953614e-18,
            -0.03538017577908052,
            -0.09425118467446322
        ]
    ]
}