{
    "MP-ID": "mp-20861",
    "Material": "CrGe",
    "steinhart_vector": [
        [
            0.0007390367526413875,
            2.256367885706002e-05,
            0.00010498583994437132,
            0.00026428744037789126,
            0.00018926793359132248,
            0.00038999815844162984,
            0.0003338486792847934,
            0.0002554090663458059,
            0.00014835764885053895,
            0.0002188520510797732,
            0.0004176436864046711
        ],
        "CrGe"
    ],
    "steinhart_parameter_sum": 0.003084250935819245,
    "band_gap": 0.0,
    "oxidation_state": 2.0,
    "possible_species": [
        "Cr2+",
        "Ge2-"
    ],
    "density": 7.639572970045499,
    "quadrupole moment": [
        [
            -30.59496328690353,
            -4.591993617376581,
            -4.59199361737658
        ],
        [
            -4.591993617376581,
            -30.59496328690353,
            -4.5919936173765805
        ],
        [
            -4.59199361737658,
            -4.5919936173765805,
            -30.59496328690353
        ]
    ],
    "quadrupole moment normalized": [
        [
            -0.02236557927787288,
            -0.003192144731562984,
            -0.00319214473156298
        ],
        [
            -0.003192144731562984,
            -0.02236557927787288,
            -0.003192144731562983
        ],
        [
            -0.00319214473156298,
            -0.003192144731562983,
            -0.022365579277872888
        ]
    ]
}