{
    "MP-ID": "mp-21395",
    "Material": "CrO2",
    "steinhart_vector": [
        [
            0.0088143134399267,
            2.0855321414962068e-18,
            0.0008652519844883087,
            2.1700052637954614e-18,
            0.0066075476975978875,
            1.895884092100347e-18,
            0.0035425227502432857,
            2.6072856932001964e-18,
            0.006016195815527061,
            2.6550272693097568e-18,
            0.0042497931570770866
        ],
        "CrO2"
    ],
    "steinhart_parameter_sum": 0.030095624844860343,
    "band_gap": 0.0,
    "oxidation_state": 4.0,
    "possible_species": [
        "O2-",
        "Cr4+"
    ],
    "density": 4.637168014737258,
    "quadrupole moment": [
        [
            -17.83196202324101,
            0.00022121852054191038,
            0.00020437547954266222
        ],
        [
            0.00022121852054191038,
            -13.57516221492828,
            0.9900411647945215
        ],
        [
            0.00020437547954266222,
            0.9900411647945215,
            -13.805327738123921
        ]
    ],
    "quadrupole moment normalized": [
        [
            -0.1530863151307195,
            -2.2570890321205184e-06,
            -2.183185476133803e-06
        ],
        [
            -2.2570890321205184e-06,
            -0.12121615570417234,
            0.013538111858745837
        ],
        [
            -2.183185476133803e-06,
            0.013538111858745837,
            -0.12394944870580964
        ]
    ]
}