{
    "MP-ID": "mp-2215985",
    "Material": "Sr2MgZrCrO6",
    "steinhart_vector": [
        [
            0.008095170858438649,
            1.9986278403590056e-18,
            0.0040477364105967785,
            2.8625245834787647e-18,
            0.006711933479876284,
            2.9226496632196938e-18,
            0.004746777858965056,
            4.8447241869414886e-18,
            0.00645889313554246,
            5.644033286101518e-18,
            0.004971261378977198
        ],
        "Sr2MgZrCrO6"
    ],
    "steinhart_parameter_sum": 0.03503177312239645,
    "band_gap": 1.114599999999999,
    "oxidation_state": 2.0,
    "possible_species": [
        "Mg2+",
        "O2-",
        "Zr4+",
        "Sr2+",
        "Cr2+"
    ],
    "density": 4.225173504405176,
    "quadrupole moment": [
        [
            -3.6639999286015255,
            6.667358725621272,
            9.392056483048528e-05
        ],
        [
            6.667358725621272,
            -12.132552740819833,
            -0.0001709066893131883
        ],
        [
            9.392056483048528e-05,
            -0.0001709066893131883,
            -15.639787808575361
        ]
    ],
    "quadrupole moment normalized": [
        [
            -0.02966070544135635,
            0.05397340804752418,
            -7.576944773771827e-07
        ],
        [
            0.05397340804752418,
            -0.09821508736615314,
            1.3787721024893784e-06
        ],
        [
            -7.576944773771827e-07,
            1.3787721024893784e-06,
            -0.12660675444784628
        ]
    ]
}