{
    "MP-ID": "mp-26910",
    "Material": "Cr(PO3)3",
    "steinhart_vector": [
        [
            0.008032287509633135,
            3.723777282194094e-06,
            0.00017814684664574918,
            0.00025242143409493937,
            0.006116777498143278,
            0.00031167747460192065,
            0.00285263213190967,
            0.0005152817227620765,
            0.00571083493609042,
            0.0005521871929563224,
            0.003312624062966643
        ],
        "Cr(PO3)3"
    ],
    "steinhart_parameter_sum": 0.027838594587086346,
    "band_gap": 3.2441,
    "oxidation_state": 3.0,
    "possible_species": [
        "O2-",
        "Cr3+",
        "P5+"
    ],
    "density": 2.646862844047327,
    "quadrupole moment": [
        [
            -16.186720475777523,
            0.053694570722511104,
            0.02330918910571267
        ],
        [
            0.053694570722511104,
            -16.061666981720744,
            0.04001363104451537
        ],
        [
            0.02330918910571267,
            0.04001363104451537,
            -15.090549412437156
        ]
    ],
    "quadrupole moment normalized": [
        [
            -0.1297094335429438,
            0.000398732450151764,
            0.0005788359309038052
        ],
        [
            0.000398732450151764,
            -0.1293036667191512,
            0.00036646691059725176
        ],
        [
            0.0005788359309038052,
            0.00036646691059725176,
            -0.12122466782020805
        ]
    ]
}