{
    "MP-ID": "mp-27630",
    "Material": "CrCl3",
    "steinhart_vector": [
        [
            0.0019254444814145056,
            5.634698041446205e-07,
            2.983285170727007e-05,
            0.0001549713716659235,
            0.001451235920360318,
            0.00019549471562826657,
            0.0006658806899394958,
            0.00031052429427273314,
            0.0013184320779897913,
            0.0003423773471495205,
            0.0007448192004008623
        ],
        "CrCl3"
    ],
    "steinhart_parameter_sum": 0.007139576420332832,
    "band_gap": 0.14679999999999901,
    "oxidation_state": 3.0,
    "possible_species": [
        "Cr3+",
        "Cl-"
    ],
    "density": 2.814324851685975,
    "quadrupole moment": [
        [
            -11.215343044799663,
            0.024695578762668424,
            0.07122595722447667
        ],
        [
            0.024695578762668424,
            -11.187256786141448,
            0.1321824810933221
        ],
        [
            0.07122595722447667,
            0.1321824810933221,
            -10.76097656308955
        ]
    ],
    "quadrupole moment normalized": [
        [
            -0.021591933480708127,
            4.5507756084722036e-05,
            0.0001389537342358733
        ],
        [
            4.5507756084722036e-05,
            -0.02154129285724094,
            0.00025705679681989606
        ],
        [
            0.0001389537342358733,
            0.00025705679681989606,
            -0.020721385134365205
        ]
    ]
}