{
    "MP-ID": "mp-26458",
    "Material": "CrP2O7",
    "steinhart_vector": [
        [
            0.00895067885320438,
            0.00021883254252511668,
            0.0003109870033678547,
            0.0007603715036418461,
            0.006760768371077498,
            0.0008852431590832102,
            0.0031097262615165794,
            0.001390319909489246,
            0.006170611667112719,
            0.0015399517876787088,
            0.0034886192001280466
        ],
        "CrP2O7"
    ],
    "steinhart_parameter_sum": 0.03358611025882521,
    "band_gap": 0.0,
    "oxidation_state": 4.0,
    "possible_species": [
        "O2-",
        "P5+",
        "Cr4+"
    ],
    "density": 2.944129850003125,
    "quadrupole moment": [
        [
            -14.806962364717641,
            -0.17773635190718817,
            0.2961755840032838
        ],
        [
            -0.17773635190718817,
            -15.107635405901267,
            0.3166707362769068
        ],
        [
            0.2961755840032838,
            0.3166707362769068,
            -15.01435046798694
        ]
    ],
    "quadrupole moment normalized": [
        [
            -0.1367667646295931,
            0.00016280491830347223,
            -0.000366083071266364
        ],
        [
            0.00016280491830347223,
            -0.1348923585427708,
            -0.0022963716213576686
        ],
        [
            -0.000366083071266364,
            -0.0022963716213576686,
            -0.12947372798282697
        ]
    ]
}