{
    "MP-ID": "mp-2237154",
    "Material": "Cr(GeO3)2",
    "steinhart_vector": [
        [
            0.0085229663412731,
            0.00029476767680464014,
            0.0007998428040895515,
            0.0025499574071997967,
            0.005622165790572681,
            0.0025325717835535514,
            0.0028073167212546504,
            0.003770159162355997,
            0.0037690747131871156,
            0.0036543271593605492,
            0.0031866940125245217
        ],
        "Cr(GeO3)2"
    ],
    "steinhart_parameter_sum": 0.037509843572176155,
    "band_gap": 0.6980000000000001,
    "oxidation_state": 4.0,
    "possible_species": [
        "O2-",
        "Ge4+",
        "Cr4+"
    ],
    "density": 4.211510356863677,
    "quadrupole moment": [
        [
            -17.029581539583642,
            0.17914675326917534,
            -1.1765908712260629
        ],
        [
            0.17914675326917534,
            -14.041573678907119,
            -0.8097577711705395
        ],
        [
            -1.1765908712260629,
            -0.8097577711705395,
            -15.624681059750232
        ]
    ],
    "quadrupole moment normalized": [
        [
            -0.13544220711438226,
            0.00037916664713159897,
            -0.007953829575102041
        ],
        [
            0.00037916664713159897,
            -0.13198151846125575,
            -0.01311617138045508
        ],
        [
            -0.007953829575102041,
            -0.01311617138045508,
            -0.12215444509904473
        ]
    ]
}