{
    "MP-ID": "mp-23830",
    "Material": "CrH36C12S6(ClO2)3",
    "steinhart_vector": [
        [
            0.007750391252859645,
            4.767808868921864e-18,
            0.00023143378680662592,
            1.0529087452629166e-17,
            0.005908149566905908,
            6.972364864467532e-18,
            0.0027824945872005616,
            1.3549341642529274e-17,
            0.005533812138068228,
            1.2271644138628476e-17,
            0.003263041640746294
        ],
        "CrH36C12S6(ClO2)3"
    ],
    "steinhart_parameter_sum": 0.025469322972587312,
    "band_gap": 2.6565000000000003,
    "oxidation_state": 3.0,
    "possible_species": [
        "O2-",
        "Cr3+",
        "C2-",
        "C-",
        "H+",
        "Cl-",
        "S-"
    ],
    "density": 1.424771388804025,
    "quadrupole moment": [
        [
            -16.160732329747162,
            0.28997483898241605,
            0.5659853594887072
        ],
        [
            0.28997483898241605,
            -16.324086446963996,
            0.42858806291042306
        ],
        [
            0.5659853594887072,
            0.42858806291042306,
            -15.707124505977784
        ]
    ],
    "quadrupole moment normalized": [
        [
            -0.12525198445788097,
            0.0022474173743319194,
            0.004386608792020248
        ],
        [
            0.0022474173743319194,
            -0.12651804523633678,
            0.0033217405868381546
        ],
        [
            0.004386608792020248,
            0.0033217405868381546,
            -0.1217363859822369
        ]
    ]
}