{
    "MP-ID": "mp-2224999",
    "Material": "MgV3CrO10",
    "steinhart_vector": [
        [
            0.011813832306768638,
            0.00014664484349894528,
            0.002236213165807154,
            0.00858967027741512,
            0.0057091772521247735,
            0.0035356746246655445,
            0.007245916921252362,
            0.006238962023479999,
            0.0046710441676619295,
            0.006672418338143636,
            0.006166268828707797
        ],
        "MgV3CrO10"
    ],
    "steinhart_parameter_sum": 0.0630258227495259,
    "band_gap": 0.7242000000000001,
    "oxidation_state": 5.0,
    "possible_species": [
        "Mg2+",
        "O2-",
        "V4+",
        "Cr5+",
        "V5+"
    ],
    "density": 2.782365918659763,
    "quadrupole moment": [
        [
            -7.131859100163076,
            -0.16259644878136925,
            -0.13146831697864858
        ],
        [
            -0.16259644878136925,
            -8.828712562448578,
            -0.71883886374016
        ],
        [
            -0.13146831697864858,
            -0.71883886374016,
            -10.23308194681872
        ]
    ],
    "quadrupole moment normalized": [
        [
            -0.07673444055323589,
            -0.002883717541554127,
            -0.0022426883160678937
        ],
        [
            -0.002883717541554127,
            -0.11285759432189066,
            -0.01681888955850555
        ],
        [
            -0.0022426883160678937,
            -0.01681888955850555,
            -0.11713183814362571
        ]
    ]
}