{
    "MP-ID": "mp-2215802",
    "Material": "MgTiV2CrO10",
    "steinhart_vector": [
        [
            0.011916499799280781,
            2.7357497725869093e-18,
            0.002176493513806043,
            0.008482728300480113,
            0.005705721019704759,
            0.004099144652154605,
            0.007049957564902685,
            0.005765653001950997,
            0.005425644498032636,
            0.006896241719485918,
            0.0050705356421271485
        ],
        "MgTiV2CrO10"
    ],
    "steinhart_parameter_sum": 0.0625886197119257,
    "band_gap": 1.5419,
    "oxidation_state": 4.0,
    "possible_species": [
        "Mg2+",
        "O2-",
        "V5+",
        "Ti4+",
        "Cr4+"
    ],
    "density": 2.762739441021645,
    "quadrupole moment": [
        [
            -7.05927191760129,
            -5.899567587501765e-16,
            -4.440892098500626e-16
        ],
        [
            -5.899567587501765e-16,
            -7.059271917601288,
            2.220446049250313e-15
        ],
        [
            -4.440892098500626e-16,
            2.220446049250313e-15,
            -11.791648599051275
        ]
    ],
    "quadrupole moment normalized": [
        [
            -0.0841218123891642,
            -7.030219597230818e-18,
            1.3877787807814457e-17
        ],
        [
            -7.030219597230818e-18,
            -0.08412181238916425,
            -1.3877787807814457e-17
        ],
        [
            1.3877787807814457e-17,
            -1.3877787807814457e-17,
            -0.14051517816378406
        ]
    ]
}