{
    "MP-ID": "mp-26571",
    "Material": "LiCrP2O7",
    "steinhart_vector": [
        [
            0.007842719178260738,
            0.00046135051694474484,
            0.00041336598540236004,
            0.0009382580165315998,
            0.0058278110871266,
            0.0012278440683765224,
            0.002726000763780573,
            0.001698998671402327,
            0.005109765385921491,
            0.0020076397889923544,
            0.0029886773998663726
        ],
        "LiCrP2O7"
    ],
    "steinhart_parameter_sum": 0.03124243086260568,
    "band_gap": 2.9594,
    "oxidation_state": 3.0,
    "possible_species": [
        "O2-",
        "Cr3+",
        "P5+",
        "Li+"
    ],
    "density": 3.180817955533627,
    "quadrupole moment": [
        [
            -15.793827254706025,
            -0.7826008066613959,
            -0.6765888778111325
        ],
        [
            -0.7826008066613959,
            -16.541840000121333,
            -0.6110882442935379
        ],
        [
            -0.6765888778111325,
            -0.6110882442935379,
            -15.776622971446784
        ]
    ],
    "quadrupole moment normalized": [
        [
            -0.1256921439540251,
            -0.004677931393098447,
            -0.007599447195637763
        ],
        [
            -0.004677931393098447,
            -0.1272954695115547,
            0.0020235683770182984
        ],
        [
            -0.007599447195637763,
            0.0020235683770182984,
            -0.12220222187332082
        ]
    ]
}