{
    "MP-ID": "mp-26481",
    "Material": "Li3Cr(PO4)2",
    "steinhart_vector": [
        [
            0.007403731687383354,
            3.9226502610265515e-19,
            0.0005533928189200791,
            2.504659401399578e-18,
            0.005612989250963193,
            2.3774214449345622e-18,
            0.0027957008383407114,
            3.78537854980347e-18,
            0.00519915266863108,
            4.46062315055843e-18,
            0.003326120133819544
        ],
        "Li3Cr(PO4)2"
    ],
    "steinhart_parameter_sum": 0.024891087398057975,
    "band_gap": 2.8066999999999993,
    "oxidation_state": 3.0,
    "possible_species": [
        "O2-",
        "Cr3+",
        "P5+",
        "Li+"
    ],
    "density": 3.158104962303198,
    "quadrupole moment": [
        [
            -17.82461552021359,
            -0.6297851479367361,
            0.9363720568937586
        ],
        [
            -0.6297851479367361,
            -15.236226269219703,
            0.8496788943609579
        ],
        [
            0.9363720568937586,
            0.8496788943609579,
            -16.31578816631957
        ]
    ],
    "quadrupole moment normalized": [
        [
            -0.13192720597701685,
            -0.005435111655252285,
            -0.0006287948750237186
        ],
        [
            -0.005435111655252285,
            -0.11669450292925286,
            0.009106344936921428
        ],
        [
            -0.0006287948750237186,
            0.009106344936921428,
            -0.11626741297680755
        ]
    ]
}