{
    "MP-ID": "mp-2223110",
    "Material": "MgCrFe(BiO3)2",
    "steinhart_vector": [
        [
            0.006603685416634179,
            0.0004922213790051238,
            0.0033018245420325825,
            0.0009547126902878828,
            0.005229776175337047,
            0.001584028077001688,
            0.003716473989646848,
            0.0018928069309718616,
            0.004501598831011819,
            0.0025898225830892152,
            0.0035630920539119946
        ],
        "MgCrFe(BiO3)2"
    ],
    "steinhart_parameter_sum": 0.034430042668930246,
    "band_gap": 2.0554,
    "oxidation_state": 2.0,
    "possible_species": [
        "Mg2+",
        "Cr2+",
        "O2-",
        "Bi3+",
        "Fe2+"
    ],
    "density": 6.794398644982352,
    "quadrupole moment": [
        [
            -11.363881928526338,
            -2.1345737940027774,
            -9.049272611494242
        ],
        [
            -2.1345737940027774,
            -15.390270215576642,
            1.2994674978626426
        ],
        [
            -9.049272611494242,
            1.2994674978626426,
            -8.094953444893271
        ]
    ],
    "quadrupole moment normalized": [
        [
            -0.0741062163004874,
            -0.014501463485784887,
            -0.05945213298489576
        ],
        [
            -0.014501463485784887,
            -0.10189583192668558,
            0.008575538898120025
        ],
        [
            -0.05945213298489576,
            0.008575538898120025,
            -0.05374980158632233
        ]
    ]
}