{
    "MP-ID": "mp-2215811",
    "Material": "MgTiV2CrO10",
    "steinhart_vector": [
        [
            0.012092991652045517,
            9.332259911287513e-05,
            0.0003752651677225051,
            0.009003624840631299,
            0.006151867722421081,
            0.0006862596279279007,
            0.0075831679808852194,
            0.007368575750516691,
            0.0027303538845946792,
            0.006265776682821877,
            0.007790389649787687
        ],
        "MgTiV2CrO10"
    ],
    "steinhart_parameter_sum": 0.06014159555846733,
    "band_gap": 1.2762,
    "oxidation_state": 4.0,
    "possible_species": [
        "Mg2+",
        "O2-",
        "V5+",
        "Ti4+",
        "Cr4+"
    ],
    "density": 2.986193618152554,
    "quadrupole moment": [
        [
            -8.592600452734512,
            -0.41099433725372375,
            -0.03853148779708748
        ],
        [
            -0.41099433725372375,
            -8.585668258056828,
            0.04164251980803514
        ],
        [
            -0.03853148779708748,
            0.04164251980803514,
            -8.545478046990016
        ]
    ],
    "quadrupole moment normalized": [
        [
            -0.1038556330207823,
            -0.00509475044208046,
            0.0009442482275422714
        ],
        [
            -0.00509475044208046,
            -0.10354333330865571,
            -0.0006954044301992125
        ],
        [
            0.0009442482275422714,
            -0.0006954044301992125,
            -0.10362450513848659
        ]
    ]
}