{
    "MP-ID": "mp-22310",
    "Material": "UCrC2",
    "steinhart_vector": [
        [
            0.009183641616729223,
            0.0017300701133941276,
            0.003735598512204018,
            0.0038082908608534642,
            0.0045027480850692745,
            0.0018136294661654782,
            0.002153845052575478,
            0.005111831129206945,
            0.0036609821773128212,
            0.0043227335474266765,
            0.004106868494363369
        ],
        "UCrC2"
    ],
    "steinhart_parameter_sum": 0.04413023905530087,
    "band_gap": 0.0,
    "oxidation_state": 3.0,
    "possible_species": [
        "C3-",
        "U4+",
        "Cr3+",
        "C4-"
    ],
    "density": 10.2589220404639,
    "quadrupole moment": [
        [
            -41.712676117707005,
            -1.7763568394002505e-15,
            0.0
        ],
        [
            -1.7763568394002505e-15,
            -17.663218319913906,
            -6.778583138675269
        ],
        [
            0.0,
            -6.778583138675269,
            -18.94830490615993
        ]
    ],
    "quadrupole moment normalized": [
        [
            -0.3994089217113592,
            1.3877787807814457e-17,
            3.469446951953614e-18
        ],
        [
            1.3877787807814457e-17,
            -0.16057410983676282,
            -0.05479975980742912
        ],
        [
            3.469446951953614e-18,
            -0.05479975980742912,
            -0.13938862951998499
        ]
    ]
}