{
    "MP-ID": "mp-2230483",
    "Material": "MgV5CrO12",
    "steinhart_vector": [
        [
            0.007046100994449503,
            0.00023039771565175224,
            0.0007855740393872013,
            0.001750015761125036,
            0.004531306848265155,
            0.002326191811203808,
            0.002637257229089872,
            0.002470616138668687,
            0.003090026199944716,
            0.0029821769062579597,
            0.003402591906702351
        ],
        "MgV5CrO12"
    ],
    "steinhart_parameter_sum": 0.031252255550746046,
    "band_gap": 1.019699999999999,
    "oxidation_state": 3.0,
    "possible_species": [
        "Mg2+",
        "O2-",
        "Cr3+",
        "V4+",
        "V3+"
    ],
    "density": 3.589811312614879,
    "quadrupole moment": [
        [
            -17.31834963199433,
            1.8969900789892202,
            -0.3793741781953964
        ],
        [
            1.8969900789892202,
            -16.782601596698992,
            0.3283396828548262
        ],
        [
            -0.3793741781953964,
            0.3283396828548262,
            -16.558868546705234
        ]
    ],
    "quadrupole moment normalized": [
        [
            -0.11994586966233388,
            0.016846217074794955,
            -0.007283969411178549
        ],
        [
            0.016846217074794955,
            -0.11518081833881966,
            0.006321787855412975
        ],
        [
            -0.007283969411178549,
            0.006321787855412975,
            -0.12073555207740233
        ]
    ]
}