{
    "MP-ID": "mp-23082",
    "Material": "KCrClO3",
    "steinhart_vector": [
        [
            0.013978524645510599,
            0.0036767139801745416,
            0.00391403335299793,
            0.010744695756207996,
            0.007724927868746527,
            0.0038831950195131817,
            0.00934607760720343,
            0.008959196182505619,
            0.0047299646037851865,
            0.008078755747787075,
            0.009455980379252597
        ],
        "KCrClO3"
    ],
    "steinhart_parameter_sum": 0.08449206514368467,
    "band_gap": 2.7934,
    "oxidation_state": 6.0,
    "possible_species": [
        "Cr6+",
        "K+",
        "O2-",
        "Cl-"
    ],
    "density": 2.348850081796065,
    "quadrupole moment": [
        [
            -7.104798416466307,
            -0.015427115951374498,
            0.3093132367597513
        ],
        [
            -0.015427115951374498,
            -7.001917839755201,
            -0.06015054698482725
        ],
        [
            0.3093132367597513,
            -0.06015054698482725,
            -6.563992931533475
        ]
    ],
    "quadrupole moment normalized": [
        [
            -0.10546709074072622,
            -0.001928878141229487,
            0.03773949334912021
        ],
        [
            -0.001928878141229487,
            -0.1247221710809604,
            -0.004423485411522102
        ],
        [
            0.03773949334912021,
            -0.004423485411522102,
            -0.06496807153893466
        ]
    ]
}