{
    "MP-ID": "mp-22586",
    "Material": "EuCrO4",
    "steinhart_vector": [
        [
            0.01609917717647922,
            5.287923678070722e-08,
            0.0011174207740727762,
            0.011916630520245304,
            0.00814252696103946,
            0.0021883438111955865,
            0.00998837115661446,
            0.009573570610534583,
            0.004460669556548302,
            0.00841761310166264,
            0.009875604251756286
        ],
        "EuCrO4"
    ],
    "steinhart_parameter_sum": 0.0817799807993854,
    "band_gap": 0.0,
    "oxidation_state": 6.0,
    "possible_species": [
        "Cr6+",
        "O2-",
        "Eu2+"
    ],
    "density": 5.148092407367056,
    "quadrupole moment": [
        [
            -7.156408776539293,
            -0.46152585736222596,
            0.32010239825859865
        ],
        [
            -0.46152585736222596,
            -7.796334207558174,
            0.6114215021186262
        ],
        [
            0.32010239825859865,
            0.6114215021186262,
            -7.338955157857634
        ]
    ],
    "quadrupole moment normalized": [
        [
            -0.11521240434709336,
            -0.0074303995352184155,
            0.005153263465653011
        ],
        [
            -0.0074303995352184155,
            -0.12551497255506536,
            0.009843150523468368
        ],
        [
            0.005153263465653011,
            0.009843150523468368,
            -0.11815062104577495
        ]
    ]
}