{
    "MP-ID": "mp-26829",
    "Material": "LiCr(PO3)4",
    "steinhart_vector": [
        [
            0.007702394683741966,
            8.086677086377279e-05,
            0.0001758832104125508,
            0.00026014715258625707,
            0.005869683030622924,
            0.00036708219277638103,
            0.0027150080169489666,
            0.0005243643234927211,
            0.00548448995476288,
            0.0006428742507409975,
            0.003132980294455936
        ],
        "LiCr(PO3)4"
    ],
    "steinhart_parameter_sum": 0.026955773881405357,
    "band_gap": 3.4762,
    "oxidation_state": 3.0,
    "possible_species": [
        "O2-",
        "Cr3+",
        "P5+",
        "Li+"
    ],
    "density": 2.4068025787647382,
    "quadrupole moment": [
        [
            -16.357766887370094,
            0.20546888881928949,
            0.18800188524163752
        ],
        [
            0.20546888881928949,
            -16.13447117053345,
            -0.00408680462431682
        ],
        [
            0.18800188524163752,
            -0.00408680462431682,
            -15.87097233205813
        ]
    ],
    "quadrupole moment normalized": [
        [
            -0.12275152260886651,
            -0.002194475125162229,
            0.0006835261829357606
        ],
        [
            -0.002194475125162229,
            -0.12459707785385686,
            0.0005380604832364729
        ],
        [
            0.0006835261829357606,
            0.0005380604832364729,
            -0.12494498038916196
        ]
    ]
}