{
    "MP-ID": "mp-2239948",
    "Material": "MgCrGaO4",
    "steinhart_vector": [
        [
            0.006997947651201388,
            0.0005071900668839942,
            0.0006810280883865993,
            0.0005795190382998866,
            0.0051344171531807125,
            0.001230273491285367,
            0.0027120879577395545,
            0.0010506823955682542,
            0.004424969751534021,
            0.001987290539100598,
            0.00306832317165481
        ],
        "MgCrGaO4"
    ],
    "steinhart_parameter_sum": 0.028373729304835192,
    "band_gap": 2.1823,
    "oxidation_state": 3.0,
    "possible_species": [
        "Mg2+",
        "Ga3+",
        "Cr3+",
        "O2-"
    ],
    "density": 4.445664291780827,
    "quadrupole moment": [
        [
            -14.191453058329182,
            -0.0014440687932457674,
            1.1991872048280299
        ],
        [
            -0.0014440687932457674,
            -17.023918180233256,
            0.0018171942764890758
        ],
        [
            1.1991872048280299,
            0.0018171942764890758,
            -19.65542243943228
        ]
    ],
    "quadrupole moment normalized": [
        [
            -0.09773971531147665,
            -1.1598159966557178e-05,
            0.005944936185516272
        ],
        [
            -1.1598159966557178e-05,
            -0.1210440829595589,
            6.871815435589151e-06
        ],
        [
            0.005944936185516272,
            6.871815435589151e-06,
            -0.1357658848376559
        ]
    ]
}