{
    "MP-ID": "mp-25238",
    "Material": "Cr(SiO3)2",
    "steinhart_vector": [
        [
            0.008531162306117803,
            0.0002900863106446523,
            0.00035448203354025855,
            0.0022698117250800694,
            0.005948715078712881,
            0.0019788726265707423,
            0.002633789255962201,
            0.0036116049285477227,
            0.0044428796756717966,
            0.0031499461319157976,
            0.002572743746294732
        ],
        "Cr(SiO3)2"
    ],
    "steinhart_parameter_sum": 0.03578409381905866,
    "band_gap": 0.5592,
    "oxidation_state": 4.0,
    "possible_species": [
        "O2-",
        "Si4+",
        "Cr4+"
    ],
    "density": 3.22011058063395,
    "quadrupole moment": [
        [
            -15.033642641954936,
            0.0488079245171833,
            -0.5923000518711663
        ],
        [
            0.0488079245171833,
            -15.036559828478024,
            -0.5748639728775984
        ],
        [
            -0.5923000518711663,
            -0.5748639728775984,
            -16.526675149405825
        ]
    ],
    "quadrupole moment normalized": [
        [
            -0.12669170951915598,
            -0.0053664515744187,
            -0.0020372777411223585
        ],
        [
            -0.0053664515744187,
            -0.12637096364920555,
            -0.0019773045307303486
        ],
        [
            -0.0020372777411223585,
            -0.0019773045307303486,
            -0.13698422270834357
        ]
    ]
}