{
    "MP-ID": "mp-2230698",
    "Material": "MgCrCo5O12",
    "steinhart_vector": [
        [
            0.008081048811070888,
            0.00014471039125655034,
            0.0009883106110639569,
            0.0006207382538702111,
            0.005918383384794304,
            0.0008761675870411391,
            0.003421539890802729,
            0.0009991469204265,
            0.005086387240052979,
            0.0015843564247145052,
            0.004099988950473132
        ],
        "MgCrCo5O12"
    ],
    "steinhart_parameter_sum": 0.0318207784655669,
    "band_gap": 0.9035999999999991,
    "oxidation_state": 3.0,
    "possible_species": [
        "Mg2+",
        "Co4+",
        "Cr3+",
        "O2-",
        "Co3+"
    ],
    "density": 4.466643614918153,
    "quadrupole moment": [
        [
            -17.124333462004056,
            0.5634050109910467,
            -0.7543178134430599
        ],
        [
            0.5634050109910467,
            -17.901525622813566,
            0.19742125779451758
        ],
        [
            -0.7543178134430599,
            0.19742125779451758,
            -12.233770953207285
        ]
    ],
    "quadrupole moment normalized": [
        [
            -0.13938806353671981,
            0.001545134777705147,
            -0.007890485188749673
        ],
        [
            0.001545134777705147,
            -0.14333849282853536,
            0.0041560409967123756
        ],
        [
            -0.007890485188749673,
            0.0041560409967123756,
            -0.0984939470170297
        ]
    ]
}