{
    "MP-ID": "mp-26911",
    "Material": "Li4CrP2O9",
    "steinhart_vector": [
        [
            0.009286422178830116,
            1.2142807573895015e-08,
            0.0013825050173594516,
            1.5906325718014326e-08,
            0.007121773206878777,
            2.1048167558396016e-08,
            0.003592768649572876,
            2.6786008565770292e-08,
            0.006669089566560889,
            3.280862523645534e-08,
            0.004152101618077607
        ],
        "Li4CrP2O9"
    ],
    "steinhart_parameter_sum": 0.032204768929214374,
    "band_gap": 0.175899999999999,
    "oxidation_state": 4.0,
    "possible_species": [
        "O2-",
        "P5+",
        "Li+",
        "Cr4+"
    ],
    "density": 2.731811143668396,
    "quadrupole moment": [
        [
            -15.375404806220109,
            -1.3623667341892598,
            -0.008418495217739075
        ],
        [
            -1.3623667341892598,
            -13.343255244986265,
            -0.04450765752079233
        ],
        [
            -0.008418495217739075,
            -0.04450765752079233,
            -15.933693083545243
        ]
    ],
    "quadrupole moment normalized": [
        [
            -0.13426297989929906,
            0.010036735327645308,
            -0.007320088203909975
        ],
        [
            0.010036735327645308,
            -0.13983134793347593,
            0.013564519927824818
        ],
        [
            -0.007320088203909975,
            0.013564519927824818,
            -0.1327580312159086
        ]
    ]
}