{
    "MP-ID": "mp-23910",
    "Material": "CrHO2",
    "steinhart_vector": [
        [
            0.007901472532262137,
            4.1069087440871244e-05,
            0.0010483663185532996,
            0.0003840182926574119,
            0.005795763629015927,
            0.00037052236480920197,
            0.0035026016511159304,
            0.000496492693550267,
            0.0050276611262115795,
            0.0007164212245905084,
            0.0043205101131303875
        ],
        "CrHO2"
    ],
    "steinhart_parameter_sum": 0.02960489903333752,
    "band_gap": 3.155799999999999,
    "oxidation_state": 3.0,
    "possible_species": [
        "H+",
        "Cr3+",
        "O2-"
    ],
    "density": 4.049822444947743,
    "quadrupole moment": [
        [
            -17.41630216106526,
            0.36551487458198784,
            1.7915589766032634
        ],
        [
            0.36551487458198784,
            -17.780295501882637,
            1.1093195823477655
        ],
        [
            1.7915589766032634,
            1.1093195823477655,
            -12.569380574766244
        ]
    ],
    "quadrupole moment normalized": [
        [
            -0.1375776411968901,
            0.0029109156585747954,
            0.014267594035808061
        ],
        [
            0.0029109156585747954,
            -0.14047641452126375,
            0.008834349429429358
        ],
        [
            0.014267594035808061,
            0.008834349429429358,
            -0.09897790052732593
        ]
    ]
}