{
    "MP-ID": "mp-31745",
    "Material": "Cr(PO3)4",
    "steinhart_vector": [
        [
            0.008001696420621296,
            4.906362827891847e-19,
            0.00025200795995655376,
            1.383114208801983e-18,
            0.006109448082346606,
            2.03758389458102e-18,
            0.002849428018620548,
            2.5907845812012235e-18,
            0.005737895820742499,
            3.6848626399616556e-18,
            0.003321374379125866
        ],
        "Cr(PO3)4"
    ],
    "steinhart_parameter_sum": 0.026271850681413376,
    "band_gap": 0.0,
    "oxidation_state": 4.0,
    "possible_species": [
        "O2-",
        "P5+",
        "Cr4+"
    ],
    "density": 2.316600537843663,
    "quadrupole moment": [
        [
            -15.676059830170242,
            -0.308157634486677,
            -0.2535622692449868
        ],
        [
            -0.308157634486677,
            -15.636648270534916,
            0.309137680156109
        ],
        [
            -0.2535622692449868,
            0.309137680156109,
            -16.141749189023397
        ]
    ],
    "quadrupole moment normalized": [
        [
            -0.12252802540199068,
            -0.002341355229418692,
            -0.0002007420431750992
        ],
        [
            -0.002341355229418692,
            -0.12847139811888267,
            -0.002066347779524965
        ],
        [
            -0.0002007420431750992,
            -0.002066347779524965,
            -0.12844620000599705
        ]
    ]
}