{
    "MP-ID": "mp-374",
    "Material": "CrB2",
    "steinhart_vector": [
        [
            0.007347790896819496,
            4.529486368280871e-19,
            0.001180921851964223,
            3.9676489867723356e-19,
            0.003144495452256352,
            1.1248444503914572e-18,
            0.0008664202684271073,
            1.625926562520386e-18,
            0.004030425620377516,
            2.4007387888270495e-18,
            0.003446100677024839
        ],
        "CrB2"
    ],
    "steinhart_parameter_sum": 0.020016154766869538,
    "band_gap": 0.0,
    "oxidation_state": 4.0,
    "possible_species": [
        "B2-",
        "Cr4+"
    ],
    "density": 5.3164020273198265,
    "quadrupole moment": [
        [
            -35.02955039052665,
            4.909388746643373e-06,
            -3.552713678800501e-15
        ],
        [
            4.909388746643373e-06,
            -35.02954472165098,
            -5.329070518200751e-15
        ],
        [
            -3.552713678800501e-15,
            -5.329070518200751e-15,
            -55.15345056384599
        ]
    ],
    "quadrupole moment normalized": [
        [
            -0.25738979982611726,
            1.5889458280377022e-08,
            4.163336342344337e-17
        ],
        [
            1.5889458280377022e-08,
            -0.2573897814785452,
            6.591949208711867e-17
        ],
        [
            4.163336342344337e-17,
            6.591949208711867e-17,
            -0.4052560219812118
        ]
    ]
}