{
    "MP-ID": "mp-31629",
    "Material": "Ta2CrO6",
    "steinhart_vector": [
        [
            0.005492137712445743,
            3.4507601154570614e-06,
            0.0008616648418081851,
            9.480442388325697e-06,
            0.0041226370639760495,
            7.719457786388672e-06,
            0.0023244466606511254,
            1.4021797198089273e-05,
            0.0037453457315740684,
            1.4024416999668064e-05,
            0.0027493068130775957
        ],
        "Ta2CrO6"
    ],
    "steinhart_parameter_sum": 0.019344235698020695,
    "band_gap": 0.08610000000000001,
    "oxidation_state": 2.0,
    "possible_species": [
        "Ta5+",
        "Cr2+",
        "O2-"
    ],
    "density": 7.752359591971689,
    "quadrupole moment": [
        [
            -17.050365010393016,
            -1.144446077366441,
            1.0777801262781277
        ],
        [
            -1.144446077366441,
            -17.341343907119345,
            -1.7248882415286815
        ],
        [
            1.0777801262781277,
            -1.7248882415286815,
            -23.528331237093425
        ]
    ],
    "quadrupole moment normalized": [
        [
            -0.09573858458793916,
            -0.013341111481726732,
            -0.008489032408646234
        ],
        [
            -0.013341111481726732,
            -0.09607223587163784,
            0.005533897253795789
        ],
        [
            -0.008489032408646234,
            0.005533897253795789,
            -0.12143988781806789
        ]
    ]
}