{
    "MP-ID": "mp-31628",
    "Material": "CrReO4",
    "steinhart_vector": [
        [
            0.007871977063199365,
            0.00048511657055153766,
            0.0003665392905317701,
            0.0005066803964324235,
            0.005878216628698161,
            0.0012482603663268048,
            0.00274735891602833,
            0.0012772504390446487,
            0.005221562417758055,
            0.001998420860261383,
            0.003052212590874623
        ],
        "CrReO4"
    ],
    "steinhart_parameter_sum": 0.0306535955397071,
    "band_gap": 0.0,
    "oxidation_state": 3.0,
    "possible_species": [
        "Re5+",
        "O2-",
        "Cr3+"
    ],
    "density": 7.773628090760817,
    "quadrupole moment": [
        [
            -16.386637756698548,
            -0.03147194876637438,
            -0.7806381641877074
        ],
        [
            -0.03147194876637438,
            -16.517442464575247,
            0.0804423009721405
        ],
        [
            -0.7806381641877074,
            0.0804423009721405,
            -14.954598287895697
        ]
    ],
    "quadrupole moment normalized": [
        [
            -0.13253200414220542,
            -8.300202730130075e-05,
            -0.006273791103287269
        ],
        [
            -8.300202730130075e-05,
            -0.12267467764282189,
            0.00025184378511095224
        ],
        [
            -0.006273791103287269,
            0.00025184378511095224,
            -0.12111443209898627
        ]
    ]
}