{
    "MP-ID": "mp-31627",
    "Material": "Ba2NbCrO6",
    "steinhart_vector": [
        [
            0.007777328148138686,
            0.000697084154460229,
            0.0004974377790751539,
            0.0003701228887798562,
            0.005779955232560595,
            0.001223416681600483,
            0.0028300123635964895,
            0.0014036591861914323,
            0.005088901077133716,
            0.0016994464157586348,
            0.0031923949679438764
        ],
        "Ba2NbCrO6"
    ],
    "steinhart_parameter_sum": 0.030559758895239153,
    "band_gap": 1.582399999999999,
    "oxidation_state": 3.0,
    "possible_species": [
        "Nb5+",
        "O2-",
        "Cr3+",
        "Ba2+"
    ],
    "density": 6.233302093412124,
    "quadrupole moment": [
        [
            -15.181168675146342,
            1.5685995928826912e-06,
            -1.981574448794987e-05
        ],
        [
            1.5685995928826912e-06,
            -15.181166863883119,
            1.1440624047676096e-05
        ],
        [
            -1.981574448794987e-05,
            1.1440624047676096e-05,
            -17.830276757099355
        ]
    ],
    "quadrupole moment normalized": [
        [
            -0.11704624585228965,
            -1.410445488736478e-07,
            6.481726993329273e-08
        ],
        [
            -1.410445488736478e-07,
            -0.11704640871654501,
            -3.742226377043134e-08
        ],
        [
            6.481726993329273e-08,
            -3.742226377043134e-08,
            -0.1398444135156084
        ]
    ]
}