{
    "MP-ID": "mp-36310",
    "Material": "Al2CrS4",
    "steinhart_vector": [
        [
            0.0017377761793587751,
            3.055305594535711e-19,
            0.00010205208940673472,
            9.539744628667185e-19,
            0.001317504077435224,
            9.768610730731746e-19,
            0.0006498740572112628,
            1.514959858076381e-18,
            0.0012208983578503804,
            1.6717753693317955e-18,
            0.0007756137529873098
        ],
        "Al2CrS4"
    ],
    "steinhart_parameter_sum": 0.005803718514249692,
    "band_gap": 0.0,
    "oxidation_state": 2.0,
    "possible_species": [
        "Cr2+",
        "S2-",
        "Al3+"
    ],
    "density": 3.051050016458554,
    "quadrupole moment": [
        [
            -23.93512617010456,
            0.6337481626166124,
            1.4272459746332349
        ],
        [
            0.6337481626166124,
            -22.49812470464304,
            -1.0811450077546132
        ],
        [
            1.4272459746332349,
            -1.0811450077546132,
            -25.53313550135726
        ]
    ],
    "quadrupole moment normalized": [
        [
            -0.04151656585973186,
            0.0009804921045195921,
            0.0026266025029579006
        ],
        [
            0.0009804921045195921,
            -0.039085400385911406,
            -0.001672693360998174
        ],
        [
            0.0026266025029579006,
            -0.001672693360998174,
            -0.04445744653437785
        ]
    ]
}