{
    "MP-ID": "mp-560733",
    "Material": "CrHg3(SO2)2",
    "steinhart_vector": [
        [
            0.015933570855255104,
            0.0001871139536603022,
            0.00046130694625646856,
            0.011863238937060714,
            0.008108852175321668,
            0.000870949125525996,
            0.0099901424821609,
            0.009714598024360315,
            0.0035900151400109727,
            0.008248544568066722,
            0.010272619000260304
        ],
        "CrHg3(SO2)2"
    ],
    "steinhart_parameter_sum": 0.07924095120793948,
    "band_gap": 1.7080000000000002,
    "oxidation_state": 6.0,
    "possible_species": [
        "Cr6+",
        "O2-",
        "S2-",
        "Hg2+"
    ],
    "density": 6.526438067303036,
    "quadrupole moment": [
        [
            -7.5921146233123356,
            0.11992528177833939,
            0.13517739605061863
        ],
        [
            0.11992528177833939,
            -7.352397589529676,
            -0.15633872307181917
        ],
        [
            0.13517739605061863,
            -0.15633872307181917,
            -7.465703126219865
        ]
    ],
    "quadrupole moment normalized": [
        [
            -0.11956574003397932,
            0.0022315533293609524,
            0.0040181375597830166
        ],
        [
            0.0022315533293609524,
            -0.11767875068252479,
            -0.0022013639958497738
        ],
        [
            0.0040181375597830166,
            -0.0022013639958497738,
            -0.11976720855723605
        ]
    ]
}