{
    "MP-ID": "mp-554252",
    "Material": "K2NaCrF6",
    "steinhart_vector": [
        [
            0.007693576799910906,
            3.3078691437594467e-19,
            1.0964725533098923e-18,
            1.6338920825417712e-18,
            0.0058760663417579745,
            1.78481933935588e-18,
            0.00272009016339825,
            2.3280193997199035e-18,
            0.005524529237879971,
            3.721104325544221e-18,
            0.003165332665198987
        ],
        "K2NaCrF6"
    ],
    "steinhart_parameter_sum": 0.024979595208146094,
    "band_gap": 4.2057,
    "oxidation_state": 3.0,
    "possible_species": [
        "K+",
        "Na+",
        "Cr3+",
        "F-"
    ],
    "density": 2.9610031075486702,
    "quadrupole moment": [
        [
            -7.600542542607955,
            -4.440892098500626e-16,
            -8.881784197001252e-16
        ],
        [
            -4.440892098500626e-16,
            -7.600542542607953,
            -4.440892098500626e-16
        ],
        [
            -8.881784197001252e-16,
            -4.440892098500626e-16,
            -7.600542542607953
        ]
    ],
    "quadrupole moment normalized": [
        [
            -0.05847535777254441,
            6.938893903907228e-18,
            -6.938893903907228e-18
        ],
        [
            6.938893903907228e-18,
            -0.058475357772544395,
            -3.469446951953614e-18
        ],
        [
            -6.938893903907228e-18,
            -3.469446951953614e-18,
            -0.058475357772544416
        ]
    ]
}