{
    "MP-ID": "mp-558281",
    "Material": "SrCrF4",
    "steinhart_vector": [
        [
            0.007414720099962393,
            1.899146171437508e-18,
            0.003712529965747008,
            2.076730160200018e-18,
            0.0061401652711422705,
            3.0726480194406236e-18,
            0.004366471209363953,
            3.3760952108738743e-18,
            0.005895347132055541,
            4.554251917436547e-18,
            0.004589936244083532
        ],
        "SrCrF4"
    ],
    "steinhart_parameter_sum": 0.032119169922354716,
    "band_gap": 3.6107,
    "oxidation_state": 2.0,
    "possible_species": [
        "F-",
        "Cr2+",
        "Sr2+"
    ],
    "density": 4.070182318454753,
    "quadrupole moment": [
        [
            -5.88954162135374,
            2.598630808648799,
            2.248652957389202
        ],
        [
            2.598630808648799,
            -4.745309319941957,
            2.797569816145523
        ],
        [
            2.248652957389202,
            2.797569816145523,
            -4.8494411778892
        ]
    ],
    "quadrupole moment normalized": [
        [
            -0.043669302639416686,
            0.019268120089269782,
            0.01667313228099359
        ],
        [
            0.019268120089269782,
            -0.03518514039511252,
            0.02074319714682232
        ],
        [
            0.01667313228099359,
            0.02074319714682232,
            -0.03595724897528036
        ]
    ]
}