{
    "MP-ID": "mp-558424",
    "Material": "Rb2UCr(IO6)2",
    "steinhart_vector": [
        [
            0.016106474392539497,
            0.0011924046267952142,
            0.0010344734943027456,
            0.012008285704674661,
            0.008276177587425954,
            0.0012866016213763595,
            0.010115736640004433,
            0.009884618115726614,
            0.0037645247528517102,
            0.008354846714935958,
            0.010441041779504796
        ],
        "Rb2UCr(IO6)2"
    ],
    "steinhart_parameter_sum": 0.08246518543013795,
    "band_gap": 2.2192,
    "oxidation_state": 6.0,
    "possible_species": [
        "Cr6+",
        "O2-",
        "I5+",
        "U6+",
        "Rb+"
    ],
    "density": 4.464173728719407,
    "quadrupole moment": [
        [
            -6.891873136731634,
            -0.04726739823512727,
            -0.05238260929006433
        ],
        [
            -0.04726739823512727,
            -7.699314414025746,
            -0.26111387080273407
        ],
        [
            -0.05238260929006433,
            -0.26111387080273407,
            -7.80909249709883
        ]
    ],
    "quadrupole moment normalized": [
        [
            -0.12258965547108246,
            -0.0053847090867049086,
            -0.00046296581786626004
        ],
        [
            -0.0053847090867049086,
            -0.11956965297859569,
            0.0030770589855023955
        ],
        [
            -0.00046296581786626004,
            0.0030770589855023955,
            -0.11619339520113289
        ]
    ]
}