{
    "MP-ID": "mp-540482",
    "Material": "LiCrP2O7",
    "steinhart_vector": [
        [
            0.009061821661663427,
            0.00032217025565072844,
            0.0046049781981668415,
            0.0005055961735122033,
            0.0075029472027409614,
            0.00035845061054808964,
            0.0054026806140412015,
            0.0006537916743076183,
            0.007175118519941773,
            0.0004853382362751547,
            0.005684106425446426
        ],
        "LiCrP2O7"
    ],
    "steinhart_parameter_sum": 0.04175699957229442,
    "band_gap": 1.3673,
    "oxidation_state": 3.0,
    "possible_species": [
        "O2-",
        "Cr3+",
        "P5+",
        "Li+"
    ],
    "density": 2.4032339347100953,
    "quadrupole moment": [
        [
            -15.646400319179918,
            -1.1817959469714432,
            1.5150412114320138
        ],
        [
            -1.1817959469714432,
            -6.568150697947653,
            -6.853972469422541
        ],
        [
            1.5150412114320138,
            -6.853972469422541,
            -7.641982078998399
        ]
    ],
    "quadrupole moment normalized": [
        [
            -0.13475664661305575,
            -0.017735690907672325,
            0.004953915130215505
        ],
        [
            -0.017735690907672325,
            -0.06333466363420429,
            -0.06494557800642517
        ],
        [
            0.004953915130215505,
            -0.06494557800642517,
            -0.07072684783876076
        ]
    ]
}