{
    "MP-ID": "mp-510607",
    "Material": "SrCrO4",
    "steinhart_vector": [
        [
            0.01701312936492175,
            0.00029006948013930153,
            0.0007724809597470603,
            0.012640033655894958,
            0.008647815799000034,
            0.001545714651967523,
            0.01061986792315143,
            0.010295180515268136,
            0.00417785399319468,
            0.00881481919563357,
            0.010791328971912009
        ],
        "SrCrO4"
    ],
    "steinhart_parameter_sum": 0.08560829451083046,
    "band_gap": 2.857599999999999,
    "oxidation_state": 6.0,
    "possible_species": [
        "Cr6+",
        "O2-",
        "Sr2+"
    ],
    "density": 3.926545563854614,
    "quadrupole moment": [
        [
            -6.919444696025197,
            -0.07509276907515261,
            0.2051338703268053
        ],
        [
            -0.07509276907515261,
            -7.594152110306427,
            -0.38733494297864846
        ],
        [
            0.2051338703268053,
            -0.38733494297864846,
            -7.173758951554863
        ]
    ],
    "quadrupole moment normalized": [
        [
            -0.11609460282789058,
            0.00010503698256698196,
            0.0028626993262654103
        ],
        [
            0.00010503698256698196,
            -0.12973199875417013,
            -0.005965945807772922
        ],
        [
            0.0028626993262654103,
            -0.005965945807772922,
            -0.123082379689316
        ]
    ]
}