{
    "MP-ID": "mp-558864",
    "Material": "CrHgF6",
    "steinhart_vector": [
        [
            0.00990604332113553,
            1.991772639780332e-18,
            5.3512485270392404e-05,
            2.3234480198944025e-18,
            0.007565519262654497,
            3.1595178245994337e-18,
            0.003503774632239398,
            3.4243885537598333e-18,
            0.007112240804618198,
            4.183079205606486e-18,
            0.004078105029465004
        ],
        "CrHgF6"
    ],
    "steinhart_parameter_sum": 0.032219195535383036,
    "band_gap": 0.0,
    "oxidation_state": 4.0,
    "possible_species": [
        "Hg2+",
        "F-",
        "Cr4+"
    ],
    "density": 5.69840598894483,
    "quadrupole moment": [
        [
            -6.697169588619754,
            -0.011947273100568312,
            -0.03972603183679069
        ],
        [
            -0.011947273100568312,
            -6.675109046519521,
            -0.031132251662864117
        ],
        [
            -0.03972603183679069,
            -0.031132251662864117,
            -6.722446296395684
        ]
    ],
    "quadrupole moment normalized": [
        [
            -0.0660860782061532,
            -0.00010555748547986816,
            -0.00034443700093641193
        ],
        [
            -0.00010555748547986816,
            -0.06614781029166861,
            -0.0001471474252282488
        ],
        [
            -0.00034443700093641193,
            -0.0001471474252282488,
            -0.06682399388864427
        ]
    ]
}