{
    "MP-ID": "mp-567624",
    "Material": "CrBr2",
    "steinhart_vector": [
        [
            0.000544795107030767,
            3.1861054484030834e-20,
            0.00013760371559497404,
            1.73574437836084e-19,
            0.00042412113916328085,
            2.3487610189123864e-19,
            0.00023459924874884143,
            3.5275882975543703e-19,
            0.0003993240582074372,
            3.9285849731178913e-19,
            0.0002629573620543548
        ],
        "CrBr2"
    ],
    "steinhart_parameter_sum": 0.0020034006307996562,
    "band_gap": 0.0,
    "oxidation_state": 2.0,
    "possible_species": [
        "Br-",
        "Cr2+"
    ],
    "density": 3.966491849639076,
    "quadrupole moment": [
        [
            -17.595378951898393,
            -2.0589251763068384,
            -3.1472355260916443
        ],
        [
            -2.0589251763068384,
            -14.424156589461361,
            -1.5486167660089372
        ],
        [
            -3.1472355260916443,
            -1.5486167660089372,
            -14.370973512707078
        ]
    ],
    "quadrupole moment normalized": [
        [
            -0.007410326104201803,
            0.0008473693380483188,
            0.0013623617680733
        ],
        [
            0.0008473693380483188,
            -0.008715471441674632,
            0.0006703585600496467
        ],
        [
            0.0013623617680733,
            0.0006703585600496467,
            -0.007097987894507396
        ]
    ]
}