{
    "MP-ID": "mp-558383",
    "Material": "Na2CrF4",
    "steinhart_vector": [
        [
            0.005844102105514601,
            5.803519486632745e-19,
            0.001407340154863593,
            1.0327576571773702e-18,
            0.004499407128901616,
            1.5253313208287706e-18,
            0.002566180367494654,
            2.102878377855973e-18,
            0.0041732309654114,
            1.8808803330512096e-18,
            0.0029483866586951153
        ],
        "Na2CrF4"
    ],
    "steinhart_parameter_sum": 0.021438647380880985,
    "band_gap": 1.1081,
    "oxidation_state": 2.0,
    "possible_species": [
        "Na+",
        "Cr2+",
        "F-"
    ],
    "density": 3.299656455349538,
    "quadrupole moment": [
        [
            -11.497408612821985,
            1.6209716274336574,
            -0.5198149613278868
        ],
        [
            1.6209716274336574,
            -8.564722678126422,
            -0.2498594912363975
        ],
        [
            -0.5198149613278868,
            -0.2498594912363975,
            -7.528764931910491
        ]
    ],
    "quadrupole moment normalized": [
        [
            -0.05117737021291451,
            -0.00962333445368862,
            0.0033277967961467697
        ],
        [
            -0.00962333445368862,
            -0.04629451780780539,
            -0.007143299197163439
        ],
        [
            0.0033277967961467697,
            -0.007143299197163439,
            -0.05302719711887165
        ]
    ]
}