{
    "MP-ID": "mp-555345",
    "Material": "CrCuS2",
    "steinhart_vector": [
        [
            0.002014095966588478,
            3.3548094995553244e-05,
            6.778002515491535e-05,
            0.0008264810865577379,
            0.0008186231176719152,
            0.0011975844568440366,
            0.000516059252679843,
            0.00036387021326761117,
            0.0011434657500532634,
            0.0007438524811193715,
            0.0007305746366206224
        ],
        "CrCuS2"
    ],
    "steinhart_parameter_sum": 0.008455935081553349,
    "band_gap": 0.0,
    "oxidation_state": 3.0,
    "possible_species": [
        "Cu+",
        "Cr3+",
        "S2-"
    ],
    "density": 4.98817818906053,
    "quadrupole moment": [
        [
            -21.65114419268378,
            -0.08402435130787467,
            -0.5525436403204593
        ],
        [
            -0.08402435130787467,
            -21.562128976552017,
            -0.33259184498134786
        ],
        [
            -0.5525436403204593,
            -0.33259184498134786,
            -23.698617046417993
        ]
    ],
    "quadrupole moment normalized": [
        [
            -0.04359723748748556,
            -0.00016306821479521042,
            -0.0010723153034318312
        ],
        [
            -0.00016306821479521042,
            -0.04342448337325229,
            -0.0006454572981118498
        ],
        [
            -0.0010723153034318312,
            -0.0006454572981118498,
            -0.04757072565246348
        ]
    ]
}