{
    "MP-ID": "mp-554332",
    "Material": "SrCrF6",
    "steinhart_vector": [
        [
            0.009973207385526813,
            4.906362827891847e-19,
            0.00039160912018294645,
            1.6328603158688086e-18,
            0.0075920001952950065,
            1.849793755253107e-18,
            0.003619523205089895,
            2.9264850709226635e-18,
            0.007091450697576741,
            3.614838122806816e-18,
            0.004266369472689395
        ],
        "SrCrF6"
    ],
    "steinhart_parameter_sum": 0.03293416007636081,
    "band_gap": 0.0,
    "oxidation_state": 4.0,
    "possible_species": [
        "F-",
        "Sr2+",
        "Cr4+"
    ],
    "density": 4.236157124455329,
    "quadrupole moment": [
        [
            -6.662177206920996,
            -0.29630894565147603,
            -0.21428445529887175
        ],
        [
            -0.29630894565147603,
            -6.766537556501444,
            -0.25531733410325963
        ],
        [
            -0.21428445529887175,
            -0.25531733410325963,
            -6.598131809853941
        ]
    ],
    "quadrupole moment normalized": [
        [
            -0.06644327444711415,
            -0.002955133912382172,
            -0.002137113888243416
        ],
        [
            -0.002955133912382172,
            -0.06748407599117548,
            -0.002546345323370891
        ],
        [
            -0.002137113888243416,
            -0.002546345323370891,
            -0.06580454371511388
        ]
    ]
}