{
    "MP-ID": "mp-540219",
    "Material": "Li2Cr(PO3)8",
    "steinhart_vector": [
        [
            0.007855102580382326,
            6.805104860565265e-05,
            0.00023805307511402425,
            0.000620135488502765,
            0.005941476206474212,
            0.0006617636625539468,
            0.002746571340304976,
            0.0011242657367710842,
            0.005451433979781088,
            0.0011556005964289797,
            0.0031184721726872557
        ],
        "Li2Cr(PO3)8"
    ],
    "steinhart_parameter_sum": 0.028980925887606312,
    "band_gap": 0.0,
    "oxidation_state": 6.0,
    "possible_species": [
        "Cr6+",
        "O2-",
        "P5+",
        "Li+"
    ],
    "density": 2.595447823864549,
    "quadrupole moment": [
        [
            -15.769836117108749,
            0.007710518804931871,
            0.5739376442021064
        ],
        [
            0.007710518804931871,
            -15.8698695364559,
            0.08648534647757122
        ],
        [
            0.5739376442021064,
            0.08648534647757122,
            -16.287930788031638
        ]
    ],
    "quadrupole moment normalized": [
        [
            -0.12500440280937192,
            -0.004092983987626613,
            0.0022473527747984036
        ],
        [
            -0.004092983987626613,
            -0.1258291478421416,
            -0.0007049206096415295
        ],
        [
            0.0022473527747984036,
            -0.0007049206096415295,
            -0.12503731991263686
        ]
    ]
}