{
    "MP-ID": "mp-580597",
    "Material": "CsCrI3",
    "steinhart_vector": [
        [
            0.0002736737101114236,
            4.2053034712959413e-20,
            3.6544860155466745e-05,
            9.623099107416241e-20,
            0.00020836899002473267,
            1.344526928431661e-19,
            0.00010721716336651086,
            2.0171504676432812e-19,
            0.00019326707591464328,
            2.4063307216759837e-19,
            0.00012611166268181658
        ],
        "CsCrI3"
    ],
    "steinhart_parameter_sum": 0.0009451834622545945,
    "band_gap": 0.0,
    "oxidation_state": 2.0,
    "possible_species": [
        "Cr2+",
        "Cs+",
        "I-"
    ],
    "density": 4.5595768758278155,
    "quadrupole moment": [
        [
            -18.850706107730552,
            1.9873536447141555,
            0.4723275643268643
        ],
        [
            1.9873536447141555,
            -16.395439088978442,
            -4.440892098500626e-16
        ],
        [
            0.4723275643268643,
            -4.440892098500626e-16,
            -15.162896691020093
        ]
    ],
    "quadrupole moment normalized": [
        [
            -0.004976664215916733,
            -0.00022023881097265057,
            -0.0002226547186585954
        ],
        [
            -0.00022023881097265057,
            -0.00428509171818661,
            0.0004906839467990337
        ],
        [
            -0.0002226547186585954,
            0.0004906839467990337,
            -0.00432142417656556
        ]
    ]
}