{
    "MP-ID": "mp-555112",
    "Material": "Li2CrF6",
    "steinhart_vector": [
        [
            0.00985661958820108,
            7.757640781661471e-19,
            0.0005090478143934239,
            3.157454567205547e-18,
            0.007495912039856136,
            4.148220823831425e-18,
            0.003615011781980852,
            5.817654536388445e-18,
            0.006987722523204639,
            6.296733345724841e-18,
            0.004269844894061508
        ],
        "Li2CrF6"
    ],
    "steinhart_parameter_sum": 0.03273415864169766,
    "band_gap": 0.0,
    "oxidation_state": 4.0,
    "possible_species": [
        "F-",
        "Li+",
        "Cr4+"
    ],
    "density": 3.308625426883522,
    "quadrupole moment": [
        [
            -6.418484488500957,
            -0.19148447511409472,
            0.0655153388071501
        ],
        [
            -0.19148447511409472,
            -6.413997947435516,
            -0.0706085663558329
        ],
        [
            0.0655153388071501,
            -0.0706085663558329,
            -7.321133370533879
        ]
    ],
    "quadrupole moment normalized": [
        [
            -0.06382988014536753,
            -0.003457243078498885,
            -0.0007728594566865695
        ],
        [
            -0.003457243078498885,
            -0.0637770183051434,
            0.0007176355322568162
        ],
        [
            -0.0007728594566865695,
            0.0007176355322568162,
            -0.0709258085447215
        ]
    ]
}