{
    "MP-ID": "mp-541449",
    "Material": "CrGeTe3",
    "steinhart_vector": [
        [
            0.000316218936208789,
            1.5517305744217505e-06,
            2.3924565773027498e-05,
            3.36952748181976e-05,
            0.0002320678860295024,
            5.4683460941416185e-05,
            0.00011575582462929194,
            6.0046840749537014e-05,
            0.0001981912579830279,
            9.690000811960816e-05,
            0.0001278660117056003
        ],
        "CrGeTe3"
    ],
    "steinhart_parameter_sum": 0.0012609017975324197,
    "band_gap": 0.0,
    "oxidation_state": 3.0,
    "possible_species": [
        "Cr3+",
        "Ge3+",
        "Te2-"
    ],
    "density": 5.675113858694391,
    "quadrupole moment": [
        [
            -29.99188618698584,
            -0.7642883416583848,
            -2.5043935987402604
        ],
        [
            -0.7642883416583848,
            -29.338384521010493,
            -1.6529711583442257
        ],
        [
            -2.5043935987402604,
            -1.6529711583442257,
            -34.25034108594784
        ]
    ],
    "quadrupole moment normalized": [
        [
            -0.009483947392519244,
            -0.000241711470984085,
            -0.0007920321469954405
        ],
        [
            -0.000241711470984085,
            -0.009277270913307132,
            -0.0005227660450141557
        ],
        [
            -0.0007920321469954405,
            -0.0005227660450141557,
            -0.010830721169696056
        ]
    ]
}