{
    "MP-ID": "mp-578604",
    "Material": "NaCrO2",
    "steinhart_vector": [
        [
            0.007552050493932249,
            7.757640781661471e-19,
            0.0007500584398876687,
            4.463916577479829e-18,
            0.005646170293546921,
            6.043977742283606e-18,
            0.0030851571421315733,
            7.384472899827096e-18,
            0.005090461066230531,
            1.251847731728303e-17,
            0.003782761099320918
        ],
        "NaCrO2"
    ],
    "steinhart_parameter_sum": 0.025906658535049892,
    "band_gap": 2.891,
    "oxidation_state": 3.0,
    "possible_species": [
        "Na+",
        "O2-",
        "Cr3+"
    ],
    "density": 4.36480371578805,
    "quadrupole moment": [
        [
            -17.544658344870136,
            0.20977852062073543,
            1.2290365483020498
        ],
        [
            0.20977852062073543,
            -17.7623319971412,
            0.7469230676449431
        ],
        [
            1.2290365483020498,
            0.7469230676449431,
            -13.513688064479615
        ]
    ],
    "quadrupole moment normalized": [
        [
            -0.1324980630666047,
            0.0015842209068650977,
            0.00928176333655675
        ],
        [
            0.0015842209068650977,
            -0.13414212113272328,
            0.0056407412505757515
        ],
        [
            0.00928176333655675,
            0.0056407412505757515,
            -0.10205604427441274
        ]
    ]
}