{
    "MP-ID": "mp-567687",
    "Material": "CrI2",
    "steinhart_vector": [
        [
            0.00033782923677423113,
            1.729733118903e-05,
            0.00016815218227710752,
            2.588135540401274e-05,
            0.00027660398530369393,
            4.9747461439076256e-05,
            0.00019235391576657068,
            6.111321780478388e-05,
            0.0002574671696963413,
            8.176512331707831e-05,
            0.00019247096673451664
        ],
        "CrI2"
    ],
    "steinhart_parameter_sum": 0.0016606819457064424,
    "band_gap": 0.0,
    "oxidation_state": 2.0,
    "possible_species": [
        "Cr2+",
        "I-"
    ],
    "density": 4.361270116912747,
    "quadrupole moment": [
        [
            -5.2614476255632665,
            -5.0853184268241165,
            -4.973918616813385
        ],
        [
            -5.0853184268241165,
            -13.113142004965427,
            2.4438057323530336
        ],
        [
            -4.973918616813385,
            2.4438057323530336,
            -11.518686746631536
        ]
    ],
    "quadrupole moment normalized": [
        [
            -0.0017773156813062838,
            -0.0017180454739557497,
            -0.0016801980346800344
        ],
        [
            -0.0017180454739557497,
            -0.004429965301094241,
            0.0008255216671136425
        ],
        [
            -0.0016801980346800344,
            0.0008255216671136425,
            -0.003891539376897878
        ]
    ]
}