{
    "MP-ID": "mp-554340",
    "Material": "CrF2",
    "steinhart_vector": [
        [
            0.00576745464225918,
            1.0239043946866319e-18,
            0.0015444320134648589,
            1.6727645641160472e-18,
            0.0043626613859593915,
            2.4942150800773804e-18,
            0.0027503064868080775,
            3.5613446818200306e-18,
            0.003986518312948362,
            4.1252819657131956e-18,
            0.003081294175780366
        ],
        "CrF2"
    ],
    "steinhart_parameter_sum": 0.021492667017220246,
    "band_gap": 0.006399999999999,
    "oxidation_state": 2.0,
    "possible_species": [
        "F-",
        "Cr2+"
    ],
    "density": 3.8377484113488993,
    "quadrupole moment": [
        [
            -12.60171700534222,
            1.0881615953790338,
            1.8210612773378183
        ],
        [
            1.0881615953790338,
            -7.391198284141313,
            0.23762043767548624
        ],
        [
            1.8210612773378183,
            0.23762043767548624,
            -7.907830199720679
        ]
    ],
    "quadrupole moment normalized": [
        [
            -0.05877314650024304,
            -0.006614412635044245,
            -0.006022796896407771
        ],
        [
            -0.006614412635044245,
            -0.045885550559557016,
            0.011542863347572343
        ],
        [
            -0.006022796896407771,
            0.011542863347572343,
            -0.04466286704456478
        ]
    ]
}