{
    "MP-ID": "mp-523",
    "Material": "CrS",
    "steinhart_vector": [
        [
            0.0018046945193520585,
            3.3895572256339982e-19,
            4.6757702697066306e-05,
            7.223144191542881e-19,
            0.0013763756464025933,
            8.716080550732654e-19,
            0.0006454928527445985,
            1.121416781524755e-18,
            0.0012903704870349726,
            1.509223426843638e-18,
            0.0007555893062637029
        ],
        "CrS"
    ],
    "steinhart_parameter_sum": 0.005919280514494996,
    "band_gap": 0.0,
    "oxidation_state": 2.0,
    "possible_species": [
        "Cr2+",
        "S2-"
    ],
    "density": 4.893697272358381,
    "quadrupole moment": [
        [
            -22.929664236371394,
            -1.5767807575173265e-06,
            -8.881784197001252e-16
        ],
        [
            -1.5767807575173265e-06,
            -22.929666057080695,
            -1.7763568394002505e-15
        ],
        [
            -8.881784197001252e-16,
            -1.7763568394002505e-15,
            -24.759318731052016
        ]
    ],
    "quadrupole moment normalized": [
        [
            -0.041381040444859546,
            -9.97686891435201e-10,
            2.7156185963134183e-09
        ],
        [
            -9.97686891435201e-10,
            -0.041381041596888955,
            -1.5678632567586726e-09
        ],
        [
            2.7156185963134183e-09,
            -1.5678632567586726e-09,
            -0.04468300681682034
        ]
    ]
}