{
    "MP-ID": "mp-559851",
    "Material": "CrBiO3",
    "steinhart_vector": [
        [
            0.007859454608585443,
            5.252681245652212e-08,
            0.00012323040461716236,
            8.896140398433505e-08,
            0.006000421186467545,
            5.9198814774234634e-08,
            0.0027885223739876836,
            1.1203959099222112e-07,
            0.0056369462027472455,
            8.597193761552237e-08,
            0.0032503532471421332
        ],
        "CrBiO3"
    ],
    "steinhart_parameter_sum": 0.02565932672210703,
    "band_gap": 1.790499999999999,
    "oxidation_state": 3.0,
    "possible_species": [
        "O2-",
        "Cr3+",
        "Bi3+"
    ],
    "density": 8.84812721008082,
    "quadrupole moment": [
        [
            -16.014786787290745,
            0.05598645787919532,
            -0.08215560845032388
        ],
        [
            0.05598645787919532,
            -16.096980453699285,
            0.3330279402762152
        ],
        [
            -0.08215560845032388,
            0.3330279402762152,
            -15.746596714480294
        ]
    ],
    "quadrupole moment normalized": [
        [
            -0.125031419054636,
            0.0006349379503926313,
            -0.001278425699812796
        ],
        [
            0.0006349379503926313,
            -0.12565403672112632,
            0.002733797163962307
        ],
        [
            -0.001278425699812796,
            0.002733797163962307,
            -0.12543461598488878
        ]
    ]
}