{
    "MP-ID": "mp-554955",
    "Material": "MgCrF6",
    "steinhart_vector": [
        [
            0.009961137932730325,
            1.1070275984688875e-08,
            3.67002994388953e-05,
            1.4262622893752583e-08,
            0.007607723475240981,
            1.8681299058127047e-08,
            0.0035226305385944105,
            2.3648606263703474e-08,
            0.007152179780776272,
            2.8882855524085772e-08,
            0.004099747133356987
        ],
        "MgCrF6"
    ],
    "steinhart_parameter_sum": 0.03238021570579759,
    "band_gap": 1.6140999999999992,
    "oxidation_state": 4.0,
    "possible_species": [
        "Mg2+",
        "F-",
        "Cr4+"
    ],
    "density": 3.334571415843009,
    "quadrupole moment": [
        [
            -6.670184248888971,
            -0.01038608366899818,
            -0.027869815773608475
        ],
        [
            -0.01038608366899818,
            -6.662102136248362,
            -0.019183365259213686
        ],
        [
            -0.027869815773608475,
            -0.019183365259213686,
            -6.706689328527234
        ]
    ],
    "quadrupole moment normalized": [
        [
            -0.06643989652264261,
            -0.00010212021725589798,
            -0.0002771588443270341
        ],
        [
            -0.00010212021725589798,
            -0.06636353271892743,
            -0.00019150195029804507
        ],
        [
            -0.0002771588443270341,
            -0.00019150195029804507,
            -0.06680757175601536
        ]
    ]
}