{
    "MP-ID": "mp-504335",
    "Material": "CrPO4",
    "steinhart_vector": [
        [
            0.007839931649738164,
            0.0009801239728257094,
            0.0011882680415226576,
            0.004016319987083179,
            0.004872052269683952,
            0.0025750812256741507,
            0.003093288440043294,
            0.004085866966699608,
            0.004058616505030025,
            0.00294773515197432,
            0.003511881335324433
        ],
        "CrPO4"
    ],
    "steinhart_parameter_sum": 0.03916916554559949,
    "band_gap": 0.744499999999999,
    "oxidation_state": 3.0,
    "possible_species": [
        "O2-",
        "Cr3+",
        "P5+"
    ],
    "density": 3.2773203781378832,
    "quadrupole moment": [
        [
            -9.160187315492113,
            -1.6159982764263914,
            -2.0978247021142535
        ],
        [
            -1.6159982764263914,
            -17.802051611242998,
            -0.539165490672108
        ],
        [
            -2.0978247021142535,
            -0.539165490672108,
            -14.207660909879134
        ]
    ],
    "quadrupole moment normalized": [
        [
            -0.08331180875448943,
            0.0014834399280740877,
            -0.020671737516249757
        ],
        [
            0.0014834399280740877,
            -0.1190862812506831,
            -0.004460332760107724
        ],
        [
            -0.020671737516249757,
            -0.004460332760107724,
            -0.10763456313970729
        ]
    ]
}