{
    "MP-ID": "mp-540544",
    "Material": "U8CrS17",
    "steinhart_vector": [
        [
            0.0018764075837686815,
            7.522098327558763e-07,
            0.00019061035595224573,
            1.5122547586123075e-06,
            0.0014142857468048696,
            1.9465445132854017e-06,
            0.0007415598394123339,
            2.517903848654949e-06,
            0.0012962305675426296,
            3.356168101420739e-06,
            0.0008876936835453696
        ],
        "U8CrS17"
    ],
    "steinhart_parameter_sum": 0.006416872858080859,
    "band_gap": 0.0,
    "oxidation_state": 2.0,
    "possible_species": [
        "U4+",
        "S2-",
        "Cr2+"
    ],
    "density": 7.180206943760331,
    "quadrupole moment": [
        [
            -24.44041392735398,
            -2.6780061815767287,
            -2.0235757087141413
        ],
        [
            -2.6780061815767287,
            -22.044446288248924,
            -1.208774760313441
        ],
        [
            -2.0235757087141413,
            -1.208774760313441,
            -22.944498652036778
        ]
    ],
    "quadrupole moment normalized": [
        [
            -0.0435903942367962,
            -0.005074073639717141,
            -0.0017940758504747887
        ],
        [
            -0.005074073639717141,
            -0.039188102258116114,
            -0.0009380776531374504
        ],
        [
            -0.0017940758504747887,
            -0.0009380776531374504,
            -0.04706388278996915
        ]
    ]
}