{
    "MP-ID": "mp-557660",
    "Material": "RbV2CrO7",
    "steinhart_vector": [
        [
            0.007515154300345087,
            1.1559807693023286e-18,
            0.00086803095338861,
            2.5828854539094343e-18,
            0.005599738814018068,
            2.43721418245311e-18,
            0.0031293252985143748,
            3.669351090100588e-18,
            0.005049246852215944,
            3.916783484819141e-18,
            0.0037594880295700097
        ],
        "RbV2CrO7"
    ],
    "steinhart_parameter_sum": 0.025920984248052108,
    "band_gap": 1.8638,
    "oxidation_state": 3.0,
    "possible_species": [
        "V5+",
        "Rb+",
        "Cr3+",
        "O2-"
    ],
    "density": 3.963569385949926,
    "quadrupole moment": [
        [
            -19.198755180923072,
            1.6602446754669837,
            -0.6740858811378383
        ],
        [
            1.6602446754669837,
            -14.153203447776836,
            0.915326320491322
        ],
        [
            -0.6740858811378383,
            0.915326320491322,
            -15.639053241950784
        ]
    ],
    "quadrupole moment normalized": [
        [
            -0.14287723726196241,
            0.009477516277644732,
            -0.0006442517042408238
        ],
        [
            0.009477516277644732,
            -0.10109915193455288,
            0.006640109220893916
        ],
        [
            -0.0006442517042408238,
            0.006640109220893916,
            -0.12369071189305518
        ]
    ]
}