{
    "MP-ID": "mp-568587",
    "Material": "CrCuSe2",
    "steinhart_vector": [
        [
            0.000663174780723729,
            7.641338354990165e-05,
            4.991955866059008e-05,
            0.00012738496719768785,
            0.00040134640783141443,
            4.7218587512510146e-05,
            0.00028660350073316334,
            0.0001190120412995898,
            0.0004079237328348268,
            0.00014730075005267386,
            0.00021839296941260564
        ],
        "CrCuSe2"
    ],
    "steinhart_parameter_sum": 0.0025446906798086925,
    "band_gap": 0.080999999999999,
    "oxidation_state": 3.0,
    "possible_species": [
        "Cu+",
        "Cr3+",
        "Se2-"
    ],
    "density": 5.85943263464577,
    "quadrupole moment": [
        [
            -27.18266322800165,
            0.5603822926133308,
            -3.1676015571357112
        ],
        [
            0.5603822926133308,
            -27.759958854334208,
            -1.93151770071274
        ],
        [
            -3.1676015571357112,
            -1.93151770071274,
            -17.18355951637154
        ]
    ],
    "quadrupole moment normalized": [
        [
            -0.018280198598177328,
            0.0003653591965027482,
            -0.0020652194780835537
        ],
        [
            0.0003653591965027482,
            -0.01865658498468821,
            -0.0012593149440746423
        ],
        [
            -0.0020652194780835537,
            -0.0012593149440746423,
            -0.011760962701554918
        ]
    ]
}