{
    "MP-ID": "mp-553996",
    "Material": "K2UCr(IO6)2",
    "steinhart_vector": [
        [
            0.016106068167060915,
            0.0011390628099394744,
            0.0010550785992765193,
            0.01201189946677717,
            0.008265044400677136,
            0.0012570984081983318,
            0.010126083122338201,
            0.009879743112640163,
            0.003728931398924398,
            0.008367204281448092,
            0.010447208862099211
        ],
        "K2UCr(IO6)2"
    ],
    "steinhart_parameter_sum": 0.08238342262937962,
    "band_gap": 2.141,
    "oxidation_state": 6.0,
    "possible_species": [
        "Cr6+",
        "K+",
        "O2-",
        "I5+",
        "U6+"
    ],
    "density": 4.217659712457548,
    "quadrupole moment": [
        [
            -6.945177826349787,
            -0.0721944051370933,
            -0.01275072608753236
        ],
        [
            -0.0721944051370933,
            -7.6972603792810546,
            -0.26865703322340595
        ],
        [
            -0.01275072608753236,
            -0.26865703322340595,
            -7.755495683461762
        ]
    ],
    "quadrupole moment normalized": [
        [
            -0.12365808049495129,
            -0.00524315056864727,
            0.00044012624323150167
        ],
        [
            -0.00524315056864727,
            -0.11895602246051679,
            0.0029035369616049918
        ],
        [
            0.00044012624323150167,
            0.0029035369616049918,
            -0.11574820983222127
        ]
    ]
}