{
    "MP-ID": "mp-559462",
    "Material": "CrHg3(PbO4)2",
    "steinhart_vector": [
        [
            0.01594229064253607,
            7.972569637249228e-05,
            0.0005057723521406854,
            0.011870460485814487,
            0.008108345372456511,
            0.0009002497852677228,
            0.01000014628501023,
            0.009712415700750935,
            0.0035902421939257713,
            0.008267075849043713,
            0.010270780800376725
        ],
        "CrHg3(PbO4)2"
    ],
    "steinhart_parameter_sum": 0.07924750516369533,
    "band_gap": 1.9243000000000001,
    "oxidation_state": 6.0,
    "possible_species": [
        "Cr6+",
        "O2-",
        "Hg2+",
        "Pb2+"
    ],
    "density": 7.953539364707387,
    "quadrupole moment": [
        [
            -7.514157921756971,
            0.1154496287187114,
            0.1298615248131075
        ],
        [
            0.1154496287187114,
            -7.595804095787988,
            -0.24187023153043308
        ],
        [
            0.1298615248131075,
            -0.24187023153043308,
            -7.294363794439376
        ]
    ],
    "quadrupole moment normalized": [
        [
            -0.12017347958466643,
            0.0016062503031533662,
            0.00029363796914874283
        ],
        [
            0.0016062503031533662,
            -0.1206449537867845,
            -0.005204324828325953
        ],
        [
            0.00029363796914874283,
            -0.005204324828325953,
            -0.11628954872552126
        ]
    ]
}