{
    "MP-ID": "mp-560956",
    "Material": "Cs2KCrF6",
    "steinhart_vector": [
        [
            0.007472122152847851,
            1.891576945027291e-19,
            8.852053858509622e-19,
            1.6966892583394342e-18,
            0.005706927561230277,
            1.7185527278810547e-18,
            0.0026417941220664696,
            2.1217867311686996e-18,
            0.005365509226202385,
            3.474809165414329e-18,
            0.003074220605562834
        ],
        "Cs2KCrF6"
    ],
    "steinhart_parameter_sum": 0.024260573667909822,
    "band_gap": 4.287,
    "oxidation_state": 3.0,
    "possible_species": [
        "K+",
        "Cr3+",
        "Cs+",
        "F-"
    ],
    "density": 4.03931920369044,
    "quadrupole moment": [
        [
            -7.712350515578214,
            -8.881784197001252e-16,
            -1.3781714898726954e-15
        ],
        [
            -8.881784197001252e-16,
            -7.712350515578214,
            -9.4757587837188e-16
        ],
        [
            -1.3781714898726954e-15,
            -9.4757587837188e-16,
            -7.7123505155782155
        ]
    ],
    "quadrupole moment normalized": [
        [
            -0.05762762513797952,
            -6.938893903907228e-18,
            -1.052460291368949e-17
        ],
        [
            -6.938893903907228e-18,
            -0.05762762513797952,
            -7.231560841479051e-18
        ],
        [
            -1.052460291368949e-17,
            -7.231560841479051e-18,
            -0.05762762513797954
        ]
    ]
}