{
    "MP-ID": "mp-584637",
    "Material": "Cr(PO3)3",
    "steinhart_vector": [
        [
            0.007740234876898426,
            1.154010318649513e-05,
            0.00015968264992394332,
            0.0002589530010128385,
            0.005893753992730035,
            0.0003218404101817038,
            0.0027440871756473943,
            0.0005274458541690359,
            0.005500573133604795,
            0.0005704662083372095,
            0.0031817384102318562
        ],
        "Cr(PO3)3"
    ],
    "steinhart_parameter_sum": 0.02691031581592373,
    "band_gap": 3.3019,
    "oxidation_state": 3.0,
    "possible_species": [
        "O2-",
        "Cr3+",
        "P5+"
    ],
    "density": 2.618687265422706,
    "quadrupole moment": [
        [
            -16.49646994847889,
            0.12052530915796536,
            -0.03778415443664329
        ],
        [
            0.12052530915796536,
            -16.276733658164282,
            -0.08142738782912712
        ],
        [
            -0.03778415443664329,
            -0.08142738782912712,
            -15.450813691812316
        ]
    ],
    "quadrupole moment normalized": [
        [
            -0.12726302082974217,
            0.0008915659351205522,
            -0.0008332409905222465
        ],
        [
            0.0008915659351205522,
            -0.12638411491832532,
            -0.0006742944052961095
        ],
        [
            -0.0008332409905222465,
            -0.0006742944052961095,
            -0.11961326917594116
        ]
    ]
}