{
    "MP-ID": "mp-555036",
    "Material": "KCrF3",
    "steinhart_vector": [
        [
            0.005607606335242838,
            3.2732177528490004e-19,
            3.009708453601248e-19,
            5.8857548556306015e-19,
            0.00428288008312737,
            8.257691781783041e-19,
            0.001982588232937428,
            1.1367308467494188e-18,
            0.004026655736240752,
            1.3712834950752911e-18,
            0.002307111499390828
        ],
        "KCrF3"
    ],
    "steinhart_parameter_sum": 0.018206841886939218,
    "band_gap": 0.0,
    "oxidation_state": 2.0,
    "possible_species": [
        "K+",
        "Cr2+",
        "F-"
    ],
    "density": 3.273020451893828,
    "quadrupole moment": [
        [
            -8.902663986248001,
            -1.4316575598745904e-15,
            -5.451309477321516e-16
        ],
        [
            -1.4316575598745904e-15,
            -8.902663986248001,
            -5.451309477321516e-16
        ],
        [
            -5.451309477321516e-16,
            -5.451309477321516e-16,
            -8.902663986248001
        ]
    ],
    "quadrupole moment normalized": [
        [
            -0.049922634969822556,
            -8.028172002651056e-18,
            -3.056879756039747e-18
        ],
        [
            -8.028172002651056e-18,
            -0.049922634969822556,
            -3.056879756039746e-18
        ],
        [
            -3.056879756039747e-18,
            -3.056879756039746e-18,
            -0.049922634969822556
        ]
    ]
}