{
    "MP-ID": "mp-560338",
    "Material": "CrF3",
    "steinhart_vector": [
        [
            0.008317181322278088,
            5.568116010722682e-07,
            4.2113882952733376e-05,
            1.5509217554344283e-06,
            0.006352002770340408,
            2.211773300167903e-06,
            0.002941885999723483,
            3.1405873755221425e-06,
            0.005971345395323014,
            3.866964884277604e-06,
            0.003424234758556293
        ],
        "CrF3"
    ],
    "steinhart_parameter_sum": 0.027060091188090496,
    "band_gap": 3.0453,
    "oxidation_state": 3.0,
    "possible_species": [
        "F-",
        "Cr3+"
    ],
    "density": 3.9089680584202062,
    "quadrupole moment": [
        [
            -7.2972901528356795,
            -0.012982629241417298,
            -0.041708497137530776
        ],
        [
            -0.012982629241417298,
            -7.283606922079147,
            -0.03164403524170323
        ],
        [
            -0.041708497137530776,
            -0.03164403524170323,
            -7.349268633344964
        ]
    ],
    "quadrupole moment normalized": [
        [
            -0.06069353686944279,
            -0.0001125938540702991,
            -0.00034946967320357604
        ],
        [
            -0.0001125938540702991,
            -0.06058323415465438,
            -0.0002626666226365742
        ],
        [
            -0.00034946967320357604,
            -0.0002626666226365742,
            -0.06112039223405035
        ]
    ]
}