{
    "MP-ID": "mp-556792",
    "Material": "LiCaCrF6",
    "steinhart_vector": [
        [
            0.0076875037043167395,
            8.271739398673544e-11,
            0.00021914298426783637,
            0.0003745819598209306,
            0.0058348086973450276,
            0.00045314843744755545,
            0.002730497480259565,
            0.0007665721817128903,
            0.005403053614053695,
            0.0007963471463634517,
            0.003151877023445996
        ],
        "LiCaCrF6"
    ],
    "steinhart_parameter_sum": 0.02741753331175108,
    "band_gap": 3.7879,
    "oxidation_state": 3.0,
    "possible_species": [
        "Ca2+",
        "Cr3+",
        "Li+",
        "F-"
    ],
    "density": 3.053647831639924,
    "quadrupole moment": [
        [
            -7.820294294688964,
            9.458747958629443e-07,
            2.220446049250313e-16
        ],
        [
            9.458747958629443e-07,
            -7.820293202486523,
            -1.2628786905111156e-15
        ],
        [
            2.220446049250313e-16,
            -1.2628786905111156e-15,
            -7.170044947521005
        ]
    ],
    "quadrupole moment normalized": [
        [
            -0.06011853848071455,
            2.2856171073620465e-09,
            -3.874934897257765e-09
        ],
        [
            2.2856171073620465e-09,
            -0.06011853584151052,
            -6.711585067873879e-09
        ],
        [
            -3.874934897257765e-09,
            -6.711585067873879e-09,
            -0.055119747094185254
        ]
    ]
}