{
    "MP-ID": "mp-557145",
    "Material": "CrSbF10",
    "steinhart_vector": [
        [
            0.011069612377091254,
            0.0005104682465700363,
            0.0009204176382920594,
            0.0035833941598244377,
            0.007703857131209433,
            0.002661627370274013,
            0.003551398760488003,
            0.004833595029056357,
            0.006053897339518474,
            0.003409144846471859,
            0.004761522601495418
        ],
        "CrSbF10"
    ],
    "steinhart_parameter_sum": 0.04905893550029134,
    "band_gap": 1.2929,
    "oxidation_state": 5.0,
    "possible_species": [
        "Cr5+",
        "Sb5+",
        "F-"
    ],
    "density": 3.729848250766194,
    "quadrupole moment": [
        [
            -6.953767259935475,
            0.5227072543710376,
            0.26949629407132725
        ],
        [
            0.5227072543710376,
            -6.127819862486123,
            0.6720692172938407
        ],
        [
            0.26949629407132725,
            0.6720692172938407,
            -6.800419366000657
        ]
    ],
    "quadrupole moment normalized": [
        [
            -0.06778044332321889,
            -0.0014195392970715124,
            -0.00037645517636861626
        ],
        [
            -0.0014195392970715124,
            -0.07120994302402973,
            -0.003618363667173904
        ],
        [
            -0.00037645517636861626,
            -0.003618363667173904,
            -0.06861767753533309
        ]
    ]
}