{
    "MP-ID": "mp-562965",
    "Material": "CsCrP2O7",
    "steinhart_vector": [
        [
            0.007486914940628442,
            0.00022086801399542248,
            0.00010635753615463601,
            0.000653405080259174,
            0.005633262426756538,
            0.0008811818827494744,
            0.002571894856648945,
            0.0012636721075003023,
            0.00509447009479727,
            0.0015031249713483318,
            0.0028608740166562482
        ],
        "CsCrP2O7"
    ],
    "steinhart_parameter_sum": 0.028276025927494786,
    "band_gap": 2.7059,
    "oxidation_state": 3.0,
    "possible_species": [
        "O2-",
        "Cr3+",
        "Cs+",
        "P5+"
    ],
    "density": 3.720388268331982,
    "quadrupole moment": [
        [
            -16.469559700051818,
            0.05217567106215526,
            0.04295973983136614
        ],
        [
            0.05217567106215526,
            -16.423265740676136,
            -0.048660385866542644
        ],
        [
            0.04295973983136614,
            -0.048660385866542644,
            -16.18048450913069
        ]
    ],
    "quadrupole moment normalized": [
        [
            -0.12272976327119647,
            -0.0008467280907892144,
            -0.0004078777029587182
        ],
        [
            -0.0008467280907892144,
            -0.12105869334009597,
            0.0008960695336470599
        ],
        [
            -0.0004078777029587182,
            0.0008960695336470599,
            -0.12321356933417166
        ]
    ]
}