{
    "MP-ID": "mp-567329",
    "Material": "CrHg6As4Br7",
    "steinhart_vector": [
        [
            0.0007013512968941287,
            4.173420498344305e-20,
            1.05763696742599e-05,
            1.1039067457615588e-19,
            0.000535404877486436,
            1.6596475477559164e-19,
            0.00024894930633559116,
            3.382231715468623e-19,
            0.0005028911394702931,
            3.3176009326218883e-19,
            0.00029029401778856643
        ],
        "CrHg6As4Br7"
    ],
    "steinhart_parameter_sum": 0.0022894670076492765,
    "band_gap": 1.143599999999999,
    "oxidation_state": 3.0,
    "possible_species": [
        "Hg2+",
        "Br-",
        "Cr3+",
        "As2-"
    ],
    "density": 7.002535640947163,
    "quadrupole moment": [
        [
            -12.765216099902633,
            -0.19249931531069087,
            -0.1924993153106902
        ],
        [
            -0.19249931531069087,
            -12.765216099902633,
            0.1924993153106882
        ],
        [
            -0.1924993153106902,
            0.1924993153106882,
            -12.76521609990263
        ]
    ],
    "quadrupole moment normalized": [
        [
            -0.008952900866800523,
            -0.00013500964444438464,
            -0.0001350096444443842
        ],
        [
            -0.00013500964444438464,
            -0.008952900866800525,
            0.00013500964444438334
        ],
        [
            -0.0001350096444443842,
            0.00013500964444438334,
            -0.008952900866800525
        ]
    ]
}