{
    "MP-ID": "mp-567474",
    "Material": "Li2CrCl4",
    "steinhart_vector": [
        [
            0.0014719058200922534,
            6.949724041178978e-20,
            0.00029112193734697644,
            2.796365171543235e-19,
            0.0011387908039448178,
            2.6939598740666757e-19,
            0.0005896418950481691,
            4.676874746513093e-19,
            0.0010736475844390176,
            5.52143163051542e-19,
            0.0006658923747195895
        ],
        "Li2CrCl4"
    ],
    "steinhart_parameter_sum": 0.005231000415590826,
    "band_gap": 0.3029,
    "oxidation_state": 2.0,
    "possible_species": [
        "Cl-",
        "Cr2+",
        "Li+"
    ],
    "density": 2.39983734902604,
    "quadrupole moment": [
        [
            -12.060380075319504,
            -0.6806107316687449,
            -1.315364503378294
        ],
        [
            -0.6806107316687449,
            -12.488143127153851,
            -1.7921360832814974
        ],
        [
            -1.315364503378294,
            -1.7921360832814974,
            -14.803548096614815
        ]
    ],
    "quadrupole moment normalized": [
        [
            -0.019263860445469298,
            0.0014834915590722887,
            0.001778673858900316
        ],
        [
            0.0014834915590722887,
            -0.018331487729095333,
            0.0024233781546772128
        ],
        [
            0.001778673858900316,
            0.0024233781546772128,
            -0.01761401118978803
        ]
    ]
}