{
    "MP-ID": "mp-541933",
    "Material": "CrHg5S2O5",
    "steinhart_vector": [
        [
            0.01577088264974792,
            0.00031499849814578166,
            0.00047883372050778946,
            0.011754783341934113,
            0.008030293055723356,
            0.0006057681073111213,
            0.00991315369829665,
            0.009640756553372619,
            0.003428169483287893,
            0.008179595682956337,
            0.010229906815754553
        ],
        "CrHg5S2O5"
    ],
    "steinhart_parameter_sum": 0.07834714160703814,
    "band_gap": 1.7236,
    "oxidation_state": 6.0,
    "possible_species": [
        "Cr6+",
        "Hg2+",
        "O2-",
        "S2-",
        "Hg+"
    ],
    "density": 7.345153627963766,
    "quadrupole moment": [
        [
            -7.479688131275928,
            0.07203532322435269,
            -0.010760667741022412
        ],
        [
            0.07203532322435269,
            -7.6198209228771905,
            0.09579933697445683
        ],
        [
            -0.010760667741022412,
            0.09579933697445683,
            -7.437231414583748
        ]
    ],
    "quadrupole moment normalized": [
        [
            -0.11750290133474342,
            -0.0036639637486185553,
            -0.0005468884152556785
        ],
        [
            -0.0036639637486185553,
            -0.11963386492097516,
            0.0010752488733321752
        ],
        [
            -0.0005468884152556785,
            0.0010752488733321752,
            -0.11798899975129452
        ]
    ]
}