{
    "MP-ID": "mp-690539",
    "Material": "CrNiF6",
    "steinhart_vector": [
        [
            0.00957711001507738,
            1.320560856090165e-18,
            5.327901589817768e-05,
            2.8407860995189253e-18,
            0.007314153500548755,
            2.224107372695124e-18,
            0.003387852931619745,
            4.601863041865248e-18,
            0.006875684243670461,
            4.07231066809126e-18,
            0.003943514141184204
        ],
        "CrNiF6"
    ],
    "steinhart_parameter_sum": 0.03115159384799874,
    "band_gap": 0.0,
    "oxidation_state": 3.0,
    "possible_species": [
        "F-",
        "Cr3+",
        "Ni3+"
    ],
    "density": 4.138707043544272,
    "quadrupole moment": [
        [
            -6.827518289465219,
            0.01554917456821181,
            0.04266058680456791
        ],
        [
            0.01554917456821181,
            -6.839484961471584,
            0.02929448053881445
        ],
        [
            0.04266058680456791,
            0.02929448053881445,
            -6.769790286845135
        ]
    ],
    "quadrupole moment normalized": [
        [
            -0.06538788723780596,
            0.00014891853635729934,
            0.0004085659429404619
        ],
        [
            0.00014891853635729934,
            -0.06550250274982097,
            0.0002805571106792407
        ],
        [
            0.0004085659429404619,
            0.0002805571106792407,
            -0.06483503007913258
        ]
    ]
}