{
    "MP-ID": "mp-607399",
    "Material": "Al2CrCl8",
    "steinhart_vector": [
        [
            0.0014112343989607446,
            3.4044954859494386e-06,
            0.0003440126868660115,
            9.740987938471467e-06,
            0.0010879107882100138,
            9.638718752910652e-06,
            0.0006202011963095795,
            1.560719162683244e-05,
            0.0010097958884912395,
            1.7297889966031155e-05,
            0.0007122998842058744
        ],
        "Al2CrCl8"
    ],
    "steinhart_parameter_sum": 0.005241144126813658,
    "band_gap": 0.927099999999999,
    "oxidation_state": 2.0,
    "possible_species": [
        "Cr2+",
        "Cl-",
        "Al3+"
    ],
    "density": 1.929016675345704,
    "quadrupole moment": [
        [
            -13.996138439813386,
            -1.2835686011814635,
            1.9284018191821102
        ],
        [
            -1.2835686011814635,
            -12.279395690529626,
            2.6563826082666164
        ],
        [
            1.9284018191821102,
            2.6563826082666164,
            -14.672568818967699
        ]
    ],
    "quadrupole moment normalized": [
        [
            -0.017755433766821663,
            0.002127561740377675,
            -0.0039284216572477056
        ],
        [
            0.002127561740377675,
            -0.01833192608095059,
            -0.00027018287467944443
        ],
        [
            -0.0039284216572477056,
            -0.00027018287467944443,
            -0.017689727977393738
        ]
    ]
}