{
    "MP-ID": "mp-629430",
    "Material": "SrLi2CrN3",
    "steinhart_vector": [
        [
            0.01380351946332768,
            0.000610389692361182,
            0.002309468080396632,
            0.010253671022109142,
            0.006813099339383607,
            0.00304517825369096,
            0.008750243421331879,
            0.007872944612432708,
            0.00434370685590225,
            0.007737438521799003,
            0.00811919500720384
        ],
        "SrLi2CrN3"
    ],
    "steinhart_parameter_sum": 0.07365885426993889,
    "band_gap": 0.9152000000000001,
    "oxidation_state": 5.0,
    "possible_species": [
        "Cr5+",
        "Sr2+",
        "N3-",
        "Li+"
    ],
    "density": 3.645925209195367,
    "quadrupole moment": [
        [
            -12.928727099087377,
            -0.18727148181847483,
            -0.8875894648785807
        ],
        [
            -0.18727148181847483,
            -13.022876593146304,
            -0.8822154073488631
        ],
        [
            -0.8875894648785807,
            -0.8822154073488631,
            -13.106594733486647
        ]
    ],
    "quadrupole moment normalized": [
        [
            -0.18179946276387055,
            0.020520562877911288,
            -0.018189141131701378
        ],
        [
            0.020520562877911288,
            -0.19158240123905057,
            -0.0181079921875668
        ],
        [
            -0.018189141131701378,
            -0.0181079921875668,
            -0.15742563851626062
        ]
    ]
}