{
    "MP-ID": "mp-698367",
    "Material": "CrH9C6(S2O)3",
    "steinhart_vector": [
        [
            0.0017522093778159472,
            5.208620221443768e-06,
            0.0001726267980915857,
            0.00041151089407271617,
            0.001183059123656471,
            0.0003849015982023937,
            0.0006016281847557053,
            0.0007900897626843811,
            0.0008115875076600264,
            0.0005436199090761929,
            0.000598872002326168
        ],
        "CrH9C6(S2O)3"
    ],
    "steinhart_parameter_sum": 0.007255313778563032,
    "band_gap": 2.612,
    "oxidation_state": 3.0,
    "possible_species": [
        "O2-",
        "Cr3+",
        "H+",
        "S2-",
        "C+"
    ],
    "density": 1.633639675859974,
    "quadrupole moment": [
        [
            -25.698484134344547,
            0.5481014385656029,
            -1.6616889634401644
        ],
        [
            0.5481014385656029,
            -25.68690850537448,
            -1.9340581973066628
        ],
        [
            -1.6616889634401644,
            -1.9340581973066628,
            -20.285061975655438
        ]
    ],
    "quadrupole moment normalized": [
        [
            -0.045059201654310925,
            0.001045538588996026,
            -0.003133188014224092
        ],
        [
            0.001045538588996026,
            -0.044912608501761694,
            -0.0032653807034810755
        ],
        [
            -0.003133188014224092,
            -0.0032653807034810755,
            -0.03560524392303083
        ]
    ]
}