{
    "MP-ID": "mp-686949",
    "Material": "ThCr(IO5)2",
    "steinhart_vector": [
        [
            0.016085450089061558,
            0.0004595658916592473,
            0.00035490613395354855,
            0.011983170159260039,
            0.00820238285060332,
            0.0006493642190165568,
            0.01009559333744502,
            0.009837335432059292,
            0.0035375432236313857,
            0.008324449777760876,
            0.010423992064564269
        ],
        "ThCr(IO5)2"
    ],
    "steinhart_parameter_sum": 0.0799537531790151,
    "band_gap": 2.7329,
    "oxidation_state": 6.0,
    "possible_species": [
        "Cr6+",
        "Th4+",
        "O2-",
        "I5+"
    ],
    "density": 5.418352762535627,
    "quadrupole moment": [
        [
            -7.5155166129593525,
            -0.16265507646639543,
            -0.054090884912945336
        ],
        [
            -0.16265507646639543,
            -7.282776049222496,
            0.1826819933926377
        ],
        [
            -0.054090884912945336,
            0.1826819933926377,
            -7.514852558942796
        ]
    ],
    "quadrupole moment normalized": [
        [
            -0.11710499498121965,
            -0.0008256906380282591,
            0.00038096040343910467
        ],
        [
            -0.0008256906380282591,
            -0.11856490321739388,
            0.000761105736007921
        ],
        [
            0.00038096040343910467,
            0.000761105736007921,
            -0.12299089293579109
        ]
    ]
}