{
    "MP-ID": "mp-677093",
    "Material": "Cr(InS2)2",
    "steinhart_vector": [
        [
            0.0016880326648585002,
            3.7177797500180162e-19,
            0.00015688809921659766,
            4.374315305240894e-19,
            0.0012664796458759634,
            8.295339933719466e-19,
            0.00067515414079372,
            1.0237552783770437e-18,
            0.0011522441649501657,
            1.1866041922274445e-18,
            0.0008167571702158963
        ],
        "Cr(InS2)2"
    ],
    "steinhart_parameter_sum": 0.005755555885910847,
    "band_gap": 0.0,
    "oxidation_state": 2.0,
    "possible_species": [
        "Cr2+",
        "S2-",
        "In3+"
    ],
    "density": 4.370901726222723,
    "quadrupole moment": [
        [
            -21.6987767640693,
            0.7254646234583042,
            1.2656305555870346
        ],
        [
            0.7254646234583042,
            -28.25241341501571,
            -1.2223414128335888
        ],
        [
            1.2656305555870346,
            -1.2223414128335888,
            -23.080438115230542
        ]
    ],
    "quadrupole moment normalized": [
        [
            -0.03636747449070685,
            0.0007348852913177523,
            0.0026376927539697404
        ],
        [
            0.0007348852913177523,
            -0.047634998950071096,
            -0.0012381402679525382
        ],
        [
            0.0026376927539697404,
            -0.0012381402679525382,
            -0.03924692919385493
        ]
    ]
}