{
    "MP-ID": "mp-606313",
    "Material": "Cr(OF)2",
    "steinhart_vector": [
        [
            0.015229576665049776,
            0.004387018059681275,
            0.002042441020319752,
            0.010534705332315913,
            0.009497710818075966,
            0.004542701926959881,
            0.007410345228256747,
            0.010432452672875035,
            0.007159467646737738,
            0.0054500553415527545,
            0.009663866372466556
        ],
        "Cr(OF)2"
    ],
    "steinhart_parameter_sum": 0.08635034108429139,
    "band_gap": 2.7,
    "oxidation_state": 6.0,
    "possible_species": [
        "Cr6+",
        "F-",
        "O2-"
    ],
    "density": 2.807807458072017,
    "quadrupole moment": [
        [
            -6.255104177349734,
            -0.41857219159861125,
            -0.1488154219047677
        ],
        [
            -0.41857219159861125,
            -4.46969770477916,
            0.10667035506068817
        ],
        [
            -0.1488154219047677,
            0.10667035506068817,
            -5.817499784920199
        ]
    ],
    "quadrupole moment normalized": [
        [
            -0.11193220231745432,
            -0.00680889598064165,
            -0.02701424346678382
        ],
        [
            -0.00680889598064165,
            -0.08261529188038547,
            -0.004366473849753431
        ],
        [
            -0.02701424346678382,
            -0.004366473849753431,
            -0.0738128228832606
        ]
    ]
}