{
    "MP-ID": "mp-610955",
    "Material": "CsCrCl3",
    "steinhart_vector": [
        [
            0.001482553896674626,
            1.7041164627149516e-06,
            0.00010437352157093446,
            4.462981087799851e-06,
            0.00112029328521217,
            2.5857717365100107e-06,
            0.0005671802877882659,
            6.60802034058026e-06,
            0.001031372339097515,
            4.447186681010616e-06,
            0.0006827631591347826
        ],
        "CsCrCl3"
    ],
    "steinhart_parameter_sum": 0.005008344565786909,
    "band_gap": 0.0,
    "oxidation_state": 2.0,
    "possible_species": [
        "Cr2+",
        "Cs+",
        "Cl-"
    ],
    "density": 3.309263129170946,
    "quadrupole moment": [
        [
            -11.71100802501785,
            1.3837584003084658e-06,
            -4.440892098500626e-16
        ],
        [
            1.3837584003084658e-06,
            -11.711006427190842,
            -6.661338147750939e-16
        ],
        [
            -4.440892098500626e-16,
            -6.661338147750939e-16,
            -14.372011403510417
        ]
    ],
    "quadrupole moment normalized": [
        [
            -0.017362199847446597,
            7.801173769472758e-10,
            -1.991804009053577e-09
        ],
        [
            7.801173769472758e-10,
            -0.0173621989466444,
            1.149968426907011e-09
        ],
        [
            -1.991804009053577e-09,
            1.149968426907011e-09,
            -0.02130700429944455
        ]
    ]
}