{
    "MP-ID": "mp-698222",
    "Material": "CrP2H15N2O11",
    "steinhart_vector": [
        [
            0.007758748104597889,
            0.00019648410259025446,
            0.0002472634069573578,
            0.0004551379125858806,
            0.005884613795317212,
            0.0005894746559659652,
            0.0027410362834949164,
            0.0008572177586538032,
            0.005435313906587914,
            0.001004319439010877,
            0.003143490733479842
        ],
        "CrP2H15N2O11"
    ],
    "steinhart_parameter_sum": 0.02831310009924191,
    "band_gap": 3.7807999999999993,
    "oxidation_state": 3.0,
    "possible_species": [
        "N3-",
        "O2-",
        "Cr3+",
        "H+",
        "P5+"
    ],
    "density": 1.871668532993057,
    "quadrupole moment": [
        [
            -18.859442338823253,
            -2.2414165202717546,
            -3.9584058754595217
        ],
        [
            -2.2414165202717546,
            -18.65736990468853,
            -3.7839925811799215
        ],
        [
            -3.9584058754595217,
            -3.7839925811799215,
            -20.598982000203286
        ]
    ],
    "quadrupole moment normalized": [
        [
            -0.14592611532649782,
            -0.014782473835403688,
            -0.026653904285985172
        ],
        [
            -0.014782473835403688,
            -0.1445934177027243,
            -0.025479493324049113
        ],
        [
            -0.026653904285985172,
            -0.025479493324049113,
            -0.1566424342607478
        ]
    ]
}