{
    "MP-ID": "mp-776002",
    "Material": "Ti3Nb2Cr(PO4)6",
    "steinhart_vector": [
        [
            0.007654137153049938,
            0.00019986553587008095,
            2.195299824537415e-05,
            0.0016536445468292675,
            0.0054257005624815035,
            0.0017511646329601677,
            0.002360890138659117,
            0.0028561584088378426,
            0.004181127305495524,
            0.0028086420834373396,
            0.0023604294960349135
        ],
        "Ti3Nb2Cr(PO4)6"
    ],
    "steinhart_parameter_sum": 0.031273712861901067,
    "band_gap": 0.10649999999999901,
    "oxidation_state": 3.0,
    "possible_species": [
        "O2-",
        "Cr3+",
        "Ti3+",
        "Nb2+",
        "P5+",
        "Ti4+"
    ],
    "density": 3.423605765251107,
    "quadrupole moment": [
        [
            -16.080636229406736,
            -0.2497843838325018,
            -0.6024691485604752
        ],
        [
            -0.2497843838325018,
            -15.906257283783026,
            -0.4278203047530706
        ],
        [
            -0.6024691485604752,
            -0.4278203047530706,
            -16.76076638129144
        ]
    ],
    "quadrupole moment normalized": [
        [
            -0.12301026386993233,
            -0.0007435784500321729,
            -0.0017934910562196135
        ],
        [
            -0.0007435784500321729,
            -0.12249118841566034,
            -0.0012735659028602336
        ],
        [
            -0.0017934910562196135,
            -0.0012735659028602336,
            -0.1250349737379186
        ]
    ]
}