{
    "MP-ID": "mp-760796",
    "Material": "Li7CrFe3(PO4)6",
    "steinhart_vector": [
        [
            0.00799094305003339,
            0.00016964255131373171,
            0.00012945400528534273,
            0.0011949417601428386,
            0.0058866082321086186,
            0.0012918423160852802,
            0.0026425843554839607,
            0.0021887037193970785,
            0.005035011437446988,
            0.002184992579109423,
            0.0027690322494032574
        ],
        "Li7CrFe3(PO4)6"
    ],
    "steinhart_parameter_sum": 0.03148375625580991,
    "band_gap": 1.1078000000000001,
    "oxidation_state": 3.0,
    "possible_species": [
        "Fe3+",
        "O2-",
        "Cr3+",
        "Fe2+",
        "Li+",
        "P5+"
    ],
    "density": 2.879711781442593,
    "quadrupole moment": [
        [
            -15.700869212465047,
            -0.22602147683954077,
            -0.5483125471634491
        ],
        [
            -0.22602147683954077,
            -15.542317338784537,
            -0.3887438627879525
        ],
        [
            -0.5483125471634491,
            -0.3887438627879525,
            -16.325131199288926
        ]
    ],
    "quadrupole moment normalized": [
        [
            -0.12546581664306553,
            -0.0012501904246029275,
            -0.003032876871655905
        ],
        [
            -0.0012501904246029275,
            -0.12458881213815023,
            -0.002150246421621673
        ],
        [
            -0.003032876871655905,
            -0.002150246421621673,
            -0.1289187863730959
        ]
    ]
}