{
    "MP-ID": "mp-756584",
    "Material": "Na3CrBPO7",
    "steinhart_vector": [
        [
            0.0072507462058081186,
            0.0008226119989552824,
            0.0005952628699398783,
            0.0009840664245925309,
            0.005130429731264971,
            0.0017895688107691684,
            0.00252277329181397,
            0.0020960594753102243,
            0.004252136725769004,
            0.0022952300130531194,
            0.0027443373506088886
        ],
        "Na3CrBPO7"
    ],
    "steinhart_parameter_sum": 0.03048322289788516,
    "band_gap": 2.8333,
    "oxidation_state": 3.0,
    "possible_species": [
        "Na+",
        "O2-",
        "Cr3+",
        "B3+",
        "P5+"
    ],
    "density": 2.929497593321369,
    "quadrupole moment": [
        [
            -14.638923616306677,
            -0.164186226851154,
            0.002391229661381805
        ],
        [
            -0.164186226851154,
            -18.326963928685135,
            0.002866529046802735
        ],
        [
            0.002391229661381805,
            0.002866529046802735,
            -16.948099488570378
        ]
    ],
    "quadrupole moment normalized": [
        [
            -0.10704345753498976,
            -0.0030358688110588184,
            1.487160138017988e-05
        ],
        [
            -0.0030358688110588184,
            -0.1369208050421417,
            2.3575947039283004e-05
        ],
        [
            1.487160138017988e-05,
            2.3575947039283004e-05,
            -0.11708306499239213
        ]
    ]
}