{
    "MP-ID": "mp-764560",
    "Material": "Na5CrO4",
    "steinhart_vector": [
        [
            0.009121561164314965,
            0.00044580644306381706,
            0.0012391324146726053,
            0.006597627454520338,
            0.004554076196275895,
            0.0024523974871248494,
            0.0054181726723649066,
            0.004999113098336773,
            0.003662975298462742,
            0.004838984709567446,
            0.004733094593334117
        ],
        "Na5CrO4"
    ],
    "steinhart_parameter_sum": 0.04806294153203845,
    "band_gap": 0.5424,
    "oxidation_state": 3.0,
    "possible_species": [
        "Na+",
        "O2-",
        "Cr3+"
    ],
    "density": 2.632352838215401,
    "quadrupole moment": [
        [
            -9.602339115375257,
            -1.6231284980778455,
            -0.17602681316968408
        ],
        [
            -1.6231284980778455,
            -11.686069352301342,
            -0.10376637447737311
        ],
        [
            -0.17602681316968408,
            -0.10376637447737311,
            -8.342017493284454
        ]
    ],
    "quadrupole moment normalized": [
        [
            -0.09007768898586242,
            -0.016247727024854164,
            -0.0021116186318783942
        ],
        [
            -0.016247727024854164,
            -0.10324727143745241,
            -0.001597308554606305
        ],
        [
            -0.0021116186318783942,
            -0.001597308554606305,
            -0.07676251569432396
        ]
    ]
}