{
    "MP-ID": "mp-705019",
    "Material": "Cr(PO3)5",
    "steinhart_vector": [
        [
            0.007399532798002478,
            1.912050451759749e-05,
            0.00037756472428346,
            8.079433559339055e-05,
            0.0056515604323056304,
            0.00010041656222404332,
            0.002649212477803827,
            0.0001473075952648065,
            0.005305708853586778,
            0.00018154665847921867,
            0.003081348013223911
        ],
        "Cr(PO3)5"
    ],
    "steinhart_parameter_sum": 0.02499411295528514,
    "band_gap": 0.0,
    "oxidation_state": 5.0,
    "possible_species": [
        "Cr5+",
        "O2-",
        "P5+"
    ],
    "density": 2.371931907294293,
    "quadrupole moment": [
        [
            -16.270371086846428,
            -0.43376748076446536,
            -0.11234000252683529
        ],
        [
            -0.43376748076446536,
            -15.904262528778712,
            -0.17625344912530538
        ],
        [
            -0.11234000252683529,
            -0.17625344912530538,
            -17.23285657234426
        ]
    ],
    "quadrupole moment normalized": [
        [
            -0.12322561342502114,
            0.0014746700141036308,
            0.0035766875749164914
        ],
        [
            0.0014746700141036308,
            -0.12254371540946662,
            -0.004275661958554125
        ],
        [
            0.0035766875749164914,
            -0.004275661958554125,
            -0.11897221672046132
        ]
    ]
}