{
    "MP-ID": "mp-756864",
    "Material": "LiCrSnO4",
    "steinhart_vector": [
        [
            0.007565002996863341,
            2.9560631282541393e-08,
            0.0006204308655171719,
            1.5001254971653745e-07,
            0.0056958877941278505,
            2.257640486793287e-07,
            0.0029642157711988913,
            2.697944011265186e-07,
            0.005206756722645465,
            4.134424525373076e-07,
            0.003594465429183663
        ],
        "LiCrSnO4"
    ],
    "steinhart_parameter_sum": 0.025647848153619722,
    "band_gap": 2.847299999999999,
    "oxidation_state": 3.0,
    "possible_species": [
        "O2-",
        "Cr3+",
        "Li+",
        "Sn4+"
    ],
    "density": 5.092909925735784,
    "quadrupole moment": [
        [
            -17.66035541736132,
            -3.3950759059217574e-06,
            1.7446637138418428
        ],
        [
            -3.3950759059217574e-06,
            -14.69363155195174,
            2.1496235428344936e-05
        ],
        [
            1.7446637138418428,
            2.1496235428344936e-05,
            -16.427987959935187
        ]
    ],
    "quadrupole moment normalized": [
        [
            -0.1348198071951448,
            4.267035421726883e-08,
            0.01315838258261136
        ],
        [
            4.267035421726883e-08,
            -0.11217806296403539,
            1.6108198755953738e-07
        ],
        [
            0.01315838258261136,
            1.6108198755953738e-07,
            -0.12200658298818673
        ]
    ]
}