{
    "MP-ID": "mp-757257",
    "Material": "Li4CrCo3(PO4)4",
    "steinhart_vector": [
        [
            0.005612312197668516,
            0.00016936364024352135,
            0.0006832385655704546,
            0.0015814077692220417,
            0.0036788104932450167,
            0.0019682358419976817,
            0.0016465624587248678,
            0.001952179529610156,
            0.0032236682857949717,
            0.002132925548178009,
            0.001834714460922865
        ],
        "Li4CrCo3(PO4)4"
    ],
    "steinhart_parameter_sum": 0.0244834187911781,
    "band_gap": 1.135899999999999,
    "oxidation_state": 2.0,
    "possible_species": [
        "O2-",
        "Cr2+",
        "Li+",
        "P5+",
        "Co2+"
    ],
    "density": 3.551165885306155,
    "quadrupole moment": [
        [
            -17.726378281765562,
            2.107461386798077,
            -1.3322676295501878e-15
        ],
        [
            2.107461386798077,
            -20.255777304703155,
            -1.3322676295501878e-15
        ],
        [
            -1.3322676295501878e-15,
            -1.3322676295501878e-15,
            -19.70996401091466
        ]
    ],
    "quadrupole moment normalized": [
        [
            -0.08965780520259059,
            -0.006492684741655633,
            1.0408340855860843e-17
        ],
        [
            -0.006492684741655633,
            -0.11636293840476351,
            -2.0816681711721685e-17
        ],
        [
            1.0408340855860843e-17,
            -2.0816681711721685e-17,
            -0.10997454855696195
        ]
    ]
}