{
    "MP-ID": "mp-771974",
    "Material": "Na3CrBAsO7",
    "steinhart_vector": [
        [
            0.007244535243660274,
            0.0008481710808133912,
            0.0006609661598785963,
            0.0009865337916674945,
            0.005055095730271335,
            0.002006661385097195,
            0.0025243770935123237,
            0.002021852502432634,
            0.004141077329249265,
            0.0025920792718986526,
            0.0026892140664449356
        ],
        "Na3CrBAsO7"
    ],
    "steinhart_parameter_sum": 0.030770563654926093,
    "band_gap": 2.5311,
    "oxidation_state": 3.0,
    "possible_species": [
        "Na+",
        "O2-",
        "Cr3+",
        "B3+",
        "As5+"
    ],
    "density": 3.212456987065991,
    "quadrupole moment": [
        [
            -16.40439145130934,
            0.49272097678364357,
            -1.241820448247077
        ],
        [
            0.49272097678364357,
            -16.040076691591022,
            -1.781211131661733
        ],
        [
            -1.241820448247077,
            -1.781211131661733,
            -17.461165910516446
        ]
    ],
    "quadrupole moment normalized": [
        [
            -0.11750296035159308,
            0.0003840899135096401,
            -0.009938144755421388
        ],
        [
            0.0003840899135096401,
            -0.11722843002447886,
            -0.01425851222060802
        ],
        [
            -0.009938144755421388,
            -0.01425851222060802,
            -0.12623483818767442
        ]
    ]
}