{
    "MP-ID": "mp-758188",
    "Material": "Li2CrSiO4",
    "steinhart_vector": [
        [
            0.006375443887061878,
            0.0006411209644371368,
            0.0015165450540872971,
            0.004179904002208872,
            0.0036604508273458645,
            0.0023438944762400123,
            0.0026320421549619398,
            0.004204224221050732,
            0.003118525898090862,
            0.0017757603082691404,
            0.003942052961496603
        ],
        "Li2CrSiO4"
    ],
    "steinhart_parameter_sum": 0.034389964755250337,
    "band_gap": 1.369,
    "oxidation_state": 2.0,
    "possible_species": [
        "Si4+",
        "Cr2+",
        "Li+",
        "O2-"
    ],
    "density": 3.01758773459568,
    "quadrupole moment": [
        [
            -11.21121858315727,
            -2.886579864025407e-15,
            0.5473640388112622
        ],
        [
            -2.886579864025407e-15,
            -14.804916908259022,
            -4.440892098500626e-16
        ],
        [
            0.5473640388112622,
            -4.440892098500626e-16,
            -9.588146521553567
        ]
    ],
    "quadrupole moment normalized": [
        [
            -0.06301095930167626,
            -1.0408340855860843e-17,
            0.002488602434748511
        ],
        [
            -1.0408340855860843e-17,
            -0.10513596223934368,
            8.673617379884035e-18
        ],
        [
            0.002488602434748511,
            8.673617379884035e-18,
            -0.05731196624285918
        ]
    ]
}