{
    "MP-ID": "mp-778889",
    "Material": "Li24Ti11CrO36",
    "steinhart_vector": [
        [
            0.008523318477132382,
            0.0002257681006994647,
            0.00041662638427871423,
            0.0008433638549156863,
            0.006410548791054037,
            0.0008673611596017285,
            0.0030002777203049433,
            0.0015238613213436288,
            0.005793293642591423,
            0.00148936970311843,
            0.003372213232161044
        ],
        "Li24Ti11CrO36"
    ],
    "steinhart_parameter_sum": 0.03246600238720148,
    "band_gap": 1.4958999999999991,
    "oxidation_state": 4.0,
    "possible_species": [
        "O2-",
        "Li+",
        "Ti4+",
        "Cr4+"
    ],
    "density": 3.33993336785245,
    "quadrupole moment": [
        [
            -15.79294000551632,
            -0.18883550024307905,
            -0.6349522691285057
        ],
        [
            -0.18883550024307905,
            -15.655249103893484,
            -0.4443441447190876
        ],
        [
            -0.6349522691285057,
            -0.4443441447190876,
            -14.6258309393855
        ]
    ],
    "quadrupole moment normalized": [
        [
            -0.12914767236163466,
            0.0045550413118805345,
            -0.0057303880542024935
        ],
        [
            0.0045550413118805345,
            -0.13246901683528897,
            -0.004010166594644764
        ],
        [
            -0.0057303880542024935,
            -0.004010166594644764,
            -0.12972810963089743
        ]
    ]
}