{
    "MP-ID": "mp-756982",
    "Material": "LiCrPO4",
    "steinhart_vector": [
        [
            0.006961202831721895,
            0.0022299715116174154,
            0.00402785648892398,
            0.0025907342264664688,
            0.005719567512460312,
            0.002815355964499304,
            0.004082755304753379,
            0.0033580714066008153,
            0.005026265684701519,
            0.0036131458503171885,
            0.0036313246417872
        ],
        "LiCrPO4"
    ],
    "steinhart_parameter_sum": 0.044056251423849474,
    "band_gap": 2.339299999999999,
    "oxidation_state": 2.0,
    "possible_species": [
        "Cr2+",
        "P5+",
        "Li+",
        "O2-"
    ],
    "density": 3.216515925746667,
    "quadrupole moment": [
        [
            -8.036773033820971,
            2.3157547584738105,
            1.051841078050204
        ],
        [
            2.3157547584738105,
            -9.654937042225141,
            7.768831006035612
        ],
        [
            1.051841078050204,
            7.768831006035612,
            -7.74300808583843
        ]
    ],
    "quadrupole moment normalized": [
        [
            -0.053928456929489874,
            0.016453165071159962,
            0.006130843225865528
        ],
        [
            0.016453165071159962,
            -0.06839849165977456,
            0.055211445321542166
        ],
        [
            0.006130843225865528,
            0.055211445321542166,
            -0.05464086570282201
        ]
    ]
}