{
    "MP-ID": "mp-772951",
    "Material": "Mn3CrO8",
    "steinhart_vector": [
        [
            0.00859500113506246,
            1.2921611930614499e-18,
            0.0012427371607395845,
            2.712540461495972e-05,
            0.006270897869329827,
            5.144856341895284e-05,
            0.003946148379018278,
            4.719518356788037e-05,
            0.005392016452648283,
            9.29622099576316e-05,
            0.004905418807962902
        ],
        "Mn3CrO8"
    ],
    "steinhart_parameter_sum": 0.030570951166320758,
    "band_gap": 0.9494,
    "oxidation_state": 4.0,
    "possible_species": [
        "O2-",
        "Mn4+",
        "Cr4+"
    ],
    "density": 4.076817494485528,
    "quadrupole moment": [
        [
            -15.254291057962382,
            2.205593002324788,
            2.205593002324787
        ],
        [
            2.205593002324788,
            -15.254291057962382,
            -2.205593002324794
        ],
        [
            2.205593002324787,
            -2.205593002324794,
            -15.254291057962371
        ]
    ],
    "quadrupole moment normalized": [
        [
            -0.13111064895775976,
            0.01895707435846736,
            0.018957074358467375
        ],
        [
            0.01895707435846736,
            -0.13111064895775976,
            -0.018957074358467434
        ],
        [
            0.018957074358467375,
            -0.018957074358467434,
            -0.13111064895775987
        ]
    ]
}