{
    "MP-ID": "mp-775266",
    "Material": "LiCr(PO3)4",
    "steinhart_vector": [
        [
            0.007523516076262099,
            0.00025773018428827443,
            0.0004713945368975974,
            0.001591508012866412,
            0.005098413183819731,
            0.0024676389186629546,
            0.00224679812939854,
            0.002592368002276027,
            0.0036130665727004854,
            0.0037892676769588586,
            0.00203488571785278
        ],
        "LiCr(PO3)4"
    ],
    "steinhart_parameter_sum": 0.031686587011983756,
    "band_gap": 2.759299999999999,
    "oxidation_state": 3.0,
    "possible_species": [
        "O2-",
        "Cr3+",
        "P5+",
        "Li+"
    ],
    "density": 2.636976243986803,
    "quadrupole moment": [
        [
            -15.90980933234557,
            -1.5060376364531276,
            -0.601594855236434
        ],
        [
            -1.5060376364531276,
            -16.717667557535314,
            -1.0111366333486789
        ],
        [
            -0.601594855236434,
            -1.0111366333486789,
            -16.331811127477447
        ]
    ],
    "quadrupole moment normalized": [
        [
            -0.11811860997226513,
            -0.010379957255769536,
            -0.004718635208077253
        ],
        [
            -0.010379957255769536,
            -0.12906585247495275,
            -0.0038745141343105374
        ],
        [
            -0.004718635208077253,
            -0.0038745141343105374,
            -0.12069665262649043
        ]
    ]
}