{
    "MP-ID": "mp-753193",
    "Material": "Li2Cr(SiO3)2",
    "steinhart_vector": [
        [
            0.006365037183596297,
            0.0002366449490927573,
            0.0009838664681215996,
            0.004557710149837283,
            0.003304165365228405,
            0.001711310662246303,
            0.0035212594737666744,
            0.0038407309469365445,
            0.00268087991718895,
            0.0025910400188947423,
            0.003822769247747038
        ],
        "Li2Cr(SiO3)2"
    ],
    "steinhart_parameter_sum": 0.0336154143826566,
    "band_gap": 1.528,
    "oxidation_state": 2.0,
    "possible_species": [
        "Si4+",
        "Cr2+",
        "Li+",
        "O2-"
    ],
    "density": 2.724860271676517,
    "quadrupole moment": [
        [
            -13.435419480977039,
            -0.9391908213194688,
            0.01747097351854604
        ],
        [
            -0.9391908213194688,
            -11.231585232516995,
            -1.303754689335225
        ],
        [
            0.01747097351854604,
            -1.303754689335225,
            -10.855232415804256
        ]
    ],
    "quadrupole moment normalized": [
        [
            -0.09059142006868416,
            -0.009222410815764852,
            -0.0014205131414958931
        ],
        [
            -0.009222410815764852,
            -0.06915251294234805,
            -0.006646379829343228
        ],
        [
            -0.0014205131414958931,
            -0.006646379829343228,
            -0.06576328799014819
        ]
    ]
}