{
    "MP-ID": "mp-755220",
    "Material": "Li3CrNi3O8",
    "steinhart_vector": [
        [
            0.008343965568445,
            6.36281334059649e-19,
            0.000739829770858342,
            1.83430217486447e-18,
            0.0062828669124827255,
            2.0298329693596358e-18,
            0.0032747609357966397,
            4.459215972289656e-18,
            0.005757484584789607,
            3.946086901368579e-18,
            0.003925073065412042
        ],
        "Li3CrNi3O8"
    ],
    "steinhart_parameter_sum": 0.028323980837784375,
    "band_gap": 0.0,
    "oxidation_state": 3.0,
    "possible_species": [
        "O2-",
        "Cr3+",
        "Ni4+",
        "Li+",
        "Ni3+"
    ],
    "density": 4.43752124443939,
    "quadrupole moment": [
        [
            -15.991523054120488,
            1.4194428275704296,
            -0.189838289925635
        ],
        [
            1.4194428275704296,
            -17.074301535817394,
            -0.13077166295654852
        ],
        [
            -0.189838289925635,
            -0.13077166295654852,
            -13.41383512531516
        ]
    ],
    "quadrupole moment normalized": [
        [
            -0.13724385404152714,
            0.005962250416599705,
            -0.0016976338946645651
        ],
        [
            0.005962250416599705,
            -0.1417919741406174,
            -0.0011694290313279537
        ],
        [
            -0.0016976338946645651,
            -0.0011694290313279537,
            -0.10841549393465606
        ]
    ]
}