{
    "MP-ID": "mp-705291",
    "Material": "LiCrP2O7",
    "steinhart_vector": [
        [
            0.007651684945412174,
            0.0005269513781671092,
            0.00015991354888538425,
            0.0007292821809902554,
            0.005713987391346175,
            0.0011930289853282075,
            0.002605275474523175,
            0.0014998156714134158,
            0.0050880775188571585,
            0.001806615206314502,
            0.0028831297339397873
        ],
        "LiCrP2O7"
    ],
    "steinhart_parameter_sum": 0.029857762035177343,
    "band_gap": 2.9399,
    "oxidation_state": 3.0,
    "possible_species": [
        "O2-",
        "Cr3+",
        "P5+",
        "Li+"
    ],
    "density": 3.044661615264933,
    "quadrupole moment": [
        [
            -16.112045799756206,
            0.13847461937085948,
            -0.28410160111509253
        ],
        [
            0.13847461937085948,
            -16.829464934441425,
            -0.37307538512310057
        ],
        [
            -0.28410160111509253,
            -0.37307538512310057,
            -15.671452914351224
        ]
    ],
    "quadrupole moment normalized": [
        [
            -0.12361743766680568,
            0.0019753367747272696,
            -4.359101007938432e-05
        ],
        [
            0.0019753367747272696,
            -0.1257736899657091,
            -0.0031684912186237743
        ],
        [
            -4.359101007938432e-05,
            -0.0031684912186237743,
            -0.12144313010030013
        ]
    ]
}