{
    "MP-ID": "mp-781740",
    "Material": "Li2V3CrO8",
    "steinhart_vector": [
        [
            0.00756325112932462,
            1.4227683157716275e-18,
            0.0008854200910997849,
            1.5636805875835261e-18,
            0.005612269667065641,
            2.1993570542569296e-18,
            0.003214775450800934,
            2.753447157041518e-18,
            0.0049972902228071665,
            3.3097386428500334e-18,
            0.003943470595405936
        ],
        "Li2V3CrO8"
    ],
    "steinhart_parameter_sum": 0.026216477156504093,
    "band_gap": 0.6705999999999991,
    "oxidation_state": 3.0,
    "possible_species": [
        "O2-",
        "Cr3+",
        "V4+",
        "V3+",
        "Li+"
    ],
    "density": 3.814144676692333,
    "quadrupole moment": [
        [
            -17.65875130301204,
            1.5252370588275244,
            -1.6819272690898797
        ],
        [
            1.5252370588275244,
            -17.416441950571667,
            -0.9634425552889181
        ],
        [
            -1.6819272690898797,
            -0.9634425552889181,
            -13.71951356020232
        ]
    ],
    "quadrupole moment normalized": [
        [
            -0.13492338049681563,
            0.008969074497124894,
            -0.011553232526672137
        ],
        [
            0.008969074497124894,
            -0.13177537251071017,
            -0.008847129653752533
        ],
        [
            -0.011553232526672137,
            -0.008847129653752533,
            -0.10224512466049737
        ]
    ]
}