{
    "MP-ID": "mp-771696",
    "Material": "V2Cr(PO4)3",
    "steinhart_vector": [
        [
            0.0052641123930188384,
            2.5898735376231357e-18,
            0.0016444607384154067,
            2.6995130763360048e-18,
            0.0031896344317497616,
            4.3838412107691206e-18,
            0.0034755023052407937,
            3.681216798351151e-18,
            0.002130733332361565,
            5.994603725348583e-18,
            0.003716162208970847
        ],
        "V2Cr(PO4)3"
    ],
    "steinhart_parameter_sum": 0.019420605409757232,
    "band_gap": 0.0177,
    "oxidation_state": 3.0,
    "possible_species": [
        "O2-",
        "Cr3+",
        "V3+",
        "P5+"
    ],
    "density": 3.2486729333695292,
    "quadrupole moment": [
        [
            -17.482039169701903,
            -2.8887496424344614,
            -7.037875118841701
        ],
        [
            -2.8887496424344614,
            -15.44842585307078,
            -4.983878775684137
        ],
        [
            -7.037875118841701,
            -4.983878775684137,
            -25.544998887128166
        ]
    ],
    "quadrupole moment normalized": [
        [
            -0.09202741653130109,
            -0.015206704491564577,
            -0.037048162880658625
        ],
        [
            -0.015206704491564577,
            -0.08132225094199466,
            -0.026235699863849236
        ],
        [
            -0.037048162880658625,
            -0.026235699863849236,
            -0.13447174678233897
        ]
    ]
}