{
    "MP-ID": "mp-772100",
    "Material": "CrSn(PO4)2",
    "steinhart_vector": [
        [
            0.005515107257929938,
            0.00013863352228881093,
            0.001066345422869656,
            0.001556152212363832,
            0.0037189955363616995,
            0.001884711414353822,
            0.0017780758987463031,
            0.0016277496177776612,
            0.0035744539369659384,
            0.0017093439006643084,
            0.002096379797299037
        ],
        "CrSn(PO4)2"
    ],
    "steinhart_parameter_sum": 0.02466594851762101,
    "band_gap": 0.6181000000000001,
    "oxidation_state": 2.0,
    "possible_species": [
        "Cr2+",
        "Sn4+",
        "P5+",
        "O2-"
    ],
    "density": 3.798710143518486,
    "quadrupole moment": [
        [
            -20.55293143598965,
            -0.009016758372854206,
            0.0013303322899210768
        ],
        [
            -0.009016758372854206,
            -22.420886182292243,
            -1.1458285398723957
        ],
        [
            0.0013303322899210768,
            -1.1458285398723957,
            -16.680530046304032
        ]
    ],
    "quadrupole moment normalized": [
        [
            -0.10508947591041462,
            -1.363870458455721e-05,
            1.612536027606427e-05
        ],
        [
            -1.363870458455721e-05,
            -0.0840700629239796,
            0.0024387588303893034
        ],
        [
            1.612536027606427e-05,
            0.0024387588303893034,
            -0.12172207623378038
        ]
    ]
}