{
    "MP-ID": "mp-777476",
    "Material": "CrFe2(PO4)3",
    "steinhart_vector": [
        [
            0.0066396597520035384,
            1.8521113514975117e-18,
            0.0016212824495759625,
            2.5362307020522477e-18,
            0.0044274174519087104,
            3.304693074837052e-18,
            0.003878592040510884,
            4.7748945053245125e-18,
            0.0032515171206970186,
            5.8359443816903004e-18,
            0.004578433473160151
        ],
        "CrFe2(PO4)3"
    ],
    "steinhart_parameter_sum": 0.024396902287856286,
    "band_gap": 2.0062,
    "oxidation_state": 3.0,
    "possible_species": [
        "Fe3+",
        "O2-",
        "Cr3+",
        "P5+"
    ],
    "density": 3.417393227583278,
    "quadrupole moment": [
        [
            -16.05636661148165,
            -2.103721651694362,
            -4.9294923598131
        ],
        [
            -2.103721651694362,
            -14.62378808930404,
            -3.5289729979966644
        ],
        [
            -4.9294923598131,
            -3.5289729979966644,
            -21.386939419246836
        ]
    ],
    "quadrupole moment normalized": [
        [
            -0.1066088159953172,
            -0.013967990351512312,
            -0.03273015736575291
        ],
        [
            -0.013967990351512312,
            -0.09709697324968715,
            -0.023431175740722343
        ],
        [
            -0.03273015736575291,
            -0.023431175740722343,
            -0.1420019999875548
        ]
    ]
}