{
    "MP-ID": "mp-755937",
    "Material": "CrBiO4",
    "steinhart_vector": [
        [
            0.014001775002748977,
            0.00046335376971718767,
            0.0023974291168766164,
            0.010227308101814143,
            0.006726394957386975,
            0.003840512286636804,
            0.008820925852975243,
            0.007383554610038052,
            0.0047758169370146816,
            0.008298432213200015,
            0.007655214740151828
        ],
        "CrBiO4"
    ],
    "steinhart_parameter_sum": 0.07459071758856052,
    "band_gap": 1.4998,
    "oxidation_state": 5.0,
    "possible_species": [
        "Cr5+",
        "O2-",
        "Bi3+"
    ],
    "density": 6.255406884400063,
    "quadrupole moment": [
        [
            -9.571563847923674,
            0.2803413270685189,
            -0.2911226424667841
        ],
        [
            0.2803413270685189,
            -6.632751110186329,
            -0.5331964990256164
        ],
        [
            -0.2911226424667841,
            -0.5331964990256164,
            -7.829205267586069
        ]
    ],
    "quadrupole moment normalized": [
        [
            -0.1286041403731049,
            0.005322927658083863,
            -0.005004489726593453
        ],
        [
            0.005322927658083863,
            -0.08479430784737507,
            -0.01477577496255346
        ],
        [
            -0.005004489726593453,
            -0.01477577496255346,
            -0.12068161350618345
        ]
    ]
}