{
    "MP-ID": "mp-774255",
    "Material": "K3CrPCO7",
    "steinhart_vector": [
        [
            0.005090939739161284,
            0.0002769505825651673,
            0.0011681887169867186,
            0.0011885403506597307,
            0.0035176346183134603,
            0.0011264430612591679,
            0.0019583844028935077,
            0.001794831795681915,
            0.0030016751875499093,
            0.0017346533289519146,
            0.0018827324478707366
        ],
        "K3CrPCO7"
    ],
    "steinhart_parameter_sum": 0.02274097423189351,
    "band_gap": 2.7248,
    "oxidation_state": 2.0,
    "possible_species": [
        "K+",
        "Cr2+",
        "O2-",
        "C4+",
        "P5+"
    ],
    "density": 2.77595805009831,
    "quadrupole moment": [
        [
            -25.94710604725101,
            -0.00327321504431218,
            -3.2290411506223187
        ],
        [
            -0.00327321504431218,
            -18.387150449411575,
            0.0005913057214116651
        ],
        [
            -3.2290411506223187,
            0.0005913057214116651,
            -17.455039994924217
        ]
    ],
    "quadrupole moment normalized": [
        [
            -0.12248233949167818,
            1.391697958906829e-05,
            0.013483655021909596
        ],
        [
            1.391697958906829e-05,
            -0.10557001100478443,
            4.028045517668959e-06
        ],
        [
            0.013483655021909596,
            4.028045517668959e-06,
            -0.07119462678999279
        ]
    ]
}