{
    "MP-ID": "mp-756041",
    "Material": "CrO3",
    "steinhart_vector": [
        [
            0.016182577768583412,
            0.002231173184647777,
            0.0015733627713297046,
            0.012074749812394592,
            0.008542300684136118,
            0.0019342053124389638,
            0.010127952224029985,
            0.010104357789036535,
            0.004225159533911131,
            0.008318844704660804,
            0.010589354587135615
        ],
        "CrO3"
    ],
    "steinhart_parameter_sum": 0.08590403837230463,
    "band_gap": 1.3587,
    "oxidation_state": 6.0,
    "possible_species": [
        "Cr6+",
        "O2-"
    ],
    "density": 2.594979694244802,
    "quadrupole moment": [
        [
            -7.410644204230801,
            0.07922964421022183,
            -7.335850170697713e-16
        ],
        [
            0.07922964421022183,
            -8.640544769207349,
            -1.3967382775135205e-15
        ],
        [
            -7.335850170697713e-16,
            -1.3967382775135205e-15,
            -6.54009620652587
        ]
    ],
    "quadrupole moment normalized": [
        [
            -0.11938109675133073,
            0.0007316468000824541,
            -9.210917396288176e-18
        ],
        [
            0.0007316468000824541,
            -0.11123007512725591,
            -1.7537491359624175e-17
        ],
        [
            -9.210917396288176e-18,
            -1.7537491359624175e-17,
            -0.1273057073121403
        ]
    ]
}