{
    "MP-ID": "mp-764036",
    "Material": "Li3Mn3CrO8",
    "steinhart_vector": [
        [
            0.007121865608731832,
            0.0005658028351597846,
            0.00019260143761689222,
            0.0010908056838834143,
            0.0051041298789370314,
            0.0016778779096953214,
            0.0022513915128587066,
            0.0022982185670395506,
            0.004066450103571493,
            0.0025437948062798418,
            0.0022343845143178898
        ],
        "Li3Mn3CrO8"
    ],
    "steinhart_parameter_sum": 0.02914732285809176,
    "band_gap": 0.44470000000000004,
    "oxidation_state": 3.0,
    "possible_species": [
        "O2-",
        "Cr3+",
        "Mn3+",
        "Mn4+",
        "Li+"
    ],
    "density": 4.244411631726395,
    "quadrupole moment": [
        [
            -16.27230315373395,
            -0.1040218776077718,
            -0.25002407122303416
        ],
        [
            -0.1040218776077718,
            -16.3941844757342,
            0.21404251299711596
        ],
        [
            -0.25002407122303416,
            0.21404251299711596,
            -17.64385004436796
        ]
    ],
    "quadrupole moment normalized": [
        [
            -0.11532735807365035,
            -0.002280481016543089,
            0.0005150868841943713
        ],
        [
            -0.002280481016543089,
            -0.11824642275009832,
            0.0007737279861251105
        ],
        [
            0.0005150868841943713,
            0.0007737279861251105,
            -0.12437951164563321
        ]
    ]
}