{
    "MP-ID": "mp-755234",
    "Material": "Ta2CrNO5",
    "steinhart_vector": [
        [
            0.007226296692048016,
            0.0002458036470266744,
            0.0007152247644746179,
            0.00017198514380209774,
            0.005419488354243234,
            0.00028889706847345535,
            0.0028998977272530592,
            0.00019776841468719172,
            0.004932027362280628,
            0.0003372868814160841,
            0.0034833680993705935
        ],
        "Ta2CrNO5"
    ],
    "steinhart_parameter_sum": 0.02591804415507565,
    "band_gap": 1.6168,
    "oxidation_state": 3.0,
    "possible_species": [
        "Ta5+",
        "N3-",
        "O2-",
        "Cr3+"
    ],
    "density": 8.039472731230042,
    "quadrupole moment": [
        [
            -16.47782651918973,
            -1.5053485703711273,
            0.6008613461059147
        ],
        [
            -1.5053485703711273,
            -21.757270734202212,
            -1.3624264177227552
        ],
        [
            0.6008613461059147,
            -1.3624264177227552,
            -16.444333843953284
        ]
    ],
    "quadrupole moment normalized": [
        [
            -0.11825459432783864,
            -0.01577885030430446,
            -0.0008800154717211843
        ],
        [
            -0.01577885030430446,
            -0.16307221076236877,
            -0.014682567730962503
        ],
        [
            -0.0008800154717211843,
            -0.014682567730962503,
            -0.11799174652786817
        ]
    ]
}