{
    "MP-ID": "mp-778667",
    "Material": "CrO3",
    "steinhart_vector": [
        [
            0.0160984805845089,
            0.0021202352394248474,
            0.001765204019048281,
            0.012042887962619205,
            0.008442743114791134,
            0.0019173308593679126,
            0.010155874771718374,
            0.010024780998732904,
            0.004048362125293835,
            0.00838759628193011,
            0.010570779737970168
        ],
        "CrO3"
    ],
    "steinhart_parameter_sum": 0.08557427569540568,
    "band_gap": 1.6375000000000002,
    "oxidation_state": 6.0,
    "possible_species": [
        "Cr6+",
        "O2-"
    ],
    "density": 2.581644584722188,
    "quadrupole moment": [
        [
            -7.605705664266435,
            -0.18362191926845228,
            0.06500029139264725
        ],
        [
            -0.18362191926845228,
            -8.453495616620897,
            -0.007341540707554051
        ],
        [
            0.06500029139264725,
            -0.007341540707554051,
            -6.61217087004607
        ]
    ],
    "quadrupole moment normalized": [
        [
            -0.12020665608962916,
            0.0020584273439393855,
            2.8701627675704064e-05
        ],
        [
            0.0020584273439393855,
            -0.10819313211515344,
            0.0004170592908499097
        ],
        [
            2.8701627675704064e-05,
            0.0004170592908499097,
            -0.1284799279970074
        ]
    ]
}