{
    "MP-ID": "mp-753982",
    "Material": "Li3CrS4",
    "steinhart_vector": [
        [
            0.0030151216352848754,
            1.1570156010697761e-18,
            8.463090354603523e-19,
            0.00224733897897577,
            0.0015352247914657753,
            2.164385918158408e-18,
            0.0018951226261441844,
            0.0018451105683311205,
            0.0006415020415120795,
            0.0015616228392079175,
            0.0019602923899151984
        ],
        "Li3CrS4"
    ],
    "steinhart_parameter_sum": 0.014701335870836925,
    "band_gap": 0.0,
    "oxidation_state": 5.0,
    "possible_species": [
        "Cr5+",
        "S2-",
        "Li+"
    ],
    "density": 1.594135362773154,
    "quadrupole moment": [
        [
            -12.14105209045723,
            -2.6645352591003757e-15,
            -1.3322676295501878e-15
        ],
        [
            -2.6645352591003757e-15,
            -12.141052090457228,
            -1.3322676295501878e-15
        ],
        [
            -1.3322676295501878e-15,
            -1.3322676295501878e-15,
            -12.141052090457228
        ]
    ],
    "quadrupole moment normalized": [
        [
            -0.036606748833058256,
            0.0,
            1.734723475976807e-18
        ],
        [
            0.0,
            -0.03660674883305825,
            3.469446951953614e-18
        ],
        [
            1.734723475976807e-18,
            3.469446951953614e-18,
            -0.036606748833058256
        ]
    ]
}