{
    "MP-ID": "mp-755208",
    "Material": "CrFe2O5",
    "steinhart_vector": [
        [
            0.00841056336556297,
            0.00019792541271188016,
            0.0007353961524603761,
            0.0024545036425887975,
            0.005418581273487044,
            0.0024702503207942165,
            0.0034859872857605414,
            0.002722252762599122,
            0.0040072167914218405,
            0.003052213255888413,
            0.004472156802520623
        ],
        "CrFe2O5"
    ],
    "steinhart_parameter_sum": 0.037427047065795825,
    "band_gap": 0.0,
    "oxidation_state": 4.0,
    "possible_species": [
        "Fe3+",
        "O2-",
        "Cr4+"
    ],
    "density": 4.356137535969046,
    "quadrupole moment": [
        [
            -14.614863960064808,
            0.13617018103874945,
            -3.1086244689504383e-15
        ],
        [
            0.13617018103874945,
            -14.30782629137942,
            -4.440892098500626e-16
        ],
        [
            -3.1086244689504383e-15,
            -4.440892098500626e-16,
            -17.752142293869973
        ]
    ],
    "quadrupole moment normalized": [
        [
            -0.12601017684876806,
            0.005091485235409247,
            2.42861286636753e-17
        ],
        [
            0.005091485235409247,
            -0.114529853147199,
            -2.2551405187698492e-17
        ],
        [
            2.42861286636753e-17,
            -2.2551405187698492e-17,
            -0.14737486398176314
        ]
    ]
}