{
    "MP-ID": "mp-715566",
    "Material": "CrO3",
    "steinhart_vector": [
        [
            0.016066845761276018,
            0.0020582314631921446,
            0.00193573514476015,
            0.012034930293038594,
            0.008386749369753907,
            0.0020280337168362274,
            0.010180115599786632,
            0.009968881931720745,
            0.004030932448488253,
            0.008446678753483724,
            0.010531903289437327
        ],
        "CrO3"
    ],
    "steinhart_parameter_sum": 0.08566903777177373,
    "band_gap": 2.0419,
    "oxidation_state": 6.0,
    "possible_species": [
        "Cr6+",
        "O2-"
    ],
    "density": 2.6878667847748883,
    "quadrupole moment": [
        [
            -6.810108388353351,
            0.37724637838476416,
            -4.440892098500626e-16
        ],
        [
            0.37724637838476416,
            -7.527309423187594,
            -1.3322676295501878e-15
        ],
        [
            -4.440892098500626e-16,
            -1.3322676295501878e-15,
            -8.373875875225
        ]
    ],
    "quadrupole moment normalized": [
        [
            -0.1254716993482161,
            -0.005205564051896205,
            -3.469446951953614e-17
        ],
        [
            -0.005205564051896205,
            -0.12521660516047256,
            1.3877787807814457e-17
        ],
        [
            -3.469446951953614e-17,
            1.3877787807814457e-17,
            -0.10574266290950772
        ]
    ]
}