{
    "MP-ID": "mp-756124",
    "Material": "TbCrO3",
    "steinhart_vector": [
        [
            0.007961083487494292,
            1.6903340790617659e-18,
            0.000194606231045142,
            1.3478280225337727e-18,
            0.006074786779114602,
            1.4479913052945068e-18,
            0.0028382757523840534,
            1.960470201416394e-18,
            0.005700549476595716,
            2.1093601582665946e-18,
            0.0033156611804856895
        ],
        "TbCrO3"
    ],
    "steinhart_parameter_sum": 0.0260849629071195,
    "band_gap": 2.4854,
    "oxidation_state": 3.0,
    "possible_species": [
        "O2-",
        "Cr3+",
        "Tb3+"
    ],
    "density": 7.801541691124652,
    "quadrupole moment": [
        [
            -15.734190723945716,
            -0.16790531306269108,
            -0.11683682055411393
        ],
        [
            -0.16790531306269108,
            -16.16360107370971,
            0.4986193704829305
        ],
        [
            -0.11683682055411393,
            0.4986193704829305,
            -15.657310488031575
        ]
    ],
    "quadrupole moment normalized": [
        [
            -0.12473487011296,
            -0.00033391738068469165,
            6.383281610613991e-05
        ],
        [
            -0.00033391738068469165,
            -0.12685847722263208,
            0.0046487369760034244
        ],
        [
            6.383281610613991e-05,
            0.0046487369760034244,
            -0.12694221452821025
        ]
    ]
}