{
    "MP-ID": "mp-758241",
    "Material": "LiCrSiO4",
    "steinhart_vector": [
        [
            0.0075277630778919575,
            5.109627533482139e-05,
            0.0004046176843132889,
            0.0006800239867133618,
            0.0056556869867309305,
            0.0006863914738704763,
            0.0027359607469575734,
            0.0011258709530886524,
            0.005115906577386044,
            0.0012482855015012667,
            0.003161840232872906
        ],
        "LiCrSiO4"
    ],
    "steinhart_parameter_sum": 0.02839344349666128,
    "band_gap": 2.812499999999999,
    "oxidation_state": 3.0,
    "possible_species": [
        "Si4+",
        "Cr3+",
        "Li+",
        "O2-"
    ],
    "density": 3.8370543411708393,
    "quadrupole moment": [
        [
            -17.66252848343478,
            3.6348564667817995e-06,
            4.1613840883414355e-05
        ],
        [
            3.6348564667817995e-06,
            -16.342749632865292,
            -0.7210128538056633
        ],
        [
            4.1613840883414355e-05,
            -0.7210128538056633,
            -14.967607968053347
        ]
    ],
    "quadrupole moment normalized": [
        [
            -0.1329743635432396,
            9.622151254758322e-08,
            -1.6659944865674015e-07
        ],
        [
            9.622151254758322e-08,
            -0.12164737014617173,
            -0.005689309910252848
        ],
        [
            -1.6659944865674015e-07,
            -0.005689309910252848,
            -0.1132961117951778
        ]
    ]
}