{
    "MP-ID": "mp-760963",
    "Material": "Li5V3CrO8",
    "steinhart_vector": [
        [
            0.006743920912996036,
            0.0002590384448614285,
            0.0002671805590670886,
            0.00046354135415537895,
            0.005067608477449349,
            0.0007366703684710526,
            0.00238443461283324,
            0.0010854488023956238,
            0.004576347270958382,
            0.0011805599436311347,
            0.0026933512262437703
        ],
        "Li5V3CrO8"
    ],
    "steinhart_parameter_sum": 0.02545810197306249,
    "band_gap": 0.23819999999999902,
    "oxidation_state": 2.0,
    "possible_species": [
        "Cr2+",
        "V3+",
        "Li+",
        "O2-"
    ],
    "density": 4.05120891180016,
    "quadrupole moment": [
        [
            -16.532001774016475,
            1.9620575031353837e-07,
            -4.884981308350689e-15
        ],
        [
            1.9620575031353837e-07,
            -16.53200154745758,
            8.881784197001252e-16
        ],
        [
            -4.884981308350689e-15,
            8.881784197001252e-16,
            -18.59929919912135
        ]
    ],
    "quadrupole moment normalized": [
        [
            -0.11152050190441666,
            4.7137834260913e-10,
            -1.260527418556201e-09
        ],
        [
            4.7137834260913e-10,
            -0.11152050136011579,
            7.277658423815447e-10
        ],
        [
            -1.260527418556201e-09,
            7.277658423815447e-10,
            -0.12536992723915308
        ]
    ]
}