{
    "MP-ID": "mp-725932",
    "Material": "TiMnCr(PO4)3",
    "steinhart_vector": [
        [
            0.00800965701524002,
            0.00025522622908810666,
            0.00014101829671112553,
            0.0013528174848447688,
            0.0058112642833957305,
            0.0015603152442624818,
            0.002582475229310557,
            0.002511978238114332,
            0.004768956944325483,
            0.002553537617024194,
            0.002638890754397505
        ],
        "TiMnCr(PO4)3"
    ],
    "steinhart_parameter_sum": 0.0321861373367143,
    "band_gap": 2.300899999999999,
    "oxidation_state": 3.0,
    "possible_species": [
        "O2-",
        "Cr3+",
        "Mn2+",
        "P5+",
        "Ti4+"
    ],
    "density": 3.211788642590227,
    "quadrupole moment": [
        [
            -15.66100291321293,
            -0.24264250517318553,
            -0.597556803792531
        ],
        [
            -0.24264250517318553,
            -15.488673797037547,
            -0.42191732979953994
        ],
        [
            -0.597556803792531,
            -0.42191732979953994,
            -16.356420215279485
        ]
    ],
    "quadrupole moment normalized": [
        [
            -0.12551464190526662,
            -0.0013407977447094585,
            -0.00330199895121663
        ],
        [
            -0.0013407977447094585,
            -0.12456241637934104,
            -0.002331451805695177
        ],
        [
            -0.00330199895121663,
            -0.002331451805695177,
            -0.1293574404163491
        ]
    ]
}