{
    "MP-ID": "mp-766011",
    "Material": "Li3VCrP2(HO5)2",
    "steinhart_vector": [
        [
            0.007326837540965875,
            0.000251678966755001,
            0.00046279967438394817,
            0.00029124582630103837,
            0.005560572587973701,
            0.0003875403120134156,
            0.0027050026284355703,
            0.0004229271713716044,
            0.00515432544580104,
            0.0005859416310570634,
            0.003187513629196715
        ],
        "Li3VCrP2(HO5)2"
    ],
    "steinhart_parameter_sum": 0.02633638541425497,
    "band_gap": 0.0,
    "oxidation_state": 3.0,
    "possible_species": [
        "O2-",
        "Cr3+",
        "H+",
        "V2+",
        "Li+",
        "P5+"
    ],
    "density": 3.011986791025521,
    "quadrupole moment": [
        [
            -15.59361094767826,
            0.49016370314462376,
            -0.2906617764906472
        ],
        [
            0.49016370314462376,
            -18.28101077607024,
            0.03941104558504405
        ],
        [
            -0.2906617764906472,
            0.03941104558504405,
            -15.804820668330084
        ]
    ],
    "quadrupole moment normalized": [
        [
            -0.11703365077027843,
            -0.0030602409646191785,
            -0.005204285231240575
        ],
        [
            -0.0030602409646191785,
            -0.13170719909812711,
            0.0021859934881233965
        ],
        [
            -0.005204285231240575,
            0.0021859934881233965,
            -0.11413747140164081
        ]
    ]
}