{
    "MP-ID": "mp-758544",
    "Material": "Li2CrSiO4",
    "steinhart_vector": [
        [
            0.006768723880788958,
            0.0005989071448216855,
            0.0014171256809245654,
            0.004637545174250444,
            0.0034722301018069155,
            0.0025694327786643977,
            0.003516593876403931,
            0.0037202700722623896,
            0.0033091127607189938,
            0.0030748408946312464,
            0.0036566895535468887
        ],
        "Li2CrSiO4"
    ],
    "steinhart_parameter_sum": 0.03674147191882041,
    "band_gap": 2.070499999999999,
    "oxidation_state": 2.0,
    "possible_species": [
        "Si4+",
        "Cr2+",
        "Li+",
        "O2-"
    ],
    "density": 2.903083111405086,
    "quadrupole moment": [
        [
            -13.792051768749122,
            0.7654550090548562,
            -0.2899560076303125
        ],
        [
            0.7654550090548562,
            -13.292704698606336,
            -0.6351892307067577
        ],
        [
            -0.2899560076303125,
            -0.6351892307067577,
            -7.354995986273623
        ]
    ],
    "quadrupole moment normalized": [
        [
            -0.0966549520260118,
            0.009355662120521203,
            -0.004027694123857455
        ],
        [
            0.009355662120521203,
            -0.08615749178109516,
            -0.0032890162045125307
        ],
        [
            -0.004027694123857455,
            -0.0032890162045125307,
            -0.04975157567038256
        ]
    ]
}