{
    "MP-ID": "mp-757137",
    "Material": "Li4CrNi3O8",
    "steinhart_vector": [
        [
            0.008596574772698424,
            3.953008807290218e-07,
            0.0001601058296973913,
            1.350794485268605e-06,
            0.006560875411844946,
            9.564136412429567e-07,
            0.0030576888697741045,
            1.991893741892298e-06,
            0.006159363890227996,
            1.7919229054516267e-06,
            0.0035692333109718847
        ],
        "Li4CrNi3O8"
    ],
    "steinhart_parameter_sum": 0.028110328410869335,
    "band_gap": 0.0,
    "oxidation_state": 3.0,
    "possible_species": [
        "O2-",
        "Cr3+",
        "Li+",
        "Ni3+"
    ],
    "density": 4.53584747186433,
    "quadrupole moment": [
        [
            -15.537344785278718,
            -0.001914176510672938,
            0.007491218150647017
        ],
        [
            -0.001914176510672938,
            -15.535889289661688,
            0.011208231078860376
        ],
        [
            0.007491218150647017,
            0.011208231078860376,
            -14.685478295527583
        ]
    ],
    "quadrupole moment normalized": [
        [
            -0.13362575439313265,
            8.826626241736912e-05,
            -1.5539953076794746e-05
        ],
        [
            8.826626241736912e-05,
            -0.1334974051945503,
            -4.735926267021226e-05
        ],
        [
            -1.5539953076794746e-05,
            -4.735926267021226e-05,
            -0.1262447127236344
        ]
    ]
}