{
    "MP-ID": "mp-728124",
    "Material": "ZnCrH15N5Cl4F",
    "steinhart_vector": [
        [
            0.007349379054943299,
            0.00023141379059532413,
            6.068347604746023e-05,
            0.00032264163169877356,
            0.005609337667545677,
            0.0002719253807943951,
            0.002595907134853843,
            0.0004094797727758179,
            0.0052642546171983,
            0.00037040871878438045,
            0.0030142165821338634
        ],
        "ZnCrH15N5Cl4F"
    ],
    "steinhart_parameter_sum": 0.025499647827371137,
    "band_gap": 3.8282,
    "oxidation_state": 3.0,
    "possible_species": [
        "N3-",
        "F-",
        "Cr3+",
        "H+",
        "Zn2+",
        "Cl-"
    ],
    "density": 1.869228374194397,
    "quadrupole moment": [
        [
            -23.034435615013578,
            -1.5728840106632047,
            -4.157186785346426
        ],
        [
            -1.5728840106632047,
            -25.747897249639607,
            1.904175816343634
        ],
        [
            -4.157186785346426,
            1.904175816343634,
            -21.821292979083804
        ]
    ],
    "quadrupole moment normalized": [
        [
            -0.16628193555629475,
            -0.01219407292997889,
            -0.03224344758062111
        ],
        [
            -0.01219407292997889,
            -0.1873185465466866,
            0.014768928193214615
        ],
        [
            -0.03224344758062111,
            0.014768928193214615,
            -0.1570860926031056
        ]
    ]
}