{
    "MP-ID": "mp-757284",
    "Material": "Mn3CrCo2(PO4)6",
    "steinhart_vector": [
        [
            0.007937131308980893,
            0.000332019115725392,
            0.00012969154064226888,
            0.0013566860070508481,
            0.005722819583838722,
            0.0016689259308427088,
            0.0025311687447147108,
            0.0025679720175320908,
            0.0046154788941677296,
            0.0026817567562456837,
            0.002569127176325798
        ],
        "Mn3CrCo2(PO4)6"
    ],
    "steinhart_parameter_sum": 0.03211277707606684,
    "band_gap": 0.0,
    "oxidation_state": 3.0,
    "possible_species": [
        "O2-",
        "Cr3+",
        "Mn3+",
        "Mn4+",
        "P5+",
        "Co2+"
    ],
    "density": 3.419611090646176,
    "quadrupole moment": [
        [
            -15.745396702325433,
            -0.23052819131003366,
            -0.5538296908094046
        ],
        [
            -0.23052819131003366,
            -15.584995916792765,
            -0.39371209272389607
        ],
        [
            -0.5538296908094046,
            -0.39371209272389607,
            -16.366988836085785
        ]
    ],
    "quadrupole moment normalized": [
        [
            -0.12507967675404363,
            -0.0012697695876274472,
            -0.0030505557807814715
        ],
        [
            -0.0012697695876274472,
            -0.12419616540657277,
            -0.0021686063055182574
        ],
        [
            -0.0030505557807814715,
            -0.0021686063055182574,
            -0.12850347308322876
        ]
    ]
}