{
    "MP-ID": "mp-754088",
    "Material": "Li4CrFe3O8",
    "steinhart_vector": [
        [
            0.007132919778948011,
            4.626584498316376e-19,
            0.0003846476944596136,
            7.781355226156197e-19,
            0.0054139531018413695,
            2.107599878745181e-18,
            0.00264594882679136,
            2.194838791480057e-18,
            0.005027884950331897,
            3.1069193891878047e-18,
            0.003148484113962413
        ],
        "Li4CrFe3O8"
    ],
    "steinhart_parameter_sum": 0.023753838466334668,
    "band_gap": 1.7629000000000001,
    "oxidation_state": 3.0,
    "possible_species": [
        "Fe3+",
        "O2-",
        "Cr3+",
        "Li+"
    ],
    "density": 4.127947074178632,
    "quadrupole moment": [
        [
            -17.446385278456322,
            0.12132783107004386,
            -0.7017642285928831
        ],
        [
            0.12132783107004386,
            -17.570440578063536,
            -0.4293854075201571
        ],
        [
            -0.7017642285928831,
            -0.4293854075201571,
            -15.217825199258769
        ]
    ],
    "quadrupole moment normalized": [
        [
            -0.12440067519464171,
            0.0007704203815159663,
            -0.0052302417195950815
        ],
        [
            0.0007704203815159663,
            -0.12518841474631393,
            -0.003200205112620657
        ],
        [
            -0.0052302417195950815,
            -0.003200205112620657,
            -0.10872975808573931
        ]
    ]
}