{
    "MP-ID": "mp-726543",
    "Material": "Na3CrH14(C3O8)2",
    "steinhart_vector": [
        [
            0.007575793445983564,
            2.877508991688684e-18,
            0.0005302503792575966,
            1.1199055269502202e-18,
            0.005729423664968347,
            4.7789165979658144e-18,
            0.0028840635449408646,
            3.045558461525552e-18,
            0.005286494163621445,
            6.391193030502416e-18,
            0.0034533983711162756
        ],
        "Na3CrH14(C3O8)2"
    ],
    "steinhart_parameter_sum": 0.02545942356988811,
    "band_gap": 3.597,
    "oxidation_state": 3.0,
    "possible_species": [
        "Na+",
        "O2-",
        "Cr3+",
        "H+",
        "C2+"
    ],
    "density": 1.7985245700809922,
    "quadrupole moment": [
        [
            -14.817606686418895,
            0.6783916260683683,
            -0.46449609748609966
        ],
        [
            0.6783916260683683,
            -17.669314089702752,
            -0.9639375938040942
        ],
        [
            -0.46449609748609966,
            -0.9639375938040942,
            -16.266304280844324
        ]
    ],
    "quadrupole moment normalized": [
        [
            -0.11196507044249294,
            0.003163536326278611,
            -0.002702499968761655
        ],
        [
            0.003163536326278611,
            -0.13639934518550134,
            -0.006490576603854851
        ],
        [
            -0.002702499968761655,
            -0.006490576603854851,
            -0.12088783325417368
        ]
    ]
}