{
    "MP-ID": "mp-725062",
    "Material": "CrH18(O3F)3",
    "steinhart_vector": [
        [
            0.007762899699135006,
            4.800493885985232e-05,
            0.00013948238953171002,
            5.1569404378828634e-05,
            0.005923833648222848,
            0.0001178303455993638,
            0.0027589959975239846,
            0.00013183003399539557,
            0.005559223708287061,
            0.00019296240347534165,
            0.003217929769738303
        ],
        "CrH18(O3F)3"
    ],
    "steinhart_parameter_sum": 0.025904562338747696,
    "band_gap": 4.2569,
    "oxidation_state": 3.0,
    "possible_species": [
        "F-",
        "H+",
        "Cr3+",
        "O2-"
    ],
    "density": 1.605517074322581,
    "quadrupole moment": [
        [
            -15.869978168330892,
            0.19185546629026345,
            -0.3898723049798335
        ],
        [
            0.19185546629026345,
            -16.257278418337428,
            -0.15436718640659125
        ],
        [
            -0.3898723049798335,
            -0.15436718640659125,
            -16.02609847274665
        ]
    ],
    "quadrupole moment normalized": [
        [
            -0.12319979615859479,
            0.0014855255024855826,
            -0.003022258225326584
        ],
        [
            0.0014855255024855826,
            -0.12620571570557246,
            -0.0011953117190656023
        ],
        [
            -0.003022258225326584,
            -0.0011953117190656023,
            -0.12440152942025032
        ]
    ]
}