{
    "MP-ID": "mp-767681",
    "Material": "Li8Cr(FeO4)3",
    "steinhart_vector": [
        [
            0.008677113598766118,
            0.00015715199789171112,
            0.00010075655082472808,
            0.0007617758130428039,
            0.006523296278313048,
            0.0010085869531510174,
            0.002977920937206081,
            0.0015060451391196079,
            0.005886648286018758,
            0.0017504491802619382,
            0.0032976786539820357
        ],
        "Li8Cr(FeO4)3"
    ],
    "steinhart_parameter_sum": 0.032647423388577845,
    "band_gap": 0.0,
    "oxidation_state": 5.0,
    "possible_species": [
        "Fe3+",
        "O2-",
        "Cr5+",
        "Li+",
        "Fe4+"
    ],
    "density": 3.67022855999302,
    "quadrupole moment": [
        [
            -14.91215376585069,
            -1.3322676295501878e-15,
            -8.881784197001252e-16
        ],
        [
            -1.3322676295501878e-15,
            -15.39236401785778,
            0.1556684129564112
        ],
        [
            -8.881784197001252e-16,
            0.1556684129564112,
            -15.250800819216797
        ]
    ],
    "quadrupole moment normalized": [
        [
            -0.12928717578550192,
            -1.734723475976807e-17,
            6.938893903907228e-18
        ],
        [
            -1.734723475976807e-17,
            -0.13324202861582898,
            0.001482364416312526
        ],
        [
            6.938893903907228e-18,
            0.001482364416312526,
            -0.13264966512245646
        ]
    ]
}