{
    "MP-ID": "mp-766001",
    "Material": "LiVCrP2(O4F)2",
    "steinhart_vector": [
        [
            0.007698178399431454,
            6.772996671808072e-05,
            0.0003423748862444317,
            0.0004005764319279865,
            0.005858883307220613,
            0.0003910802219704138,
            0.002736371875767913,
            0.0006822885693644981,
            0.005454235544357227,
            0.0007104550067602676,
            0.003156613305340115
        ],
        "LiVCrP2(O4F)2"
    ],
    "steinhart_parameter_sum": 0.027498787515103,
    "band_gap": 1.3971,
    "oxidation_state": 3.0,
    "possible_species": [
        "F-",
        "O2-",
        "V4+",
        "Cr3+",
        "Li+",
        "P5+"
    ],
    "density": 3.174275517156597,
    "quadrupole moment": [
        [
            -13.623344608894568,
            -0.3608121114915981,
            3.729296241435324
        ],
        [
            -0.3608121114915981,
            -15.381370506870216,
            -0.9705077537804739
        ],
        [
            3.729296241435324,
            -0.9705077537804739,
            -10.561182265040657
        ]
    ],
    "quadrupole moment normalized": [
        [
            -0.10533342302085617,
            -0.002450539990774025,
            0.032015580977458075
        ],
        [
            -0.002450539990774025,
            -0.12486948360066778,
            -0.009095938229738025
        ],
        [
            0.032015580977458075,
            -0.009095938229738025,
            -0.07883036797349319
        ]
    ]
}