{
    "MP-ID": "mp-754276",
    "Material": "MnCrO4",
    "steinhart_vector": [
        [
            0.015863003536071715,
            0.0008790289692458013,
            0.0005304848859842462,
            0.011819475087261697,
            0.008129620426572942,
            0.0007878431716774149,
            0.009949126652429311,
            0.009737545489877951,
            0.0035491639105855117,
            0.00818779943565459,
            0.010308732809981656
        ],
        "MnCrO4"
    ],
    "steinhart_parameter_sum": 0.07974182437534282,
    "band_gap": 0.0,
    "oxidation_state": 6.0,
    "possible_species": [
        "Cr6+",
        "O2-",
        "Mn2+"
    ],
    "density": 3.506653001435615,
    "quadrupole moment": [
        [
            -7.567018387890612,
            0.2860352594448987,
            0.0006427772349380258
        ],
        [
            0.2860352594448987,
            -7.814968197174586,
            0.00045995786384794336
        ],
        [
            0.0006427772349380258,
            0.00045995786384794336,
            -7.124444267574208
        ]
    ],
    "quadrupole moment normalized": [
        [
            -0.11712424838946783,
            7.519816914373922e-05,
            1.859381066101234e-06
        ],
        [
            7.519816914373922e-05,
            -0.11719840852971058,
            1.7309600382408391e-06
        ],
        [
            1.859381066101234e-06,
            1.7309600382408391e-06,
            -0.12165267147229603
        ]
    ]
}