{
    "MP-ID": "mp-754600",
    "Material": "LiCrFeO4",
    "steinhart_vector": [
        [
            0.008515225590355035,
            1.0529229242054694e-18,
            0.000826482207748162,
            2.4878107052791376e-18,
            0.0063858358182393255,
            3.0981977225140016e-18,
            0.003429466034259574,
            4.751443434385916e-18,
            0.005792340178294523,
            7.008490212827806e-18,
            0.004178250107136483
        ],
        "LiCrFeO4"
    ],
    "steinhart_parameter_sum": 0.029127599936033123,
    "band_gap": 0.169599999999999,
    "oxidation_state": 4.0,
    "possible_species": [
        "Fe3+",
        "O2-",
        "Li+",
        "Cr4+"
    ],
    "density": 3.969910757577657,
    "quadrupole moment": [
        [
            -14.590840675729796,
            0.8948419657949755,
            1.581047634277282
        ],
        [
            0.8948419657949755,
            -15.0829760548493,
            -1.5134507159716293
        ],
        [
            1.581047634277282,
            -1.5134507159716293,
            -16.330065612248276
        ]
    ],
    "quadrupole moment normalized": [
        [
            -0.12274401274927069,
            0.0049437397297511405,
            0.016504957898500986
        ],
        [
            0.0049437397297511405,
            -0.12778029262439222,
            -0.008361431361582346
        ],
        [
            0.016504957898500986,
            -0.008361431361582346,
            -0.1409002964491079
        ]
    ]
}