{
    "MP-ID": "mp-774760",
    "Material": "Li2Ti3CrO8",
    "steinhart_vector": [
        [
            0.00742774004596373,
            1.984506118506539e-18,
            0.0008569915333433977,
            1.8892585715318607e-05,
            0.00551132247692201,
            3.364324697936988e-05,
            0.003159406319320905,
            3.357675190969269e-05,
            0.004895901596547346,
            6.154559630531741e-05,
            0.0039024150027460584
        ],
        "Li2Ti3CrO8"
    ],
    "steinhart_parameter_sum": 0.025901435155753147,
    "band_gap": 0.0,
    "oxidation_state": 2.0,
    "possible_species": [
        "O2-",
        "Cr2+",
        "Li+",
        "Ti4+"
    ],
    "density": 3.725554400704066,
    "quadrupole moment": [
        [
            -16.409171340248,
            1.8932435465906243,
            1.8932435465906237
        ],
        [
            1.8932435465906243,
            -16.409171340247998,
            -1.8932435465906263
        ],
        [
            1.8932435465906237,
            -1.8932435465906263,
            -16.409171340248
        ]
    ],
    "quadrupole moment normalized": [
        [
            -0.12188305908504041,
            0.01406252090777358,
            0.014062520907773572
        ],
        [
            0.01406252090777358,
            -0.12188305908504043,
            -0.014062520907773596
        ],
        [
            0.014062520907773572,
            -0.014062520907773596,
            -0.12188305908504042
        ]
    ]
}