{
    "MP-ID": "mp-752529",
    "Material": "Li5CrS4",
    "steinhart_vector": [
        [
            0.0015482459296916346,
            2.0961622506845006e-19,
            0.00014468312888615972,
            3.121808686345897e-19,
            0.0011687936116654045,
            4.1958004647695116e-19,
            0.0006040631440608902,
            4.197446324014333e-19,
            0.0010740930957847618,
            6.101100549424114e-19,
            0.0007231075498977947
        ],
        "Li5CrS4"
    ],
    "steinhart_parameter_sum": 0.005262986459986647,
    "band_gap": 0.9981000000000001,
    "oxidation_state": 3.0,
    "possible_species": [
        "Cr3+",
        "S2-",
        "Li+"
    ],
    "density": 2.155829289517171,
    "quadrupole moment": [
        [
            -22.68190485176549,
            0.12243901323646367,
            2.1229235376779494
        ],
        [
            0.12243901323646367,
            -27.834662206693366,
            -0.24614941711378613
        ],
        [
            2.1229235376779494,
            -0.24614941711378613,
            -25.893816499429324
        ]
    ],
    "quadrupole moment normalized": [
        [
            -0.03576205755309017,
            0.0009733242632313506,
            0.001032647552016
        ],
        [
            0.0009733242632313506,
            -0.044872286760991836,
            -0.001956755234711935
        ],
        [
            0.001032647552016,
            -0.001956755234711935,
            -0.03732441842577681
        ]
    ]
}