{
    "MP-ID": "mp-735489",
    "Material": "KCaCrH10C6O17",
    "steinhart_vector": [
        [
            0.007671337636596315,
            0.00016361351412611224,
            0.00042856150903548357,
            0.0009253743769178515,
            0.005653193837663249,
            0.0011545971939326506,
            0.0027045317023546263,
            0.0018250134183799528,
            0.004862750985859413,
            0.001914745678194918,
            0.0029966037941771165
        ],
        "KCaCrH10C6O17"
    ],
    "steinhart_parameter_sum": 0.030300323647237688,
    "band_gap": 3.3606,
    "oxidation_state": 3.0,
    "possible_species": [
        "K+",
        "O2-",
        "Cr3+",
        "H+",
        "Ca2+",
        "C3+"
    ],
    "density": 1.883813104141385,
    "quadrupole moment": [
        [
            -17.402111545412357,
            -0.2932221137204394,
            -0.040800231394600095
        ],
        [
            -0.2932221137204394,
            -16.401472217985475,
            -0.538941760212277
        ],
        [
            -0.040800231394600095,
            -0.538941760212277,
            -14.647116840475832
        ]
    ],
    "quadrupole moment normalized": [
        [
            -0.1341070524394567,
            -0.001896029831700119,
            -0.0015443174755439201
        ],
        [
            -0.001896029831700119,
            -0.12450733106090486,
            -0.004647096400829272
        ],
        [
            -0.0015443174755439201,
            -0.004647096400829272,
            -0.1129539761457675
        ]
    ]
}