{
    "MP-ID": "mp-766698",
    "Material": "Li3CrPCO7",
    "steinhart_vector": [
        [
            0.005770916145469253,
            0.0003145696103178747,
            0.0017557668028616127,
            0.0020790175497270164,
            0.003768848948470157,
            0.002128304640312846,
            0.0025067352244997204,
            0.002152767206457072,
            0.0033557736820329174,
            0.0018552376598953908,
            0.0031258328890281365
        ],
        "Li3CrPCO7"
    ],
    "steinhart_parameter_sum": 0.028813770359071993,
    "band_gap": 0.43500000000000005,
    "oxidation_state": 2.0,
    "possible_species": [
        "O2-",
        "Cr2+",
        "C4+",
        "Li+",
        "P5+"
    ],
    "density": 2.745172408983274,
    "quadrupole moment": [
        [
            -20.810288860497582,
            0.20440264875837055,
            0.17184388389894867
        ],
        [
            0.20440264875837055,
            -13.304669653062922,
            3.3467252627271074
        ],
        [
            0.17184388389894867,
            3.3467252627271074,
            -13.381399990188255
        ]
    ],
    "quadrupole moment normalized": [
        [
            -0.11453189805830703,
            0.018800903184802858,
            0.008061894621467365
        ],
        [
            0.018800903184802858,
            -0.0745074865707657,
            0.027625060610932978
        ],
        [
            0.008061894621467365,
            0.027625060610932978,
            -0.07792769972763769
        ]
    ]
}