{
    "MP-ID": "mp-753966",
    "Material": "Li6CrS4",
    "steinhart_vector": [
        [
            0.0018853286953862724,
            1.5357001978735742e-19,
            0.00031868151469618326,
            0.0013365497507677837,
            0.0009596338117541811,
            0.0005977284732489098,
            0.0010243330440268816,
            0.0010653437205173436,
            0.0009056672085768956,
            0.0008011980645738472,
            0.0009779873880694481
        ],
        "Li6CrS4"
    ],
    "steinhart_parameter_sum": 0.009872451671617745,
    "band_gap": 0.0,
    "oxidation_state": 2.0,
    "possible_species": [
        "Cr2+",
        "S2-",
        "Li+"
    ],
    "density": 1.9623495361240382,
    "quadrupole moment": [
        [
            -17.949060708062394,
            -3.762886163309886e-15,
            -1.7763568394002505e-15
        ],
        [
            -3.762886163309886e-15,
            -17.94906070806239,
            -8.881784197001252e-16
        ],
        [
            -1.7763568394002505e-15,
            -8.881784197001252e-16,
            -10.163206775554876
        ]
    ],
    "quadrupole moment normalized": [
        [
            -0.03383987920814026,
            -7.094277261160085e-18,
            -3.469446951953614e-18
        ],
        [
            -7.094277261160085e-18,
            -0.03383987920814028,
            -1.734723475976807e-18
        ],
        [
            -3.469446951953614e-18,
            -1.734723475976807e-18,
            -0.0191609853710978
        ]
    ]
}