{
    "MP-ID": "mp-771038",
    "Material": "Na3CrAsCO7",
    "steinhart_vector": [
        [
            0.005941195396354401,
            0.0007726475324733217,
            0.001696479137350914,
            0.001416922238264732,
            0.004399157353641398,
            0.0014696508060522695,
            0.0024912718416116772,
            0.0020957729837618147,
            0.0036684613322309047,
            0.002022632118177713,
            0.002715407777673301
        ],
        "Na3CrAsCO7"
    ],
    "steinhart_parameter_sum": 0.028689598517592445,
    "band_gap": 1.7920999999999991,
    "oxidation_state": 2.0,
    "possible_species": [
        "Na+",
        "Cr2+",
        "O2-",
        "C4+",
        "As5+"
    ],
    "density": 3.101451449232949,
    "quadrupole moment": [
        [
            -17.206645442144712,
            0.003456475272975882,
            2.3378446675687306
        ],
        [
            0.003456475272975882,
            -17.35062826956881,
            0.006804946161422746
        ],
        [
            2.3378446675687306,
            0.006804946161422746,
            -11.761462892236196
        ]
    ],
    "quadrupole moment normalized": [
        [
            -0.10843242750803747,
            4.354454648200169e-05,
            0.02119112247365363
        ],
        [
            4.354454648200169e-05,
            -0.10979016914362297,
            2.939780311089766e-05
        ],
        [
            0.02119112247365363,
            2.939780311089766e-05,
            -0.05348007798978669
        ]
    ]
}