{
    "MP-ID": "mp-757733",
    "Material": "Li2CrSiO4",
    "steinhart_vector": [
        [
            0.005413432235196195,
            0.00034206018334576667,
            0.001394055634342581,
            0.0029623898008760865,
            0.002982800471103911,
            0.002314713271861917,
            0.002086113700609421,
            0.0030739332696655716,
            0.0025386749882484265,
            0.0020929591267372957,
            0.0028050310732513246
        ],
        "Li2CrSiO4"
    ],
    "steinhart_parameter_sum": 0.028006163755238497,
    "band_gap": 1.311099999999999,
    "oxidation_state": 2.0,
    "possible_species": [
        "Si4+",
        "Cr2+",
        "Li+",
        "O2-"
    ],
    "density": 2.921372732734902,
    "quadrupole moment": [
        [
            -23.38229716163123,
            -1.4766128183777854,
            0.47455377702142487
        ],
        [
            -1.4766128183777854,
            -15.319097923051052,
            0.005828025837393211
        ],
        [
            0.47455377702142487,
            0.005828025837393211,
            -12.24209928586827
        ]
    ],
    "quadrupole moment normalized": [
        [
            -0.08999887865734814,
            -0.004093950440630425,
            0.006401072540154987
        ],
        [
            -0.004093950440630425,
            -0.10944241512499313,
            -0.003169942523751387
        ],
        [
            0.006401072540154987,
            -0.003169942523751387,
            -0.05620392629080629
        ]
    ]
}