{
    "MP-ID": "mp-777498",
    "Material": "Ti3CrNi2(PO4)6",
    "steinhart_vector": [
        [
            0.007971262398342024,
            0.00031460137848472784,
            0.00012071102264358228,
            0.0015137529656355422,
            0.005692950401660979,
            0.0017707570849588542,
            0.0025001983742793973,
            0.0027854537992091128,
            0.0044749278131058084,
            0.0028173600663977286,
            0.002512915436435289
        ],
        "Ti3CrNi2(PO4)6"
    ],
    "steinhart_parameter_sum": 0.03247489074115305,
    "band_gap": 0.049999999999999004,
    "oxidation_state": 3.0,
    "possible_species": [
        "O2-",
        "Cr3+",
        "Ni2+",
        "Ti3+",
        "P5+",
        "Ti4+"
    ],
    "density": 3.308762470140017,
    "quadrupole moment": [
        [
            -15.707815504367606,
            -0.25969163965092146,
            -0.6216001890380632
        ],
        [
            -0.25969163965092146,
            -15.527686801257397,
            -0.4423429232322227
        ],
        [
            -0.6216001890380632,
            -0.4423429232322227,
            -16.401677380464907
        ]
    ],
    "quadrupole moment normalized": [
        [
            -0.12530010901273614,
            -0.0013038023736114401,
            -0.003120792291864032
        ],
        [
            -0.0013038023736114401,
            -0.12439575087354234,
            -0.0022208135892068694
        ],
        [
            -0.003120792291864032,
            -0.0022208135892068694,
            -0.12878368907353963
        ]
    ]
}