{
    "MP-ID": "mp-770544",
    "Material": "LiAlCrO3",
    "steinhart_vector": [
        [
            0.006918338644202,
            0.000257375397746025,
            0.0031270539045622357,
            0.0024295044296531914,
            0.0049869425781289565,
            0.0029038720765075976,
            0.0023955946011571796,
            0.0039148843388722866,
            0.0036544355780095245,
            0.00379396483511304,
            0.0022299551448249936
        ],
        "LiAlCrO3"
    ],
    "steinhart_parameter_sum": 0.03661192152877703,
    "band_gap": 2.1161,
    "oxidation_state": 2.0,
    "possible_species": [
        "O2-",
        "Cr2+",
        "Li+",
        "Al3+"
    ],
    "density": 3.188909126262297,
    "quadrupole moment": [
        [
            -5.799303837120717,
            0.10333718318103902,
            6.683741694133069
        ],
        [
            0.10333718318103902,
            -16.94580122048224,
            1.72671896743991
        ],
        [
            6.683741694133069,
            1.72671896743991,
            -11.26480310208751
        ]
    ],
    "quadrupole moment normalized": [
        [
            -0.03972099422736887,
            0.00043252145719882736,
            0.04605871145008211
        ],
        [
            0.00043252145719882736,
            -0.11742814812063988,
            0.011690105979394717
        ],
        [
            0.04605871145008211,
            0.011690105979394717,
            -0.07809857907313472
        ]
    ]
}