{
    "MP-ID": "mp-769457",
    "Material": "Li4Ti4Cr(Fe2O9)2",
    "steinhart_vector": [
        [
            0.008470473424029408,
            2.4934297920068878e-18,
            0.0007709038674153352,
            4.258286399336691e-18,
            0.006392730661788382,
            7.151257716936536e-18,
            0.0033075790370280353,
            9.263142235342169e-18,
            0.005864283814268102,
            1.3107136623733756e-17,
            0.003986834394539159
        ],
        "Li4Ti4Cr(Fe2O9)2"
    ],
    "steinhart_parameter_sum": 0.028792805199068457,
    "band_gap": 0.663899999999999,
    "oxidation_state": 4.0,
    "possible_species": [
        "Fe3+",
        "O2-",
        "Li+",
        "Ti4+",
        "Cr4+"
    ],
    "density": 3.7781004873344193,
    "quadrupole moment": [
        [
            -17.3416916738,
            -2.6645352591003757e-15,
            -2.220446049250313e-16
        ],
        [
            -2.6645352591003757e-15,
            -14.12945543713323,
            -1.373373536483257
        ],
        [
            -2.220446049250313e-16,
            -1.373373536483257,
            -14.704991951079261
        ]
    ],
    "quadrupole moment normalized": [
        [
            -0.13978308127319047,
            6.938893903907228e-18,
            8.673617379884035e-19
        ],
        [
            6.938893903907228e-18,
            -0.11391368941004608,
            -0.01171263625529922
        ],
        [
            8.673617379884035e-19,
            -0.01171263625529922,
            -0.13655180965636082
        ]
    ]
}