{
    "MP-ID": "mp-752491",
    "Material": "Li3VCr(P2O7)2",
    "steinhart_vector": [
        [
            0.007487010077403282,
            0.00014723958272637574,
            0.0002983545268495144,
            0.0009310708153016533,
            0.005531719533605554,
            0.001173003454477902,
            0.00255702930370911,
            0.0017903064465322714,
            0.004784319880127555,
            0.0019674880453874706,
            0.002773726795738784
        ],
        "Li3VCr(P2O7)2"
    ],
    "steinhart_parameter_sum": 0.029441268461859474,
    "band_gap": 0.6165,
    "oxidation_state": 3.0,
    "possible_species": [
        "O2-",
        "Cr3+",
        "V2+",
        "Li+",
        "P5+"
    ],
    "density": 2.810898874000083,
    "quadrupole moment": [
        [
            -15.881898816477037,
            0.6762187943758873,
            0.5069639457325574
        ],
        [
            0.6762187943758873,
            -16.01014994952889,
            0.06536364519752835
        ],
        [
            0.5069639457325574,
            0.06536364519752835,
            -17.16963304147788
        ]
    ],
    "quadrupole moment normalized": [
        [
            -0.11753857646822563,
            0.00394814308298656,
            0.0019774409959217414
        ],
        [
            0.00394814308298656,
            -0.11974918918970401,
            -0.0017381767375438794
        ],
        [
            0.0019774409959217414,
            -0.0017381767375438794,
            -0.12974450428759016
        ]
    ]
}