{
    "MP-ID": "mp-755908",
    "Material": "MnCrO4",
    "steinhart_vector": [
        [
            0.01590253373106246,
            0.0004726768840405574,
            0.0005389991482500384,
            0.0118582792207448,
            0.00810508765102604,
            0.0005414674388275177,
            0.010005110965902413,
            0.00973551266180114,
            0.003422033063560979,
            0.008252628215080158,
            0.010341823199898669
        ],
        "MnCrO4"
    ],
    "steinhart_parameter_sum": 0.07917615218019478,
    "band_gap": 1.3814,
    "oxidation_state": 6.0,
    "possible_species": [
        "Cr6+",
        "O2-",
        "Mn2+"
    ],
    "density": 3.679532357088193,
    "quadrupole moment": [
        [
            -7.499574196459944,
            0.16587902671093113,
            -0.0735579392161485
        ],
        [
            0.16587902671093113,
            -7.438854867070094,
            0.006225150014120523
        ],
        [
            -0.0735579392161485,
            0.006225150014120523,
            -7.516058595992951
        ]
    ],
    "quadrupole moment normalized": [
        [
            -0.11698669064686931,
            -0.002483335407916773,
            0.0019737773538172666
        ],
        [
            -0.002483335407916773,
            -0.12093225246165673,
            0.00035269859598241124
        ],
        [
            0.0019737773538172666,
            0.00035269859598241124,
            -0.11862610260760738
        ]
    ]
}