{
    "MP-ID": "mp-754939",
    "Material": "Li3CrFe3O8",
    "steinhart_vector": [
        [
            0.00865664637487598,
            0.0002776804661501846,
            0.0006999601013506053,
            0.00030676580319692913,
            0.006519576049369014,
            0.0007529065641334323,
            0.003266454283011335,
            0.0006810123564768313,
            0.005944719528077431,
            0.0012555679125195443,
            0.0038249539807903208
        ],
        "Li3CrFe3O8"
    ],
    "steinhart_parameter_sum": 0.032186243419951605,
    "band_gap": 0.5899000000000001,
    "oxidation_state": 4.0,
    "possible_species": [
        "Fe3+",
        "O2-",
        "Li+",
        "Cr4+"
    ],
    "density": 4.27822199346793,
    "quadrupole moment": [
        [
            -13.48863285504535,
            -0.7522524478379671,
            -0.028279616278042763
        ],
        [
            -0.7522524478379671,
            -16.752757702973575,
            0.42660319813348613
        ],
        [
            -0.028279616278042763,
            0.42660319813348613,
            -15.443576598749473
        ]
    ],
    "quadrupole moment normalized": [
        [
            -0.11554898843129832,
            -0.00013131992299975428,
            -0.006317486606400104
        ],
        [
            -0.00013131992299975428,
            -0.14426642923847993,
            -0.0021620997022203034
        ],
        [
            -0.006317486606400104,
            -0.0021620997022203034,
            -0.1346822834198678
        ]
    ]
}