{
    "MP-ID": "mp-755402",
    "Material": "V3CrO8",
    "steinhart_vector": [
        [
            0.007929985616413797,
            0.0005138537007706608,
            0.0001862838749152519,
            0.0016574538788578625,
            0.0054889799577644465,
            0.002064025512920143,
            0.0027185721137995655,
            0.0026082148907654473,
            0.004338319090260882,
            0.0024302195062251004,
            0.0036624511156981635
        ],
        "V3CrO8"
    ],
    "steinhart_parameter_sum": 0.03359835925839132,
    "band_gap": 0.044599999999999,
    "oxidation_state": 3.0,
    "possible_species": [
        "V5+",
        "V4+",
        "Cr3+",
        "O2-"
    ],
    "density": 3.82938002914758,
    "quadrupole moment": [
        [
            -15.933501309419295,
            -0.4135990159706316,
            -0.18887779176439556
        ],
        [
            -0.4135990159706316,
            -14.812826503874344,
            -0.06215823677913623
        ],
        [
            -0.18887779176439556,
            -0.06215823677913623,
            -16.97177261189806
        ]
    ],
    "quadrupole moment normalized": [
        [
            -0.12748358218256578,
            -0.0018200462861254867,
            -0.003499367023002733
        ],
        [
            -0.0018200462861254867,
            -0.12255204236011287,
            -0.0011516149249787251
        ],
        [
            -0.003499367023002733,
            -0.0011516149249787251,
            -0.12758154056396537
        ]
    ]
}