{
    "MP-ID": "mp-756950",
    "Material": "CrCo5O12",
    "steinhart_vector": [
        [
            0.008962752437713052,
            2.1516290985339793e-18,
            0.0011376572707488537,
            1.5071578099831453e-18,
            0.006609465995538725,
            3.542168197111172e-18,
            0.0039284801843468544,
            3.8728546655293094e-18,
            0.005801696969967124,
            5.183648968275686e-18,
            0.004870470392655914
        ],
        "CrCo5O12"
    ],
    "steinhart_parameter_sum": 0.03131052325097054,
    "band_gap": 0.46729999999999905,
    "oxidation_state": 4.0,
    "possible_species": [
        "Co4+",
        "O2-",
        "Cr4+"
    ],
    "density": 4.351045122799205,
    "quadrupole moment": [
        [
            -16.856649794206042,
            0.0391878416091564,
            -0.011291020416938302
        ],
        [
            0.0391878416091564,
            -16.81130703990757,
            -0.01957662187543468
        ],
        [
            -0.011291020416938302,
            -0.01957662187543468,
            -11.146250759569455
        ]
    ],
    "quadrupole moment normalized": [
        [
            -0.1510271980771966,
            0.0002569453244306486,
            -0.00016376326180794418
        ],
        [
            0.0002569453244306486,
            -0.15072989645926113,
            -0.0002839363790976157
        ],
        [
            -0.00016376326180794418,
            -0.0002839363790976157,
            -0.09990134480689654
        ]
    ]
}