{
    "MP-ID": "mp-752710",
    "Material": "Li3CrB4O9",
    "steinhart_vector": [
        [
            0.009353526999810452,
            0.00033187757648876,
            0.0021340122015356053,
            0.006486538229082418,
            0.0044202547743499845,
            0.0038498567708828138,
            0.005274477189601167,
            0.004240904366309647,
            0.00481530665452561,
            0.005247406408354385,
            0.0037298793685324565
        ],
        "Li3CrB4O9"
    ],
    "steinhart_parameter_sum": 0.0498840405394733,
    "band_gap": 2.147599999999999,
    "oxidation_state": 3.0,
    "possible_species": [
        "O2-",
        "Cr3+",
        "Li+",
        "B3+"
    ],
    "density": 2.630141963293301,
    "quadrupole moment": [
        [
            -7.575629444122154,
            0.0,
            0.0
        ],
        [
            0.0,
            -10.923734392999073,
            -3.0692482437521007
        ],
        [
            0.0,
            -3.0692482437521007,
            -10.794943786559957
        ]
    ],
    "quadrupole moment normalized": [
        [
            -0.06736029546959925,
            0.0,
            0.0
        ],
        [
            0.0,
            -0.09934898373499482,
            -0.028083430415627372
        ],
        [
            0.0,
            -0.028083430415627372,
            -0.1066824434319904
        ]
    ]
}