{
    "MP-ID": "mp-775289",
    "Material": "Mn3CrCu2(PO4)6",
    "steinhart_vector": [
        [
            0.00829177994101822,
            0.00034248705364763705,
            0.00017218990588856707,
            0.0012452216558198807,
            0.006048060043261466,
            0.0015698591690675903,
            0.0027045425740420473,
            0.002426990930446116,
            0.005036776949968287,
            0.0025494987910083824,
            0.0027877076123805425
        ],
        "Mn3CrCu2(PO4)6"
    ],
    "steinhart_parameter_sum": 0.033175114626548735,
    "band_gap": 0.0,
    "oxidation_state": 3.0,
    "possible_species": [
        "O2-",
        "Cr3+",
        "Cu2+",
        "Mn4+",
        "Cu+",
        "P5+"
    ],
    "density": 3.46721636014799,
    "quadrupole moment": [
        [
            -15.385642455208412,
            -0.22588374475557593,
            -0.5553103557580685
        ],
        [
            -0.22588374475557593,
            -15.22544507217034,
            -0.39227599438232386
        ],
        [
            -0.5553103557580685,
            -0.39227599438232386,
            -16.030247803702924
        ]
    ],
    "quadrupole moment normalized": [
        [
            -0.12768835990149402,
            -0.0014597899783342326,
            -0.003588735771234572
        ],
        [
            -0.0014597899783342326,
            -0.12665307792081074,
            -0.0025351144829813014
        ],
        [
            -0.003588735771234572,
            -0.0025351144829813014,
            -0.1318541778718578
        ]
    ]
}