{
    "MP-ID": "mp-766014",
    "Material": "Li6CrFe3(PO4)6",
    "steinhart_vector": [
        [
            0.007684437227174996,
            0.00048127187377751076,
            0.00034618671332860404,
            0.0013124223476103515,
            0.005438925284848386,
            0.0020286085318900263,
            0.00246781356170142,
            0.0023795948050630835,
            0.00418314864081669,
            0.003263662181886253,
            0.002490886204396066
        ],
        "Li6CrFe3(PO4)6"
    ],
    "steinhart_parameter_sum": 0.032076957372493387,
    "band_gap": 2.3887,
    "oxidation_state": 3.0,
    "possible_species": [
        "Fe3+",
        "O2-",
        "Cr3+",
        "Li+",
        "P5+"
    ],
    "density": 2.970110718954241,
    "quadrupole moment": [
        [
            -16.321245028758337,
            0.17727995585093792,
            0.5924847560647687
        ],
        [
            0.17727995585093792,
            -16.439569110123696,
            0.39753477303379636
        ],
        [
            0.5924847560647687,
            0.39753477303379636,
            -15.712490484660593
        ]
    ],
    "quadrupole moment normalized": [
        [
            -0.12563261815439628,
            0.002372109777453526,
            0.0057359897484692635
        ],
        [
            0.002372109777453526,
            -0.12683482047541478,
            0.004271449993098406
        ],
        [
            0.0057359897484692635,
            0.004271449993098406,
            -0.11925460998132095
        ]
    ]
}