{
    "MP-ID": "mp-756602",
    "Material": "Li3Mn4CrO8",
    "steinhart_vector": [
        [
            0.007010195489179257,
            6.150352019564844e-19,
            0.00012427854722381926,
            1.6632376326193225e-18,
            0.005351239445787817,
            1.79776573958881e-18,
            0.002490204426194331,
            2.9051161839681932e-18,
            0.005025605312939764,
            3.4959188916795824e-18,
            0.002904444547823697
        ],
        "Li3Mn4CrO8"
    ],
    "steinhart_parameter_sum": 0.022905967769148695,
    "band_gap": 0.0,
    "oxidation_state": 3.0,
    "possible_species": [
        "O2-",
        "Cr3+",
        "Mn3+",
        "Mn2+",
        "Li+"
    ],
    "density": 4.350207498566594,
    "quadrupole moment": [
        [
            -16.904952803045177,
            -0.09837617270471721,
            0.3926620640702635
        ],
        [
            -0.09837617270471721,
            -16.824163477530746,
            0.2632428623618948
        ],
        [
            0.3926620640702635,
            0.2632428623618948,
            -16.945306080980092
        ]
    ],
    "quadrupole moment normalized": [
        [
            -0.11757257680683353,
            0.0005142762689178022,
            0.0026387827590426557
        ],
        [
            0.0005142762689178022,
            -0.11799491518158065,
            0.001769054844364426
        ],
        [
            0.0026387827590426557,
            0.001769054844364426,
            -0.11965091199768155
        ]
    ]
}