{
    "MP-ID": "mp-771346",
    "Material": "Li3CrPCO7",
    "steinhart_vector": [
        [
            0.00679701070322539,
            0.00015762189945751152,
            0.0013481947968322799,
            0.0030824660554546186,
            0.0042172728686599974,
            0.0024356304473343976,
            0.002869252761136185,
            0.0027025299420168724,
            0.003590844657613061,
            0.0032885308810923133,
            0.0023252690879260055
        ],
        "Li3CrPCO7"
    ],
    "steinhart_parameter_sum": 0.03281462410074863,
    "band_gap": 2.601899999999998,
    "oxidation_state": 2.0,
    "possible_species": [
        "O2-",
        "Cr2+",
        "C4+",
        "Li+",
        "P5+"
    ],
    "density": 2.784695716061376,
    "quadrupole moment": [
        [
            -15.638665039135962,
            -1.144474830254378,
            -0.5681757643148305
        ],
        [
            -1.144474830254378,
            -13.53216129305395,
            -1.1627235409577934
        ],
        [
            -0.5681757643148305,
            -1.1627235409577934,
            -14.07259957596021
        ]
    ],
    "quadrupole moment normalized": [
        [
            -0.12278238539048716,
            -0.008259012388370233,
            -0.004344337145613171
        ],
        [
            -0.008259012388370233,
            -0.0763413323410762,
            -0.004530457256741625
        ],
        [
            -0.004344337145613171,
            -0.004530457256741625,
            -0.09156269188431924
        ]
    ]
}