{
    "MP-ID": "mp-757335",
    "Material": "Li2CrP2O7",
    "steinhart_vector": [
        [
            0.006106145455734188,
            0.0002094525586566983,
            0.0019285346481339055,
            0.0018076945448536634,
            0.004291962279886644,
            0.002059941872874857,
            0.0023332999746302915,
            0.002612699730638649,
            0.0032022965840653003,
            0.003121118882664028,
            0.0018969494157654247
        ],
        "Li2CrP2O7"
    ],
    "steinhart_parameter_sum": 0.029570095947903653,
    "band_gap": 3.1186,
    "oxidation_state": 2.0,
    "possible_species": [
        "Cr2+",
        "P5+",
        "Li+",
        "O2-"
    ],
    "density": 2.777454627942408,
    "quadrupole moment": [
        [
            -15.13146142507982,
            1.8486742357585833,
            4.277855382593047
        ],
        [
            1.8486742357585833,
            -15.68611042486176,
            2.1847346664908063
        ],
        [
            4.277855382593047,
            2.1847346664908063,
            -15.322075416254526
        ]
    ],
    "quadrupole moment normalized": [
        [
            -0.07214237056164376,
            0.025470188364620602,
            0.027026609860323698
        ],
        [
            0.025470188364620602,
            -0.10087127605473321,
            0.015686729729178103
        ],
        [
            0.027026609860323698,
            0.015686729729178103,
            -0.10166689472603448
        ]
    ]
}