{
    "MP-ID": "mp-755680",
    "Material": "Li4NbCr(WO6)2",
    "steinhart_vector": [
        [
            0.0073744193158919846,
            0.00011589848659479704,
            0.0001853898414318645,
            0.00048225180128178463,
            0.005589509241014694,
            0.0006105766843010182,
            0.002575449248618914,
            0.0009129470477339787,
            0.005150187315704334,
            0.0010776894635956215,
            0.002923744045378234
        ],
        "Li4NbCr(WO6)2"
    ],
    "steinhart_parameter_sum": 0.026998062491547223,
    "band_gap": 1.9210999999999991,
    "oxidation_state": 3.0,
    "possible_species": [
        "O2-",
        "Cr3+",
        "Nb5+",
        "W6+",
        "Li+"
    ],
    "density": 5.696544585086269,
    "quadrupole moment": [
        [
            -16.24658290139786,
            0.15970379421474723,
            -0.05239225272585152
        ],
        [
            0.15970379421474723,
            -16.825057939217128,
            0.13926798100748528
        ],
        [
            -0.05239225272585152,
            0.13926798100748528,
            -16.372932968895373
        ]
    ],
    "quadrupole moment normalized": [
        [
            -0.1221000242602728,
            -0.0012051999001023612,
            -0.0007252437345363395
        ],
        [
            -0.0012051999001023612,
            -0.11905175710000765,
            0.0016764623912121045
        ],
        [
            -0.0007252437345363395,
            0.0016764623912121045,
            -0.12308544739588319
        ]
    ]
}