{
    "MP-ID": "mp-754091",
    "Material": "Li2CrO3",
    "steinhart_vector": [
        [
            0.009300951976537056,
            0.000285057888965805,
            0.0005160053884821045,
            0.0010274533030533316,
            0.006970966245433794,
            0.00106447244328147,
            0.003265623808412469,
            0.0018477889648110004,
            0.006240224452084029,
            0.0018176281221580605,
            0.0036351111746246896
        ],
        "Li2CrO3"
    ],
    "steinhart_parameter_sum": 0.03597128376784381,
    "band_gap": 1.265299999999999,
    "oxidation_state": 4.0,
    "possible_species": [
        "O2-",
        "Li+",
        "Cr4+"
    ],
    "density": 3.797134681357774,
    "quadrupole moment": [
        [
            -15.691864253223645,
            -0.3245231416125245,
            5.287616035953846e-05
        ],
        [
            -0.3245231416125245,
            -13.700136361931898,
            2.155406089565659e-05
        ],
        [
            5.287616035953846e-05,
            2.155406089565659e-05,
            -14.75092521375492
        ]
    ],
    "quadrupole moment normalized": [
        [
            -0.14010144652446416,
            0.00585258422853183,
            7.053828713090259e-07
        ],
        [
            0.00585258422853183,
            -0.1273758322928389,
            4.5327886679128945e-08
        ],
        [
            7.053828713090259e-07,
            4.5327886679128945e-08,
            -0.14121338026017957
        ]
    ]
}