{
    "MP-ID": "mp-756669",
    "Material": "Li4Ti3CrO8",
    "steinhart_vector": [
        [
            0.00714320722506788,
            8.169834114634074e-19,
            0.00012016078855081072,
            1.9780650511183315e-18,
            0.005452406584616052,
            2.428964660242441e-18,
            0.002537969958483559,
            2.7231194256660898e-18,
            0.005120094797618102,
            3.3388320746876565e-18,
            0.0029609255781809785
        ],
        "Li4Ti3CrO8"
    ],
    "steinhart_parameter_sum": 0.023334764932517394,
    "band_gap": 0.0,
    "oxidation_state": 3.0,
    "possible_species": [
        "Ti3+",
        "O2-",
        "Cr3+",
        "Li+"
    ],
    "density": 3.940942064158822,
    "quadrupole moment": [
        [
            -16.83403259303111,
            0.12597491715957543,
            0.3222396622362593
        ],
        [
            0.12597491715957543,
            -16.926211314386947,
            0.22523413799843262
        ],
        [
            0.3222396622362593,
            0.22523413799843262,
            -16.438127550719468
        ]
    ],
    "quadrupole moment normalized": [
        [
            -0.12024899540233219,
            0.0008998478806939089,
            0.002301824311594383
        ],
        [
            0.0008998478806939089,
            -0.12090743462918285,
            0.001608893861940807
        ],
        [
            0.002301824311594383,
            0.001608893861940807,
            -0.11742093965489062
        ]
    ]
}