{
    "MP-ID": "mp-766000",
    "Material": "LiVCr(P2O7)2",
    "steinhart_vector": [
        [
            0.007594152742199945,
            0.00011028417959741085,
            0.00023983596062883964,
            0.0009441154581242844,
            0.005630786733285536,
            0.001134054591610942,
            0.002573802391909062,
            0.0017763826891449008,
            0.004917428296447988,
            0.0019095019190845796,
            0.002789753317708902
        ],
        "LiVCr(P2O7)2"
    ],
    "steinhart_parameter_sum": 0.02962009827974239,
    "band_gap": 1.523199999999999,
    "oxidation_state": 3.0,
    "possible_species": [
        "O2-",
        "V4+",
        "Cr3+",
        "Li+",
        "P5+"
    ],
    "density": 2.883906366387683,
    "quadrupole moment": [
        [
            -16.758171862549734,
            0.20952455182957386,
            0.050466826210761706
        ],
        [
            0.20952455182957386,
            -15.695138720530156,
            0.5376989483173751
        ],
        [
            0.050466826210761706,
            0.5376989483173751,
            -16.27872443228312
        ]
    ],
    "quadrupole moment normalized": [
        [
            -0.12374585548499081,
            0.000918277345032574,
            -0.0006764300003304219
        ],
        [
            0.000918277345032574,
            -0.1223819225034856,
            0.005727484227578093
        ],
        [
            -0.0006764300003304219,
            0.005727484227578093,
            -0.12347714582531688
        ]
    ]
}