{
    "MP-ID": "mp-720216",
    "Material": "Ca3Y9Al18CrSiO48",
    "steinhart_vector": [
        [
            0.00947502728574499,
            0.00020903888658106587,
            0.00022491190949600187,
            0.0008103316232917296,
            0.007185940675275343,
            0.0005932717433934191,
            0.003340782673438259,
            0.0012598229425586738,
            0.006638297371737443,
            0.001084359161504269,
            0.003831336949428386
        ],
        "Ca3Y9Al18CrSiO48"
    ],
    "steinhart_parameter_sum": 0.03465312122244958,
    "band_gap": 0.5981999999999991,
    "oxidation_state": 5.0,
    "possible_species": [
        "O2-",
        "Cr5+",
        "Ca2+",
        "Y3+",
        "Si4+",
        "Al3+"
    ],
    "density": 4.187273465654298,
    "quadrupole moment": [
        [
            -14.51912157785026,
            -0.45678822780121164,
            -0.16058214491474132
        ],
        [
            -0.45678822780121164,
            -14.840516711666188,
            -0.31373951158103064
        ],
        [
            -0.16058214491474132,
            -0.31373951158103064,
            -14.3253214376828
        ]
    ],
    "quadrupole moment normalized": [
        [
            -0.136850008689859,
            -0.003779246637356355,
            -0.0008140669278468987
        ],
        [
            -0.003779246637356355,
            -0.14074295005266105,
            -0.0029830254497907743
        ],
        [
            -0.0008140669278468987,
            -0.0029830254497907743,
            -0.13507220258144653
        ]
    ]
}