{
    "MP-ID": "mp-754913",
    "Material": "Li2CrO2",
    "steinhart_vector": [
        [
            0.007158682101760613,
            0.00010674230808024095,
            0.003587247782492883,
            0.00017193679119109506,
            0.005916341685996719,
            0.00029042263717220414,
            0.004221707794519969,
            0.00037004599164048956,
            0.005655446095023748,
            0.0004867195684004978,
            0.004436142432306935
        ],
        "Li2CrO2"
    ],
    "steinhart_parameter_sum": 0.0324014351885854,
    "band_gap": 1.585,
    "oxidation_state": 2.0,
    "possible_species": [
        "Cr2+",
        "Li+",
        "O2-"
    ],
    "density": 3.102766073432044,
    "quadrupole moment": [
        [
            -12.858902317712294,
            -1.3697425196021795,
            -6.3641597233549705
        ],
        [
            -1.3697425196021795,
            -17.01834452506316,
            1.907501326877766
        ],
        [
            -6.3641597233549705,
            1.907501326877766,
            -3.553934043201603
        ]
    ],
    "quadrupole moment normalized": [
        [
            -0.09202000702571457,
            -0.009815378314336945,
            -0.04556656988990626
        ],
        [
            -0.009815378314336945,
            -0.12182597293354597,
            0.013657465604971393
        ],
        [
            -0.04556656988990626,
            0.013657465604971393,
            -0.025460124975847393
        ]
    ]
}