{
    "MP-ID": "mp-7443",
    "Material": "Nb2CrSe4",
    "steinhart_vector": [
        [
            0.000642384944596964,
            1.6527227500744232e-20,
            3.6638636264904625e-05,
            1.0059369778700747e-19,
            0.00048805676906593214,
            1.0539195818546941e-19,
            0.00023742936517067483,
            1.740212709171377e-19,
            0.0004541171575185722,
            2.631359727891419e-19,
            0.0002811769934593025
        ],
        "Nb2CrSe4"
    ],
    "steinhart_parameter_sum": 0.002139803866076351,
    "band_gap": 0.0,
    "oxidation_state": 2.0,
    "possible_species": [
        "Nb3+",
        "Se2-",
        "Cr2+"
    ],
    "density": 6.587088526695788,
    "quadrupole moment": [
        [
            -25.292479001217743,
            0.16337772465061673,
            -1.158345804524597
        ],
        [
            0.16337772465061673,
            -26.457147372776724,
            0.6339323260612012
        ],
        [
            -1.158345804524597,
            0.6339323260612012,
            -29.488520192847915
        ]
    ],
    "quadrupole moment normalized": [
        [
            -0.015825102676708773,
            8.416834277304213e-05,
            -0.0007257060599569036
        ],
        [
            8.416834277304213e-05,
            -0.017872477284061675,
            0.00032658695623728225
        ],
        [
            -0.0007257060599569036,
            0.00032658695623728225,
            -0.018453931249292697
        ]
    ]
}