{
    "MP-ID": "mp-759552",
    "Material": "Li2CrP4(H4O5)4",
    "steinhart_vector": [
        [
            0.005637236847522578,
            6.553422252420923e-19,
            0.0008841171758192121,
            1.4864291269876863e-18,
            0.004320743838767775,
            2.7669286098024868e-18,
            0.0022108316867254364,
            2.854075338356023e-18,
            0.004037308998045836,
            4.800352878496685e-18,
            0.002561732980473927
        ],
        "Li2CrP4(H4O5)4"
    ],
    "steinhart_parameter_sum": 0.019651971527354775,
    "band_gap": 2.711999999999999,
    "oxidation_state": 2.0,
    "possible_species": [
        "Cr2+",
        "O2-",
        "H+",
        "Li+",
        "P5+"
    ],
    "density": 2.093670478573477,
    "quadrupole moment": [
        [
            -18.90680914206721,
            0.46862845293798694,
            2.7861197417693484
        ],
        [
            0.46862845293798694,
            -18.804163505433884,
            -1.3940264409440668
        ],
        [
            2.7861197417693484,
            -1.3940264409440668,
            -19.928342411310606
        ]
    ],
    "quadrupole moment normalized": [
        [
            -0.09699989522681993,
            -0.01198817340612453,
            -0.005050844419813322
        ],
        [
            -0.01198817340612453,
            -0.11197308421729697,
            0.007030555317701203
        ],
        [
            -0.005050844419813322,
            0.007030555317701203,
            -0.1076010084901525
        ]
    ]
}