{
    "MP-ID": "mp-753686",
    "Material": "Li2VCrP2(O4F)2",
    "steinhart_vector": [
        [
            0.007661734334799339,
            5.926167608765023e-07,
            0.0003231143717713517,
            2.5217435838425913e-06,
            0.0058420165289258036,
            1.7822653343844254e-06,
            0.002759840564529499,
            3.7311512956997098e-06,
            0.005471953720823099,
            3.425651108448389e-06,
            0.0032337110702477453
        ],
        "Li2VCrP2(O4F)2"
    ],
    "steinhart_parameter_sum": 0.025304424019180087,
    "band_gap": 2.0941,
    "oxidation_state": 3.0,
    "possible_species": [
        "F-",
        "O2-",
        "Cr3+",
        "V3+",
        "Li+",
        "P5+"
    ],
    "density": 3.165648924022238,
    "quadrupole moment": [
        [
            -15.91234844557676,
            0.5232908717121347,
            -1.5423461664667872
        ],
        [
            0.5232908717121347,
            -15.188994748549224,
            -1.8463243408466046
        ],
        [
            -1.5423461664667872,
            -1.8463243408466046,
            -8.609798723019319
        ]
    ],
    "quadrupole moment normalized": [
        [
            -0.1250571440202077,
            0.002891290263166292,
            -0.013894402160817231
        ],
        [
            0.002891290263166292,
            -0.11883147538754629,
            -0.016279367288863235
        ],
        [
            -0.013894402160817231,
            -0.016279367288863235,
            -0.06382373474671511
        ]
    ]
}