{
    "MP-ID": "mp-769616",
    "Material": "Na2CrPCO7",
    "steinhart_vector": [
        [
            0.007301521753568133,
            0.0008280148524845632,
            0.0005225848103503066,
            0.001496600182210465,
            0.004935782582972901,
            0.0020436100376111333,
            0.0024306719262685754,
            0.0025388485323807114,
            0.0040399999300217045,
            0.0024112167703054374,
            0.0027692252108930345
        ],
        "Na2CrPCO7"
    ],
    "steinhart_parameter_sum": 0.03131807658906697,
    "band_gap": 1.6749,
    "oxidation_state": 3.0,
    "possible_species": [
        "Na+",
        "O2-",
        "Cr3+",
        "C4+",
        "P5+"
    ],
    "density": 2.7205729514153303,
    "quadrupole moment": [
        [
            -14.536975089217394,
            0.03005858302033193,
            -0.08495242773129741
        ],
        [
            0.03005858302033193,
            -17.18449721660043,
            1.145899186759423
        ],
        [
            -0.08495242773129741,
            1.145899186759423,
            -17.930941105426136
        ]
    ],
    "quadrupole moment normalized": [
        [
            -0.10588134939507515,
            0.0001813497612454945,
            -0.0006103123601943275
        ],
        [
            0.0001813497612454945,
            -0.1258934165065903,
            0.007409868570693985
        ],
        [
            -0.0006103123601943275,
            0.007409868570693985,
            -0.1307513883764748
        ]
    ]
}