{
    "MP-ID": "mp-758640",
    "Material": "Li2Cr(Si2O5)2",
    "steinhart_vector": [
        [
            0.005989889291097794,
            0.0006752727040914318,
            0.0020608851107651893,
            0.0007597965237832578,
            0.004641580131519092,
            0.0007246752718055372,
            0.0030405324892473825,
            0.0009389013822274045,
            0.004223180387324445,
            0.0008282212149877661,
            0.0034147929863141678
        ],
        "Li2Cr(Si2O5)2"
    ],
    "steinhart_parameter_sum": 0.02729772749316347,
    "band_gap": 2.7634,
    "oxidation_state": 2.0,
    "possible_species": [
        "Si4+",
        "Cr2+",
        "Li+",
        "O2-"
    ],
    "density": 2.6420871712431993,
    "quadrupole moment": [
        [
            -19.044168661697842,
            -0.8063320658966842,
            1.5184947418529418
        ],
        [
            -0.8063320658966842,
            -13.066203235342417,
            -1.6564583428341981
        ],
        [
            1.5184947418529418,
            -1.6564583428341981,
            -14.74267779837657
        ]
    ],
    "quadrupole moment normalized": [
        [
            -0.12666196637667612,
            -0.004610014202196803,
            0.009316250519883437
        ],
        [
            -0.004610014202196803,
            -0.05179341636168838,
            -0.023201586581007714
        ],
        [
            0.009316250519883437,
            -0.023201586581007714,
            -0.09318865149820055
        ]
    ]
}