{
    "MP-ID": "mp-775994",
    "Material": "Ti3CrCu2(PO4)6",
    "steinhart_vector": [
        [
            0.00810692482984482,
            0.00025392571956715825,
            0.00010893441570924544,
            0.0012658391371178428,
            0.0059218166595290085,
            0.0015017612723857846,
            0.0026384908327312636,
            0.0023699897156249424,
            0.004947539948152736,
            0.0024864842245425844,
            0.00272635280496845
        ],
        "Ti3CrCu2(PO4)6"
    ],
    "steinhart_parameter_sum": 0.03232805956017383,
    "band_gap": 1.5183,
    "oxidation_state": 3.0,
    "possible_species": [
        "O2-",
        "Cr3+",
        "Cu2+",
        "Cu+",
        "P5+",
        "Ti4+"
    ],
    "density": 3.277498561612761,
    "quadrupole moment": [
        [
            -15.597106470307779,
            -0.1938517031783944,
            -0.47450756244491066
        ],
        [
            -0.1938517031783944,
            -15.46011073504233,
            -0.33559295787454646
        ],
        [
            -0.47450756244491066,
            -0.33559295787454646,
            -16.144463427931765
        ]
    ],
    "quadrupole moment normalized": [
        [
            -0.1265124262307529,
            -0.0010601067672937683,
            -0.002594917183526387
        ],
        [
            -0.0010601067672937683,
            -0.1257632492529513,
            -0.0018352380630529373
        ],
        [
            -0.002594917183526387,
            -0.0018352380630529373,
            -0.12950571571062106
        ]
    ]
}