{
    "MP-ID": "mp-757314",
    "Material": "LiCrPO4",
    "steinhart_vector": [
        [
            0.006104995683740311,
            0.0012458552868070847,
            0.0018953406504658376,
            0.003497761302643521,
            0.0036404733105327033,
            0.0029682779785882778,
            0.0023301441421206795,
            0.003563970708118339,
            0.0030335129973066534,
            0.0031650530639182614,
            0.003182348878969455
        ],
        "LiCrPO4"
    ],
    "steinhart_parameter_sum": 0.03462773400321112,
    "band_gap": 2.026399999999999,
    "oxidation_state": 2.0,
    "possible_species": [
        "Cr2+",
        "P5+",
        "Li+",
        "O2-"
    ],
    "density": 3.3487717873582312,
    "quadrupole moment": [
        [
            -13.835429401530558,
            -2.7126213704873354,
            -6.798118720642091e-05
        ],
        [
            -2.7126213704873354,
            -7.211804898644812,
            0.0001545583561277635
        ],
        [
            -6.798118720642091e-05,
            0.0001545583561277635,
            -15.645831124472256
        ]
    ],
    "quadrupole moment normalized": [
        [
            -0.06657591475820036,
            -0.01799071569460896,
            -4.938733719308976e-08
        ],
        [
            -0.01799071569460896,
            -0.04640656105011255,
            9.667968795239562e-07
        ],
        [
            -4.938733719308976e-08,
            9.667968795239562e-07,
            -0.10709391739094672
        ]
    ]
}