{
    "MP-ID": "mp-771880",
    "Material": "Mn3Cr(PO4)6",
    "steinhart_vector": [
        [
            0.009863037998139795,
            0.00018047159012338473,
            2.9293862870683293e-05,
            0.0003069389237169337,
            0.00751091887874677,
            0.0005523652965219101,
            0.0034664024950693748,
            0.0007092682821253658,
            0.007007859659242518,
            0.0009282665560424026,
            0.003994550551959373
        ],
        "Mn3Cr(PO4)6"
    ],
    "steinhart_parameter_sum": 0.03454937409455851,
    "band_gap": 0.0,
    "oxidation_state": 6.0,
    "possible_species": [
        "Cr6+",
        "O2-",
        "P5+",
        "Mn4+"
    ],
    "density": 2.9666424019692372,
    "quadrupole moment": [
        [
            -14.223946193472415,
            -0.019515212750440325,
            -0.050339927830706954
        ],
        [
            -0.019515212750440325,
            -14.209574296154965,
            -0.03510791382327241
        ],
        [
            -0.050339927830706954,
            -0.03510791382327241,
            -14.286538625512783
        ]
    ],
    "quadrupole moment normalized": [
        [
            -0.14029511064280703,
            -0.00018733873593307707,
            -0.00048327499652871947
        ],
        [
            -0.00018733873593307707,
            -0.14015717717790147,
            -0.00033705772590125944
        ],
        [
            -0.00048327499652871947,
            -0.00033705772590125944,
            -0.14089605532623492
        ]
    ]
}