{
    "MP-ID": "mp-769632",
    "Material": "Mn7CrO16",
    "steinhart_vector": [
        [
            0.008627565751437529,
            1.5462846905465185e-18,
            0.0011776820275538106,
            2.2770735427555514e-18,
            0.006327290156050244,
            2.471704108874911e-18,
            0.003876951213369546,
            2.7089318957691888e-18,
            0.00549500107016606,
            6.1752569064008116e-18,
            0.004815645479899791
        ],
        "Mn7CrO16"
    ],
    "steinhart_parameter_sum": 0.030320135698476997,
    "band_gap": 0.9978,
    "oxidation_state": 5.0,
    "possible_species": [
        "Cr5+",
        "O2-",
        "Mn4+",
        "Mn3+"
    ],
    "density": 4.114499835582651,
    "quadrupole moment": [
        [
            -13.1566000015079,
            -4.440892098500626e-15,
            -1.2212453270876722e-15
        ],
        [
            -4.440892098500626e-15,
            -17.205500642321958,
            -2.9738346680553764
        ],
        [
            -1.2212453270876722e-15,
            -2.9738346680553764,
            -15.315336730751405
        ]
    ],
    "quadrupole moment normalized": [
        [
            -0.11412481058376808,
            1.3877787807814457e-17,
            -5.637851296924623e-18
        ],
        [
            1.3877787807814457e-17,
            -0.14922756650023933,
            -0.02559607031314572
        ],
        [
            -5.637851296924623e-18,
            -0.02559607031314572,
            -0.13072108699644341
        ]
    ]
}