{
    "MP-ID": "mp-772175",
    "Material": "CrP4O11",
    "steinhart_vector": [
        [
            0.005688181317027108,
            0.00023099018189601595,
            0.000439748189344684,
            0.0008588689584465475,
            0.00413389040292629,
            0.0011436817157885531,
            0.001948648358427446,
            0.0015451521469594441,
            0.003472090444438022,
            0.00169751666030544,
            0.0022432562132029357
        ],
        "CrP4O11"
    ],
    "steinhart_parameter_sum": 0.023402024588762484,
    "band_gap": 2.4494,
    "oxidation_state": 2.0,
    "possible_species": [
        "Cr2+",
        "P5+",
        "O2-"
    ],
    "density": 2.563255394076546,
    "quadrupole moment": [
        [
            -18.39463804987518,
            -0.09518766553996771,
            0.5136731606381368
        ],
        [
            -0.09518766553996771,
            -18.938158886297263,
            -1.308839121090391
        ],
        [
            0.5136731606381368,
            -1.308839121090391,
            -19.170496953378393
        ]
    ],
    "quadrupole moment normalized": [
        [
            -0.10477523378735874,
            -0.007037571526727031,
            0.0007078896066777998
        ],
        [
            -0.007037571526727031,
            -0.10893392466150667,
            0.0039393765051525705
        ],
        [
            0.0007078896066777998,
            0.0039393765051525705,
            -0.10580567266279145
        ]
    ]
}