{
    "MP-ID": "mp-752903",
    "Material": "VCrO4",
    "steinhart_vector": [
        [
            0.007318079966721051,
            2.187635406648946e-06,
            0.0007205924757425141,
            6.245192340977943e-06,
            0.005475889356899745,
            8.367491431455642e-06,
            0.0029721340285601226,
            1.3308973996779579e-05,
            0.004954534831697505,
            1.4322063604728588e-05,
            0.003615619377599902
        ],
        "VCrO4"
    ],
    "steinhart_parameter_sum": 0.025101281394001432,
    "band_gap": 1.8334000000000001,
    "oxidation_state": 3.0,
    "possible_species": [
        "V5+",
        "Cr3+",
        "O2-"
    ],
    "density": 3.928312958846183,
    "quadrupole moment": [
        [
            -15.322664924241746,
            0.8860181691946298,
            1.9293001484698467
        ],
        [
            0.8860181691946298,
            -16.78034749406855,
            -1.5160912561662074
        ],
        [
            1.9293001484698467,
            -1.5160912561662074,
            -17.496404964417287
        ]
    ],
    "quadrupole moment normalized": [
        [
            -0.11160990078407443,
            0.00550680944650804,
            0.015175844220305044
        ],
        [
            0.00550680944650804,
            -0.12261001553336937,
            -0.009423521409352459
        ],
        [
            0.015175844220305044,
            -0.009423521409352459,
            -0.12870920331084068
        ]
    ]
}