{
    "MP-ID": "mp-775207",
    "Material": "Li4CrP6(H4O11)2",
    "steinhart_vector": [
        [
            0.005646097183727695,
            7.15458144598993e-19,
            0.0008425327049645321,
            9.244718612224692e-19,
            0.004278905684354422,
            1.3716279166921784e-18,
            0.0022993947959957465,
            1.2440292925125836e-18,
            0.003927670894631975,
            1.6531655719571114e-18,
            0.0027379335363430504
        ],
        "Li4CrP6(H4O11)2"
    ],
    "steinhart_parameter_sum": 0.019732534800017427,
    "band_gap": 2.8295,
    "oxidation_state": 2.0,
    "possible_species": [
        "Cr2+",
        "O2-",
        "H+",
        "Li+",
        "P5+"
    ],
    "density": 2.372871680695328,
    "quadrupole moment": [
        [
            -17.70022751818187,
            -2.265318987813246,
            0.7461241787754282
        ],
        [
            -2.265318987813246,
            -20.80318553163346,
            2.1362954129471627
        ],
        [
            0.7461241787754282,
            2.1362954129471627,
            -18.6624464548497
        ]
    ],
    "quadrupole moment normalized": [
        [
            -0.09007860734270402,
            0.008868080973943804,
            0.0038751286120188074
        ],
        [
            0.008868080973943804,
            -0.12100790167792744,
            0.005652674174445439
        ],
        [
            0.0038751286120188074,
            0.005652674174445439,
            -0.1064137426791085
        ]
    ]
}