{
    "MP-ID": "mp-778018",
    "Material": "LiCrB3(HO3)3",
    "steinhart_vector": [
        [
            0.014013695765293897,
            0.0008150467064568485,
            0.0012074253956598023,
            0.010438383382609263,
            0.007139835303308145,
            0.0015805181193773942,
            0.008799297103870493,
            0.00849561239098106,
            0.003521639554764196,
            0.007328575060462386,
            0.008918785169562194
        ],
        "LiCrB3(HO3)3"
    ],
    "steinhart_parameter_sum": 0.07225881395234568,
    "band_gap": 1.4087,
    "oxidation_state": 5.0,
    "possible_species": [
        "O2-",
        "H+",
        "B3+",
        "Cr5+",
        "Li+"
    ],
    "density": 2.082347481103646,
    "quadrupole moment": [
        [
            -7.8165221359530275,
            0.17930378418935766,
            0.11630110471226152
        ],
        [
            0.17930378418935766,
            -7.939447889229063,
            0.24934732074855637
        ],
        [
            0.11630110471226152,
            0.24934732074855637,
            -8.244473489633304
        ]
    ],
    "quadrupole moment normalized": [
        [
            -0.10205724594465206,
            0.0015647012654170494,
            0.0015847469601929752
        ],
        [
            0.0015647012654170494,
            -0.12169266633957976,
            -0.00331941225282454
        ],
        [
            0.0015847469601929752,
            -0.00331941225282454,
            -0.11055691660883857
        ]
    ]
}