{
    "MP-ID": "mp-768576",
    "Material": "Li3CrBPO7",
    "steinhart_vector": [
        [
            0.007624893290180629,
            0.0005465619826732689,
            0.0006411146201681549,
            0.0011395971818931613,
            0.005453017278458852,
            0.0015385619424966564,
            0.0026451745864705433,
            0.0023896890620770804,
            0.004458290443582218,
            0.0023449670107923504,
            0.0026217332289272606
        ],
        "Li3CrBPO7"
    ],
    "steinhart_parameter_sum": 0.03140360062772018,
    "band_gap": 3.318,
    "oxidation_state": 3.0,
    "possible_species": [
        "O2-",
        "Cr3+",
        "B3+",
        "Li+",
        "P5+"
    ],
    "density": 2.79261902103736,
    "quadrupole moment": [
        [
            -18.493887096701442,
            -0.0010327688561727164,
            -0.8075362072842531
        ],
        [
            -0.0010327688561727164,
            -15.941085091339383,
            -0.0008788265277946462
        ],
        [
            -0.8075362072842531,
            -0.0008788265277946462,
            -14.192471949695069
        ]
    ],
    "quadrupole moment normalized": [
        [
            -0.13799323626522006,
            -7.747261884964346e-06,
            -0.010146239052105998
        ],
        [
            -7.747261884964346e-06,
            -0.12291079426983356,
            -6.523530404130761e-06
        ],
        [
            -0.010146239052105998,
            -6.523530404130761e-06,
            -0.10946232178470237
        ]
    ]
}