{
    "MP-ID": "mp-755270",
    "Material": "LiCrP2HO7",
    "steinhart_vector": [
        [
            0.00541975920792637,
            0.00017524951820575092,
            0.0013479574847574387,
            0.0005288706258983932,
            0.004076445826903281,
            0.0007542705471099908,
            0.0023645272305069295,
            0.0010193211394600664,
            0.0035866078784344588,
            0.0012706243893282818,
            0.0025556191377049844
        ],
        "LiCrP2HO7"
    ],
    "steinhart_parameter_sum": 0.023099252986235948,
    "band_gap": 3.1235,
    "oxidation_state": 2.0,
    "possible_species": [
        "Cr2+",
        "O2-",
        "H+",
        "Li+",
        "P5+"
    ],
    "density": 2.80539997459992,
    "quadrupole moment": [
        [
            -24.044082893485268,
            1.2182943839873777,
            -5.480136606241839
        ],
        [
            1.2182943839873777,
            -17.077928693141534,
            0.6775322359985152
        ],
        [
            -5.480136606241839,
            0.6775322359985152,
            -19.85560672897963
        ]
    ],
    "quadrupole moment normalized": [
        [
            -0.07104805109263657,
            -0.0010718288386131118,
            -0.010065232620331254
        ],
        [
            -0.0010718288386131118,
            -0.11605217637567374,
            -0.0017413254764822158
        ],
        [
            -0.010065232620331254,
            -0.0017413254764822158,
            -0.1200944823070942
        ]
    ]
}