{
    "MP-ID": "mp-752610",
    "Material": "Li2CrFeO4",
    "steinhart_vector": [
        [
            0.007223100753527587,
            4.906362827891847e-19,
            0.0004336992835579385,
            1.788942334928494e-18,
            0.0054741490934068215,
            2.2830394344106747e-18,
            0.002708376746409395,
            3.0401959517306e-18,
            0.005068791111591007,
            4.435671524667356e-18,
            0.0032364627025814495
        ],
        "Li2CrFeO4"
    ],
    "steinhart_parameter_sum": 0.024144579691074215,
    "band_gap": 1.643199999999998,
    "oxidation_state": 3.0,
    "possible_species": [
        "Fe3+",
        "O2-",
        "Cr3+",
        "Li+"
    ],
    "density": 4.145131795997775,
    "quadrupole moment": [
        [
            -16.41414819257613,
            0.40266165155018796,
            -1.1688187102452372
        ],
        [
            0.40266165155018796,
            -15.907838534104215,
            0.844004601402824
        ],
        [
            -1.1688187102452372,
            0.844004601402824,
            -17.598036846385178
        ]
    ],
    "quadrupole moment normalized": [
        [
            -0.11863256268495165,
            0.00299406403757173,
            -0.00855596421776567
        ],
        [
            0.00299406403757173,
            -0.11489958938038988,
            0.005943163303709632
        ],
        [
            -0.00855596421776567,
            0.005943163303709632,
            -0.12704480313689046
        ]
    ]
}