{
    "MP-ID": "mp-775130",
    "Material": "Li2CrO3",
    "steinhart_vector": [
        [
            0.008572240381859969,
            0.0004638857986545205,
            0.0006277283663410076,
            0.0016957239972156565,
            0.006336834899169897,
            0.0011105809537048244,
            0.003056321499984473,
            0.002461368672924831,
            0.00547762822063229,
            0.0019849582397647677,
            0.0033923668056237643
        ],
        "Li2CrO3"
    ],
    "steinhart_parameter_sum": 0.03517963783587601,
    "band_gap": 0.5179,
    "oxidation_state": 4.0,
    "possible_species": [
        "O2-",
        "Li+",
        "Cr4+"
    ],
    "density": 3.5573328250525122,
    "quadrupole moment": [
        [
            -15.941519167863968,
            -0.5996333969756522,
            -0.06912851616237603
        ],
        [
            -0.5996333969756522,
            -16.492330423417616,
            0.5639117980728217
        ],
        [
            -0.06912851616237603,
            0.5639117980728217,
            -14.005490233843808
        ]
    ],
    "quadrupole moment normalized": [
        [
            -0.13457299250496307,
            -0.0032972031784106997,
            -0.0071154728390319735
        ],
        [
            -0.0032972031784106997,
            -0.13514258723642497,
            0.006982487108740483
        ],
        [
            -0.0071154728390319735,
            0.006982487108740483,
            -0.12125785044827778
        ]
    ]
}