{
    "MP-ID": "mp-757267",
    "Material": "Li6CrNiP2(CO7)2",
    "steinhart_vector": [
        [
            0.005812607951770832,
            0.0005226587451530804,
            0.0009434457269139267,
            0.0014027918650495288,
            0.0039019806167105726,
            0.0017793663080884151,
            0.0017579970521176705,
            0.0022785327083994847,
            0.003165569258050848,
            0.002433541461232132,
            0.0015286300804203499
        ],
        "Li6CrNiP2(CO7)2"
    ],
    "steinhart_parameter_sum": 0.02552712177390684,
    "band_gap": 1.860899999999999,
    "oxidation_state": 2.0,
    "possible_species": [
        "Cr2+",
        "O2-",
        "Ni2+",
        "C4+",
        "Li+",
        "P5+"
    ],
    "density": 2.809291858407313,
    "quadrupole moment": [
        [
            -16.373783697775103,
            -2.349120616860926e-15,
            -1.943632323454073e-15
        ],
        [
            -2.349120616860926e-15,
            -14.73999106801821,
            -0.21105106597397238
        ],
        [
            -1.943632323454073e-15,
            -0.21105106597397238,
            -25.56870784487185
        ]
    ],
    "quadrupole moment normalized": [
        [
            -0.11810432188567598,
            -1.2944024867618244e-17,
            -1.5884649532128603e-17
        ],
        [
            -1.2944024867618244e-17,
            -0.08144470005820305,
            -0.011478686407089572
        ],
        [
            -1.5884649532128603e-17,
            -0.011478686407089572,
            -0.12204108724396817
        ]
    ]
}