{
    "MP-ID": "mp-705361",
    "Material": "LiCrP2O7",
    "steinhart_vector": [
        [
            0.00801845020762033,
            0.0009490805242066085,
            0.0017706369834083972,
            0.002963927767788274,
            0.005111700624094599,
            0.0036397292667232936,
            0.002421717087310293,
            0.002537007496781387,
            0.0052576056816813176,
            0.0026057602497310374,
            0.0036014921267957006
        ],
        "LiCrP2O7"
    ],
    "steinhart_parameter_sum": 0.038877108016141235,
    "band_gap": 1.9474,
    "oxidation_state": 3.0,
    "possible_species": [
        "O2-",
        "Cr3+",
        "P5+",
        "Li+"
    ],
    "density": 2.8133535636449993,
    "quadrupole moment": [
        [
            -15.76322033381977,
            -1.914885775399116,
            2.7566154629846418
        ],
        [
            -1.914885775399116,
            -11.278589361166858,
            -3.259697280731304
        ],
        [
            2.7566154629846418,
            -3.259697280731304,
            -12.48068160162117
        ]
    ],
    "quadrupole moment normalized": [
        [
            -0.12480358207311816,
            -0.017906891171776657,
            0.022440944317027214
        ],
        [
            -0.017906891171776657,
            -0.09305854800103787,
            -0.023406150196246023
        ],
        [
            0.022440944317027214,
            -0.023406150196246023,
            -0.09862474509866245
        ]
    ]
}