{
    "MP-ID": "mp-770887",
    "Material": "BeCrO4",
    "steinhart_vector": [
        [
            0.017152701645533824,
            5.7663541486690996e-05,
            0.00015119451697496005,
            0.012784054262971835,
            0.008733263449078522,
            0.00025449807887325583,
            0.0107796821569773,
            0.01049380829830171,
            0.0036646814921730084,
            0.008884246765184307,
            0.011145434830761173
        ],
        "BeCrO4"
    ],
    "steinhart_parameter_sum": 0.08410122903831657,
    "band_gap": 2.4705,
    "oxidation_state": 6.0,
    "possible_species": [
        "Cr6+",
        "O2-",
        "Be2+"
    ],
    "density": 2.580913183956837,
    "quadrupole moment": [
        [
            -7.145044759288453,
            0.0350422731494795,
            0.0012218911087595596
        ],
        [
            0.0350422731494795,
            -7.250570839673495,
            -0.020858200615553546
        ],
        [
            0.0012218911087595596,
            -0.020858200615553546,
            -7.201120617296096
        ]
    ],
    "quadrupole moment normalized": [
        [
            -0.12221434644616416,
            0.0005740486311532692,
            0.0008550510824108682
        ],
        [
            0.0005740486311532692,
            -0.12443688019167101,
            -5.9971996468092745e-05
        ],
        [
            0.0008550510824108682,
            -5.9971996468092745e-05,
            -0.12378045939611579
        ]
    ]
}