{
    "MP-ID": "mp-775202",
    "Material": "CrSb3(PO4)6",
    "steinhart_vector": [
        [
            0.008191428950658289,
            0.00026198575687140085,
            9.207223856841933e-05,
            0.0002451206364971817,
            0.006226639165336043,
            0.0006119691458493867,
            0.0028754600207676257,
            0.0006975956617153011,
            0.005783097966084838,
            0.0009743946080742089,
            0.0032998303442622265
        ],
        "CrSb3(PO4)6"
    ],
    "steinhart_parameter_sum": 0.029259594494684925,
    "band_gap": 1.3604,
    "oxidation_state": 3.0,
    "possible_species": [
        "Sb5+",
        "O2-",
        "Cr3+",
        "P5+"
    ],
    "density": 3.456810652287468,
    "quadrupole moment": [
        [
            -15.566959466780423,
            -0.07172736066501151,
            -0.18559755869462613
        ],
        [
            -0.07172736066501151,
            -15.51401727234553,
            -0.12933826100735302
        ],
        [
            -0.18559755869462613,
            -0.12933826100735302,
            -15.7987024437836
        ]
    ],
    "quadrupole moment normalized": [
        [
            -0.12747833319688964,
            -0.0006191069979229226,
            -0.0016019707956428757
        ],
        [
            -0.0006191069979229226,
            -0.12702136691156599,
            -0.0011163704008186805
        ],
        [
            -0.0016019707956428757,
            -0.0011163704008186805,
            -0.12947860113662918
        ]
    ]
}