{
    "MP-ID": "mp-769634",
    "Material": "Na3CrPCO7",
    "steinhart_vector": [
        [
            0.005888378242704279,
            0.0006529826873665871,
            0.0017432294456018866,
            0.0013753995547631727,
            0.004411368778890695,
            0.0012798042758740084,
            0.0025245642295733577,
            0.002015730632617347,
            0.0037341380759622392,
            0.0018847227037448908,
            0.00268478191285889
        ],
        "Na3CrPCO7"
    ],
    "steinhart_parameter_sum": 0.028195100539957354,
    "band_gap": 2.6073999999999993,
    "oxidation_state": 2.0,
    "possible_species": [
        "Na+",
        "Cr2+",
        "O2-",
        "C4+",
        "P5+"
    ],
    "density": 2.831754670362676,
    "quadrupole moment": [
        [
            -15.667353011845567,
            2.333941795787392,
            1.8417569548064177
        ],
        [
            2.333941795787392,
            -14.584830825095715,
            2.3212613943708087
        ],
        [
            1.8417569548064177,
            2.3212613943708087,
            -16.405198045631632
        ]
    ],
    "quadrupole moment normalized": [
        [
            -0.08969083462928436,
            0.02541496883956958,
            0.017002960371507083
        ],
        [
            0.02541496883956958,
            -0.07785871460550708,
            0.021410923209084234
        ],
        [
            0.017002960371507083,
            0.021410923209084234,
            -0.10271704539771924
        ]
    ]
}