{
    "MP-ID": "mp-758261",
    "Material": "Li2Cr(Si2O5)2",
    "steinhart_vector": [
        [
            0.007587955565200478,
            0.0010442190913164534,
            0.0035964774940997644,
            0.0016275384540399415,
            0.005789792777165225,
            0.0029373752083530964,
            0.0033018947488471645,
            0.0033637312896557274,
            0.004499567064511952,
            0.004248391782589509,
            0.002398345274308237
        ],
        "Li2Cr(Si2O5)2"
    ],
    "steinhart_parameter_sum": 0.04039528875008755,
    "band_gap": 2.8725,
    "oxidation_state": 2.0,
    "possible_species": [
        "Si4+",
        "Cr2+",
        "Li+",
        "O2-"
    ],
    "density": 2.496153090688979,
    "quadrupole moment": [
        [
            -0.7334998583988657,
            0.6383824908435762,
            1.1948717408699616
        ],
        [
            0.6383824908435762,
            -16.133500483331282,
            0.7884828131681685
        ],
        [
            1.1948717408699616,
            0.7884828131681685,
            -15.611153252756226
        ]
    ],
    "quadrupole moment normalized": [
        [
            -0.005467295728272082,
            0.004602266256400308,
            0.008509397433621975
        ],
        [
            0.004602266256400308,
            -0.12328200687903773,
            0.005888011427426146
        ],
        [
            0.008509397433621975,
            0.005888011427426146,
            -0.11761126006157427
        ]
    ]
}