{
    "MP-ID": "mp-759348",
    "Material": "Li3Cr(Si2O5)3",
    "steinhart_vector": [
        [
            0.007567658769962044,
            3.641428080158002e-05,
            0.00020540742588630477,
            0.0008363829895139884,
            0.005632162974566348,
            0.0010716123089619368,
            0.002577396606188971,
            0.00163757694729816,
            0.0049539807269159694,
            0.001839826198186393,
            0.002806891474556414
        ],
        "Li3Cr(Si2O5)3"
    ],
    "steinhart_parameter_sum": 0.029165310702838107,
    "band_gap": 3.786199999999999,
    "oxidation_state": 3.0,
    "possible_species": [
        "Si4+",
        "Cr3+",
        "Li+",
        "O2-"
    ],
    "density": 2.601851747816485,
    "quadrupole moment": [
        [
            -16.27562837813824,
            0.7142973367691785,
            -0.13933972560911956
        ],
        [
            0.7142973367691785,
            -15.998556267774674,
            -0.16896077169506496
        ],
        [
            -0.13933972560911956,
            -0.16896077169506496,
            -16.500256347346607
        ]
    ],
    "quadrupole moment normalized": [
        [
            -0.12232146167996677,
            0.004784922202368735,
            3.34898452095311e-05
        ],
        [
            0.004784922202368735,
            -0.12046541599102115,
            4.060916630788461e-05
        ],
        [
            3.34898452095311e-05,
            4.060916630788461e-05,
            -0.12627969758811727
        ]
    ]
}