{
    "MP-ID": "mp-775679",
    "Material": "Li2Mn3CrO8",
    "steinhart_vector": [
        [
            0.007522759948604796,
            0.00011905950165626507,
            0.0009538369294882139,
            0.0004777444935481746,
            0.005510920100948228,
            0.0006065328303523379,
            0.0032490142581094476,
            0.0008583725058440218,
            0.004757223758985651,
            0.0010746626861061193,
            0.003932733605232744
        ],
        "Li2Mn3CrO8"
    ],
    "steinhart_parameter_sum": 0.029062860618876002,
    "band_gap": 0.7263000000000001,
    "oxidation_state": 3.0,
    "possible_species": [
        "O2-",
        "Cr3+",
        "Mn3+",
        "Mn4+",
        "Li+"
    ],
    "density": 4.061190179919619,
    "quadrupole moment": [
        [
            -16.288257374335544,
            -2.6677340082498344,
            1.7095807013088087
        ],
        [
            -2.6677340082498344,
            -16.288257374335533,
            1.7095807013088034
        ],
        [
            1.7095807013088087,
            1.7095807013088034,
            -16.367975207272806
        ]
    ],
    "quadrupole moment normalized": [
        [
            -0.12342215407534801,
            -0.020316760665169686,
            0.012476962851678191
        ],
        [
            -0.020316760665169686,
            -0.12342215407534808,
            0.01247696285167815
        ],
        [
            0.012476962851678191,
            0.01247696285167815,
            -0.12106339246823895
        ]
    ]
}