{
    "MP-ID": "mp-754105",
    "Material": "Li4TiCrO6",
    "steinhart_vector": [
        [
            0.008350083215946075,
            1.8691285729378994e-05,
            0.0003348862774322229,
            0.0007106685526423826,
            0.006279163760629035,
            0.0008569741351051521,
            0.0029230413037453435,
            0.0014335402514929767,
            0.0056728701095464205,
            0.0014833353035566756,
            0.0032780360779662275
        ],
        "Li4TiCrO6"
    ],
    "steinhart_parameter_sum": 0.03134129027379189,
    "band_gap": 1.1814,
    "oxidation_state": 4.0,
    "possible_species": [
        "O2-",
        "Li+",
        "Ti4+",
        "Cr4+"
    ],
    "density": 3.4578394259204392,
    "quadrupole moment": [
        [
            -16.012207270108608,
            0.07807374190629401,
            -0.0672029858047809
        ],
        [
            0.07807374190629401,
            -15.910961480184378,
            -0.12366777173744081
        ],
        [
            -0.0672029858047809,
            -0.12366777173744081,
            -14.530722561854837
        ]
    ],
    "quadrupole moment normalized": [
        [
            -0.1309689428795515,
            -0.0009557087373362645,
            -0.0028119476657405655
        ],
        [
            -0.0009557087373362645,
            -0.13220830304964853,
            -0.005174581127609542
        ],
        [
            -0.0028119476657405655,
            -0.005174581127609542,
            -0.12444085159485244
        ]
    ]
}