{
    "MP-ID": "mp-776286",
    "Material": "Ti3CrSn2(PO4)6",
    "steinhart_vector": [
        [
            0.007821262884991511,
            7.256373699679746e-05,
            0.00016525131457070913,
            0.0012412798613141644,
            0.005766880481135289,
            0.0011826407996662486,
            0.002600012709238825,
            0.0021913450791823594,
            0.004947476309833288,
            0.0020287846932162605,
            0.002732439533149507
        ],
        "Ti3CrSn2(PO4)6"
    ],
    "steinhart_parameter_sum": 0.030749937403294958,
    "band_gap": 0.028599999999999,
    "oxidation_state": 3.0,
    "possible_species": [
        "O2-",
        "Cr3+",
        "Ti3+",
        "Sn2+",
        "P5+",
        "Ti4+"
    ],
    "density": 3.435379791335668,
    "quadrupole moment": [
        [
            -15.814482189211637,
            -0.26284723398585363,
            -0.6950436455522078
        ],
        [
            -0.26284723398585363,
            -15.617355731626148,
            -0.48167326548276423
        ],
        [
            -0.6950436455522078,
            -0.48167326548276423,
            -16.708889649728267
        ]
    ],
    "quadrupole moment normalized": [
        [
            -0.12365406079078903,
            -0.001437245171669585,
            -0.003800518921008151
        ],
        [
            -0.001437245171669585,
            -0.1225761579056279,
            -0.0026337986834479715
        ],
        [
            -0.003800518921008151,
            -0.0026337986834479715,
            -0.1285447099799646
        ]
    ]
}