{
    "MP-ID": "mp-766695",
    "Material": "Li3CrPCO7",
    "steinhart_vector": [
        [
            0.005765857624789038,
            0.0003037470569068053,
            0.0018358866919791542,
            0.0020339446989115872,
            0.003793522698268065,
            0.002157052354904012,
            0.0024654867219652036,
            0.002271143314354563,
            0.0032580859929674483,
            0.0020712544067232382,
            0.0030654633947325323
        ],
        "Li3CrPCO7"
    ],
    "steinhart_parameter_sum": 0.02902144495650165,
    "band_gap": 0.333999999999999,
    "oxidation_state": 2.0,
    "possible_species": [
        "O2-",
        "Cr2+",
        "C4+",
        "Li+",
        "P5+"
    ],
    "density": 2.731223254135003,
    "quadrupole moment": [
        [
            -20.785192567749295,
            -0.15356692794776894,
            -0.05368726327152418
        ],
        [
            -0.15356692794776894,
            -13.413902456830506,
            -3.3597575456671276
        ],
        [
            -0.05368726327152418,
            -3.3597575456671276,
            -13.669143201348103
        ]
    ],
    "quadrupole moment normalized": [
        [
            -0.11217348535855884,
            -0.020138751677439212,
            0.00928598191319914
        ],
        [
            -0.020138751677439212,
            -0.0741246937593462,
            -0.029537498630685565
        ],
        [
            0.00928598191319914,
            -0.029537498630685565,
            -0.08003951817320465
        ]
    ]
}