{
    "MP-ID": "mp-778824",
    "Material": "Li4Cr(WO4)3",
    "steinhart_vector": [
        [
            0.007464206650545342,
            0.00013450399696322986,
            8.656779740021365e-05,
            0.00042280573010403333,
            0.00566340423071136,
            0.0005772181874345556,
            0.002608790031624685,
            0.0008370145955665068,
            0.005234382405648818,
            0.001004761122183069,
            0.0029744812897884512
        ],
        "Li4Cr(WO4)3"
    ],
    "steinhart_parameter_sum": 0.02700813603797026,
    "band_gap": 1.7875,
    "oxidation_state": 2.0,
    "possible_species": [
        "W6+",
        "Cr2+",
        "Li+",
        "O2-"
    ],
    "density": 6.430053703075797,
    "quadrupole moment": [
        [
            -16.31755298747038,
            0.05595772865091586,
            0.25517707503875176
        ],
        [
            0.05595772865091586,
            -16.48673180753282,
            -0.04834367305151699
        ],
        [
            0.25517707503875176,
            -0.04834367305151699,
            -16.31535052528836
        ]
    ],
    "quadrupole moment normalized": [
        [
            -0.12259898185877893,
            0.0006301719734196319,
            0.0012616973320536047
        ],
        [
            0.0006301719734196319,
            -0.12347594158062711,
            -0.00038670312589100895
        ],
        [
            0.0012616973320536047,
            -0.00038670312589100895,
            -0.12043941816669167
        ]
    ]
}