{
    "MP-ID": "mp-769611",
    "Material": "Li4V3CrO8",
    "steinhart_vector": [
        [
            0.00721639474536129,
            3.907385865736103e-05,
            0.00044348168978140226,
            3.247841841946006e-05,
            0.005467347921563162,
            5.085115249852342e-05,
            0.002711911079204446,
            4.5804997933648495e-05,
            0.005059189094558755,
            6.680524959573672e-05,
            0.003243220031836032
        ],
        "Li4V3CrO8"
    ],
    "steinhart_parameter_sum": 0.024376558239409818,
    "band_gap": 1.9358,
    "oxidation_state": 3.0,
    "possible_species": [
        "O2-",
        "Cr3+",
        "V3+",
        "Li+"
    ],
    "density": 3.9612352580224073,
    "quadrupole moment": [
        [
            -14.889612207468465,
            -0.8830064558307624,
            -0.03217886457608965
        ],
        [
            -0.8830064558307624,
            -17.39296665072041,
            0.057168776897364104
        ],
        [
            -0.03217886457608965,
            0.057168776897364104,
            -17.662964520989767
        ]
    ],
    "quadrupole moment normalized": [
        [
            -0.10781466716275756,
            -0.006843161277213577,
            0.00014426227206966805
        ],
        [
            -0.006843161277213577,
            -0.12499703883046279,
            -0.0004376894326615817
        ],
        [
            0.00014426227206966805,
            -0.0004376894326615817,
            -0.12759221117657937
        ]
    ]
}