{
    "MP-ID": "mp-755443",
    "Material": "Li2MnCrO4",
    "steinhart_vector": [
        [
            0.007254857174787569,
            1.6003239815201214e-06,
            0.0005404142295325058,
            5.091882677530035e-06,
            0.00548087766125677,
            4.755673926920566e-06,
            0.0027848828645676343,
            7.045309891980232e-06,
            0.005044374109213895,
            8.915133749153087e-06,
            0.003348281316816729
        ],
        "Li2MnCrO4"
    ],
    "steinhart_parameter_sum": 0.024481095680402208,
    "band_gap": 1.167399999999999,
    "oxidation_state": 3.0,
    "possible_species": [
        "O2-",
        "Cr3+",
        "Li+",
        "Mn3+"
    ],
    "density": 4.088150534550501,
    "quadrupole moment": [
        [
            -15.088818125672875,
            0.7295261876649541,
            1.1115822891636098
        ],
        [
            0.7295261876649541,
            -16.72296351895764,
            -0.603035887758907
        ],
        [
            1.1115822891636098,
            -0.603035887758907,
            -18.013968011099173
        ]
    ],
    "quadrupole moment normalized": [
        [
            -0.11077162078325559,
            0.007794194731765708,
            0.006296162737096933
        ],
        [
            0.007794194731765708,
            -0.12182957047056989,
            -0.006698451004461033
        ],
        [
            0.006296162737096933,
            -0.006698451004461033,
            -0.1287311901452096
        ]
    ]
}