{
    "MP-ID": "mp-704231",
    "Material": "Cr(PO3)4",
    "steinhart_vector": [
        [
            0.008902581619621607,
            0.00018687877519565219,
            0.00013210251038513172,
            0.0005087132975508839,
            0.006785141888465961,
            0.00034049302527369935,
            0.0031420534100826954,
            0.0007258081379109464,
            0.006344857880038876,
            0.0006095317855000154,
            0.003636797921483845
        ],
        "Cr(PO3)4"
    ],
    "steinhart_parameter_sum": 0.031314960251509316,
    "band_gap": 0.2695,
    "oxidation_state": 4.0,
    "possible_species": [
        "O2-",
        "P5+",
        "Cr4+"
    ],
    "density": 2.508766821529352,
    "quadrupole moment": [
        [
            -15.152878254801237,
            0.0,
            0.0
        ],
        [
            0.0,
            -14.735417779560269,
            0.15496913500867882
        ],
        [
            0.0,
            0.15496913500867882,
            -15.13964213858374
        ]
    ],
    "quadrupole moment normalized": [
        [
            -0.13588711830262068,
            0.0,
            0.0
        ],
        [
            0.0,
            -0.13080788690593198,
            -0.0006032760848817924
        ],
        [
            0.0,
            -0.0006032760848817924,
            -0.13342587047464036
        ]
    ]
}