{
    "MP-ID": "mp-772671",
    "Material": "Li5CrO4",
    "steinhart_vector": [
        [
            0.009138194099103996,
            0.001135811661604228,
            0.0016736880191397304,
            0.0061907951480744345,
            0.0048643286398515045,
            0.0035578729690490495,
            0.004335626240416076,
            0.005085150186193688,
            0.005089569507311931,
            0.003458989677033738,
            0.00433366182289488
        ],
        "Li5CrO4"
    ],
    "steinhart_parameter_sum": 0.04886368797067326,
    "band_gap": 1.5836000000000001,
    "oxidation_state": 3.0,
    "possible_species": [
        "O2-",
        "Cr3+",
        "Li+"
    ],
    "density": 2.524107261685392,
    "quadrupole moment": [
        [
            -8.414959907519425,
            0.40214932487227895,
            -1.3378637192912424
        ],
        [
            0.40214932487227895,
            -8.941981901184928,
            1.5858001080240052
        ],
        [
            -1.3378637192912424,
            1.5858001080240052,
            -12.24144012810469
        ]
    ],
    "quadrupole moment normalized": [
        [
            -0.07721047805705586,
            0.005199255488687786,
            -0.013659450116238241
        ],
        [
            0.005199255488687786,
            -0.08107758795029965,
            0.014385542336155056
        ],
        [
            -0.013659450116238241,
            0.014385542336155056,
            -0.11206047539016539
        ]
    ]
}