{
    "MP-ID": "mp-761681",
    "Material": "CrHSe3O8",
    "steinhart_vector": [
        [
            0.00750596000339252,
            2.4487170218678284e-18,
            0.0003041535457493321,
            1.5670040357272537e-18,
            0.005714586597631935,
            3.734788677244413e-18,
            0.002723493006243429,
            3.3604126271521266e-18,
            0.005338990853044271,
            5.069948922931114e-18,
            0.003208097141651209
        ],
        "CrHSe3O8"
    ],
    "steinhart_parameter_sum": 0.024795281147712712,
    "band_gap": 3.011399999999999,
    "oxidation_state": 3.0,
    "possible_species": [
        "H+",
        "Cr3+",
        "Se4+",
        "O2-"
    ],
    "density": 3.48823675318433,
    "quadrupole moment": [
        [
            -16.87819843216086,
            0.04678218236538134,
            0.867309466792415
        ],
        [
            0.04678218236538134,
            -16.433843367492056,
            0.3380917491044353
        ],
        [
            0.867309466792415,
            0.3380917491044353,
            -15.663348591182633
        ]
    ],
    "quadrupole moment normalized": [
        [
            -0.1265280772699366,
            0.00010993061857655917,
            0.00501265588500607
        ],
        [
            0.00010993061857655917,
            -0.12420380900986681,
            0.004337714013114488
        ],
        [
            0.00501265588500607,
            0.004337714013114488,
            -0.11682492621891431
        ]
    ]
}