{
    "MP-ID": "mp-756775",
    "Material": "Li4CrGa3O8",
    "steinhart_vector": [
        [
            0.009089376144678113,
            0.0005673096494353693,
            0.000691113014082512,
            0.0066563109535468555,
            0.0046737532538568575,
            0.0016384900452138423,
            0.005439646357863011,
            0.00543226048823956,
            0.0030417578559061055,
            0.004427684909640363,
            0.005475594616242045
        ],
        "Li4CrGa3O8"
    ],
    "steinhart_parameter_sum": 0.04713329728870464,
    "band_gap": 1.4031,
    "oxidation_state": 3.0,
    "possible_species": [
        "Ga3+",
        "Cr3+",
        "Li+",
        "O2-"
    ],
    "density": 3.811793491663406,
    "quadrupole moment": [
        [
            -10.506122012250461,
            -0.8278764687752492,
            0.7145035410226238
        ],
        [
            -0.8278764687752492,
            -9.903956485947361,
            0.682692635470505
        ],
        [
            0.7145035410226238,
            0.682692635470505,
            -9.261615932656868
        ]
    ],
    "quadrupole moment normalized": [
        [
            -0.09516569411118865,
            -0.006485683815371598,
            0.00532430395906489
        ],
        [
            -0.006485683815371598,
            -0.09096077202391872,
            0.00655494420713975
        ],
        [
            0.00532430395906489,
            0.00655494420713975,
            -0.08351737976955594
        ]
    ]
}