{
    "MP-ID": "mp-757937",
    "Material": "CrHSe3O8",
    "steinhart_vector": [
        [
            0.007420088533897847,
            0.00019958738864615704,
            0.0004088457449372241,
            0.0006910253955435449,
            0.0055455607765605396,
            0.0009258946710201627,
            0.002624322292237214,
            0.0013873300804188996,
            0.004937452696271907,
            0.001558440310298761,
            0.0029413077028134925
        ],
        "CrHSe3O8"
    ],
    "steinhart_parameter_sum": 0.02863985559264575,
    "band_gap": 2.3743,
    "oxidation_state": 3.0,
    "possible_species": [
        "H+",
        "Cr3+",
        "Se4+",
        "O2-"
    ],
    "density": 3.686533807670361,
    "quadrupole moment": [
        [
            -16.344209630707727,
            1.048885732401211,
            -0.31200868428363143
        ],
        [
            1.048885732401211,
            -15.993885356067176,
            0.6389339122871842
        ],
        [
            -0.31200868428363143,
            0.6389339122871842,
            -16.968392591107587
        ]
    ],
    "quadrupole moment normalized": [
        [
            -0.12559331151258174,
            0.003922105118340208,
            -0.0057981190082440175
        ],
        [
            0.003922105118340208,
            -0.11438537325794955,
            0.0028931961971654443
        ],
        [
            -0.0057981190082440175,
            0.0028931961971654443,
            -0.12534704019323958
        ]
    ]
}