{
    "MP-ID": "mp-759380",
    "Material": "Li2VCrO4",
    "steinhart_vector": [
        [
            0.007304630214332599,
            1.8117945473123483e-18,
            0.0003916114258515912,
            1.7519428608467845e-18,
            0.005545478972266488,
            3.763307283270546e-18,
            0.0027060905063262613,
            4.153430330134844e-18,
            0.0051523697040259,
            5.697058416778608e-18,
            0.003216995938833305
        ],
        "Li2VCrO4"
    ],
    "steinhart_parameter_sum": 0.024317176761636163,
    "band_gap": 1.758299999999999,
    "oxidation_state": 3.0,
    "possible_species": [
        "O2-",
        "Cr3+",
        "V3+",
        "Li+"
    ],
    "density": 4.0065888469861,
    "quadrupole moment": [
        [
            -16.60901974547687,
            0.17502255481502438,
            -1.020331682131856
        ],
        [
            0.17502255481502438,
            -15.764911841944983,
            0.8164797484226618
        ],
        [
            -1.020331682131856,
            0.8164797484226618,
            -17.268819368778118
        ]
    ],
    "quadrupole moment normalized": [
        [
            -0.12184912980259346,
            0.0018796130357501759,
            -0.008267017983258206
        ],
        [
            0.0018796130357501759,
            -0.11512819558858213,
            0.004858997728462704
        ],
        [
            -0.008267017983258206,
            0.004858997728462704,
            -0.1256238028403551
        ]
    ]
}