{
    "MP-ID": "mp-780700",
    "Material": "Na5CrO4",
    "steinhart_vector": [
        [
            0.008612819572253494,
            0.0006856643643147135,
            0.0011874676675871299,
            0.006140125272586361,
            0.0044178051117805695,
            0.002534079249685982,
            0.004816991339398798,
            0.004844913447557612,
            0.0039037838276845377,
            0.004009695809248008,
            0.0044523780049940676
        ],
        "Na5CrO4"
    ],
    "steinhart_parameter_sum": 0.04560572366709127,
    "band_gap": 0.6585999999999991,
    "oxidation_state": 3.0,
    "possible_species": [
        "Na+",
        "O2-",
        "Cr3+"
    ],
    "density": 2.592971610623559,
    "quadrupole moment": [
        [
            -9.019125717122389,
            0.2230043536790287,
            1.164149577371469
        ],
        [
            0.2230043536790287,
            -9.14831718132015,
            -0.8576967395225408
        ],
        [
            1.164149577371469,
            -0.8576967395225408,
            -12.315746486089772
        ]
    ],
    "quadrupole moment normalized": [
        [
            -0.07721724819004261,
            0.0022680843961304133,
            0.00904668099712887
        ],
        [
            0.0022680843961304133,
            -0.07924991270373377,
            -0.009096271854688238
        ],
        [
            0.00904668099712887,
            -0.009096271854688238,
            -0.10600813481157077
        ]
    ]
}