{
    "MP-ID": "mp-754015",
    "Material": "Li2VCrO4",
    "steinhart_vector": [
        [
            0.00720723158557682,
            5.4525565750833995e-06,
            0.00045999063976316906,
            1.663870293509215e-05,
            0.005460379132720127,
            2.5728766856628266e-05,
            0.0027124625494943815,
            3.1443710192538394e-05,
            0.005052029285077976,
            4.62453626349458e-05,
            0.003243781052619009
        ],
        "Li2VCrO4"
    ],
    "steinhart_parameter_sum": 0.02426138334444577,
    "band_gap": 1.8565,
    "oxidation_state": 3.0,
    "possible_species": [
        "O2-",
        "Cr3+",
        "V3+",
        "Li+"
    ],
    "density": 3.971860814487177,
    "quadrupole moment": [
        [
            -14.685649111915648,
            0.4520472203995928,
            -0.24710479861056944
        ],
        [
            0.4520472203995928,
            -17.581792949645376,
            -0.03767308627848809
        ],
        [
            -0.24710479861056944,
            -0.03767308627848809,
            -17.71813111603297
        ]
    ],
    "quadrupole moment normalized": [
        [
            -0.10589377093234534,
            0.0035746769767540433,
            0.0009302136116177522
        ],
        [
            0.0035746769767540433,
            -0.12879575601467622,
            0.0001418184423975146
        ],
        [
            0.0009302136116177522,
            0.0001418184423975146,
            -0.1254657495173034
        ]
    ]
}