{
    "MP-ID": "mp-754888",
    "Material": "Li2CrFe3O8",
    "steinhart_vector": [
        [
            0.007179583594483055,
            0.0005879533853928136,
            0.0004714977824953043,
            0.0007647488152075581,
            0.005232325707983628,
            0.0013297800227055807,
            0.002522550239663638,
            0.0019399988993496963,
            0.004378992691665957,
            0.0019315189109924155,
            0.0026861876564719606
        ],
        "Li2CrFe3O8"
    ],
    "steinhart_parameter_sum": 0.02902513770641161,
    "band_gap": 0.0,
    "oxidation_state": 5.0,
    "possible_species": [
        "Cr5+",
        "Fe3+",
        "Li+",
        "O2-"
    ],
    "density": 4.142657386453798,
    "quadrupole moment": [
        [
            -15.589885378616726,
            -0.15247211638873365,
            -0.018157809054760672
        ],
        [
            -0.15247211638873365,
            -15.762777568775496,
            0.0105783572765068
        ],
        [
            -0.018157809054760672,
            0.0105783572765068,
            -18.7296554972345
        ]
    ],
    "quadrupole moment normalized": [
        [
            -0.11192672882806685,
            -0.000445035792320901,
            0.0009038335306097789
        ],
        [
            -0.000445035792320901,
            -0.11243136675568138,
            -0.0005265543864046325
        ],
        [
            0.0009038335306097789,
            -0.0005265543864046325,
            -0.1351040938071869
        ]
    ]
}