{
    "MP-ID": "mp-759864",
    "Material": "LiVCrP2(HO5)2",
    "steinhart_vector": [
        [
            0.007716977486092293,
            6.223368331633801e-05,
            0.00028952573290121,
            0.0005258193120840901,
            0.005840593518458356,
            0.00061864892865569,
            0.002723002173552354,
            0.0009991232082061932,
            0.005365600906691861,
            0.0010941064155778478,
            0.0031049148819590963
        ],
        "LiVCrP2(HO5)2"
    ],
    "steinhart_parameter_sum": 0.02834054624749533,
    "band_gap": 1.4417,
    "oxidation_state": 3.0,
    "possible_species": [
        "O2-",
        "V4+",
        "Cr3+",
        "H+",
        "Li+",
        "P5+"
    ],
    "density": 3.1092689830222042,
    "quadrupole moment": [
        [
            -16.38712696407679,
            0.3330547092515901,
            0.1321226764692922
        ],
        [
            0.3330547092515901,
            -16.193637411119287,
            0.6536248508116382
        ],
        [
            0.1321226764692922,
            0.6536248508116382,
            -15.758016531213023
        ]
    ],
    "quadrupole moment normalized": [
        [
            -0.12632846963917316,
            0.0056597558617737,
            0.0009690214298966084
        ],
        [
            0.0056597558617737,
            -0.12494584201963228,
            0.00012691914922866726
        ],
        [
            0.0009690214298966084,
            0.00012691914922866726,
            -0.12131669869580251
        ]
    ]
}