{
    "MP-ID": "mp-758445",
    "Material": "Li4Mn3CrCo2(PO4)6",
    "steinhart_vector": [
        [
            0.007478882157731916,
            0.0005995350117102965,
            0.00031677055375220833,
            0.0015405173093418398,
            0.005113415280393912,
            0.0023360099174984518,
            0.002255943570649912,
            0.002737412683047625,
            0.003585021021697921,
            0.003530581078609627,
            0.0022807722672051074
        ],
        "Li4Mn3CrCo2(PO4)6"
    ],
    "steinhart_parameter_sum": 0.03177486085163882,
    "band_gap": 0.393999999999999,
    "oxidation_state": 3.0,
    "possible_species": [
        "O2-",
        "Cr3+",
        "Mn3+",
        "Mn2+",
        "Li+",
        "P5+",
        "Co2+"
    ],
    "density": 3.296499955217715,
    "quadrupole moment": [
        [
            -16.287855728611426,
            0.32823326223243254,
            0.39853992538921656
        ],
        [
            0.32823326223243254,
            -16.49354901012459,
            -0.03036035546715876
        ],
        [
            0.39853992538921656,
            -0.03036035546715876,
            -16.393644128682467
        ]
    ],
    "quadrupole moment normalized": [
        [
            -0.12298647379073527,
            0.0021998410946080984,
            0.0024559398215569257
        ],
        [
            0.0021998410946080984,
            -0.1268704961712359,
            0.0025223555514075867
        ],
        [
            0.0024559398215569257,
            0.0025223555514075867,
            -0.11676041859149114
        ]
    ]
}