{
    "MP-ID": "mp-756280",
    "Material": "Li2Ti3CrO8",
    "steinhart_vector": [
        [
            0.007325640994678901,
            9.5871593978007e-06,
            0.0009177199171107154,
            3.780659735688509e-05,
            0.0054070613635982855,
            2.7574131453842163e-05,
            0.003196879014577956,
            6.404037924202752e-05,
            0.004754441838606645,
            5.047239137694253e-05,
            0.003961386739923248
        ],
        "Li2Ti3CrO8"
    ],
    "steinhart_parameter_sum": 0.02575261052732325,
    "band_gap": 0.0,
    "oxidation_state": 2.0,
    "possible_species": [
        "O2-",
        "Cr2+",
        "Li+",
        "Ti4+"
    ],
    "density": 3.706967028413227,
    "quadrupole moment": [
        [
            -19.00291415553689,
            -2.738994238868928,
            0.03245507887088006
        ],
        [
            -2.738994238868928,
            -16.144682277093526,
            0.023127872892056978
        ],
        [
            0.03245507887088006,
            0.023127872892056978,
            -14.422152175956658
        ]
    ],
    "quadrupole moment normalized": [
        [
            -0.13919265693269894,
            -0.020039126387413113,
            0.0001095748101515746
        ],
        [
            -0.020039126387413113,
            -0.11838335884507928,
            6.0029693585973015e-05
        ],
        [
            0.0001095748101515746,
            6.0029693585973015e-05,
            -0.105550509732632
        ]
    ]
}