{
    "MP-ID": "mp-754901",
    "Material": "Li2CrFeO4",
    "steinhart_vector": [
        [
            0.007230802159356624,
            9.386264618637532e-14,
            0.00016401920314119582,
            0.0007607125787949965,
            0.005397624723593073,
            0.0009853382780774125,
            0.002464306419966933,
            0.0014710612125766514,
            0.004787004004084662,
            0.0016803915861287081,
            0.00272031162909291
        ],
        "Li2CrFeO4"
    ],
    "steinhart_parameter_sum": 0.027661571794907032,
    "band_gap": 1.279999999999999,
    "oxidation_state": 3.0,
    "possible_species": [
        "Fe3+",
        "O2-",
        "Cr3+",
        "Li+"
    ],
    "density": 4.188669684488809,
    "quadrupole moment": [
        [
            -16.64283973186722,
            0.006024133490764971,
            -0.012045257937492337
        ],
        [
            0.006024133490764971,
            -16.640692497231324,
            -0.014381752622260824
        ],
        [
            -0.012045257937492337,
            -0.014381752622260824,
            -16.619128831981456
        ]
    ],
    "quadrupole moment normalized": [
        [
            -0.11912725415431757,
            -0.0007839416309454999,
            0.0015674924834086605
        ],
        [
            -0.0007839416309454999,
            -0.1194066813325279,
            0.0018715488909097674
        ],
        [
            0.0015674924834086605,
            0.0018715488909097674,
            -0.12221283833456648
        ]
    ]
}