{
    "MP-ID": "mp-754974",
    "Material": "CrSbO4",
    "steinhart_vector": [
        [
            0.0070825231342958135,
            6.971076697045793e-19,
            0.0011944241094759905,
            1.3919526784424394e-18,
            0.005085785366443953,
            3.354456472147041e-18,
            0.003455023719658004,
            3.152955436842976e-18,
            0.00424203814437636,
            5.3825460694335835e-18,
            0.004285825523278391
        ],
        "CrSbO4"
    ],
    "steinhart_parameter_sum": 0.025345619997528525,
    "band_gap": 1.8455,
    "oxidation_state": 3.0,
    "possible_species": [
        "Sb5+",
        "O2-",
        "Cr3+"
    ],
    "density": 4.983816751770391,
    "quadrupole moment": [
        [
            -19.483828819232002,
            2.5488537390995716e-16,
            -1.7703883630857488e-15
        ],
        [
            2.5488537390995716e-16,
            -11.1960709022869,
            -0.44977328827516816
        ],
        [
            -1.7703883630857488e-15,
            -0.44977328827516816,
            -19.747585035159723
        ]
    ],
    "quadrupole moment normalized": [
        [
            -0.14067600780394032,
            1.735077563053745e-18,
            -1.4283563504861616e-17
        ],
        [
            1.735077563053745e-18,
            -0.07911866753957444,
            -0.00021293440252466087
        ],
        [
            -1.4283563504861616e-17,
            -0.00021293440252466087,
            -0.13722228326746944
        ]
    ]
}