{
    "MP-ID": "mp-755134",
    "Material": "Li3V4CrO8",
    "steinhart_vector": [
        [
            0.0070716799554771176,
            2.567068333828381e-18,
            0.00033137341847626047,
            3.8551319595539406e-18,
            0.00537578617717713,
            2.9174869890114695e-18,
            0.002593412155176523,
            6.191905473389889e-18,
            0.0050079949054919375,
            5.214112686400604e-18,
            0.003070125808295896
        ],
        "Li3V4CrO8"
    ],
    "steinhart_parameter_sum": 0.023450372420094887,
    "band_gap": 0.5800999999999991,
    "oxidation_state": 3.0,
    "possible_species": [
        "O2-",
        "Cr3+",
        "V3+",
        "V2+",
        "Li+"
    ],
    "density": 4.236760510048485,
    "quadrupole moment": [
        [
            -16.869720812358768,
            -0.014687950907760428,
            1.107207081759208
        ],
        [
            -0.014687950907760428,
            -16.85983882374482,
            0.7957141121671938
        ],
        [
            1.107207081759208,
            0.7957141121671938,
            -16.72225785373465
        ]
    ],
    "quadrupole moment normalized": [
        [
            -0.11901949347086066,
            0.00030030238302161325,
            0.0078261646147078
        ],
        [
            0.00030030238302161325,
            -0.1192215355901729,
            0.005624412750478451
        ],
        [
            0.0078261646147078,
            0.005624412750478451,
            -0.11853603805796427
        ]
    ]
}