{
    "MP-ID": "mp-757068",
    "Material": "Li4CrNi3(PO4)4",
    "steinhart_vector": [
        [
            0.0057642034766651655,
            0.00017121266107072435,
            0.000686472966645657,
            0.001591290225982515,
            0.003801506611981189,
            0.0019858658215270155,
            0.0017058139206733134,
            0.0020033317875853772,
            0.003289829658351912,
            0.0022239857679107675,
            0.001862066172457065
        ],
        "Li4CrNi3(PO4)4"
    ],
    "steinhart_parameter_sum": 0.0250855790708507,
    "band_gap": 1.583299999999999,
    "oxidation_state": 2.0,
    "possible_species": [
        "Cr2+",
        "O2-",
        "Ni2+",
        "Li+",
        "P5+"
    ],
    "density": 3.6277216407818242,
    "quadrupole moment": [
        [
            -19.481412950235953,
            -8.881784197001252e-16,
            2.6645352591003757e-15
        ],
        [
            -8.881784197001252e-16,
            -17.425501137272988,
            -1.9841414401162556
        ],
        [
            2.6645352591003757e-15,
            -1.9841414401162556,
            -19.967203279525492
        ]
    ],
    "quadrupole moment normalized": [
        [
            -0.11127846115220309,
            6.938893903907228e-18,
            2.42861286636753e-17
        ],
        [
            6.938893903907228e-18,
            -0.09137444356428989,
            0.006726859304113757
        ],
        [
            2.42861286636753e-17,
            0.006726859304113757,
            -0.11768006669759185
        ]
    ]
}