{
    "MP-ID": "mp-759423",
    "Material": "LiCr(PO3)4",
    "steinhart_vector": [
        [
            0.007597086781765564,
            9.842227526101336e-05,
            0.00029304402052850057,
            0.0006870154987756926,
            0.005736220813737164,
            0.000615760537787252,
            0.002693397681099602,
            0.0011332400596397705,
            0.0052475213224745946,
            0.0010871202908047002,
            0.0030888492819577404
        ],
        "LiCr(PO3)4"
    ],
    "steinhart_parameter_sum": 0.028277678563831597,
    "band_gap": 3.1996,
    "oxidation_state": 3.0,
    "possible_species": [
        "O2-",
        "Cr3+",
        "P5+",
        "Li+"
    ],
    "density": 2.922960394855948,
    "quadrupole moment": [
        [
            -16.635155323720987,
            -0.2719009860934811,
            0.5494553449420239
        ],
        [
            -0.2719009860934811,
            -16.515854698065485,
            0.4419813709791809
        ],
        [
            0.5494553449420239,
            0.4419813709791809,
            -15.61783561815627
        ]
    ],
    "quadrupole moment normalized": [
        [
            -0.12438792483679258,
            0.0010397377967927904,
            0.0053024731085306274
        ],
        [
            0.0010397377967927904,
            -0.12484412535102105,
            0.00426530446134047
        ],
        [
            0.0053024731085306274,
            0.00426530446134047,
            -0.12032308977644558
        ]
    ]
}