{
    "MP-ID": "mp-734815",
    "Material": "CrH12(ClO2)3",
    "steinhart_vector": [
        [
            0.007836814421764147,
            1.3106844504841847e-18,
            7.58454147383585e-05,
            2.6743703389638457e-18,
            0.005984264540014872,
            3.645183867570727e-18,
            0.002775268954364174,
            4.541103757112972e-18,
            0.005624030433691357,
            5.516262176198595e-18,
            0.003232297238460175
        ],
        "CrH12(ClO2)3"
    ],
    "steinhart_parameter_sum": 0.0255285210030331,
    "band_gap": 3.197,
    "oxidation_state": 3.0,
    "possible_species": [
        "H+",
        "Cr3+",
        "Cl-",
        "O2-"
    ],
    "density": 1.749958333443149,
    "quadrupole moment": [
        [
            -15.968334931474992,
            -0.17366845057058877,
            -0.12862870030082352
        ],
        [
            -0.17366845057058877,
            -16.024638137137373,
            -0.15115835935638988
        ],
        [
            -0.12862870030082352,
            -0.15115835935638988,
            -15.932506926125823
        ]
    ],
    "quadrupole moment normalized": [
        [
            -0.12514088068249768,
            -0.0013610132199767533,
            -0.0010080345151721112
        ],
        [
            -0.0013610132199767533,
            -0.12558211490182541,
            -0.0011845971056573968
        ],
        [
            -0.0010080345151721112,
            -0.0011845971056573968,
            -0.12486009720840974
        ]
    ]
}