{
    "MP-ID": "mp-754504",
    "Material": "LiMn3CrO8",
    "steinhart_vector": [
        [
            0.008009327533982941,
            2.028431238126323e-18,
            0.0010685898982567507,
            3.1285148621132243e-18,
            0.005884540446320006,
            4.768610738493089e-18,
            0.0035691698705702687,
            4.42894063407601e-18,
            0.005130914814199238,
            6.909953768700424e-18,
            0.0044262471745456665
        ],
        "LiMn3CrO8"
    ],
    "steinhart_parameter_sum": 0.028088789737874896,
    "band_gap": 0.7823,
    "oxidation_state": 3.0,
    "possible_species": [
        "O2-",
        "Cr3+",
        "Li+",
        "Mn4+"
    ],
    "density": 3.866819554704907,
    "quadrupole moment": [
        [
            -16.47655488382208,
            0.7467147002545924,
            -2.595201620770379
        ],
        [
            0.7467147002545924,
            -17.040295522038527,
            -1.7943052289777053
        ],
        [
            -2.595201620770379,
            -1.7943052289777053,
            -13.889685926736126
        ]
    ],
    "quadrupole moment normalized": [
        [
            -0.13196416340608452,
            0.005983585367741257,
            -0.020785753213880813
        ],
        [
            0.005983585367741257,
            -0.136481538292213,
            -0.014371132239365376
        ],
        [
            -0.020785753213880813,
            -0.014371132239365376,
            -0.11124877494502629
        ]
    ]
}