{
    "MP-ID": "mp-760942",
    "Material": "Na2CrO4",
    "steinhart_vector": [
        [
            0.01619480353376328,
            0.0002919436662307403,
            0.0003955853600065411,
            0.012061141806745944,
            0.0082473262489214,
            0.0007608668376932536,
            0.010159706539011354,
            0.009887006936806313,
            0.003598983558570646,
            0.008383835394986553,
            0.010466811065107325
        ],
        "Na2CrO4"
    ],
    "steinhart_parameter_sum": 0.08044801094784335,
    "band_gap": 3.0117,
    "oxidation_state": 6.0,
    "possible_species": [
        "Cr6+",
        "Na+",
        "O2-"
    ],
    "density": 2.182264639447309,
    "quadrupole moment": [
        [
            -7.6323297557655865,
            -0.09944156153045736,
            -0.11645757554366676
        ],
        [
            -0.09944156153045736,
            -7.409635276295827,
            -0.1029938675597113
        ],
        [
            -0.11645757554366676,
            -0.1029938675597113,
            -7.188614131858921
        ]
    ],
    "quadrupole moment normalized": [
        [
            -0.12444719179227788,
            0.0008075126454247065,
            -0.000568527775372956
        ],
        [
            0.0008075126454247065,
            -0.11894697804868631,
            -0.0016518182624277664
        ],
        [
            -0.000568527775372956,
            -0.0016518182624277664,
            -0.11652221166135854
        ]
    ]
}