{
    "MP-ID": "mp-762870",
    "Material": "Li2CrSiO4",
    "steinhart_vector": [
        [
            0.0067780252465765595,
            0.00045646548278025216,
            0.001639408037062971,
            0.004543844019801213,
            0.0035963799592111474,
            0.002668682046610357,
            0.0032395168011384603,
            0.003982471406860128,
            0.0033396218828054135,
            0.0027437260325811974,
            0.003907041504478106
        ],
        "Li2CrSiO4"
    ],
    "steinhart_parameter_sum": 0.03689518241990581,
    "band_gap": 1.7738,
    "oxidation_state": 2.0,
    "possible_species": [
        "Si4+",
        "Cr2+",
        "Li+",
        "O2-"
    ],
    "density": 2.833360138914176,
    "quadrupole moment": [
        [
            -9.708566199056731,
            2.000323603877625,
            1.562721634784944
        ],
        [
            2.000323603877625,
            -14.122322449037119,
            1.5059466245112718
        ],
        [
            1.562721634784944,
            1.5059466245112718,
            -10.64936660155211
        ]
    ],
    "quadrupole moment normalized": [
        [
            -0.06204931866277379,
            0.013617300424243785,
            0.006751962405115207
        ],
        [
            0.013617300424243785,
            -0.09782413981425961,
            0.017602366343485127
        ],
        [
            0.006751962405115207,
            0.017602366343485127,
            -0.07270531265604752
        ]
    ]
}