{
    "MP-ID": "mp-762011",
    "Material": "LiCrCoO4",
    "steinhart_vector": [
        [
            0.007758820470610107,
            1.6069572465525217e-18,
            0.0012132827570685784,
            1.933683471327264e-18,
            0.005619855543343893,
            1.867704870496872e-18,
            0.0036662990975098145,
            2.9497951462486816e-18,
            0.004769787364696213,
            3.0869942368549256e-18,
            0.004548313719146099
        ],
        "LiCrCoO4"
    ],
    "steinhart_parameter_sum": 0.027576358952374713,
    "band_gap": 0.0,
    "oxidation_state": 3.0,
    "possible_species": [
        "Co4+",
        "Cr3+",
        "Li+",
        "O2-"
    ],
    "density": 4.336918502500901,
    "quadrupole moment": [
        [
            -13.720539565412704,
            -0.20315084455144516,
            -0.26026618030732673
        ],
        [
            -0.20315084455144516,
            -21.045960942140987,
            0.35924317172068365
        ],
        [
            -0.26026618030732673,
            0.35924317172068365,
            -13.407288061280026
        ]
    ],
    "quadrupole moment normalized": [
        [
            -0.10728690794586317,
            -0.00022270779108671604,
            -0.0033676634653602485
        ],
        [
            -0.00022270779108671604,
            -0.1631678249538551,
            0.00039342413951526725
        ],
        [
            -0.0033676634653602485,
            0.00039342413951526725,
            -0.10323407607195305
        ]
    ]
}