{
    "MP-ID": "mp-776777",
    "Material": "Li4CrCo2Ni3(PO4)6",
    "steinhart_vector": [
        [
            0.007741249941287854,
            0.0005604195000935545,
            0.00025386476694958703,
            0.0015838368549420203,
            0.00533831277174013,
            0.0023087198135579366,
            0.0023412491280617926,
            0.0028064490871165036,
            0.0038300777249736014,
            0.0035405245138129204,
            0.002344395466219478
        ],
        "Li4CrCo2Ni3(PO4)6"
    ],
    "steinhart_parameter_sum": 0.03264909956875538,
    "band_gap": 0.0,
    "oxidation_state": 3.0,
    "possible_species": [
        "O2-",
        "Cr3+",
        "Ni2+",
        "Li+",
        "Ni3+",
        "P5+",
        "Co2+"
    ],
    "density": 3.454746249475874,
    "quadrupole moment": [
        [
            -15.994441382719895,
            0.10760902923975102,
            0.2094463371014872
        ],
        [
            0.10760902923975102,
            -16.265841906999814,
            0.09793980682217418
        ],
        [
            0.2094463371014872,
            0.09793980682217418,
            -16.074660090168425
        ]
    ],
    "quadrupole moment normalized": [
        [
            -0.12603348776790255,
            0.0011183672570088195,
            0.0037343395640927843
        ],
        [
            0.0011183672570088195,
            -0.12541505814973974,
            0.002572486450912931
        ],
        [
            0.0037343395640927843,
            0.002572486450912931,
            -0.12154269105533967
        ]
    ]
}