{
    "MP-ID": "mp-755263",
    "Material": "CrS2",
    "steinhart_vector": [
        [
            0.0020293363798822247,
            2.868050619097723e-09,
            3.212433552797107e-05,
            1.0464862025064026e-08,
            0.001549099010093704,
            6.822180534397245e-09,
            0.0007206158826368204,
            1.5053790174306906e-08,
            0.0014548838650282195,
            1.3108858673362384e-08,
            0.0008404664821433028
        ],
        "CrS2"
    ],
    "steinhart_parameter_sum": 0.006626574273054268,
    "band_gap": 0.0,
    "oxidation_state": 4.0,
    "possible_species": [
        "S2-",
        "Cr4+"
    ],
    "density": 3.628129825948234,
    "quadrupole moment": [
        [
            -22.550037768253762,
            0.00022354533100799046,
            -0.00020089691696334455
        ],
        [
            0.00022354533100799046,
            -22.54969743286749,
            0.00018296780115090172
        ],
        [
            -0.00020089691696334455,
            0.00018296780115090172,
            -21.495665184767333
        ]
    ],
    "quadrupole moment normalized": [
        [
            -0.04576103093678544,
            -2.3477191003241915e-07,
            5.428869809948056e-07
        ],
        [
            -2.3477191003241915e-07,
            -0.045761502406982166,
            -4.309953257064514e-07
        ],
        [
            5.428869809948056e-07,
            -4.309953257064514e-07,
            -0.04362193533802215
        ]
    ]
}