{
    "MP-ID": "mp-756728",
    "Material": "Li6VCrP2(CO7)2",
    "steinhart_vector": [
        [
            0.005546503013448311,
            0.0004970511822510904,
            0.0008938240789351191,
            0.0013414197401312856,
            0.003693479603039673,
            0.0017322232864430257,
            0.0016922299076571438,
            0.0021214189573135673,
            0.0030349677412881103,
            0.0023113921630652907,
            0.0014979936498838186
        ],
        "Li6VCrP2(CO7)2"
    ],
    "steinhart_parameter_sum": 0.024362503323456436,
    "band_gap": 2.0814,
    "oxidation_state": 2.0,
    "possible_species": [
        "Cr2+",
        "O2-",
        "C4+",
        "V2+",
        "Li+",
        "P5+"
    ],
    "density": 2.709246522425186,
    "quadrupole moment": [
        [
            -16.77575730061821,
            -2.2846743690012687e-15,
            -1.9951455888483906e-15
        ],
        [
            -2.2846743690012687e-15,
            -15.057355378669914,
            -0.5146097334237885
        ],
        [
            -1.9951455888483906e-15,
            -0.5146097334237885,
            -26.024720831385565
        ]
    ],
    "quadrupole moment normalized": [
        [
            -0.11491690189727327,
            -1.66818702033966e-17,
            -1.036433125531762e-17
        ],
        [
            -1.66818702033966e-17,
            -0.07786212517027223,
            -0.00944819015153955
        ],
        [
            -1.036433125531762e-17,
            -0.00944819015153955,
            -0.12162825951129436
        ]
    ]
}