{
    "MP-ID": "mp-728403",
    "Material": "CrP3H18C6(SO)6",
    "steinhart_vector": [
        [
            0.0017070388988100064,
            2.0022941208425467e-05,
            3.101411831769579e-05,
            0.00026753861970061884,
            0.0012393660054568316,
            0.00033612463706962387,
            0.000550996489110407,
            0.0005130113425448834,
            0.0010198466382681161,
            0.0005549165437478657,
            0.0005626299248801863
        ],
        "CrP3H18C6(SO)6"
    ],
    "steinhart_parameter_sum": 0.00680250615911466,
    "band_gap": 2.6313,
    "oxidation_state": 3.0,
    "possible_species": [
        "O2-",
        "Cr3+",
        "C2-",
        "H+",
        "S2-",
        "P5+"
    ],
    "density": 1.6123090363078232,
    "quadrupole moment": [
        [
            -24.55697467643346,
            -0.030097408934328218,
            0.36847495200685065
        ],
        [
            -0.030097408934328218,
            -24.54253676537956,
            0.29054598960485006
        ],
        [
            0.36847495200685065,
            0.29054598960485006,
            -23.516265931486046
        ]
    ],
    "quadrupole moment normalized": [
        [
            -0.04183621631537116,
            3.122049604892458e-05,
            0.0007173021266084047
        ],
        [
            3.122049604892458e-05,
            -0.04185119297817946,
            0.0005655995206350926
        ],
        [
            0.0007173021266084047,
            0.0005655995206350926,
            -0.04025858621124835
        ]
    ]
}