{
    "MP-ID": "mp-758247",
    "Material": "Li3CrSi2O7",
    "steinhart_vector": [
        [
            0.00725849352114071,
            9.119165908623029e-19,
            0.0008083454871911519,
            1.5773040318667339e-18,
            0.005474094976535296,
            3.0247909227448844e-18,
            0.0028943481513948426,
            3.2763432582128934e-18,
            0.005005396121705414,
            5.5401553085460985e-18,
            0.0034902706318681804
        ],
        "Li3CrSi2O7"
    ],
    "steinhart_parameter_sum": 0.02493094888983561,
    "band_gap": 2.7976,
    "oxidation_state": 3.0,
    "possible_species": [
        "Si4+",
        "Cr3+",
        "Li+",
        "O2-"
    ],
    "density": 2.874205766050718,
    "quadrupole moment": [
        [
            -14.746909470635819,
            -0.025731035752548426,
            -0.5133022428114651
        ],
        [
            -0.025731035752548426,
            -16.036124108795622,
            -1.2461331200589774
        ],
        [
            -0.5133022428114651,
            -1.2461331200589774,
            -19.22227340292167
        ]
    ],
    "quadrupole moment normalized": [
        [
            -0.11571947526256146,
            -0.01023841782044574,
            -0.011021257912424049
        ],
        [
            -0.01023841782044574,
            -0.11287870747403228,
            -0.0050711609286490725
        ],
        [
            -0.011021257912424049,
            -0.0050711609286490725,
            -0.13235979588149277
        ]
    ]
}