{
    "MP-ID": "mp-753963",
    "Material": "CrOF",
    "steinhart_vector": [
        [
            0.007333556632672897,
            0.000829032511819249,
            0.0003896870317490755,
            0.0015531755378976702,
            0.00536034351378695,
            0.0014299112712379534,
            0.0025407635580073917,
            0.0022920435877827683,
            0.004510172011991258,
            0.0021806171880282693,
            0.0027822038331212257
        ],
        "CrOF"
    ],
    "steinhart_parameter_sum": 0.031201506678094713,
    "band_gap": 1.6642000000000001,
    "oxidation_state": 3.0,
    "possible_species": [
        "F-",
        "O2-",
        "Cr3+"
    ],
    "density": 4.358846078939407,
    "quadrupole moment": [
        [
            -11.200389738437813,
            0.6039410461701171,
            0.29418267300666345
        ],
        [
            0.6039410461701171,
            -12.010091155764123,
            0.6394779849584364
        ],
        [
            0.29418267300666345,
            0.6394779849584364,
            -12.433975834687233
        ]
    ],
    "quadrupole moment normalized": [
        [
            -0.0873472068408377,
            0.006191255191346416,
            0.000456259293023213
        ],
        [
            0.006191255191346416,
            -0.09476861025464296,
            0.006930593003167375
        ],
        [
            0.000456259293023213,
            0.006930593003167375,
            -0.09460757422390434
        ]
    ]
}