{
    "MP-ID": "mp-770562",
    "Material": "Li6AlCrO6",
    "steinhart_vector": [
        [
            0.006675975876309072,
            1.353515069241494e-10,
            0.00041399493624387,
            0.0013069620931361258,
            0.004698985708529492,
            0.0014072983465848337,
            0.0021988295967137333,
            0.002535618307912805,
            0.003571447881752373,
            0.0021621866868779638,
            0.0022135954474490557
        ],
        "Li6AlCrO6"
    ],
    "steinhart_parameter_sum": 0.027184895016860833,
    "band_gap": 2.999,
    "oxidation_state": 3.0,
    "possible_species": [
        "O2-",
        "Cr3+",
        "Li+",
        "Al3+"
    ],
    "density": 2.943460400476283,
    "quadrupole moment": [
        [
            -18.381769729505965,
            1.0426727583556783e-06,
            -1.3322676295501878e-15
        ],
        [
            1.0426727583556783e-06,
            -18.38176852553101,
            -1.3322676295501878e-15
        ],
        [
            -1.3322676295501878e-15,
            -1.3322676295501878e-15,
            -15.161744868241934
        ]
    ],
    "quadrupole moment normalized": [
        [
            -0.12271624843266729,
            2.0325117630615175e-09,
            3.3238868046847614e-09
        ],
        [
            2.0325117630615175e-09,
            -0.12271624608572454,
            5.757141249840281e-09
        ],
        [
            3.3238868046847614e-09,
            5.757141249840281e-09,
            -0.10121944298313602
        ]
    ]
}