{
    "MP-ID": "mp-755604",
    "Material": "V3CrO10",
    "steinhart_vector": [
        [
            0.014076102897986406,
            1.6168706565935844e-05,
            0.0003374031208760641,
            0.010483166424336398,
            0.007162952638090044,
            0.0006527456255914478,
            0.008831529909877001,
            0.008589025025676017,
            0.003123124462947575,
            0.007288885970866115,
            0.009094017638156099
        ],
        "V3CrO10"
    ],
    "steinhart_parameter_sum": 0.06965512242096909,
    "band_gap": 0.0,
    "oxidation_state": 5.0,
    "possible_species": [
        "Cr5+",
        "V5+",
        "O2-"
    ],
    "density": 3.059644836276669,
    "quadrupole moment": [
        [
            -8.10447827793169,
            0.10978936998228983,
            0.21216535421355842
        ],
        [
            0.10978936998228983,
            -7.781259379653451,
            0.1325101829017381
        ],
        [
            0.21216535421355842,
            0.1325101829017381,
            -7.954490613786265
        ]
    ],
    "quadrupole moment normalized": [
        [
            -0.11451373343361093,
            0.0020089686168760362,
            0.002837410437757334
        ],
        [
            0.0020089686168760362,
            -0.1095196265340881,
            0.0015395765957884958
        ],
        [
            0.002837410437757334,
            0.0015395765957884958,
            -0.11153731324523058
        ]
    ]
}