{
    "MP-ID": "mp-763933",
    "Material": "Li3CrFe3O8",
    "steinhart_vector": [
        [
            0.008053594137632689,
            0.00043369690886296987,
            0.00015717489275263158,
            0.001174942268623225,
            0.0058603437647732895,
            0.0016047035514683838,
            0.0026076507840185736,
            0.0023781854003377873,
            0.004854116572467388,
            0.0025514211583889954,
            0.0026528858316778323
        ],
        "Li3CrFe3O8"
    ],
    "steinhart_parameter_sum": 0.03232871527100376,
    "band_gap": 0.6239,
    "oxidation_state": 4.0,
    "possible_species": [
        "Fe3+",
        "O2-",
        "Li+",
        "Cr4+"
    ],
    "density": 4.243545091284015,
    "quadrupole moment": [
        [
            -15.323836824094489,
            7.409005065017737e-07,
            -5.946368356823939e-06
        ],
        [
            7.409005065017737e-07,
            -15.323835968576176,
            3.4331371763229868e-06
        ],
        [
            -5.946368356823939e-06,
            3.4331371763229868e-06,
            -16.65983449537575
        ]
    ],
    "quadrupole moment normalized": [
        [
            -0.12404091788665676,
            7.432236585024066e-08,
            -4.511360146911003e-08
        ],
        [
            7.432236585024066e-08,
            -0.12404083206657125,
            2.6046348508557138e-08
        ],
        [
            -4.511360146911003e-08,
            2.6046348508557138e-08,
            -0.13257621662812022
        ]
    ]
}