{
    "MP-ID": "mp-774450",
    "Material": "Ti3CrFe2(PO4)6",
    "steinhart_vector": [
        [
            0.007804778386242298,
            0.00022846860258510644,
            5.7222802930085316e-05,
            0.0013903852763533198,
            0.0056409595288256665,
            0.001591229429187277,
            0.0024889415823691817,
            0.00251879316930748,
            0.004576971683726866,
            0.0026132065630848117,
            0.002534787601051528
        ],
        "Ti3CrFe2(PO4)6"
    ],
    "steinhart_parameter_sum": 0.03144574462566362,
    "band_gap": 0.107099999999999,
    "oxidation_state": 3.0,
    "possible_species": [
        "O2-",
        "Cr3+",
        "Ti3+",
        "Fe2+",
        "P5+",
        "Ti4+"
    ],
    "density": 3.232609872030983,
    "quadrupole moment": [
        [
            -15.924755233376395,
            -0.19393976761245213,
            -0.4626065416065892
        ],
        [
            -0.19393976761245213,
            -15.790629693993733,
            -0.32951765571225033
        ],
        [
            -0.4626065416065892,
            -0.32951765571225033,
            -16.438501207141485
        ]
    ],
    "quadrupole moment normalized": [
        [
            -0.12430461839512785,
            -0.0007985875861170055,
            -0.0019048740275195422
        ],
        [
            -0.0007985875861170055,
            -0.12375235116210748,
            -0.001356870853865085
        ],
        [
            -0.0019048740275195422,
            -0.001356870853865085,
            -0.12642009104240198
        ]
    ]
}