{
    "MP-ID": "mp-771567",
    "Material": "LiTi3MnCr(PO4)6",
    "steinhart_vector": [
        [
            0.007903541285917253,
            0.00017276201994903987,
            0.00011804313443259915,
            0.0015074865663633236,
            0.00569301955483821,
            0.001600044164842909,
            0.0025138922638001295,
            0.002678427904863117,
            0.004580217959464568,
            0.002623194943372073,
            0.002548611586766213
        ],
        "LiTi3MnCr(PO4)6"
    ],
    "steinhart_parameter_sum": 0.031939241384609435,
    "band_gap": 2.346899999999999,
    "oxidation_state": 3.0,
    "possible_species": [
        "O2-",
        "Cr3+",
        "Mn2+",
        "Li+",
        "P5+",
        "Ti4+"
    ],
    "density": 3.028849212786732,
    "quadrupole moment": [
        [
            -15.77382106245112,
            -0.27195827057985333,
            -0.6675843047548176
        ],
        [
            -0.27195827057985333,
            -15.581154101284284,
            -0.4717880896605062
        ],
        [
            -0.6675843047548176,
            -0.4717880896605062,
            -16.547053802977576
        ]
    ],
    "quadrupole moment normalized": [
        [
            -0.12464479869455009,
            -0.0012993916357512195,
            -0.0031896615390286237
        ],
        [
            -0.0012993916357512195,
            -0.1237241702650256,
            -0.0022542517797047535
        ],
        [
            -0.0031896615390286237,
            -0.0022542517797047535,
            -0.12833932292282832
        ]
    ]
}