{
    "MP-ID": "mp-756027",
    "Material": "Li4Cr(WO4)3",
    "steinhart_vector": [
        [
            0.007509219336575962,
            0.0004162890398171508,
            0.0004736598710677594,
            0.0007660100417073262,
            0.005550936190723288,
            0.0011344595352878813,
            0.00266990406391007,
            0.001694358528018125,
            0.004817263657482941,
            0.001764616841128821,
            0.0029453389361495945
        ],
        "Li4Cr(WO4)3"
    ],
    "steinhart_parameter_sum": 0.029742056041868917,
    "band_gap": 2.2557,
    "oxidation_state": 2.0,
    "possible_species": [
        "W6+",
        "Cr2+",
        "Li+",
        "O2-"
    ],
    "density": 6.122589826515044,
    "quadrupole moment": [
        [
            -16.705418604708907,
            -1.7763568394002505e-15,
            4.440892098500626e-16
        ],
        [
            -1.7763568394002505e-15,
            -14.908482906248905,
            0.62928296039034
        ],
        [
            4.440892098500626e-16,
            0.62928296039034,
            -17.397977018882862
        ]
    ],
    "quadrupole moment normalized": [
        [
            -0.12253633206644776,
            1.3877787807814457e-17,
            -1.214306433183765e-17
        ],
        [
            1.3877787807814457e-17,
            -0.11055488550464265,
            0.00041997673069148894
        ],
        [
            -1.214306433183765e-17,
            0.00041997673069148894,
            -0.13442883013532744
        ]
    ]
}