{
    "MP-ID": "mp-754952",
    "Material": "Li2CrFeO4",
    "steinhart_vector": [
        [
            0.007535849756021084,
            2.4529850019833524e-05,
            0.0005448414393489484,
            0.00010711134424013599,
            0.005689409700504966,
            0.00011571279779940883,
            0.0028919887410100054,
            0.00021452610206412697,
            0.00522773234782943,
            0.00020037716993631316,
            0.0034815555642287535
        ],
        "Li2CrFeO4"
    ],
    "steinhart_parameter_sum": 0.026033634813003005,
    "band_gap": 2.1498,
    "oxidation_state": 3.0,
    "possible_species": [
        "Fe3+",
        "O2-",
        "Cr3+",
        "Li+"
    ],
    "density": 4.325789195377244,
    "quadrupole moment": [
        [
            -14.944343110885198,
            1.6402087194651724,
            -0.06950266131334218
        ],
        [
            1.6402087194651724,
            -16.646014550158093,
            -0.04224382165895246
        ],
        [
            -0.06950266131334218,
            -0.04224382165895246,
            -17.283877858498023
        ]
    ],
    "quadrupole moment normalized": [
        [
            -0.11251126976603582,
            0.012191941969664537,
            -0.0009133019410308648
        ],
        [
            0.012191941969664537,
            -0.12516007427051107,
            -0.0005551062878548507
        ],
        [
            -0.0009133019410308648,
            -0.0005551062878548507,
            -0.1306264300550252
        ]
    ]
}