{
    "MP-ID": "mp-781050",
    "Material": "Li4CrSb(TeO6)2",
    "steinhart_vector": [
        [
            0.007331759263773395,
            0.00018600898909308455,
            0.00024868692662154975,
            0.0007578627956917105,
            0.005481782427990086,
            0.001003715046772768,
            0.002519328819575405,
            0.001408162766978054,
            0.004876111314947682,
            0.00174940563088263,
            0.0027658592313401786
        ],
        "Li4CrSb(TeO6)2"
    ],
    "steinhart_parameter_sum": 0.028328683213666543,
    "band_gap": 1.390299999999999,
    "oxidation_state": 3.0,
    "possible_species": [
        "O2-",
        "Cr3+",
        "Sb5+",
        "Te6+",
        "Li+"
    ],
    "density": 5.161609975490951,
    "quadrupole moment": [
        [
            -16.6404080287035,
            0.008803931277839933,
            -0.39620496621237766
        ],
        [
            0.008803931277839933,
            -16.33391315394898,
            -0.4494685458212196
        ],
        [
            -0.39620496621237766,
            -0.4494685458212196,
            -16.639170292990286
        ]
    ],
    "quadrupole moment normalized": [
        [
            -0.12483732261792144,
            -0.0009551968681318693,
            -0.00026387036434975114
        ],
        [
            -0.0009551968681318693,
            -0.12110945946010987,
            -0.003548151182728763
        ],
        [
            -0.00026387036434975114,
            -0.003548151182728763,
            -0.11717293455010244
        ]
    ]
}