{
    "MP-ID": "mp-759430",
    "Material": "LiCr(PO3)4",
    "steinhart_vector": [
        [
            0.0071586620192947105,
            0.00041870730926641655,
            0.0008058097557195752,
            0.0013848716916757225,
            0.005028500370074674,
            0.0019625789645678917,
            0.0024131833269930326,
            0.0022628391359960924,
            0.0039121996258707145,
            0.003027273715191559,
            0.002383761440002941
        ],
        "LiCr(PO3)4"
    ],
    "steinhart_parameter_sum": 0.03075838735465333,
    "band_gap": 2.5463,
    "oxidation_state": 3.0,
    "possible_species": [
        "O2-",
        "Cr3+",
        "P5+",
        "Li+"
    ],
    "density": 2.8752419773551763,
    "quadrupole moment": [
        [
            -14.96450092321577,
            1.2622376574714123,
            1.0521567859537624
        ],
        [
            1.2622376574714123,
            -19.113627307975726,
            1.6784864889726105
        ],
        [
            1.0521567859537624,
            1.6784864889726105,
            -16.708382496859283
        ]
    ],
    "quadrupole moment normalized": [
        [
            -0.10051048410302064,
            -0.0013664491791254667,
            0.008779439729857801
        ],
        [
            -0.0013664491791254667,
            -0.12555628573963334,
            0.00018173649733872754
        ],
        [
            0.008779439729857801,
            0.00018173649733872754,
            -0.13150211876069404
        ]
    ]
}