{
    "MP-ID": "mp-752403",
    "Material": "TaCrO4",
    "steinhart_vector": [
        [
            0.006931108434601917,
            0.00019156527435403633,
            0.0003532360161753924,
            0.0005471105036973766,
            0.0051941997384422345,
            0.0007346054022053513,
            0.0024906162943512536,
            0.0011517107897134815,
            0.004666276498588036,
            0.0012197457298142999,
            0.0028371935977039558
        ],
        "TaCrO4"
    ],
    "steinhart_parameter_sum": 0.026317368279647334,
    "band_gap": 2.0314,
    "oxidation_state": 3.0,
    "possible_species": [
        "Ta5+",
        "O2-",
        "Cr3+"
    ],
    "density": 7.289769410751461,
    "quadrupole moment": [
        [
            -15.594942570718297,
            1.7727004051337758e-06,
            0.49004227264423683
        ],
        [
            1.7727004051337758e-06,
            -18.528909627425325,
            3.0543392047555074e-05
        ],
        [
            0.49004227264423683,
            3.0543392047555074e-05,
            -16.8441824188039
        ]
    ],
    "quadrupole moment normalized": [
        [
            -0.10828669113598083,
            -2.757370500088008e-07,
            0.003756707251617539
        ],
        [
            -2.757370500088008e-07,
            -0.12787138970686274,
            -3.872556419183548e-07
        ],
        [
            0.003756707251617539,
            -3.872556419183548e-07,
            -0.11703863762366913
        ]
    ]
}