{
    "MP-ID": "mp-728213",
    "Material": "ZnCrH28C6N12Cl5O8",
    "steinhart_vector": [
        [
            0.007770612958116743,
            9.48731093883791e-05,
            0.000125115769758221,
            0.000567781631150406,
            0.005871803831500766,
            0.0007300403777918267,
            0.002698349374107935,
            0.0011205187482254118,
            0.005369878547422238,
            0.001278482755335059,
            0.0030414826420240024
        ],
        "ZnCrH28C6N12Cl5O8"
    ],
    "steinhart_parameter_sum": 0.028668939744820987,
    "band_gap": 3.4335,
    "oxidation_state": 3.0,
    "possible_species": [
        "N3-",
        "O2-",
        "Cr3+",
        "H+",
        "Zn2+",
        "C4+",
        "Cl-"
    ],
    "density": 1.627181657673776,
    "quadrupole moment": [
        [
            -16.35230577263721,
            -0.21120482148137443,
            0.06324326652088175
        ],
        [
            -0.21120482148137443,
            -16.048371033715604,
            0.049324941431849734
        ],
        [
            0.06324326652088175,
            0.049324941431849734,
            -15.739494903284072
        ]
    ],
    "quadrupole moment normalized": [
        [
            -0.12632367287802568,
            -0.000803420073382171,
            -0.0005845872808714764
        ],
        [
            -0.000803420073382171,
            -0.12554942625308538,
            0.0016769013664662477
        ],
        [
            -0.0005845872808714764,
            0.0016769013664662477,
            -0.12209184885300245
        ]
    ]
}