{
    "MP-ID": "mp-758226",
    "Material": "CrFe3Co2(PO4)6",
    "steinhart_vector": [
        [
            0.008252860219696383,
            0.0003588363112156567,
            6.216549946769466e-05,
            0.0016845021993854726,
            0.005831903907046263,
            0.0019787738027634144,
            0.002536073445196127,
            0.0030453547591201904,
            0.004454563396822058,
            0.003103300649126693,
            0.00253320201683707
        ],
        "CrFe3Co2(PO4)6"
    ],
    "steinhart_parameter_sum": 0.03384153620667703,
    "band_gap": 0.0,
    "oxidation_state": 5.0,
    "possible_species": [
        "Fe3+",
        "O2-",
        "Cr5+",
        "P5+",
        "Co2+"
    ],
    "density": 3.436192549610822,
    "quadrupole moment": [
        [
            -15.472375242685247,
            -0.23468995295679096,
            -0.5465424790719488
        ],
        [
            -0.23468995295679096,
            -15.313431443086639,
            -0.391954479321849
        ],
        [
            -0.5465424790719488,
            -0.391954479321849,
            -16.057892339782008
        ]
    ],
    "quadrupole moment normalized": [
        [
            -0.12776095338718532,
            -0.0009639321820912078,
            -0.0022447911363658044
        ],
        [
            -0.0009639321820912078,
            -0.12710809771108836,
            -0.001609855459165057
        ],
        [
            -0.0022447911363658044,
            -0.001609855459165057,
            -0.13016579077130677
        ]
    ]
}