{
    "MP-ID": "mp-753589",
    "Material": "Li2VCrO4",
    "steinhart_vector": [
        [
            0.007236102736531891,
            3.0460821361418187e-05,
            0.0004368133383645244,
            9.736773027868373e-05,
            0.005482935586593905,
            8.374921223707274e-05,
            0.0027126033008910413,
            0.00017298637184919385,
            0.005074207267623456,
            0.00014372019122010983,
            0.00323938128042215
        ],
        "Li2VCrO4"
    ],
    "steinhart_parameter_sum": 0.02471032783737345,
    "band_gap": 1.646399999999999,
    "oxidation_state": 3.0,
    "possible_species": [
        "O2-",
        "Cr3+",
        "V3+",
        "Li+"
    ],
    "density": 3.994523606633591,
    "quadrupole moment": [
        [
            -15.471289810002261,
            1.3689302086597572,
            0.04618398861713402
        ],
        [
            1.3689302086597572,
            -16.84634800792936,
            0.0284862153981722
        ],
        [
            0.04618398861713402,
            0.0284862153981722,
            -17.561045937041758
        ]
    ],
    "quadrupole moment normalized": [
        [
            -0.11173126517142182,
            0.009543318495893658,
            -0.0005045448098005127
        ],
        [
            0.009543318495893658,
            -0.12131730414564795,
            -0.0003112024872766739
        ],
        [
            -0.0005045448098005127,
            -0.0003112024872766739,
            -0.12784428319546579
        ]
    ]
}