{
    "MP-ID": "mp-779227",
    "Material": "Li24Ti11CrO36",
    "steinhart_vector": [
        [
            0.008531629747711895,
            0.000181679114383234,
            0.00036283063637704375,
            0.0007579573523561074,
            0.006424924278853339,
            0.0008178226741524304,
            0.0030061701806715878,
            0.0014218870961228822,
            0.005827941993133574,
            0.001407513911787347,
            0.003394831275827364
        ],
        "Li24Ti11CrO36"
    ],
    "steinhart_parameter_sum": 0.032135188261376804,
    "band_gap": 1.4504000000000001,
    "oxidation_state": 4.0,
    "possible_species": [
        "O2-",
        "Li+",
        "Ti4+",
        "Cr4+"
    ],
    "density": 3.354574283766067,
    "quadrupole moment": [
        [
            -15.703842423588519,
            -0.07502340066151159,
            -0.6532371486574657
        ],
        [
            -0.07502340066151159,
            -15.626858974989304,
            -0.39904540725797966
        ],
        [
            -0.6532371486574657,
            -0.39904540725797966,
            -14.671540813102194
        ]
    ],
    "quadrupole moment normalized": [
        [
            -0.1349721968078291,
            0.0003446583382897498,
            -0.001242643868051247
        ],
        [
            0.0003446583382897498,
            -0.1353258596281767,
            -0.0007590984827214008
        ],
        [
            -0.001242643868051247,
            -0.0007590984827214008,
            -0.12138042261239981
        ]
    ]
}