{
    "MP-ID": "mp-771013",
    "Material": "Na3CrSiCO7",
    "steinhart_vector": [
        [
            0.0071732734471365,
            0.0004358833412953008,
            0.0005322015390364939,
            0.00185325679292769,
            0.004889033345823194,
            0.0017527781162314275,
            0.0022336421861189185,
            0.002933353333444747,
            0.0038854303964809284,
            0.002465370227729947,
            0.0022951036960341883
        ],
        "Na3CrSiCO7"
    ],
    "steinhart_parameter_sum": 0.030449326422259334,
    "band_gap": 2.7167,
    "oxidation_state": 3.0,
    "possible_species": [
        "Na+",
        "O2-",
        "Cr3+",
        "C4+",
        "Si4+"
    ],
    "density": 2.906216285348507,
    "quadrupole moment": [
        [
            -13.725816579763835,
            -0.5766602118612978,
            0.6961298634993565
        ],
        [
            -0.5766602118612978,
            -17.762873129019567,
            2.0093406423173494
        ],
        [
            0.6961298634993565,
            2.0093406423173494,
            -18.988547468611646
        ]
    ],
    "quadrupole moment normalized": [
        [
            -0.10126111086991857,
            -0.002019252593317247,
            0.002153943428583747
        ],
        [
            -0.002019252593317247,
            -0.12597765305309158,
            0.008574743529600951
        ],
        [
            0.002153943428583747,
            0.008574743529600951,
            -0.13119918164819774
        ]
    ]
}