{
    "MP-ID": "mp-773510",
    "Material": "TiV2CrO10",
    "steinhart_vector": [
        [
            0.016287064546874883,
            3.659645595575709e-18,
            0.00011593119192699106,
            0.01213873414821965,
            0.00829253226835605,
            0.0002286019357018399,
            0.010235326946475913,
            0.009964262773437066,
            0.0034792813205699177,
            0.008435331363805143,
            0.010582920461846364
        ],
        "TiV2CrO10"
    ],
    "steinhart_parameter_sum": 0.07975998695721381,
    "band_gap": 1.3891,
    "oxidation_state": 6.0,
    "possible_species": [
        "Cr6+",
        "V5+",
        "O2-",
        "Ti4+"
    ],
    "density": 3.048922600829853,
    "quadrupole moment": [
        [
            -7.440167014649485,
            -1.1964701093634842e-15,
            0.0
        ],
        [
            -1.1964701093634842e-15,
            -7.440167014649485,
            0.0
        ],
        [
            0.0,
            0.0,
            -7.282412764655291
        ]
    ],
    "quadrupole moment normalized": [
        [
            -0.12117848040712553,
            -1.9486985899609526e-17,
            0.0
        ],
        [
            -1.9486985899609526e-17,
            -0.12117848040712562,
            0.0
        ],
        [
            0.0,
            0.0,
            -0.1186091267549263
        ]
    ]
}