{
    "MP-ID": "mp-768711",
    "Material": "LiCrBO3",
    "steinhart_vector": [
        [
            0.005901710496346946,
            0.00015885224332456147,
            0.001122166675115878,
            0.002548046214602886,
            0.0038167000291283856,
            0.0018306350251473859,
            0.002701210328463214,
            0.0015911964697493141,
            0.003757804401869669,
            0.0020787338424241063,
            0.0026159753837933066
        ],
        "LiCrBO3"
    ],
    "steinhart_parameter_sum": 0.028123031109965654,
    "band_gap": 2.090999999999999,
    "oxidation_state": 2.0,
    "possible_species": [
        "Cr2+",
        "B3+",
        "Li+",
        "O2-"
    ],
    "density": 3.154339812888176,
    "quadrupole moment": [
        [
            -13.716944990819648,
            0.8287287259833502,
            0.6275131446064051
        ],
        [
            0.8287287259833502,
            -14.199545702922642,
            1.1415263255502923
        ],
        [
            0.6275131446064051,
            1.1415263255502923,
            -18.305580384087193
        ]
    ],
    "quadrupole moment normalized": [
        [
            -0.0793240562466188,
            0.007482842930004429,
            0.0042519947010826505
        ],
        [
            0.007482842930004429,
            -0.08267860695064365,
            0.01716168135068622
        ],
        [
            0.0042519947010826505,
            0.01716168135068622,
            -0.10922260474205918
        ]
    ]
}