{
    "MP-ID": "mp-766704",
    "Material": "Li3CrPCO7",
    "steinhart_vector": [
        [
            0.005824592453937931,
            0.0002715119049503251,
            0.0018089318409540774,
            0.0020850109612957374,
            0.0038107222708904406,
            0.002189094995057383,
            0.002449363459559063,
            0.002328613268369255,
            0.0032661169063955557,
            0.002107191257604992,
            0.0030519700448506013
        ],
        "Li3CrPCO7"
    ],
    "steinhart_parameter_sum": 0.029193119363865365,
    "band_gap": 0.1675,
    "oxidation_state": 2.0,
    "possible_species": [
        "O2-",
        "Cr2+",
        "C4+",
        "Li+",
        "P5+"
    ],
    "density": 2.744416276715914,
    "quadrupole moment": [
        [
            -20.554626447853384,
            0.2230274596808446,
            0.06520315307780988
        ],
        [
            0.2230274596808446,
            -13.380906234489103,
            -3.385932888185296
        ],
        [
            0.06520315307780988,
            -3.385932888185296,
            -13.507321880810013
        ]
    ],
    "quadrupole moment normalized": [
        [
            -0.11332389030356563,
            0.01854702176964707,
            -0.009035258123863195
        ],
        [
            0.01854702176964707,
            -0.07436432266221495,
            -0.029649006119885454
        ],
        [
            -0.009035258123863195,
            -0.029649006119885454,
            -0.08028475380908495
        ]
    ]
}