{
    "MP-ID": "mp-770545",
    "Material": "LiAlCrO4",
    "steinhart_vector": [
        [
            0.008702182122573229,
            0.00010617284083057846,
            0.0005077396870453932,
            0.0016530143134612862,
            0.00635028774694097,
            0.0014371636645069744,
            0.0029616185820584293,
            0.0026732019825129907,
            0.0053352120583344,
            0.0024023966892068108,
            0.0032233382926716474
        ],
        "LiAlCrO4"
    ],
    "steinhart_parameter_sum": 0.035352327980142706,
    "band_gap": 0.6522,
    "oxidation_state": 4.0,
    "possible_species": [
        "O2-",
        "Li+",
        "Al3+",
        "Cr4+"
    ],
    "density": 3.637600173733229,
    "quadrupole moment": [
        [
            -16.609300409682,
            -1.7763568394002505e-15,
            0.0
        ],
        [
            -1.7763568394002505e-15,
            -15.739748084552529,
            0.12437687465576719
        ],
        [
            0.0,
            0.12437687465576719,
            -13.51501166299753
        ]
    ],
    "quadrupole moment normalized": [
        [
            -0.1386167269613496,
            3.469446951953614e-18,
            -2.42861286636753e-17
        ],
        [
            3.469446951953614e-18,
            -0.13440348576796812,
            -0.007546774523848136
        ],
        [
            -2.42861286636753e-17,
            -0.007546774523848136,
            -0.12166643777482772
        ]
    ]
}