{
    "MP-ID": "mp-756024",
    "Material": "Cr(SbO3)2",
    "steinhart_vector": [
        [
            0.007022642330295069,
            1.9616493916746752e-05,
            0.0008151548071188463,
            3.317932636152496e-05,
            0.0052148106420388815,
            2.4209439149839843e-05,
            0.0029539246171072283,
            4.25418693815482e-05,
            0.004687490112941952,
            3.715791507422103e-05,
            0.003535885729880985
        ],
        "Cr(SbO3)2"
    ],
    "steinhart_parameter_sum": 0.024386613283266845,
    "band_gap": 0.0,
    "oxidation_state": 2.0,
    "possible_species": [
        "Sb5+",
        "Cr2+",
        "O2-"
    ],
    "density": 5.943005944561277,
    "quadrupole moment": [
        [
            -15.245970388701318,
            -0.015198417403628373,
            -1.782829184312101
        ],
        [
            -0.015198417403628373,
            -20.140167977108554,
            -0.006525284960962274
        ],
        [
            -1.782829184312101,
            -0.006525284960962274,
            -15.244985056760415
        ]
    ],
    "quadrupole moment normalized": [
        [
            -0.10646811149596352,
            -5.552506446609637e-05,
            -0.011041363715411444
        ],
        [
            -5.552506446609637e-05,
            -0.14268629919679454,
            -9.590498566110217e-05
        ],
        [
            -0.011041363715411444,
            -9.590498566110217e-05,
            -0.10637538836302347
        ]
    ]
}