{
    "MP-ID": "mp-754644",
    "Material": "CrNi3(PO4)4",
    "steinhart_vector": [
        [
            0.007926362188521477,
            0.0003384036656529148,
            0.00040956826637424733,
            0.0017759253234220494,
            0.005387946238993741,
            0.002486065334178458,
            0.0021837461153359637,
            0.0029111161776864103,
            0.0041854462216766005,
            0.0034452570006488284,
            0.0019095182341067364
        ],
        "CrNi3(PO4)4"
    ],
    "steinhart_parameter_sum": 0.03295935476659743,
    "band_gap": 0.0,
    "oxidation_state": 5.0,
    "possible_species": [
        "O2-",
        "Ni2+",
        "Cr5+",
        "Ni3+",
        "P5+"
    ],
    "density": 3.6953761372250993,
    "quadrupole moment": [
        [
            -16.64658319165153,
            -2.6645352591003757e-15,
            4.440892098500626e-16
        ],
        [
            -2.6645352591003757e-15,
            -15.07601113399643,
            -0.559498904194287
        ],
        [
            4.440892098500626e-16,
            -0.559498904194287,
            -16.014010387249794
        ]
    ],
    "quadrupole moment normalized": [
        [
            -0.1282682297318963,
            3.469446951953614e-18,
            2.7755575615628914e-17
        ],
        [
            3.469446951953614e-18,
            -0.11793665634477618,
            0.0036442699454616555
        ],
        [
            2.7755575615628914e-17,
            0.0036442699454616555,
            -0.1313001983207106
        ]
    ]
}