{
    "MP-ID": "mp-753467",
    "Material": "TaCrO4",
    "steinhart_vector": [
        [
            0.007901329312946967,
            0.00010946816696478793,
            0.0007074679641886761,
            0.0002209941531798176,
            0.005931982616329895,
            0.00016495283030243727,
            0.003131137103086562,
            0.00030846217701631547,
            0.005409693485618361,
            0.00027230324130868825,
            0.003756993569148946
        ],
        "TaCrO4"
    ],
    "steinhart_parameter_sum": 0.027914784620091455,
    "band_gap": 2.459699999999999,
    "oxidation_state": 3.0,
    "possible_species": [
        "Ta5+",
        "O2-",
        "Cr3+"
    ],
    "density": 7.540295819655173,
    "quadrupole moment": [
        [
            -15.761284531994537,
            1.4748287047582522,
            0.013612038644993163
        ],
        [
            1.4748287047582522,
            -16.221227387396542,
            -1.9994285924560027
        ],
        [
            0.013612038644993163,
            -1.9994285924560027,
            -15.769281750137818
        ]
    ],
    "quadrupole moment normalized": [
        [
            -0.12565976954015184,
            0.011518188240634164,
            -0.0017021604447238214
        ],
        [
            0.011518188240634164,
            -0.12680282451999622,
            -0.01561564969827994
        ],
        [
            -0.0017021604447238214,
            -0.01561564969827994,
            -0.12460485568395832
        ]
    ]
}