{
    "MP-ID": "mp-851117",
    "Material": "Mn2CrFe3(PO4)6",
    "steinhart_vector": [
        [
            0.0084356222196633,
            0.00030219647242028683,
            0.0001501662048379316,
            0.0015518822721333708,
            0.006057028133683478,
            0.0017884945059191818,
            0.002673282574191278,
            0.002861501540387278,
            0.004832414433603991,
            0.0028733065583858904,
            0.0026978022069645323
        ],
        "Mn2CrFe3(PO4)6"
    ],
    "steinhart_parameter_sum": 0.034223697122190526,
    "band_gap": 0.0,
    "oxidation_state": 5.0,
    "possible_species": [
        "Fe3+",
        "O2-",
        "Mn2+",
        "Cr5+",
        "P5+"
    ],
    "density": 3.291735418269524,
    "quadrupole moment": [
        [
            -15.25465627821449,
            -0.2602699335220997,
            -0.633490181954945
        ],
        [
            -0.2602699335220997,
            -15.071575763645928,
            -0.44872344991321
        ],
        [
            -0.633490181954945,
            -0.44872344991321,
            -15.979411781665329
        ]
    ],
    "quadrupole moment normalized": [
        [
            -0.12877121062110541,
            -0.001460215535458595,
            -0.00355415641601709
        ],
        [
            -0.001460215535458595,
            -0.12774403831953265,
            -0.0025175164173240616
        ],
        [
            -0.00355415641601709,
            -0.0025175164173240616,
            -0.13283738363632588
        ]
    ]
}