{
    "MP-ID": "mp-850902",
    "Material": "CrFe3Ni2(PO4)6",
    "steinhart_vector": [
        [
            0.0087511101822242,
            0.00035492806844746207,
            0.00011483234937280778,
            0.0017422061642974368,
            0.006209575751237773,
            0.0020284644079056275,
            0.002715419355212171,
            0.003173430504726246,
            0.004793987228155873,
            0.0031987351796645062,
            0.002726546092763388
        ],
        "CrFe3Ni2(PO4)6"
    ],
    "steinhart_parameter_sum": 0.035809235284007486,
    "band_gap": 0.0,
    "oxidation_state": 5.0,
    "possible_species": [
        "Fe3+",
        "O2-",
        "Ni2+",
        "Cr5+",
        "P5+"
    ],
    "density": 3.42056284133869,
    "quadrupole moment": [
        [
            -14.999232853087783,
            -0.25044905557317154,
            -0.5939892414763785
        ],
        [
            -0.25044905557317154,
            -14.826875476354443,
            -0.42378450724048444
        ],
        [
            -0.5939892414763785,
            -0.42378450724048444,
            -15.653262561753502
        ]
    ],
    "quadrupole moment normalized": [
        [
            -0.1313445347688122,
            -0.001292810604669327,
            -0.0030660970213686016
        ],
        [
            -0.001292810604669327,
            -0.13045485532845985,
            -0.002187555961981476
        ],
        [
            -0.0030660970213686016,
            -0.002187555961981476,
            -0.13472058491951422
        ]
    ]
}