{
    "MP-ID": "mp-831055",
    "Material": "LiCrP2O7",
    "steinhart_vector": [
        [
            0.008126552687257989,
            0.0008776914482749474,
            0.0012757077783803379,
            0.0033082593059195085,
            0.005397457665772319,
            0.002882628298365049,
            0.0025603307971879563,
            0.003617046884143085,
            0.0045928642756837,
            0.0033168081474382934,
            0.003237044890850384
        ],
        "LiCrP2O7"
    ],
    "steinhart_parameter_sum": 0.039192392179273575,
    "band_gap": 1.9839000000000002,
    "oxidation_state": 3.0,
    "possible_species": [
        "O2-",
        "Cr3+",
        "P5+",
        "Li+"
    ],
    "density": 3.07487523063483,
    "quadrupole moment": [
        [
            -15.354345701189605,
            -0.7414819802525039,
            0.06688840110231498
        ],
        [
            -0.7414819802525039,
            -13.499966359837424,
            -3.010965844532504
        ],
        [
            0.06688840110231498,
            -3.010965844532504,
            -10.387032269101784
        ]
    ],
    "quadrupole moment normalized": [
        [
            -0.12353950212463424,
            -0.0022507423167629804,
            0.00184373984874011
        ],
        [
            -0.0022507423167629804,
            -0.11024231961314833,
            -0.022389176483098416
        ],
        [
            0.00184373984874011,
            -0.022389176483098416,
            -0.0848781742186049
        ]
    ]
}