{
    "MP-ID": "mp-861904",
    "Material": "La3AlCrS7",
    "steinhart_vector": [
        [
            0.001491536030966664,
            5.400647399619606e-06,
            4.4872854679155594e-05,
            1.6563864165834808e-05,
            0.0011368882173622046,
            9.883357271904285e-06,
            0.00053552218819586,
            2.431068794495506e-05,
            0.0010645955806230702,
            1.8068137942244233e-05,
            0.0006279240541987056
        ],
        "La3AlCrS7"
    ],
    "steinhart_parameter_sum": 0.004975565620750218,
    "band_gap": 0.0,
    "oxidation_state": 2.0,
    "possible_species": [
        "Cr2+",
        "S2-",
        "La3+",
        "Al3+"
    ],
    "density": 4.375139491803844,
    "quadrupole moment": [
        [
            -25.112867019526753,
            1.2097140573708032e-06,
            0.0
        ],
        [
            1.2097140573708032e-06,
            -25.112865622669126,
            -3.552713678800501e-15
        ],
        [
            0.0,
            -3.552713678800501e-15,
            -27.45707264302674
        ]
    ],
    "quadrupole moment normalized": [
        [
            -0.037456745326904364,
            6.376329230242672e-10,
            -1.977731893185175e-09
        ],
        [
            6.376329230242672e-10,
            -0.03745674459062915,
            2.3649735295117047e-10
        ],
        [
            -1.977731893185175e-09,
            2.3649735295117047e-10,
            -0.040945913874543625
        ]
    ]
}