{
    "MP-ID": "mp-849768",
    "Material": "Li3CrCo3O8",
    "steinhart_vector": [
        [
            0.009011164440405025,
            3.3078691437594467e-19,
            0.0006303732963370278,
            1.0994089427640119e-18,
            0.006810252920437906,
            2.2325819470849083e-18,
            0.003444299674443298,
            3.1280504097110582e-18,
            0.006271455918819251,
            3.66968254194617e-18,
            0.004144969109529228
        ],
        "Li3CrCo3O8"
    ],
    "steinhart_parameter_sum": 0.030312515359971745,
    "band_gap": 0.0,
    "oxidation_state": 4.0,
    "possible_species": [
        "O2-",
        "Co3+",
        "Li+",
        "Cr4+"
    ],
    "density": 4.62134069075896,
    "quadrupole moment": [
        [
            -15.276385808058585,
            0.46319300345528536,
            1.1916307920142017
        ],
        [
            0.46319300345528536,
            -15.616790306125896,
            0.831663129633017
        ],
        [
            1.1916307920142017,
            0.831663129633017,
            -13.800470940827436
        ]
    ],
    "quadrupole moment normalized": [
        [
            -0.13765804577673868,
            0.004173877526430659,
            0.01073798096888234
        ],
        [
            0.004173877526430659,
            -0.14072546405331074,
            0.00749425318510406
        ],
        [
            0.01073798096888234,
            0.00749425318510406,
            -0.12435829322407659
        ]
    ]
}