{
    "MP-ID": "mp-9630",
    "Material": "TlCrS2",
    "steinhart_vector": [
        [
            0.0017652942223587108,
            2.851036452561239e-06,
            0.0001573389100678801,
            1.7054822038677186e-05,
            0.0013252391939200532,
            1.4283580109068101e-05,
            0.0007036577545578748,
            2.2981363949243392e-05,
            0.001204421581743336,
            2.8221301437194737e-05,
            0.0008575042195876933
        ],
        "TlCrS2"
    ],
    "steinhart_parameter_sum": 0.006098847986222293,
    "band_gap": 0.0,
    "oxidation_state": 3.0,
    "possible_species": [
        "Cr3+",
        "S2-",
        "Tl+"
    ],
    "density": 6.417426012106887,
    "quadrupole moment": [
        [
            -25.57834583939397,
            0.20571018027730759,
            1.4216622863511161
        ],
        [
            0.20571018027730759,
            -25.79795680885109,
            0.8526557857735146
        ],
        [
            1.4216622863511161,
            0.8526557857735146,
            -20.028320320927737
        ]
    ],
    "quadrupole moment normalized": [
        [
            -0.0451530483916717,
            0.0003632755845215203,
            0.0025108107171880178
        ],
        [
            0.0003632755845215203,
            -0.04554087218915868,
            0.0015058831521002807
        ],
        [
            0.0025108107171880178,
            0.0015058831521002807,
            -0.035350975008798614
        ]
    ]
}