{
    "MP-ID": "mp-998397",
    "Material": "KCrCl3",
    "steinhart_vector": [
        [
            0.0015006363272547546,
            7.16067193306778e-07,
            2.0005702692090936e-05,
            5.09822330156917e-06,
            0.001145672607668845,
            6.02252748828893e-06,
            0.0005321814907742917,
            9.257605935588771e-06,
            0.0010762737693150008,
            1.1005294980404754e-05,
            0.0006202512249688222
        ],
        "KCrCl3"
    ],
    "steinhart_parameter_sum": 0.004927120841572963,
    "band_gap": 0.0,
    "oxidation_state": 2.0,
    "possible_species": [
        "K+",
        "Cr2+",
        "Cl-"
    ],
    "density": 2.679273311196968,
    "quadrupole moment": [
        [
            -12.576428872275276,
            0.07960125676701901,
            0.19299869749043408
        ],
        [
            0.07960125676701901,
            -12.632243182476152,
            0.13685309042819682
        ],
        [
            0.19299869749043408,
            0.13685309042819682,
            -12.356869611580372
        ]
    ],
    "quadrupole moment normalized": [
        [
            -0.018872643458357284,
            0.00011949680083655437,
            0.00028973184420212324
        ],
        [
            0.00011949680083655437,
            -0.018956432129322826,
            0.00020544439314651398
        ],
        [
            0.00028973184420212324,
            0.00020544439314651398,
            -0.01854303817002259
        ]
    ]
}