{
    "MP-ID": "mp-9916",
    "Material": "NbCrSi",
    "steinhart_vector": [
        [
            0.0020170695117778556,
            0.00023892821380367454,
            0.0004159303044419494,
            0.0014141260435865223,
            0.0009652064325161568,
            0.0007839055587398818,
            0.0011973622969956377,
            0.0009139620573084849,
            0.0009468997715331074,
            0.00122549200568669,
            0.0008421437588011076
        ],
        "NbCrSi"
    ],
    "steinhart_parameter_sum": 0.01096102595519107,
    "band_gap": 0.0,
    "oxidation_state": 2.0,
    "possible_species": [
        "Nb2+",
        "Cr2+",
        "Si4-"
    ],
    "density": 6.771817378035878,
    "quadrupole moment": [
        [
            -33.17442712711029,
            -6.387978051236047,
            -2.203469694569452e-15
        ],
        [
            -6.387978051236047,
            -40.55062763278745,
            -4.054507970576669e-15
        ],
        [
            -2.203469694569452e-15,
            -4.054507970576669e-15,
            -22.075314712418
        ]
    ],
    "quadrupole moment normalized": [
        [
            -0.06130931106525834,
            -0.01631130149189132,
            -4.049459577991729e-18
        ],
        [
            -0.01631130149189132,
            -0.08014397664296188,
            -1.0948134115512899e-17
        ],
        [
            -4.049459577991729e-18,
            -1.0948134115512899e-17,
            -0.05020529764991989
        ]
    ]
}